word,phonetic,pos,meaning,example,example_trans,image_url
a,ə; eɪ,art.,art. 一（个、件……）,,,
an,æn; ən,art.,art. 一（个、件……）用于元音前,,,
abandon,ə'bændən,v.,v.抛弃，舍弃，放弃,,,
ability,əˈbɪlətɪ,n.,n. 能力；才能,,,
able,'eɪb(ə)l,a.,a. 能够；有能力的,,,
abnormal,æb'nɔːrml,a.,a. 反常的，变态的,,,
aboard,ə'bɔːd,prep.,prep. 上（船，飞机，火车，汽车等）,,,
abolish,ə'bɑːlɪʃ,v.,v. 废除，废止,,,
abortion,ə'bɔːʃ(ə)n,v.,v. 人工流产，堕胎,,,
about,ə'baʊt,ad.,ad. 大约；到处；四处 prep. 关于；在各处；四处,,,
above,ə'bʌv,prep.,prep. 在……上面 a. 上面的 ad. 在……之上,,,
abroad,ə'brɔːd,ad.,ad. 到（在）国外,,,
abrupt,ə'brʌpt,a.,a. 突然的，意外的，粗鲁,,,
absence,'æbsəns,n.,n. 不在，缺席,,,
absent,ˈæbsənt;(for v.)əbˈsent,a.,a. 缺席， 不在,,,
absolute,'æbsəluːt,a.,a. 完全，全部，绝对的,,,
absorb,əb'sɔːrb,v.,v. 吸收，使全神贯注,,,
abstract,'æbstrækt,a.,a./ n. 抽象的（作品）,,,
absurd,əb'sɜːrd,a.,a.荒谬的，怪诞不经的,,,
abundant,ə'bʌndənt,a.,"a.大量,丰盛的,充裕的",,,
abuse,ə'bjuːz,v.,"v.（酗酒）滥用,虐待,恶语",,,
academic,ˌækə'demɪk,a.,a. / n. 学术的，教学的,,,
academy,ə'kædəmi,n.,"n.专科学院,（美）私立学校",,,
accelerate,ək'seləreɪt,v.,v.（使）加速，加快,,,
accent,'æks(ə)nt; -sent,n.,n. 口音，音调,,,
accept,əkˈsept,vt.,vt. 接受,,,
access,'ækses,n.,n. / v. 通道，入径，存取（计算机文件）,,,
accessible,ək'sesəbl,a.,a. 可到达的，可接受的，易相处的）,,,
accident,'æksɪdənt,n.,n. 事故，意外的事,,,
accommodation,əkɒmə'deɪʃ(ə)n,n.,n.住宿，膳宿,,,
accompany,ə'kʌmpəni,v.,v. 陪同，陪伴，与…同时发生,,,
accomplish,ə'kɑːmplɪʃ,v.,v. 完成,,,
according to,əˈkɔːdɪŋ tʊ,ad.,ad. 按照，根据,,,
account,ə'kaunt,n.,n. 账目;描述,,,
accountant,ə'kaʊnt(ə)nt,n.,n. 会计，会计师,,,
accumulate,ə'kjuːmjəleɪt,v.,v. 积累，积聚,,,
accuracy,'ækjərəsi,n.,n. 准确，精确,,,
accuse,ə'kjuːz,v.,"v. 正确无误的,精确的",,,
accustomed,ə'kʌstəmd,a.,"a. 习惯于,惯常的",,,
ache,eɪk,vi.,vi.& n. 痛，疼痛,,,
achieve,ə'tʃiːv,vt.,vt. 达到，取得,,,
achievement,ə'tʃiːvm(ə)nt,n.,"n. 成就,成绩,功绩",,,
acid,'æsɪd,a.,a. 酸的,,,
acknowledge,ək'nɑːlɪdʒ,v.,v. 承认,,,
acquaintance,ə'kweɪnt(ə)ns,n.,n. 熟人，（与某人）认识,,,
acquire,ə'kwaɪər,v.,v. 获得，得到,,,
acquisition,ˌækwɪ'zɪʃn,n.,n. 获得，得到,,,
acre,'eɪkə,n.,n. 英亩,,,
across,ə'krɒs,prep.,prep. 横过，穿过,,,
act,ækt,n.,n. 法令，条例 v. （戏）表演，扮演（角色），演出（戏）；行动，做事,,,
action,'ækʃ(ə)n,n.,n. 行动,,,
active,'æktɪv,a.,a. 积极的，主动的,,,
activity,ækˈtɪvətɪ,n.,n. 活动,,,
actor,'æktə,n.,n. 男演员,,,
actress,'æktrɪs,n.,n. 女演员,,,
actual,'æktʃʊəl; -tjʊəl,a.,a. 实际的； 现实的,,,
acute,,a.,"a.十分严重的,（病）急性的",,,
AD,,n.,n. 公元,,,
adapt,ə'dæpt,v.,v. 使适应，适合，改编,,,
adaptation,ædəp'teɪʃ(ə)n,n.,n. 适应，改编本,,,
add,æd,vt.,vt.添加，增加,,,
addicted,ə'dɪktɪd,a.,a. 上瘾，成瘾，入迷,,,
addition,ə'dɪʃn,n.,n.增加;（算数用语）加,,,
address,ə'dres,n.,n. 地址,,,
adequate,'ædɪkwət,a.,a. 合适的，合乎需要的,,,
adjust,ə'dʒʌst,v.,"v.调整,调节,适应,习惯",,,
adjustment,ə'dʒʌs(t)m(ə)nt,n.,n. 调整，适应,,,
administration,ədmɪnɪ'streɪʃ(ə)n,n.,"n.管理,行政部门",,,
admirable,'ædm(ə)rəb(ə)l,a.,"a.值得赞赏的,可钦佩的",,,
admire,əd'maɪər,v.,v. 钦佩；羡慕,,,
admission,əd'mɪʃn,n.,"n. 准入, 接纳",,,
admit,əd'mɪt,vt.,vt. 承认，准许（入场，入学，入会）,,,
adolescence,ˌædə'lesns,n.,n. 青春，青春期,,,
adolescent,ædə'les(ə)nt,n.,n. 青少年,,,
adopt,ə'dɑːpt,v.,v. 收养，领养,,,
adore,ə'dɔː,v.,v. （不用于进行时）热爱，爱慕某人,,,
adult,'ædʌlt; ə'dʌlt,n.,n. 成年人,,,
advance,əd'væns,v.,v. 推进，促进；前进,,,
advantage,əd'vɑːntɪdʒ,n.,n. 优点； 好处,,,
adventure,əd'ventʃə,n.,n. 冒险； 奇遇,,,
advertise,'ædvərtaɪz,vt.,vt. 为……做广告,,,
advertisement,əd'vɜːtɪzm(ə)nt; -tɪs-,n.,n. 广告,,,
advice,əd'vaɪs,n.,n. 忠告，劝告，建议,,,
advise,əd'vaɪz,vt.,vt. 忠告，劝告，建议,,,
advocate,'ædvəkeɪt；-ət,v.,v. 拥护，支持，提倡,,,
aeroplane,'eərəpleɪn,n.,n. (英)飞机,,,
affair,ə'feə,n.,n. 事，事情,,,
affect,ə'fekt,vt.,vt. 影响,,,
affection,ə'fekʃn,n.,n. 喜爱，钟爱,,,
afford,ə'fɔːd,vt.,vt. 负担得起（……的费用）；抽得出（时间）；提供,,,
afraid,ə'freɪd,a.,a. 害怕的；担心,,,
Africa,'æfrɪkə,,* n. 非洲,,,
African,'æfrɪk(ə)n,a.,a. 非洲的，非洲人的 n. 非洲人,,,
after,'ɑːftə,,r ad. 在后；后来prep. 在…之后；在 后面 conj. 在…以后,,,
afternoon,ɑːftə'nuːn,n.,n. 下午，午后,,,
afterward,'ɑːftəwəd,ad.,ad. 后来,,,
again,ə'gen; ə'geɪn,ad.,ad. 再一次；再，又,,,
against,ə'genst; ə'geɪnst,prep.,prep. 对着，反对,,,
age,eɪdʒ,n.,n. 年龄；时代,,,
agency,'eɪdʒənsi,n.,n. 代理机构,,,
agenda,ə'dʒendə,n.,n. （会议）议程表，议事日程,,,
agent,'eɪdʒ(ə)nt,n.,n. 代理人，经济人,,,
aggression,ə'greʃn,n.,n. 侵略,,,
aggressive,ə'gresɪv,a.,a. 侵略的；咄咄逼人,,,
ago,ə'gəʊ,ad.,ad. 以前,,,
agree,ə'griː,v.,v. 同意；应允,,,
agreement,ə'griːm(ə)nt,n.,n. 同意，一致；协定，协议,,,
agricultural,æɡrɪ'kʌltʃərəl,a.,a. 农业的,,,
agriculture,'ægrɪkʌltʃə,n.,n. 农业，农学,,,
ahead,ə'hed,ad.,ad. 在前，向前,,,
aid,eɪd,n.,n. 援助；救护；辅助器具,,,
AIDS,eɪdz,n.,n. 艾滋病,,,
aim,eɪm,n.,n.目的；目标 v. 计划，打算；瞄准；针对,,,
air,eə,n.,n. 空气；大气,,,
aircraft,'eəkrɑːft,n.,n. 飞机 (单复数同),,,
airline,'eəlaɪn,n.,n. 航空公司；航空系统,,,
airmail,'eəmeɪl,n.,n. 航空邮件,,,
airplane,'eəpleɪn,n.,n. （美）飞机,,,
airport,'eəpɔːt,n.,n. 航空站，飞机场,,,
airspace,'eəspeɪs,n.,"n.领空,（某国的）空域",,,
alarm,ə'lɑːrm,n.,n. 警报,,,
album,'ælbəm,n.,n. 相册，影集，集邮簿,,,
alcohol,'ælkəhɒl,n.,n. 含酒精饮料，酒,,,
alcoholic,ælkə'hɒlɪk,a.,a. / n. 含酒精的，酒鬼,,,
algebra,'ældʒɪbrə,n.,n. 代数,,,
alike,ə'laɪk,ad.,ad. 很相似地，同样地,,,
alive,ə'laɪv,a.,a. 活着的，存在的,,,
all,ɔːl,ad.,ad. 全部地 a. 全（部）;所有的;总;整 pron.全部;全体人员,,,
allergic,ə'lɜːrdʒɪk,a.,a. 过敏的，厌恶,,,
alley,'æli,n.,n. 小巷，胡同,,,
allocate,'æləkeɪt,v.,"v. 拨给,划归,分配…给",,,
allow,ə'laʊ,vt.,vt. 允许，准许,,,
allowance,ə'laʊəns,n.,n. 津贴，补助,,,
almost,'ɔːlməʊst,ad.,ad. 几乎，差不多,,,
alone,ə'ləʊn,a.,a. 单独的，孤独的,,,
along,ə'lɒŋ,ad.,ad. 向前；和…一起；一同 prep. 沿着；顺着,,,
alongside,əlɒŋ'saɪd,ad.,"ad.在…旁边,与…同时",,,
aloud,ə'laʊd,ad.,ad. 大声地,,,
alphabet,'ælfəbet,n.,n. 字母表，字母,,,
already,ɔːl'redɪ,ad.,ad. 已经,,,
also,'ɔːlsəʊ,ad.,ad. 也,,,
alternative,ɔːl'tɜːrnətɪv,a.,"a.可供替代,非传统的",,,
although,ɔːl'ðəʊ; ɒl-,conj.,conj. 虽然，尽管,,,
altitude,'æltɪtjuːd,n.,n. 海拔高度,,,
altogether,ɔːltə'geðə; ɒl-,ad.,ad. 总共,,,
aluminium,æl(j)ʊ'mɪnɪəm,n.,n. （化）铝,,,
always,ˈɔ:lweɪz,ad.,ad. 总是；一直；永远,,,
am,æm,v.,v. be的人称形式之一 ,,,
a.m.,,n.,n. 午前，上午【小写】,,,
amateur,'æmətər,a.,a. 业余爱好的,,,
amaze,ə'meɪz,v.,v. 惊奇，惊叹；震惊,,,
amazing,ə'meɪzɪŋ,a.,"a.惊奇,惊叹的;震惊的",,,
ambassador ambassadress,æmˈbæsədə(r),n.,n.大使,,,
ambassadress,æm'bæsədres,n.,n.大使夫人；女大使,,,
ambiguous,æm'bɪgjuəs,a.,a. 模棱两可的,,,
ambition,æm'bɪʃ(ə)n,n.,"n.目标,野心,雄心,抱负",,,
ambulance,'æmbjuləns,n.,n. 救护车,,,
America,ə'merɪkə,,* n. 美国；美洲,,,
American,əˈmerɪkən,a.,a. 美国的；美国人的n. 美国人,,,
among,ə'mʌŋ,prep.,prep. 在…中间；在（三个以上）之间,,,
amount,ə'maʊnt,n.,n. / v. 金额，数量，总计,,,
ample,'æmpl,a.,a. 足够的，丰裕的,,,
amuse,ə'mjuːz,vt.,vt. （使人）快乐，逗乐,,,
amusement,ə'mjuːzmənt,n.,n. 娱乐,,,
analyze,'ænəlaɪz,v.,v. 分析,,,
analysis,ə'næləsɪs,n.,n. 分析，分析结果,,,
ancestor,'ænsestər,n.,n. 祖宗； 祖先,,,
anchor,'æŋkər,v.,v. / n. 锚，抛锚,,,
ancient,ˈeɪnʃənt,a.,a. 古代的，古老的,,,
and,ənd; (ə)n; ænd,conj.,conj. 和；又；而,,,
anecdote,'ænɪkdout,n.,n. 逸事，趣闻,,,
anger,'æŋgə,n.,n. 怒，愤怒,,,
angle,'æŋgl,n.,n. 角度,,,
angry,'æŋgrɪ,a.,a. 生气的，愤怒的,,,
animal,'ænɪm(ə)l,n.,n. 动物,,,
ankle,'æŋk(ə)l,n.,n. 踝，踝关节,,,
anniversary,ænɪ'vɜːs(ə)rɪ,n.,n. 周年纪念日,,,
announce,ə'nauns,vt.,vt. 宣布，宣告,,,
announcement,ə'naʊnsm(ə)nt,n.,n. 通告，通知,,,
annoy,ə'nɒɪ,vt.,vt. （使）烦恼,,,
annual,'ænjuəl,a.,a. 每年的，年度的，一年一次的,,,
another,ə'nʌðə,a.,a. 再一；另一；别的；不同的 pron. 另一个,,,
answer,'ɑːnsə,n.,"n.回答,答复;回信;答案 v.回答,答复;回信;（作出）答案",,,
ant,ænt,n.,n. 蚂蚁,,,
Antarctic,ænˈtɑːktɪk,a.,a. 南极的,,,
the Antarctic,ænˈtɑːktɪk,,南极,,,
Antarctica,ænˈtɑ:ktikə,,* n. 南极洲,,,
antique,æn'tiːk,n.,n. 古董,,,
anxiety,æŋ'zaɪətɪ,n.,n. 担忧，焦虑,,,
anxious,'æŋkʃəs,a.,a. 忧虑的，焦急的,,,
any,'enɪ,pron.,pron. （无论）哪一个；哪些 任何的；（用于疑问句、否定句）一些；什么,,,
anybody,'enɪbɒdɪ,pron.,pron. 任何人，无论谁,,,
anyhow,'enɪhaʊ,ad.,ad. 不管怎样,,,
anyone,'enɪwʌn,pron.,pron. 任何人，无论谁,,,
anything,'enɪθɪŋ,pron.,pron. 什么事（物）；任何事（物）,,,
anyway,'enɪweɪ,,y ad. 不管怎样,,,
anywhere,'enɪweə,ad.,ad. 任何地方,,,
apart,ə'pɑːt,,"ad, / a. 相隔，相距，除外",,,
apartment,ə'pɑːrtmənt,n.,n. （美）楼中单元房，一套房间；房间,,,
apologize,ə'pɑːlədʒaɪz,vi.,vi. 道歉，谢罪,,,
apology,ə'pɔlədʒi,n.,n. 道歉；歉意,,,
apparent,ə'pærənt,a.,a. 显而易见,,,
appeal,ə'piːl,v.,v. 上诉，申诉，吸引力,,,
appear,ə'pɪə,vi.,vi. 出现,,,
appearance,ə'pɪər(ə)ns,n.,n. 出现，露面；容貌,,,
appendix,ə'pendɪks,n.,n. 附录，阑尾,,,
appetite,'æpɪtaɪt,n.,n. 食欲，胃口,,,
applaud,ə'plɔːd,v.,"v. / n. 鼓掌,赞许,赞赏",,,
apple,'æp(ə)l,n.,n. 苹果,,,
applicant,'æplɪkənt,n.,n. 申请人,,,
application,ˌæplɪ'keɪʃn,n.,n. 申请,,,
apply,ə'plaɪ,v.,v. 申请,,,
appoint,ə'pɒɪnt,v.,v. 任命，委任，安排，确定（时间，地点）,,,
appointment,ə'pɔɪntmənt,n.,n. 约会,,,
appreciate,ə'priːʃieɪt,v.,v. 欣赏； 感激,,,
appreciation,əˌpriːʃi'eɪʃn,n.,"n. 欣赏,鉴定,评估",,,
approach,ə'proutʃ,n.,n. / v. 靠近，接近，建议，要求,,,
appropriate,əˈprəʊprɪət;(for v.)əˈprəʊprɪeɪt,a.,a. 合适的，恰当的,,,
approve,ə'pruːv,v.,"v.赞成,同意,批准,通过",,,
approximately,ə'prɔksimitli,ad.,ad.近似，大约,,,
apron,'eɪpr(ə)n,n.,n. （机场的）停机坪,,,
arbitrary,'ɑːrbətreri,a.,a. 随心所欲的，独裁的，专断的,,,
arch,ɑːtʃ,n.,n. 拱，拱门,,,
architect,'ɑːrkɪtekt,n.,n. 建筑师，设计师,,,
architecture,'ɑːkɪtektʃə,n.,n.建筑学，建筑设计，风格,,,
April,'eɪprəl,n.,n. 4月,,,
Arab,'ærəb,,* a. 阿拉伯的 n. 阿拉伯人,,,
Arabic,'ærəbik,a.,a. 阿拉伯语的 n. 阿拉伯语,,,
Arctic,'ɑːktɪk,a.,a. 北极的,,,
the Arctic,ˈɑːktɪk,,北极,,,
the Arctic Ocean,ˈɑːktɪk ˈəʊʃ(ə)n,,北冰洋,,,
are,ɑ:(r),v.,v.(be) 是,,,
area,'eərɪə,n.,n. 面积；地域，地方，区域；范围，领域,,,
argue,'ɑːrgjuː,vi.,vi. 争辩， 争论,,,
argument,'ɑːgjʊm(ə)nt,n.,n. 争论，辩论,,,
arise arose arisen,əˈraɪz,vi.,vi. 起来，升起；出现 【一般现在 过去式 过去分词】,,,
arithmetic,ə'rɪθmətɪk,n.,n. 算术,,,
arm,ɑːm,n.,"n. 臂,支架 v. 以…装备,武装起来n. （美）武器,武力",,,
armchair,ɑːm'tʃeə; 'ɑːm-,n.,n. 扶手椅,,,
army,'ɑːmɪ,n.,n. 军队,,,
around,ə'raʊnd,ad.,ad. 在周围；在附近prep. 在……周围；大约,,,
arrange,ə'reɪndʒ,v.,v. 安排，布置,,,
arrangement,ə'reɪn(d)ʒm(ə)nt,n.,n. 安排，布置,,,
arrest,ə'rest,v.,v. 逮捕，拘留,,,
arrival,ə'raɪv(ə)l,n.,n. 到来，到达,,,
arrive,ə'raɪv,vi.,vi. 到达；达到,,,
arrow,'ærəʊ,n.,n. 箭；箭头,,,
art,ɑːt,n.,n. 艺术，美术；技艺,,,
article,'ɑːtɪk(ə)l,n.,"n.文章;东西,物品;冠词",,,
artificial,ˌɑːrtɪ'fɪʃl,a.,a. 人工的，人造的,,,
artist,'ɑːtɪst,n.,n.艺术家,,,
as,æz; əz,ad.,ad.& conj.像……一样；如同；因为 prep. 作为，当做,,,
ash,æʃ,n.,n. 灰； 灰末,,,
ashamed,ə'ʃeɪmd,a.,a. 惭愧； 害臊,,,
Asia,ˈeɪʃə,,* n. 亚洲,,,
Asian,'eiʃən,a.,a. 亚洲（人）的n. 亚洲人,,,
aside,ə'saɪd,ad.,ad. 在旁边,,,
ask,ɑːsk,v.,v. 问；请求，要求；邀请,,,
asleep,ə'sliːp,a.,a. 睡着的，熟睡,,,
aspect,'æspekt,n.,n. 方面，外观，外表,,,
assess,ə'ses,v.,"v.评价,评定（性质,质量）",,,
assessment,ə'sesmənt,n.,n. 看法，评价,,,
assist,ə'sɪst,v.,v. 帮助，协助,,,
assistance,ə'sɪstəns,n.,n. 帮助，援助，支持,,,
assistant,ə'sɪstənt,n.,n. 助手，助理,,,
associate,ə'səʊʃɪeɪt; -sɪeɪt,v.,v. 联想，联系,,,
association,əsəʊsɪ'eɪʃ(ə)n; -ʃɪ-,n.,n. 协会，社团，联系,,,
assume,ə'suːm,v.,v. 假定，假设,,,
assumption,ə'sʌm(p)ʃ(ə)n,n.,n. 假定，假设,,,
astonish,ə'stɒnɪʃ,vt.,vt. 使惊讶,,,
astronaut,'æstrənɔːt,n.,n. 宇航员,,,
astronomer,ə'strɒnəmə,n.,n. 天文学家,,,
astronomy,ə'strɑːnəmi,n.,n. 天文学,,,
at,æt; ət,prep.,prep.在（几点钟）;在（某处）,,,
athlete,'æθliːt,n.,n. 运动员,,,
athletic,æθ'letɪk,a.,"a. 健壮的,体育运动的",,,
athletics,æθ'letɪks,n.,n. 田径,,,
Atlantic,æt'læntɪk,a.,a. 大西洋的,,,
the Atlantic Ocean,ətˈlæntɪk ˈəʊʃ(ə)n,,大西洋,,,
atmosphere,'ætməsfɪr,n.,n. 大气；气氛,,,
atom,'ætəm,n.,n. 原子，微粒,,,
attach,ə'tætʃ,v.,v. 把…固定，重视,,,
attack,ə'tæk,vt.,vt. / n. 攻击，袭击,,,
attain,ə'teɪn,v.,"v.（经过努力）获得,得到",,,
attempt,ə'tempt,vt.,vt. 试图，尝试,,,
attend,ə'tend,v.,v. 看护，照料，服侍；出席，参加,,,
attention,ə'tenʃ(ə)n,n.,n. 注意，关心,,,
attentively,ə'tentivli,ad.,ad. 注意地,,,
attitude,'ætɪtjuːd,n.,n. 态度，看法,,,
attract,ə'trækt,v.,v. 吸引，引起,,,
attraction,ə'trækʃ(ə)n,n.,n. 吸引，爱慕,,,
attractive,ə'træktɪv,a.,a. 迷人的，有吸引力的,,,
audience,'ɔːdiəns,n.,n. 观众，听众,,,
authentic,ɔː'θentɪk,a.,a. 真正的，真品的,,,
author,'ɔːθə,n.,n. 作者，作家,,,
authority,ə'θɔːrəti,n.,"n.权力,权威,威信,官方",,,
automatic,ˌɔːtə'mætɪk,a.,a. 自动的，机械的,,,
autonomous,ɔː'tɑːnəməs,a.,a. 自治的，自主的,,,
August,ˈɔːɡəst,n.,n. 8月,,,
aunt,ɑːnt,n.,n. 伯母；舅母；婶；姑；姨,,,
Australia,ɒ'streɪlɪə,,* n. 澳洲；澳大利亚,,,
Australian,ɔˈstreɪlɪən,a.,a. 澳洲的，澳大利亚人的 n. 澳大利亚人,,,
autumn,'ɔːtəm,n.,n. 秋天，秋季,,,
available,ə'veɪləbl,a.,a. 可获得的，有空的,,,
avenue,'ævənjuː,n.,n. 大道,,,
average,'ævərɪdʒ,a.,a.平均；普通的 n.平均数,,,
avoid,ə'vɒɪd,v.,v. 避免，躲开，逃避,,,
awake awoke awoken,əˈweɪk,v.,"v. 唤醒, adj. 醒着的 【一般现在 过去式 过去分词】",,,
award,ə'wɔːd,n.,n. 奖品，奖励,,,
aware,ə'wer,a.,a. 知道，意识到，发觉,,,
away,ə'weɪ,ad.,ad. 离开；远离,,,
awesome,'ɔːsəm,a.,"a.令人惊叹,很困难的",,,
awful,'ɔːfʊl,a.,a. 很坏的，极讨厌的,,,
awkward,'ɔːkwərd,a.,"a.令人尴尬,使人难堪的",,,
Baby,'beɪbɪ,n.,n. 婴儿,,,
bachelor,'bætʃələ,n.,n. 未婚男子，单身汉,,,
back,bæk,ad.,ad. 回（原处）；向后 a. 后面的 n. 背后，后部；背,,,
backache,'bækeɪk,n.,n. 背痛,,,
background,'bækgraʊnd,n.,n. 背景,,,
backward,'bækwəd,ad.,ad. 向后,,,
bacon,'beɪkən,n.,n. 咸猪肉；熏猪肉 ,,,
bacterium,bæk'tɪərɪəm,,(复bacteria) n. 细菌,,,
bad worse worst,bæd,adj.,adj. 坏的；有害的，不利的；严重的【比较级 最高级】,,,
badly,'bædlɪ,ad.,ad. 坏，恶劣地,,,
badminton,'bædmɪnt(ə)n,n.,n. 羽毛球,,,
bag,bæg,n.,n. 书包；提包；袋子,,,
baggage,'bægɪdʒ,n.,n. 行李,,,
bake,beɪk,v.,v. 烤； 烘（面包）,,,
bakery,'beɪk(ə)rɪ,n.,n. 面包店,,,
balance,'bæləns,n.,n. 平衡,,,
balcony,'bælkəni,n.,n. 阳台；楼座,,,
ball,bɔːl,n.,n. 球 n. 舞会,,,
ballet,'bæleɪ; -lɪ,n.,n. 芭蕾舞,,,
balloon,bə'luːn,n.,n. 气球,,,
ballpoint = ballpoint pen,"`bɔl,pɔɪnt",,圆珠笔,,,
bamboo,bæm'buː,n.,n. 竹,,,
ban,bæn,n.,n. 禁令 v. 禁止；取缔,,,
banana,bə'nɑːnə,n.,n. 香蕉,,,
band,bænd,n.,n. 乐队,,,
bandage,'bændɪdʒ,n.,n. 绷带,,,
bang,bæŋ,int.,int. 砰,,,
bank,bæŋk,n.,n. （河海湖的）岸，堤 n. 银行,,,
bank account,bæŋk əˈkaʊnt,n.,n. 银行账户,,,
bar,bɑː,n.,n. 条（长方）块，棒，横木 n.（酒店的）买酒柜台；酒吧；（卖东西的）柜台,,,
barbecue,'bɑːrbɪkjuː,n.,n. 烤肉野餐,,,
barber,'bɑːrbər,n.,n. （为男人理发）理发师,,,
barbershop,'bɑːbəʃɒp,n.,n. 理发店,,,
bare,ber,a.,a. 裸露的，光秃秃的,,,
bargain,'bɑːrgən,n.,n. （经讨价还价后）成交的商品；廉价货 v. 讨价还价,,,
bark,bɑːrk,v.,v. 狗叫 n. 狗叫声,,,
barrier,'bæriər,n.,n. 屏障，障碍，关卡,,,
base,beɪs,n.,n. 根据地，基地（棒球）垒,,,
baseball,'beɪsbɔːl,n.,n. 棒球,,,
basement,'beɪsmənt,n.,n. 地下室,,,
basic,'beɪsɪk,a.,a. 基本的,,,
basin,'beɪsn,n.,n. 水盆，脸盆,,,
basis,'beɪsɪs,n.,n. 原因，缘由，要素,,,
basket,'bɑːskɪt,n.,n. 篮子,,,
basketball,'bɑːskɪtbɔːl,n.,n. 篮球,,,
bat,bæt,n.,n. （棒球、板球的）球棒 n. 蝙蝠,,,
bath,bɑːθ,n.,n. 洗澡；浴室；澡盆,,,
bathe,beɪð,vi.,vi. 洗澡；游泳,,,
bathrobe,'bɑːθrəʊb,n.,n. 浴衣,,,
bathroom,'bɑːθruːm; -rʊm,n.,n. 浴室，盥洗室,,,
bathtub,'bɑːθtʌb,n.,n. 澡盆,,,
battery,'bætri,n.,n. 电池,,,
battle,'bæt(ə)l,n.,n. 战斗；战役,,,
battleground,ˈbæt(ə)lɡraʊnd,n.,n. 战场,,,
bay,beɪ,n.,n. 湾； 海湾,,,
BC,ˌbiːˈsiː,n.,n. 公元前,,,
be,biː,v.,"v. 是（原形）,其人称和时态形式有(am, is, are, was, were, being, been)；成为",,,
beach,biːtʃ,n.,n. 海滨，海滩,,,
beam,biːm,n.,n. 平衡木,,,
bean,biːn,n.,n. 豆，豆科植物,,,
beancurd,'bi:nkə:d,n.,n. 豆腐,,,
bear,beə,v.,v. 承受，负担，承担；忍受；容忍 n. 熊,,,
beard,bɪəd,n.,n. （下巴上的）胡须,,,
beast,biːst,n.,n. 野兽；牲畜,,,
beat beat beaten,biːt,v.,v. 敲打；跳动；打赢 n. （音乐）节拍 【一般现在 过去式 过去分词】,,,
beautiful,ˈbju:tɪfl,a.,a. 美，美丽，美观的,,,
beauty,'bjuːtɪ,n.,n. 美丽，美人,,,
because,bɪ'kɒz,conj.,conj. 因为,,,
become,bɪ'kʌm,v.,v. 变得；成为,,,
bed,bed,n.,n. 床,,,
bedclothes,'bedkləʊðz,n.,n. 铺盖（被褥等）,,,
beddings,'bedɪŋz,n.,n. 卧具，铺盖,,,
bedroom,'bedruːm; -rʊm,n.,n. 寝室，卧室,,,
bee,biː,n.,n.. 蜜蜂,,,
beef,biːf,n.,n. 牛肉,,,
beehive,'biːhaɪv,n.,n. 蜂箱,,,
beer,bɪə,n.,n. 啤酒,,,
before,bɪ'fɔː,prep.,prep. 在…以前；在…前面 ad. 以前 conj. 在…之前,,,
beg,beg,v.,v. 请求，乞求，乞讨 ,,,
begin began begun,bɪˈɡɪn,v.,"v.开始,着手【一般现在 过去式 过去分词】",,,
beginning,bɪ'gɪnɪŋ,n.,n. 开始，开端,,,
behalf,bɪ'hɑːf,n.,n. 代表某人，为了某人,,,
behave,bɪ'heɪv,v.,v. 守规矩，行为,,,
behaviour,bɪ'heɪvjə,n.,n. 行为，举止,,,
behind,bɪ'haɪnd,prep.,prep. (表示位置)在…后面 ad. 在后面；向后,,,
being,'biːɪŋ,n.,n. 物；生物；人,,,
Belgium,'bɛldʒəm,,* n. 比利时,,,
belief,bɪ'liːf,n.,n. 信条，信念,,,
believe,bɪ'liːv,v.,v. 相信，认为,,,
bell,bel,n.,"n. 钟,铃;钟(铃)声;钟形物",,,
belly,'belɪ,n.,n. 肚子,,,
belong,bɪ'lɒŋ,vi.,vi. 属，附属,,,
below,bɪ'ləʊ,prep.,prep. 在……下面,,,
belt,belt,n.,n. （皮）带,,,
bench,ben(t)ʃ,n.,n. 长凳；工作台,,,
bend bent bent,bend,adj.,adj. 弯曲的，变形的；vt. 使弯曲 【一般现在 过去式 过去分词】,,,
beneath,bɪ'niːθ,prep.,prep. 在…下方（面）,,,
beneficial,ˌbenɪ'fɪʃl,a.,a. 有利的，有帮助的，有用的,,,
benefit,'benɪfɪt,n.,"n. / v.优势,益处,使…受益",,,
bent,bent,a.,a. 弯的,,,
beside,bɪ'saɪd,prep.,prep. 在…旁边；靠近,,,
besides,bɪ'saɪdz,prep.,prep. 除…以外（还有） ad. 还有，此外,,,
best,best,a.,a. & ad.最好的；最好地，最 n. 最好的（人或物）,,,
bestseller,best'selə(r),n.,n. 畅销书,,,
better,'betə,a.,a.& ad. 较好的，更好的；好些； 更好地；更，更多n. 较好的事物；较优者 v. 改善；胜过,,,
betray,bɪ'treɪ,v.,"v.出卖,泄露（机密）,辜负",,,
between,bɪ'twiːn,prep.,prep. 在（两者）之间；在…中间,,,
beyond,bɪ'jɒnd,prep.,prep. (表示位置) 在…的那边,,,
bicycle,'baɪsɪkl,n.,n. 自行车,,,
bid,bɪd,v.,v./ n. 出价，投标，向（某人）道别,,,
big,bɪg,a.,a. 大的,,,
bike = bicycle,baɪk,n.,n. 自行车,,,
bill,bɪl,n.,n.账单；法案，议案； （美）钞票，纸币,,,
billion,'bɪljən,num.,num. 十亿，百亿,,,
bingo,'bɪŋgəʊ,n.,n. 宾戈游戏,,,
biochemistry,baɪə(ʊ)'kemɪstrɪ,n.,n. 生物化学,,,
biography,baɪ'ɑːgrəfi,n.,n. 传记,,,
biology,baɪ'ɒlədʒɪ,n.,n. 生物（学）,,,
bird,bɜːd,n.,n. 鸟,,,
birdcage,ˈbɜːdkeɪdʒ,n.,n. 鸟笼,,,
birth,bɜːθ,n.,n. 出生； 诞生,,,
birthday,'bɜːθdeɪ,n.,n. 生日,,,
birthplace,'bɜːθpleɪs,n.,n. 出生地；故乡,,,
biscuit,'bɪskɪt,n.,n. 饼干,,,
bishop,'bɪʃəp,n.,n. 主教,,,
bit,bɪt,n.,n. 一点，一些，少量的,,,
bite bit bitten,baɪt,v.,v. 咬；叮 【一般现在 过去式 过去分词】,,,
bitter,'bɪtə,a.,a. 有苦味的；痛苦的，难过的；严酷的,,,
black,blæk,n.,n. 黑色 a. 黑色的,,,
blackboard,'blækbɔːd,n.,n. 黑板,,,
blame,bleɪm,n.,n.& v. 责备；责怪,,,
blank,blæŋk,n.,n.& a. 空格，空白（处）；空的；茫然无表情的,,,
blanket,'blæŋkɪt,n.,n. 毛毯，毯子,,,
bleed,bliːd,vi.,vi. 出血，流血,,,
bless,bles,vt.,vt. 保佑，降福,,,
blind,blaɪnd,a.,a. 瞎的,,,
block,blɑːk,n.,n. 大块；（木、石等）块；街区；路障 vt. 阻塞；阻挡,,,
blood,blʌd,n.,n. 血，血液,,,
blouse,'blaʊz,n.,n. 宽罩衫；（妇女、儿童穿的）短上衣,,,
blow,bləʊ,n.,n. 击；打击,,,
blow blew blown,bləʊ,v.,v. 吹；刮风；吹气 【一般现在 过去式 过去分词】,,,
blue,bluː,n.,n. 蓝色 a.蓝色的 a. 悲伤的；沮丧的,,,
board,bɔːd,n.,n. 木板；布告牌；委员会；（政府的）部 v. 上（船、火车、飞机）,,,
boat,bəʊt,n.,n. 小船，小舟,,,
boatrace,bəʊtˈreɪs,n.,n. 划船比赛,,,
boating,'bəʊtɪŋ,n.,n. 划船（游玩），泛舟 body n. 身体,,,
bodybuilding,ˈbɒdibɪldɪŋ,n.,n. 健美,,,
boil,bɒɪl,v.,v. 沸腾；烧开；煮……,,,
bomb,bɒm,n.,n. 炸弹 v. 轰炸,,,
bond,bɑːnd,n.,n. /v. 纽带，联系，使牢固,,,
bone,bəʊn,n.,n. 骨头，骨质（复数bones骨骼；骨骸）,,,
bonus,'bəʊnəs,n.,n. 津贴，奖金，红利,,,
book,bʊk,n.,n. 书；本子 v. 预定，定（房间、车票等）,,,
bookcase,'bʊkkeɪs,n.,n. 书橱,,,
bookmark,'bʊkmɑːk,n.,n. 书签,,,
bookshelf,'bʊkʃelf,n.,n. 书架,,,
bookshop,'bʊkʃɒp,n.,n. 书店,,,
bookstore,'bukstɔːr,n.,n. 书店,,,
boom,buːm,n.,n. / v. 繁荣，轰鸣，激增,,,
boot,buːt,n.,n. 长统靴；靴,,,
booth,buːð; buːθ,n.,n.岗；（为某种用途而设的）亭或小隔间,,,
telephone booth,ˈtelɪfəʊn- buːð,,电话亭,,,
border,'bɔːdə,n.,n. 边缘；边境，国界,,,
bored,bɔːd,a.,a.（对人，事）厌倦的，烦闷的,,,
boring,'bɔːrɪŋ,a.,a. 乏味的，无聊的,,,
born,bɔːn,a.,a. 出生,,,
borrow,'bɒrəʊ,v.,v. （向别人）借用；借,,,
boss,bɒs,n.,n. 领班；老板,,,
botanical,bə'tænɪkl,a.,a. 植物学的,,,
botany,'bɑːtəni,n.,n. 植物； 植物学,,,
both,bəʊθ,a.,a. 两；双 pron. 两者；双方,,,
bottle,'bɒt(ə)l,n.,n. 瓶子,,,
bottom,'bɒtəm,n.,n. 底部；底,,,
bounce,bauns,v.,v. 弹起，蹦，上下晃动,,,
bound,baund,a.,a. 被束缚的；被绑的；有义务的  v.& n. 跳跃,,,
boundary,'baundri,n.,n. 边界，界限,,,
bow,baʊ,v.,v.& n. 鞠躬，弯腰行礼,,,
bowl,bəʊl,n.,n. 碗,,,
bowling,'bəʊlɪŋ,n.,n. 保龄球,,,
box,bɒks,n.,n. 盒子，箱子,,,
boxing,'bɒksɪŋ,n.,n. 拳击（运动）,,,
boy,bɒɪ,n.,n. 男孩,,,
boycott,'bɔɪkɑːt,v.,v. 拒绝购买，抵制,,,
brain,breɪn,n.,n. 脑（子）,,,
brake,breɪk,n.,n. 闸 vi. 刹车,,,
branch,brɑːn(t)ʃ,n.,n. 树枝；分枝；分公司，分店；支部,,,
brand,brænd,n.,n. 品牌,,,
brave,breɪv,a.,a. 勇敢的,,,
bravery,'breɪv(ə)rɪ,n.,n. 勇气,,,
bread,bred,n.,n. 面包,,,
break,breɪk,n.,n. 间隙,,,
break broke broken,breɪk,v.,v. 打破（断，碎）；损坏，撕开 【一般现在 过去式 过去分词】,,,
breakfast,'brekfəst,n.,n. 早餐,,,
breakthrough,'breɪkθruː,n.,n. 重大进展，突破,,,
breast,brest,n.,n. 乳房，胸脯,,,
breath,breθ,n.,n. 气息；呼吸,,,
breathe,briːð,vi.,vi. 呼吸,,,
breathless,'breθlɪs,a.,a. 气喘吁吁的，上气不接下气的,,,
brewery,'brʊərɪ,n.,n. 啤酒厂（公司）,,,
brick,brɪk,n.,n. 砖；砖块,,,
bride,braɪd,n.,n. 新娘,,,
bridegroom,'braɪdgruːm,n.,n. 新郎,,,
bridge,brɪdʒ,n.,n. 桥,,,
brief,briːf,a.,a. 简洁的,,,
bright,braɪt,a.,a. 明亮的；聪明的,,,
brilliant,'brɪliənt,a.,a. 巧妙的，使人印象深刻的，技艺高的,,,
bring brought brought,brɪŋ,vt.,vt. 拿来，带来，取来 【一般现在 过去式 过去分词】,,,
Britain,'brɪt(ə)n,,* n. 英国；不列颠,,,
British,'brɪtɪʃ,a.,a. 英国的；大不列颠的；英国人的,,,
the British,ˈbrɪtɪʃ,n.,n. 英国国民；大不列颠人,,,
broad,brɔːd,a.,a. 宽的，宽大的,,,
broadcast,'brɔːdkæst,n.,n. 广播节目,,,
brochure,brou'ʃur,n.,n. 资料（或广告）手册,,,
broken,'brəʊk(ə)n,a.,a. 弄坏了的,,,
broom,bruːm,n.,n. 扫帚,,,
brother,'brʌðə,n.,n. 兄；弟,,,
brotherhood,'brʌðəhud,n.,n. 兄弟般的关系,,,
brown,braʊn,n.,n. 褐色，棕色 a. 褐色的，棕色的,,,
brunch,brʌn(t)ʃ,n.,n. 早午饭（晚早饭）,,,
brush,brʌʃ,v.,v. 刷；擦 n. 刷子,,,
bucket,'bʌkɪt,n.,n. 铲斗；桶,,,
Buddhism,'bʊdɪz(ə)m,n.,n. 佛教,,,
Buddhist,ˈbudist,n.,n. 佛教徒,,,
budget,'bʌdʒɪt,n.,n. 预算,,,
buffet,ˈbʊfeɪ;ˈbʌfɪt,n.,n. 自助餐,,,
build built built,bɪld,v.,v. 建筑；造 【一般现在 过去式 过去分词】,,,
building,'bɪldɪŋ,n.,n. 建筑物；房屋；大楼,,,
bun,bʌn,n.,n. 馒头；小甜面包,,,
bunch,bʌntʃ,n.,"n. 串,束,扎,大量,大批",,,
bungalow,'bʌŋgələʊ,n.,n. 平房,,,
burden,'bɜːd(ə)n,n.,n. （义务，责任的）重担，负担,,,
bureaucratic,",bjɔːrə'krætɪk; ,bjʊərə'krætɪk",a.,a. 官僚的,,,
burglar,'bɜːglə,n.,n. 入室窃贼,,,
burial,'berɪəl,n.,n. 埋葬,,,
burn,bɜːn,v.,v. 燃，烧，着火；使烧焦；使晒黑 n. 烧伤；晒伤,,,
burst,bɜːst,v.,v. 突然发生； 突然发作,,,
bury,'berɪ,vt.,vt. 埋；葬,,,
bus,bʌs,n.,n. 公共汽车,,,
bus stop,bʌs stɔp,,n。公共汽车站,,,
bush,bʊʃ,n.,n. 灌木丛，矮树丛,,,
business,ˈbɪznɪs,n.,n. （本分）工作，职业；职责；生意，交易；事业,,,
businessman,'bɪznɪsmən,n.,n. 商人（男）；男企业家,,,
businesswoman,"'bɪznɪs,wʊmən",n.,n. 商人（女）；女企业家,,,
busy,'bɪzɪ,a.,a. 忙（碌）的,,,
but,bʌt; bət,conj.,"conj. 但是，可是 prep. 除了, 除……外",,,
butcher,ˈbʊtʃə(r),n.,n. vt. 肉店；屠夫 屠宰（动物）；残杀（人）,,,
butter,'bʌtər,n.,n. 黄油，奶油,,,
butterfly,'bʌtəflaɪ,n.,n. 蝴蝶,,,
the butterfly,,,蝶泳,,,
button,ˈbʌtn,n.,n. 纽扣；（电铃等的）按钮 v. 扣（纽扣） ,,,
buy bought bought,baɪ,vt.,vt. 买【一般现在 过去式 过去分词】,,,
by,baɪ,prep.,prep. 靠近，在…旁；在…时间；不迟于；被；用；由；乘（车）,,,
bye,baɪ,int.,int. 再见,,,
cab,kæb,n.,n. （美）出租车,,,
cabbage,ˈkæbɪdʒ,n.,n. 卷心菜，洋白菜,,,
cafe,'kæfeɪ,n.,n. 咖啡馆； 餐馆,,,
cafeteria,ˌkæfə'tɪriə,n.,n. 自助餐厅,,,
cage,keɪdʒ,,n 笼；鸟笼,,,
calculate,'kælkjuleɪt,v.,v. 计算，核算，推测,,,
cake,keɪk,n.,n. 蛋糕，糕点；饼,,,
call,kɔːl,n.,n. 喊，叫；电话，通话 v. 称呼；呼唤；喊，叫,,,
calm,kɑːm,a.,"a. 镇静,沉着的 v.镇静沉着",,,
camel,'kæm(ə)l,n.,n. 骆驼,,,
camera,'kæm(ə)rə,n.,n. 照相机；摄像机,,,
camp,kæmp,n.,"n.（夏令）营 vi.野营,宿营",,,
campaign,kæm'peɪn,n.,n. 运动，战役,,,
can,kæn,v.,v. 可能；能够；可以 不能 n.（美）罐头；罐子,,,
a garbage can,ˈɡɑːbɪdʒ,,（美）垃圾桶,,,
a can opener,ˈəʊpənə(r),,开罐器,,,
Canada,'kænədə,,* n. 加拿大,,,
Canadian,kə'neɪdɪən,a.,a. 加拿大的；加拿大人的 n. 加拿大人,,,
canal,kə'næl,n.,n. 运河；水道,,,
cancel,'kænsl,vt.,vt. 取消,,,
cancer,ˈkænsə(r),,r n. 癌,,,
candidate,'kændɪdət,n.,n. 候选人，申请人,,,
candle,'kænd(ə)l,n.,n. 蜡烛,,,
candy,'kændɪ,n.,n. 糖果,,,
canteen,kæn'tiːn,n.,n. 餐厅；食堂,,,
cap,kæp,n.,n. （无檐的或仅在前面有檐的）帽子；（瓶子的）盖；（钢笔等的）笔套,,,
capital,'kæpɪt(ə)l,n.,n.首都.省会.大写；资本,,,
capsule,ˈkæpsju:l,n.,n. （药）胶囊,,,
captain,'kæptɪn,n.,n. （海军）上校；船长，舰长；队长,,,
caption,'kæpʃn,n.,n. （图片，漫画等的）说明文字,,,
car,kɑː,n.,n. 汽车，小卧车,,,
carbon,'kɑːrbən,n.,n. 碳,,,
card,kɑːd,n.,n.卡片；名片；纸牌,,,
card games,kɑːd ɡeɪm,,纸牌游戏,,,
care,keə,n.,n. 照料，保护；小心v. 介意……，在乎；关心,,,
careful,ˈkeəfl,a.,a. 小心，仔细，谨慎的,,,
careless,'keələs,a.,a. 粗心的，漫不经心的,,,
carpenter,ˈkɑːpəntə(r),n.,n. 木工，木匠,,,
carpet,'kɑːpɪt,n.,n. 地毯,,,
carriage,'kærɪdʒ,n.,n. 四轮马车;（火车）客车厢,,,
carrier,'kærɪə,n.,n. 搬运者；媒介;（自行车等的）置物架；（车的）货架,,,
carrot,'kærət,n.,n.胡萝卜,,,
carry,'kærɪ,vt.,vt. 拿，搬，带，提，抬，背，抱，运等,,,
cartoon,kɑː'tuːn,n.,n. 动画片，卡通；漫画,,,
carve,kɑːrv,vt.,vt.刻；雕刻,,,
case,keɪs,n.,n. 情况；病例；案件；真相  n. 箱；盒；容器,,,
cash,kæʃ,n.,n. 现金，现钞 v. 兑现,,,
cassette,kæˈset,n.,n. 磁带,,,
cast,kæst,v.,v. 扔，抛，撒,,,
castle,'kɑːs(ə)l,n.,n. 城堡,,,
casual,'kæʒuəl,a.,a. 漫不经心的，不经意的，非正式的,,,
cat,kæt,n.,n. 猫 ,,,
catalogue,'kæt(ə)lɒg,n.,n. 目录,,,
catastrophe,kə'tæstrəfi,n.,n. 灾难，灾祸，不幸事件,,,
catch caught caught,kætʃ,,v. 接住；捉住；赶上；染上（疾病） 【一般现在 过去式 过去分词】,,,
category,'kætəgɔːri,n.,n. 类别，种类,,,
cater,'keɪtər,v.,v. 提供饮食，承办酒席,,,
catholic,'kæθlɪk,a.,a. 天主教的,,,
cathedral,kə'θiːdr(ə)l,n.,n. 大教堂（天主教）,,,
cattle,'kæt(ə)l,n.,n. 牛（总称），家畜,,,
cause,kɔːz,n.,n. 原因，起因 vt. 促使，引起，使发生,,,
caution,'kɔːʃ(ə)n,n.,n. 谨慎，小心，警告,,,
cautious,'kɔːʃəs,a.,a. 小心的，谨慎的,,,
cave,keɪv,n.,n. 洞，穴；地窖,,,
CD,ˌsi:ˈdi:,,光盘 (compact disk的缩写),,,
CD-ROM,"ˌsi:ˈdi: -rɔm,rəʊm",,信息储存光盘(compact disk read-only memory的缩写),,,
ceiling,'siːlɪŋ,n.,n. 天花板，顶棚,,,
celebrate,'selɪbreɪt,v.,v. 庆祝,,,
celebration,selɪ'breɪʃ(ə)n,n.,n. 庆祝；庆祝会,,,
cell,sel,n.,n.（监狱的）单人牢房；（修道院等的）单人小室；（蜂巢的）小蜂窝，蜂房；［生物］ 细胞,,,
cellar,'selə,n.,n. 地窖；地下储藏室,,,
cent,sent,n.,n. 美分（100 cents = 1 dollar）,,,
centigrade,'sentɪgreɪd,a.,a. 摄氏的,,,
centimetre,'sentɪmiːtə,,(美 centimeter) n. 公分，厘米,,,
central,'sentr(ə)l,a.,a. 中心，中央；主要的,,,
centre,'sentə,n.,n. 中心，中央(英),,,
center,ˈsentə(r),n.,n. 中心，中央(美),,,
century,ˈsentʃərɪ,n.,n. 世纪，百年,,,
ceremony,'serəmouni,n.,n. 典礼，仪式，礼节,,,
certain,'sɜːt(ə)n; -tɪn,a.,a. （未指明真实名称的）某…；确定的，无疑的；一定会…,,,
certainly,ˈsəːt(ə)nli,ad.,ad. 当然；一定，无疑,,,
certificate,sər'tɪfɪkət,n.,n. 证明，证明书,,,
chain,tʃeɪn,n.,n. 链； 链条,,,
chain store,tʃeɪn stɔː(r),,连锁店【空格符号】,,,
chair,tʃeə,n.,n. 椅子,,,
chairman,'tʃeəmən,,(pl. chairmen) n. 主席，会长；议长,,,
chairwoman,ˈtʃɛəˌwumən,n.,"n. 女主席, 女会长；女议长",,,
chalk,tʃɔːk,n.,n. 粉笔,,,
challenge,'tʃælɪndʒ,n.,n.挑战(性),,,
challenging,'tʃælɪn(d)ʒɪŋ,a.,a.具有挑战性的,,,
champion,'tʃæmpiən,n.,n. 冠军，优胜者,,,
chance,tʃɑːns,n.,n. 机会，可能性,,,
changeable,'tʃeɪn(d)ʒəb(ə)l,a.,a.易变的，变化无常的,,,
change,tʃeɪn(d)ʒ,n.,n. 零钱；找头v. 改变，变化；更换；兑换,,,
channel,'tʃænl,n.,n.频道；通道；水渠,,,
chant,tʃænt,v.,v./ n.反复呼喊,,,
chaos,'keɪɑːs,n.,n. 混乱，杂乱，紊乱,,,
character,'kærəktə,n.,n.（汉）字.字体；品格,,,
characteristic,ˌkærəktə'rɪstɪk,a.,a. 典型的，独特的,,,
charge,tʃɑːdʒ,v.,v. 要求收费；索价；将(电池)充电 n. 费用；价钱,,,
chapter,'tʃæptə,n.,n. 章,,,
chart,tʃɑːrt,n.,n. 图表；航海图,,,
chat,tʃæt,,n. & vi. 聊天，闲谈,,,
cheap,tʃiːp,a.,a. 便宜的，贱,,,
cheat,tʃiːt,n.,n. & v. 骗取，哄骗；作弊,,,
check,tʃek,n.,n. 检查；批改 vt. 校对，核对； 检查；批改,,,
cheek,tʃiːk,n.,n. 面颊，脸蛋,,,
cheer,tʃɪə,n.,n. & vi.欢呼； 喝彩,,,
Cheer up,tʃɪə(r)-ʌp,,振作起来！提起精神！,,,
cheerful,'tʃɪəfʊl; -f(ə)l,a.,a.兴高采烈的，快活的,,,
cheers,tʃɪəz,int.,int. 干杯，(口)谢谢，再见,,,
cheese,tʃiːz,n.,n. 奶酪,,,
chef,ʃef,n.,n. 厨师长，主厨,,,
chemical,'kemɪk(ə)l,a.,a. 化学的 n. 化学品,,,
chemist,'kemɪst,n.,n. 药剂师；化学家,,,
chemistry,'kemɪstrɪ,n.,n. 化学,,,
cheque,tʃek,,(美check) n. 支票,,,
chess,tʃes,n.,n. 棋,,,
chest,tʃest,n.,n. 箱子；盒子；胸部,,,
chew,tʃuː,vt.,vt. 咀嚼,,,
chick,tʃɪk,n.,n. 小鸡,,,
chicken,'tʃɪkɪn,n.,n. 鸡；鸡肉,,,
chief,tʃiːf,a.,"a. 主要,首要的 n.领导，头",,,
child,tʃaɪld,n.,n. 孩子，儿童,,,
children,'tʃɪldrən,n.,n. 孩子们，儿童们,,,
childhood,'tʃaɪldhʊd,n.,n. 幼年时代，童年,,,
chimney,'tʃɪmnɪ,n.,n. 烟囱，烟筒,,,
China,ˈtʃaɪnə,,* n. 中国,,,
Chinese,tʃaɪˈniːz,a.,a.中国的；中国人的；中国话的，汉语的 n.中国人；中国话，汉语，中文,,,
chips,tʃips,n.,n. (pl.)炸土豆条（片）,,,
chocolate,'tʃɒk(ə)lət,n.,n. 巧克力,,,
choice,tʃɒɪs,n.,n. 选择；抉择,,,
choir,'kwaɪər,n.,n. 合唱团，教堂的唱诗班,,,
choke,tʃəʊk,n.,n. & v. 窒息,,,
choose chose chosen,tʃuːz,vt.,vt. 选择 【一般现在 过去式 过去分词】,,,
chopsticks,'tʃɒpstɪks,n.,n. 筷子,,,
chorus,'kɔːrəs,n.,n. 合唱曲，歌咏队,,,
Christian,ˈkrɪstʃən,n.,n. 基督教徒和天主教徒的总称,,,
Christmas,ˈkrɪsməs,n.,n. 圣诞节（12月25日）,,,
Christmas card,ˈkrɪsməs kɑːd,,圣诞卡,,,
Christmas tree,ˈkrɪsməs triː,,圣诞树,,,
Christmas Eve,ˈkrɪsməs iːv,,圣诞（前）夜,,,
church,tʃɜːtʃ,n.,n. 教堂；教会,,,
cigar,sɪ'gɑː,n.,n. 雪茄烟,,,
cigarette,sɪgə'ret,n.,n. 纸烟，香烟,,,
cinema,ˈsɪnəmə；ˈsɪnɪmə,n.,n. 电影院；电影,,,
circle,'sɜːk(ə)l,n.,n. /vt. 圆圈 将…圈起来,,,
circuit,'sɜːrkɪt,n.,n. 环形路线，巡回赛,,,
circulate,'sɜːrkjəleɪt,v.,v. （液体或气体）环流，循环,,,
circumstance,'sɜːrkəmstæns,n.,"n.条件,环境,状况",,,
circus,'sɜːkəs,n.,n. 马戏团,,,
citizen,'sɪtɪz(ə)n,n.,n. 公民；居民,,,
city,'sɪtɪ,n.,n. 市，城市，都市,,,
civil,'sɪvl,a.,a. 国内的；平民（非军人）的；民用的,,,
civilian,sɪ'vɪlj(ə)n,n.,n. 平民，老百姓,,,
civilization,ˌsɪvɪlaɪˈzeɪʃən,n.,n. 文明,,,
clap,klæp,vi.,vi. 拍手；鼓掌,,,
clarify,'klærəfaɪ,v.,v. 澄清，阐明,,,
class,klɑːs,n.,n. （学校的）班；年级；课,,,
classic,'klæsɪk,a.,a. 一流的，典型的，有代表性的,,,
classical,'klæsɪk(ə)l,a.,a. 传统的；古典的,,,
classify,'klæsɪfaɪ,v.,v. 分类，归类,,,
classmate,'klɑːsmeɪt,n.,n. 同班同学,,,
classroom,'klɑːsruːm; -rʊm,n.,n. 教室,,,
claw,klɔː,n.,n. 爪,,,
clay,kleɪ,n.,n. 黏土，陶土,,,
clean,kliːn,vt.,vt. 弄干净，擦干净 a. 清洁的，干净的,,,
cleaner,'kliːnə,n.,"n.清洁工.,清洁器.,清洁剂",,,
clear,klɪə,a.,a. 清晰；明亮的；清楚的,,,
clearly,'klɪəlɪ,ad.,ad. 清楚地，无疑地,,,
clerk,klɑːk,n.,n. 书记员；办事员；职员,,,
clever,'klevə,a.,a. 聪明的，伶俐的,,,
click,klɪk,v.,v. 点击（计算机用语）,,,
climate,'klaɪmət,n.,n. 气候,,,
climb,klaɪm,v.,v. 爬，攀登,,,
clinic,'klɪnɪk,n.,n. 诊所,,,
clock,klɒk,n.,n. 钟,,,
clone,kloun,n.,n.克隆（无性繁殖出来的有机体群）,,,
close,kləʊs,a.,a. 亲密的；近，靠近 ad. 近，靠近 vt. 关，关闭,,,
cloth,klɒθ,n.,n. 布,,,
clothes,kləʊ(ð)z,n.,n. 衣服；各种衣物,,,
clothing,'kləʊðɪŋ,n.,n. (总称) 衣服,,,
cloud,klaʊd,n.,n. 云；云状物；阴影,,,
cloudy,'klaʊdɪ,a.,a. 多云的，阴天的,,,
club,klʌb,n.,n. 俱乐部；纸牌中的梅花,,,
clumsy,'klʌmzi,a.,a. 笨拙的，不灵巧的,,,
coach,kəʊtʃ,n.,n. 教练；马车；长途车,,,
coal,kəʊl,n.,n. 煤；煤块,,,
coast,kəʊst,n.,n. 海岸；海滨,,,
coat,kəʊt,n.,n. 外套；涂层；表皮；皮毛 vt. 给……穿外套；涂上,,,
cock,kɒk,n.,n. 公鸡,,,
cocoa,'kəʊkəʊ,n.,n. 可可粉,,,
coffee,'kɒfɪ,n.,n. 咖啡,,,
coin,kɒɪn,n.,n. 硬币,,,
coincidence,kəʊ'ɪnsɪd(ə)ns,n.,n. 巧合，巧事,,,
coke,kəʊk,n.,n. 可口可乐,,,
cold,kəʊld,a.,a. 冷的，寒的 n. 寒冷；感冒，伤风,,,
coldblooded,kəʊld blʌdɪd,a.,a. (动物) 冷血的,,,
collar,'kɒlə,n.,n. 衣领； 硬领,,,
colleague,'kɑːliːg,n.,n. 同事,,,
collect,kə'lekt,vt.,vt. 收集，搜集,,,
collection,kə'lekʃ(ə)n,n.,n. 收藏品，收集物,,,
college,'kɒlɪdʒ,n.,n. 学院；专科学校,,,
collision,kə'lɪʒn,n.,n. 碰撞事故,,,
colour,'kʌlə,n.,n. 颜色 vt.给…着色，涂色【英】,,,
color,'kʌlə(r),n.,n. 颜色 vt.给…着色，涂色【美】,,,
comb,kəʊm,n.,n. 梳子 v. 梳,,,
combine,kəm'baɪn,vt.,vt. 使联合；使结合,,,
come came come,kʌm,vi.,vi. 来，来到 【一般现在 过去式 过去分词】,,,
comedy,'kɑːmədi,n.,n. 喜剧,,,
comfort,'kʌmfət,n.,n. 安慰； 慰问,,,
comfortable,ˈkʌmftəbl,a.,a. 舒服的；安逸的；舒服自在的,,,
comma,'kɒmə,n.,n. 逗号,,,
command,kə'mænd,n.,n. & v. 命令,,,
comment,'kɑːment,n.,n. 评论,,,
commercial,,a.,a.贸易的，商业的,,,
commit,kə'mɪt,v.,v.犯（罪，错），自杀,,,
commitment,kə'mɪtm(ə)nt,n.,"n. 承诺,允诺,承担",,,
committee,kə'mɪti,n.,n. 委员会,,,
common,'kɒmən,a.,a. 普通，一般；共有的,,,
communicate,kə'mjuːnɪkeɪt,v.,v. 交际；传达（感情，信息等）,,,
communication,kəmjuːnɪ'keɪʃ(ə)n,n.,"n.交际,交往;通讯",,,
communism,'kɒmjʊnɪz(ə)m,n.,n. 共产主义,,,
communist,'kɒmjʊnɪst,n.,n. 共产主义者 a. 共产党的；共产主义的,,,
companion,kəm'pæniən,n.,n. 同伴；同事,,,
company,'kʌmp(ə)nɪ,n.,n. 公司,,,
compare,kəm'peə,vt.,vt. 比较，对照,,,
compass,'kʌmpəs,n.,n. 罗盘，指南针,,,
compensate,'kɑːmpenseɪt,v.,v. 补偿，弥补,,,
compete,kəm'piːt,vi.,vi. 比赛，竞赛,,,
competence,'kɑːmpɪtəns,n.,"n.能力,胜任,管辖权",,,
competition,ˌkɒmpəˈtɪʃn,n.,n. 比赛，竞赛,,,
competitor,kəm'petɪtə,n.,n. 竞赛者，比赛者,,,
complete,kəm'pliːt,a.,a. 完成vt. 完成，结束,,,
complex,'kɒmpleks,a.,a. / n. 复杂的，建筑群,,,
component,kəm'pounənt,n.,n. 组成部分，部件,,,
composition,kɒmpə'zɪʃ(ə)n,n.,n. 作文；作曲,,,
comprehension,kɒmprɪ'henʃ(ə)n,n.,n. 理解,,,
compromise,'kɑːmprəmaɪz,v.,"v. 妥协,折中,让步",,,
compulsory,kəm'pʌlsəri,a.,"a. 强制的,必须做的",,,
computer,kəm'pjuːtə,n.,n. 电子计算机,,,
computer game,kəmˈpjuːtə(r) ɡeɪm,,电子游戏,,,
comrade,'kɒmreɪd,n.,n. 同志,,,
concentrate,'kɑːnsntreɪt,v.,v. 聚精会神,,,
concept,'kɑːnsept,n.,n. 概念,,,
concern,kən'sɜːrn,v.,v. / n. 涉及，关心,,,
concert,'kɒnsət,n.,n. 音乐会；演奏会,,,
conclude,kən'kluːd,v.,v. 完成，结束,,,
conclusion,kən'kluːʒ(ə)n,n.,n. 结论；结束,,,
concrete,'kɑːŋkriːt,a.,a. 混凝土制的,,,
condition,kən'dɪʃ(ə)n,n.,n. 条件，状况,,,
condemn,kən'dem,v.,v. 谴责，指责，宣判,,,
conduct,'kɒndʌkt,vt.,vt. 引导，带领,,,
conductor,kən'dʌktə,n.,n. 管理人；指导者；（车上的）售票员，列车员；乐队指挥,,,
confident,'kɒnfɪd(ə)nt,a.,a. 自信的,,,
confidential,kɒnfɪ'denʃ(ə)l,a.,a. 机密的，保密的,,,
conference,'kɒnf(ə)r(ə)ns,n.,n. (正式的)会议；讨论,,,
confirm,kən'fɜːrm,v.,v. 证实，证明，确认,,,
conflict,'kɒnflɪkt,n.,n. 冲突，争执，争论,,,
confuse,kən'fjuːz,v.,v. 使迷惑，混淆,,,
congratulate,kən'grætjʊleɪt,vt.,vt. 祝贺,,,
congratulation,kənˌgrætʃu'leɪʃn,n.,n. 祝贺，庆贺,,,
connect,kə'nekt,v.,v. 连接，把…联系起来,,,
connection,kəˈnekʃn,n.,"n.连接物;接触,联系",,,
conscience,'kɒnʃ(ə)ns,n.,n. 良心，良知，内疚,,,
consensus,kən'sensəs,n.,n. 一致的意见，共识,,,
consequence,'kɑːnsəkwens,n.,n. 结果，后果,,,
conservation,ˌkɑːnsər'veɪʃn,,n 保存；（自然资源的）保护，管理,,,
conservative,kən'sɜːrvətɪv,a.,a. 保守的，守旧的；保守主义的；谨慎的 n.保守的人，保守主义,,,
consider,kən'sɪdə,vt.,vt. 考虑,,,
considerate,kən'sɪdərət,a.,a. 体贴的,,,
consideration,kənˌsɪdə'reɪʃn,n.,n. 考虑；关心,,,
consist,kən'sɪst,v.,v. 包含，组成，构成,,,
consistent,kən'sɪstənt,a.,a. 一致的，始终如一的，连续的,,,
constant,'kɑːnstənt,a.,a. 经常的，不断的,,,
constitution,ˌkɑːnstə'tuːʃn,n.,n. 宪法，章程，身体素质,,,
construct,kən'strʌkt,v.,v. 构筑；建造，建设,,,
construction,kən'strʌkʃn,n.,"n.建造,建设,建筑物",,,
consult,kən'sʌlt,v.,v. 咨询，商量,,,
consultant,kən'sʌlt(ə)nt,n.,n. 顾问,,,
consume,kən'suːm,v.,v. 消耗，耗费（燃料，能量，时间等）,,,
contain,kən'teɪn,v.,v. 包含；包括；能容纳,,,
container,kən'teɪnə,n.,n. 容器,,,
contemporary,kən'tempəreri,a.,a.属同时期的，同一时代的,,,
content,kən'tent,a.,"a.甘愿的,满意的 n.内容",,,
continent,'kɑːntɪnənt,n.,n. 大陆，大洲；陆地,,,
continue,kən'tɪnjuː,vi.,vi. 继续,,,
contradict,ˌkɑːntrə'dɪkt,v.,v. 反驳，驳斥，批驳,,,
contradictory,ˌkɑːntrə'dɪktəri,a.,"a.相互矛盾,对立的",,,
contrary,'kɑːntreri,n.,n. / a. 相反 相反的,,,
contribute,kən'trɪbjuːt,v.,v. 贡献,,,
contribution,kɒntrɪ'bjuːʃ(ə)n,n.,n. 贡献,,,
control,kən'trəʊl,vt.,vt.& n. 控制,,,
controversial,ˌkɑːntrə'vɜːrʃl,a.,"a.引起争论的,有争议的",,,
convenience,kən'viːniəns,n.,n. 便利,,,
convenient,kən'viːnɪənt,a.,a. 便利的，方便的,,,
conventional,kən'venʃənəl,a.,a. 依照惯例的，习惯的,,,
conversation,kɒnvə'seɪʃ(ə)n,n.,n. 谈话，交谈,,,
convey,kən'veɪ,v.,v. 表达，传递（思想，感情等）,,,
convince,kən'vɪns,v.,v. 使确信，使信服,,,
cook,kʊk,n.,"n.炊事员,厨师 v.烹调,做饭",,,
cooker,'kʊkə,n.,n. 炊具(锅、炉灶、烤炉等),,,
cookie,'kʊkɪ,n.,n. 小甜饼,,,
cool,kuːl,a.,a. 凉的，凉爽的；酷,,,
copy,'kɒpɪ,n.,n. 抄本，副本；一本（份，册……） v. 抄写；复印；（计算机用语）拷（备 份盘）,,,
coral,'kɔːrəl,n.,n. 珊瑚；珊瑚虫,,,
cordless,'kɔːdlɪs,a.,a. 无线的,,,
corn,kɔːn,n.,n. 玉米，谷物,,,
corner,'kɔːnə,n.,n. 角；角落；拐角,,,
corporation,kɔːpə'reɪʃ(ə)n,n.,n. （大）公司,,,
correct,kə'rekt,v.,v. 改正；纠正 a. 正确的，对的；恰当的,,,
correction,kə'rekʃ(ə)n,n.,n. 改正,,,
correspond,ˌkɔːrə'spɑːnd,vi.,vi. 一致；与……相当；(与人)通信，有书信往来,,,
corrupt,kə'rʌpt,a.,a. / v. 贪污的，腐败的，使腐化，堕落,,,
cost,kɒst,v.,v.值（钱），花费 n. 价格,,,
cosy,'kəʊzɪ,a.,"a.暖和舒适的,亲密无间的",,,
cottage,'kɒtɪdʒ,n.,"n. (郊外)小屋,村舍,别墅",,,
cotton,'kɒt(ə)n,n.,n. 棉花 a. 棉花的,,,
cough,kɒf,n.,n.& vi. 咳嗽,,,
could modal,kʊdˈməʊd(ə)l,v.,v.（can的过去式）可以…；（表示许可或请求）可以…，行,,,
count,kaʊnt,vt.,vt. 数，点数,,,
counter,'kauntər,n.,n. 柜台，结账处,,,
country,'kʌntrɪ,n.,n. 国家；农村，乡下,,,
countryside,'kʌntrɪsaɪd,n.,n. 乡下，农村,,,
couple,'kʌp(ə)l,n.,n. 夫妇，一对,,,
courage,'kʌrɪdʒ,n.,n. 勇气； 胆略,,,
course,kɔːs,n.,n. 过程；经过；课程,,,
court,kɔːrt,n.,n. 法庭；法院,,,
courtyard,'kɔːtjɑːd,n.,n. 庭院，院子,,,
cousin,'kʌz(ə)n,n.,n. 堂（表）兄弟，堂（表）姐妹,,,
cover,'kʌvə,n.,n. 盖子；罩 v. 覆盖，遮盖；掩盖,,,
cow,kaʊ,n.,n. 母牛，奶牛,,,
cowboy,'kaʊbɒɪ,n.,n.（美国）牛仔;牧场骑士,,,
co-worker,ˈkəʊ ˈwɜːkə(r),n.,n. 合作者；同事【连字符】,,,
crash,kræʃ,v.,v. / n. 碰撞，撞击,,,
crayon,ˈkreɪən,,n 蜡笔；蜡笔画,,,
crazy,'kreɪzɪ,a.,a. 疯狂的,,,
cream,kriːm,n.,n. 奶油，乳脂,,,
create,kriː'eɪt,vt.,vt. 创造； 造成,,,
creature,'kriːtʃə,n.,n. 生物，动物,,,
credit,'kredɪt,n.,n. 信用；信赖；信誉,,,
crime,kraɪm,n.,n. （法律上的）罪，犯罪,,,
criminal,'krɪmɪn(ə)l,n.,n. 罪犯,,,
crew,kruː,n.,n. 全体船员,,,
criterion criteria,kraɪˈtɪərɪən,n.,n. 标准，准则，原则【单数 复数】,,,
crop,krɒp,n.,n. 庄稼；收成,,,
cross,krɒs,a.,a. 脾气不好的，易怒的 n. 十字形的东西 vt. 越过；穿过,,,
crossing,'krɔːsɪŋ,n.,n. 十字路口，人行横道,,,
crossroads,'krɒsrəʊdz,n.,n. 交叉路口,,,
crowd,kraʊd,n.,n. 人群 vt. 拥挤，群聚,,,
crowded,'kraʊdɪd,a.,a. 拥挤的,,,
cruel,krʊəl,a.,a. 残忍的，残酷的；无情的,,,
cry,kraɪ,n.,n. 叫喊；哭声 v. 喊叫；哭,,,
cube,kjuːb,n.,n. 立方体,,,
cubic,'kjuːbɪk,a.,a.立方体的，立方形的,,,
cuisine,kwɪ'ziːn,n.,n. 饭菜，佳肴,,,
culture,'kʌltʃə,n.,n. 文化,,,
cup,kʌp,n.,n. 茶杯,,,
cupboard,'kʌbəd,n.,n. 碗柜；橱柜,,,
cure,kjʊə; kjɔː,n.,n. & vt. 治疗；医好,,,
curious,'kjʊərɪəs,a.,a. 好奇的；奇异的,,,
currency,'kʌr(ə)nsɪ,n.,n. 货币；现金,,,
curriculum,kə'rɪkjələm,n.,n.（学校的）全部课程,,,
curtain,'kɜːt(ə)n,n.,n. 窗帘,,,
cushion,'kuʃn,n.,n. 垫子,,,
custom,'kʌstəm,n.,n. 习惯，习俗，风俗习惯,,,
customer,'kʌstəmə,n.,n. （商店）顾客，主顾,,,
customs,'kʌstəmz,n.,n. 海关，关税,,,
cut,kʌt,v.,"v. / n. 切，剪，削，割, 伤口",,,
cycle,'saɪk(ə)l,vi.,vi. 骑自行车,,,
cyclist,'saɪklɪst,n.,n. 骑自行车的人,,,
dad = daddy,dæd,n.,n.（口）爸爸，爹爹,,,
daily,'deɪlɪ,a.,a. 每日的；日常的 ad. 每天 n. 日报,,,
dam,dæm,n.,n. 水坝，堰堤,,,
damage,'dæmɪdʒ,n.,n.& vt. 毁坏，损害,,,
damp,dæmp,a.,a. & n. 潮湿（的）,,,
dance,dɑːns,n.,n.& vi. 跳舞,,,
danger,ˈdeɪndʒə(r),n.,n. 危险,,,
dangerous,ˈdeɪndʒərəs,a.,a. 危险的,,,
dare,deə,v.,v.& aux..（后接不带to的不定式；主要用于疑问，否定或条件句）敢，敢于,,,
dark,dɑːk,n.,n. 黑暗；暗处；日暮 a. 黑暗的；暗淡的；深色的,,,
darkness,ˈdɑːknɪs,n.,n. 黑暗，阴暗,,,
dash,dæʃ,v.,v. & n. 快跑，冲刺，短跑,,,
data,'deɪtə,n.,n. 资料，数据,,,
database,'deɪtəbeɪs,n.,n. 资料库，数据库,,,
date,deɪt,n.,n. 日期；约会 n.枣,,,
daughter,'dɔːtə,n.,n. 女儿,,,
dawn,dɔːn,n.,n. 黎明，拂晓,,,
day,deɪ,n.,n.（一）天，（一）日；白天,,,
daylight,'deɪlaɪt,n.,n. 日光，白昼； 黎明,,,
dead,ded,a.,a. 死的；无生命的,,,
deadline,'dedlaɪn,n.,n.最后期限，截止日期,,,
deaf,def,a.,a. 聋的,,,
deal,diːl,n.,n. 量，数额；交易,,,
dear,dɪə,int.,int.（表示惊愕）哎呀！唷！ a. 亲爱的；贵的,,,
death,deθ,n.,n. 死,,,
debate,dɪ'beɪt,n.,n. & v.讨论，辩论,,,
debt,det,n.,n. 债务；欠款,,,
decade,'dekeɪd,n.,n. 十年期,,,
December,dɪ'sembə,n.,n. 12月,,,
decide,dɪ'saɪd,v.,v. 决定；下决心,,,
decision,dɪ'sɪʒ(ə)n,n.,n. 决定；决心,,,
declare,dɪ'kler,vt.,vt. 声明；断言,,,
decline,dɪ'klaɪn,v.,"v. 减少,下降,衰退,谢绝",,,
decorate,'dekəreɪt,vt.,vt.装饰…，修饰…,,,
decoration,dekə'reɪʃ(ə)n,n.,n.装饰，修饰,,,
decrease,dɪ'kriːs,v.,v.减少，减小，降低,,,
deed,diːd,n.,n. 行为；事迹,,,
deep,diːp,a.,a. 深 ad. 深；深厚,,,
deeply,'diːplɪ,ad.,ad. 深深地,,,
deer,dɪə,n.,n. 鹿,,,
defeat,dɪ'fiːt,vt.,vt. 击败；战胜,,,
defence defences,diˈfens,n.,n. & v. 防御；防务【单数 复数】,,,
defend,dɪ'fend,vt.,vt. 防守；保卫,,,
degree,dɪ'griː,n.,n. 程度；度数；学位,,,
delay,dɪ'leɪ,v.,v.& n. 拖延，延误，延迟，延期；耽搁,,,
delete,dɪ'liːt,v.,v. 删去,,,
deliberately,dɪˈlɪbərətlɪ,ad.,"ad.故意,蓄意,存心",,,
delicate,'delɪkət,a.,a.易损的，易碎的,,,
delicious,dɪ'lɪʃəs,a.,a. 美味的，可口的,,,
delight,dɪ'laɪt,n.,n. 快乐；乐事,,,
delighted,dɪ'laɪtɪd,a.,a. 高兴的，快乐的,,,
deliver,dɪ'lɪvər,vt.,vt. 投递（信件，邮包等）,,,
demand,dɪ'mɑːnd,vt.,vt. 要求,,,
dentist,'dentɪst,n.,n. 牙科医生 ,,,
department,dɪ'pɑːtm(ə)nt,n.,n. 部门；（机关的）司，处；（大学的）系,,,
department-store,dɪˈpɑːtmənt-stɔː(r),n.,n. 百货商场【连字符】,,,
departure,dɪ'pɑːtʃə,n.,n. 离开，启程,,,
depend,dɪ'pend,vi.,vi. 依靠，依赖，指望；取决于,,,
deposit,dɪ'pɑːzɪt,v.,v. / n. 订金，押金，放下，放置，储存,,,
depth,depθ,n.,n. 深，深度,,,
describe,dɪ'skraɪb,vt.,vt. 描写，叙述,,,
description,dɪ'skrɪpʃ(ə)n,n.,n. 描述，描写,,,
desert,(for v.) dɪ'zɜːt; (for n.) 'dezət,n.,n. 沙漠 vt. 舍弃； 遗弃,,,
deserve,dɪ'zɜːrv,v.,v.（不用于进行时态）应得，应受,,,
design,dɪ'zaɪn,n.,n.& vt. n. 设计，策划 图案，图样，样式,,,
desire,dɪ'zaɪə,vt.,vt. & n. 要求；期望,,,
desk,desk,n.,n. 书桌，写字台,,,
desperate,'despərət,a.,a.（因绝望而）不惜冒险的，不顾一切的，拼命的,,,
dessert,dɪ'zɜːt,n.,n. 甜点,,,
destination,ˌdestɪ'neɪʃn,n.,n.目的地，终点,,,
destroy,dɪ'strɒɪ,vt.,vt. 破坏，毁坏,,,
detective,dɪ'tektɪv,n.,n. 侦探,,,
determination,"dɪ,tɜːmɪ'neɪʃ(ə)n",n.,n. 决心,,,
determine,dɪ'tɜːrmɪn,vt.,vt. 决定；决心,,,
develop,dɪ'veləp,v.,v. （使）发展；（使）发达；（使）发育；开发 vt. 冲洗（照片）,,,
development,dɪ'veləpm(ə)nt,n.,n. 发展，发达，发育，开发,,,
devote,dɪ'vout,vt.,"vt. 把…奉献, 把…专用（于）",,,
devotion,dɪ'vəʊʃ(ə)n,n.,n. 奉献，奉献精神,,,
diagram,'daɪəgræm,n.,n. 图表，图样,,,
dial,'daɪəl,vt.,vt. 拨（电话号码）,,,
dialogue,'daɪəlɒg,n.,n. 对话【英】,,,
dialog,'daɪəlɒɡ,n.,n. 对话【美】,,,
diamond,'daɪəmənd,n.,n. 钻石，金刚石；纸牌中的方块,,,
diary,'daɪərɪ,n.,n. 日记；日记簿,,,
dictation,dɪk'teɪʃ(ə)n,n.,n. 听写,,,
dictionary,'dɪkʃ(ə)n(ə)rɪ,n.,n. 词典，字典,,,
die,daɪ,v.,v. 死,,,
diet,'daɪət,n.,n. 饮食,,,
differ,'dɪfə,v.,v. 相异，有区别,,,
difference,'dɪf(ə)r(ə)ns,n.,n. 不同,,,
different,ˈdɪfrənt,a.,a. 不同的，有差异的,,,
difficult,ˈdɪfɪkəlt,a.,a.难；艰难；不易相处,,,
difficulty,'dɪfɪk(ə)ltɪ,n.,n. 困难，费力,,,
dig dug dug,dɪɡ,v.,"v. 挖（洞沟）,掘 【一般现在 过去式 过去分词】",,,
digest,daɪ'dʒest; dɪ-,v.,"v.消化, 领会",,,
digital,'dɪdʒɪt(ə)l,a.,a. .数字的，数码的,,,
dignity,'dɪgnəti,n.,n. 庄重，庄严，尊严。尊贵，高尚,,,
dilemma,dɪ'lemə,n.,n. （进退两难的）窘境，困境,,,
dimension,dɪ'menʃn,n.,n.量度，尺寸，面积，程度，范围,,,
dine,daɪn,v.,v. 吃饭；（指正式）进餐,,,
dining-room,ˈdainiŋ-rʊm,,食堂，饭厅【连字符】,,,
dinner,'dɪnə,n.,n. 正餐，宴会,,,
dinosaur,'daɪnəsɔːr,n.,n. 恐龙,,,
dioxide,daɪ'ɑːksaɪd,n.,n.二氧化物,,,
dip,dɪp,vt.,vt. 浸，蘸；把…放入又取出,,,
diploma,dɪ'pləʊmə,n.,n.毕业文凭；学位证书,,,
direct,dɪˈrekt ; daɪ-,a.,a. / vt. 直接的；直达的；直截了当的 指挥；指导；监督；管理；指挥（演奏）；导演（电影）,,,
direction,"dɪˈrekʃn, daɪ-;",n.,n. 方向；方位,,,
director,dɪ'rektə; daɪ-,n.,n. 所长，处长，主任；董事；导演,,,
directory,də'rektəri,n.,n. 姓名地址录,,,
dirt,dɜːt,n.,n. 污物；脏物,,,
dirty,'dɜːtɪ,a.,a. 脏的,,,
disability,dɪsə'bɪlɪtɪ,n.,n.. 残疾；无能,,,
disabled,dɪs'eɪbld,a.,a. 残废的，残疾的,,,
disadvantage,ˌdɪsəd'væntɪdʒ,n.,n. 不利条件；弱点,,,
disagree,dɪsə'griː,vi.,vi. 意见不一致，持不同意见,,,
disagreement,dɪsə'ɡriːmənt,n.,n. 意见不一致；相违；争论,,,
disappear,dɪsə'pɪə,vi.,vi. 消失,,,
disappoint,ˌdɪsə'pɔɪnt,vt.,vt. 使失望,,,
disappointment,dɪsə'pɒɪntm(ə)nt,n.,n. 失望；沮丧,,,
disaster,dɪ'zæstər,n.,n. 灾难；祸患,,,
discount,'dɪskaʊnt,n.,n. 折扣,,,
discourage,dɪs'kɜːrɪdʒ,vt.,vt. （使）气馁；打消（做…的念头）,,,
discover,dɪ'skʌvə,vt.,vt. 发现,,,
discovery,dɪ'skʌv(ə)rɪ,n.,n. 发现,,,
discrimination,"dɪ,skrɪmɪ'neɪʃ(ə)n",n.,n. 歧视,,,
discuss,dɪ'skʌs,vt.,vt. 讨论，议论,,,
discussion,dɪ'skʌʃ(ə)n,n.,n. 讨论，辩论,,,
disease,dɪ'ziːz,n.,n. 病，疾病,,,
disgusting,dɪs'gʌstɪŋ,a.,a.极糟的，令人不快的，令人厌恶的,,,
dish,dɪʃ,n.,n. 盘，碟；盘装菜；盘形物,,,
disk =disc,dɪsk,n.,n. 磁盘,,,
dislike,dɪs'laɪk,vt.,vt. 不喜爱；厌恶,,,
dismiss,dɪs'mɪs,vt.,vt. 让……离开；遣散；解散；解雇,,,
disobey,dɪsə'beɪ,vt.,vt. 不服从,,,
distance,'dɪst(ə)ns,n.,n. 距离,,,
distant,'dɪstənt,a.,a. 远的，遥远的,,,
distinction,dɪ'stɪŋ(k)ʃ(ə)n,n.,"n.差别,区别,优秀,卓越",,,
distinguish,dɪ'stɪŋgwɪʃ,v.,v. 区分，辨别，分清,,,
distribute,dɪ'strɪbjuːt,v.,v. 分发，分配,,,
district,'dɪstrɪkt,n.,n. 区；地区；区域,,,
disturb,dɪ'stɜːrb,vt.,vt. 扰乱；打扰,,,
disturbing,dɪ'stɜːbɪŋ,a.,a. 令人不安的，引起恐慌的,,,
dive,daɪv,vi.,vi. 跳水,,,
diverse,daɪ'vɜːrs,v.,v. 不同的，多种多样，形形色色的,,,
divide,dɪ'vaɪd,vt.,vt. 分，划分,,,
division,dɪ'vɪʒn,n.,n. （算术用语）除,,,
divorce,dɪ'vɔːrs,v.,v. 离婚,,,
dizzy,'dɪzɪ,a.,a. 头眩目晕的,,,
do,duː,v.,v. & aux. 做，干（用以构成疑问句及否定句。第三人称单数现在时用does） 不做，不干,,,
doctor,'dɒktə,n.,n. 医生，大夫；博士,,,
document,'dɒkjʊm(ə)nt,n.,n. 文件；文献,,,
does doesn't = does not,,v.,v. 动词do的第三人称单数现在式,,,
dog,dɒg,n.,n. 狗,,,
doll,dɒl,n.,n. 玩偶，玩具娃娃,,,
dollar,'dɒlə,n.,n. 元（美国、加拿大、澳大利亚等国货币单位）,,,
door,dɔː,n.,n. 门,,,
dormitory,'dɔːrmətɔːri,n.,n. 学生宿舍（缩写式dorm）,,,
dot,dɑːt,n.,n. 点，小点，圆点,,,
double,'dʌb(ə)l,a.,a. 两倍.双的 n. 两个.双,,,
doubt,daʊt,n.,n.& v. 怀疑，疑惑,,,
down,daʊn,prep.,prep. 沿着，沿…而下 ad. 向下,,,
download,daʊn'ləʊd,n.,n.& v. 下载,,,
downstairs,daʊn'steəz,ad.,ad. 在楼下；到楼下,,,
downtown,ˌdaun'taun,ad.,ad. 往或在城市的商业区（或中心区、闹市区） n. 城市的商业区，中心区，闹市区 a.城市的商业区的，中心区的，闹市区的,,,
downward,'daunwərd,ad.,ad. 向下,,,
dozen,'dʌzn,n.,n. 十二个；几十，许多,,,
draft,dræft,n.,n. / v. 草稿，草案，起草，草拟,,,
drag,dræg,v.,v. 拖；拽,,,
draw drew drawn,drɔː,v.,v. 绘画；绘制；拉，拖；提取（金钱） 【一般现在 过去式 过去分词】,,,
drawback,'drɔːbæk,n.,n.缺点，不利条件,,,
drawer,drɔ:(r),n.,n. 抽屉,,,
drawing,'drɔː(r)ɪŋ,n.,"n. 图画，素描,绘画",,,
dream,driːm,n.,n.& vt. 梦，梦想,,,
dress,dres,n.,n. 女服，连衣裙；(统指)服装；童装 v. 穿衣；穿着,,,
drier =dryer,ˈdraɪə(r),n.,n. 烘干机；吹风机,,,
drill,drɪl,n.,n. 钻头；（反复的）训练 vt. 钻(孔)， 在…上钻孔；重复训练,,,
drink,drɪŋk,n.,n. 饮料；喝酒 ,,,
drink drank drunk,drɪŋk,v.,v. 喝，饮 【一般现在 过去式 过去分词】,,,
drive drove driven,draɪv,v.,v. 驾驶，开（车）；驱赶 【一般现在 过去式 过去分词】,,,
driver,'draɪvə,n.,n. 司机，驾驶员,,,
drop,drɒp,n.,n.滴 v.掉下.落下.投递.放弃,,,
drown,draʊn,vi.,vi. 溺死；淹没,,,
drug,drʌg,n.,n. 药，药物；毒品,,,
drum,drʌm,n.,n. 鼓,,,
drunk,drʌŋk,a.,a. 醉的,,,
dry,draɪ,v.,v. 使…干；弄干；擦干 a. 干的；干燥的,,,
duck,dʌk,n.,n. 鸭子,,,
due,duː,a.,a. 预期的；约定的,,,
dull,dʌl,a.,a. 阴暗的；单调无味,,,
dumpling,'dʌmplɪŋ,n.,n. 饺子,,,
during,'djʊərɪŋ,prep.,prep. 在…期间；在…过程中,,,
dusk,dʌsk,n.,n. 黄昏,,,
dust,dʌst,n.,n. 灰尘，尘土,,,
dustbin,'dʌs(t)bɪn,n.,n. 垃圾箱,,,
dusty,'dʌstɪ,a.,a. 尘土般的，尘土多的,,,
duty,'djuːtɪ,n.,n. 责任，义务,,,
DVD,ˈdi:ˈvi:ˈdi:,,数码影碟(digital versatile disk),,,
Dynamic,daɪ'næmɪk,a.,"a.充满活力,精力充沛的",,,
Dynasty,'dɪnəstɪ,n.,n.王朝，朝代,,,
each,iːtʃ,a.,a.& pron.每人.每个.每件,,,
eager,'iːgər,a.,a. 渴望的，热切的,,,
eagle,'iːg(ə)l,n.,n. 鹰,,,
ear,ɪə,n.,n.耳朵.耳状物；听力，听觉,,,
early,'ɜːlɪ,a.,a. 早的 ad. 早地,,,
earn,ɜːn,vt.,vt. 挣得，赚得,,,
earth,ɜːθ,n.,n. 地球；土，泥；大地,,,
earthquake,'ɜːθkweɪk,n.,n. 地震,,,
ease,iːz,v.,v. 减轻；缓解（难度或严重程度）,,,
easily,'iːzɪlɪ,ad.,ad. 容易地,,,
east,iːst,a.,a. 东方；东部的；朝东的；从东方来 ad. 在东方；向东方；从东方 n. 东，东方；东部,,,
Easter,'iːstər,n.,n. 复活节,,,
eastern,'iːst(ə)n,a.,a. 东方的；东部的,,,
eastwards,'iːstwəd(z),ad.,ad. 向东,,,
easy,'iːzɪ,a.,a. 容易的，不费力的,,,
easygoing,"'i:zi,ɡəuiŋ",a.,a. 随和的,,,
eat ate eaten,iːt,v.,v. 吃 【一般现在 过去式 过去分词】,,,
ecology,i'kɑːlədʒi,n.,n. 生态，生态学,,,
edge,edʒ,n.,n. 边缘,,,
edition,ɪ'dɪʃ(ə)n,n.,n.（发行物的）版，版（本）,,,
editor,'edɪtə,n.,n. 编辑,,,
educate,'edjʊkeɪt,vt.,vt. 教育，培养,,,
educator,'edʒʊkeɪtə,n.,n. 教育家,,,
education,ˌedʒʊˈkeɪʃn,n.,n. 教育，培养,,,
effect,ɪ'fekt,n.,n. 效果；作用,,,
effort,'efət,n.,n. 努力，艰难的尝试,,,
egg,eg,n.,n. 蛋；卵,,,
eggplant,'egplɑːnt,n.,n. 茄子,,,
Egypt,ˈiːdʒɪpt,n.,n. 埃及,,,
Egyptian,ɪˈdʒɪpʃ(ə)n,a.,a. 埃及的；埃及人的；埃及语的 n. 埃及人,,,
eight,eɪt,num.,num. 八,,,
eighteen,eɪ'tiːn; 'eɪtiːn,num.,num. 十八,,,
eighth,eɪtθ,num.,num. 第八,,,
eighty,'eɪtɪ,num.,num. 八十,,,
either,'aɪðə; 'iː-,a.,a. 两方任一方的；二者之一 conj. 二者之一；要么……,,,
ad.,æd,,(用于否定句或短语后)也,,,
elder,'eldə,n.,n. 长者；前辈,,,
elect,ɪ'lekt,vt.,vt. （投票）选举,,,
electric,ɪ'lektrɪk,a.,a. 电的,,,
electrical,ɪ'lektrɪk(ə)l,a.,a. 电的；电器的,,,
electricity,",ɪlek'trɪsɪtɪ; ,el-; ,iːl-",n.,n. 电；电流,,,
electronic,ɪˌlekˈtrɒnɪk,a.,a. 电子的,,,
elegant,'elɪgənt,a.,"a.文雅的,漂亮的,精美的",,,
elephant,'elɪf(ə)nt,n.,n. 象,,,
eleven,ɪ'lev(ə)n,num.,num. 十一,,,
else,els,ad.,ad. 别的，其他的,,,
email,'iːmeɪl,n.,n. 电子邮件,,,
embarrass,ɪm'bærəs,v.,v.使窘迫，尴尬,,,
embassy,'embəsɪ,n.,n. 大使馆,,,
emergency,ɪ'mɜːdʒ(ə)nsɪ,n.,n.紧急情况或状态,,,
emperor,'emp(ə)rə,n.,n. 皇帝,,,
empire,'empaɪə,n.,n. 帝国,,,
employ,ɪm'plɔɪ,vt.,vt. 雇佣,,,
empty,ˈemptɪ,a.,a. 空的,,,
encourage,ɪn'kʌrɪdʒ; en-,vt.,vt. 鼓励,,,
encouragement,ɪn'kʌrɪdʒm(ə)nt,n.,n. 鼓励,,,
end,end,n.,n. 末尾；终点；结束 v. 结束，终止,,,
ending,'endɪŋ,n.,n. 结局；结尾，最后,,,
endless,'endləs,a.,a. 无止境的； 没完的,,,
enemy,'enəmɪ,n.,n. 敌人；敌军,,,
energetic,ˌenər'dʒetɪk,a.,a. 精力旺盛的,,,
energy,ˈenədʒɪ,,y n. 精力，能量,,,
engine,'endʒɪn,n.,n. 发动机，引擎,,,
engineer,endʒɪ'nɪə,n.,n. 工程师；技师,,,
England,ˈɪŋɡlənd,n.,n. 英格兰,,,
English,'ɪŋɡlɪʃ,a.,a. 英国的，英国人的，英语的 n. 英语,,,
English-speaking,ˈɪŋɡlɪʃ-spiːk,a.,a.说英语的【连字符】,,,
enjoy,ɪnˈdʒɔɪ,vt.,vt.欣赏；享受乐趣；喜欢,,,
enjoyable,ɪn'dʒɒɪəb(ə)l; en-,a.,a. 愉快的；有趣的,,,
enlarge,ɪn'lɑːdʒ; en-,vt.,vt. 扩大,,,
enough,ɪ'nʌf,n.,n. 足够；充足 a. 足够；充分的 ad. 足够地；充分地,,,
enquiry,ɪn'kwaɪrɪ,n.,n. 询问,,,
enter,'entə,vt.,vt. 进入,,,
enterprise,'entərpraɪz,n.,n.公司，企，事业单位,,,
entertainment,entə'teɪnm(ə)nt,n.,n. 娱乐,,,
enthusiastic,ɪnˌθuːzi'æstɪk,a.,a.热情的，热心的,,,
entire,ɪn'taɪə; en-,a.,a. 整个的，全部的,,,
entrance,'entr(ə)ns,n.,n. 入口；入场；进入的权利;入学许可,,,
entry,ˈentrɪ,n.,n. 进入,,,
envelope,ˈenvələʊp,n.,n. 信封,,,
environment,ɪnˈvaɪrənmənt,n.,n.环境,,,
envy,'envɪ,vt.,vt.& n. 忌妒； 羡慕,,,
equal,'iːkwəl,a.,a.平等的 vt.等于，使等于,,,
equality,ɪ'kwɒlɪtɪ; iː-,n.,n. 平等,,,
equip,ɪ'kwɪp,vt.,vt. 提供设备；装备；配备,,,
equipment,ɪ'kwɪpm(ə)nt,n.,n. 装备，设备,,,
eraser,ɪ'reɪzə,n.,n. 橡皮擦；黑板擦,,,
error,'erə,n.,n. 错误；差错,,,
erupt,ɪ'rʌpt,v.,v.（火山）爆发，喷发,,,
escape,ɪ'skeɪp; e-,n.,n.& vi. 逃跑；逃脱,,,
especially,ɪˈspeʃəlɪ,ad.,ad. 特别，尤其,,,
essay,'eseɪ,n.,n. 散文；文章；随笔,,,
Europe,'jʊrəp,n.,n. 欧洲,,,
European,ˌjʊərəˈpɪən,a.,a. 欧洲的，欧洲人的 n. 欧洲人,,,
evaluate,ɪ'væljueɪt,v.,v.估值，评价，评估,,,
even,'iːv(ə)n,ad.,ad. 甚至，连（…都）；更,,,
evening,'iːv(ə)nɪŋ,n.,n. 傍晚，晚上,,,
event,ɪ'vent,n.,n. 事件，大事,,,
eventually,ɪ'ventʃʊəlɪ,ad.,ad.最终地,,,
ever,'evə,ad.,ad. 曾经；无论何时,,,
every,'evrɪ,a.,a. 每一，每个的,,,
everybody,'evrɪbɒdɪ,pron.,pron.每人，人人,,,
everyday,'evrɪdeɪ; -'deɪ,a.,a. 每日的；日常的,,,
everyone,'evrɪwʌn,pron.,pron. 每人，人人,,,
everything,'evrɪθɪŋ,pron.,pron. 每件事，事事,,,
everywhere,'evrɪweə,ad.,ad. 到处,,,
evidence,'evɪdəns,n.,n. 证据，证明,,,
evident,'evɪd(ə)nt,a.,a.清楚的，显而易见的,,,
evolution,ˌiːvə'luːʃn,n.,n. 进化，演变,,,
exact,ɪg'zækt; eg-,a.,a. 精确的；确切的,,,
exactly,ɪg'zæk(t)lɪ,ad.,ad. 精确地；确切地,,,
exam = examination,ɪɡzæmɪˈneɪʃ(ə)n,n.,n. 考试，测试；检查；审查,,,
examine,ɪg'zæmɪn; eg-,vt.,vt. 检查；诊察,,,
example,ɪg'zɑːmp(ə)l; eg-,n.,n. 例子；榜样,,,
excellent,ˈeksələnt,a.,a. 极好的，优秀的,,,
except,ɪkˈsept,prep.,prep. 除……之外,,,
exchange,ɪks'tʃeɪndʒ,n.,n. 交换，掉换；交流,,,
excite,ɪk'saɪt; ek-,vt.,vt. 使兴奋，使激动,,,
excuse,ɪkˈskju:s; ɪkˈskju:z,n.,n.借口.辩解 vt.原谅.宽恕,,,
exercise,'eksəsaɪz,n.,n. 锻炼，做操；练习，习题 vi. 锻炼,,,
exhibition,ˌeksɪˈbɪʃn,n.,n. 展览；展览会,,,
exist,ɪg'zɪst; eg-,vi.,vi. 存在,,,
existence,ɪg'zɪstəns,n.,n.存在；生存；存在物,,,
exit,'eksɪt; 'egzɪt,n.,n. 出口，太平门,,,
expand,ɪk'spænd,v.,v.扩大，增加，扩展,,,
expect,ɪkˈspekt,vt.,vt. 预料；盼望；认为,,,
expectation,ekspek'teɪʃ(ə)n,n.,n. 预料；期望,,,
expense,ɪk'spens; ek-,n.,n. 消费； 支出,,,
expensive,ɪkˈspensɪv,a.,a. 昂贵的,,,
experience,ɪkˈspɪərɪəns,n.,n. 经验；经历,,,
experiment,ɪk'sperɪm(ə)nt; ek-,n.,n. 实验,,,
expert,'ekspɜːt,n.,n. 专家，能手,,,
explain,ɪk'spleɪn,vt.,vt. 解释，说明,,,
explanation,eksplə'neɪʃ(ə)n,n.,n. 解释，说明,,,
explicit,ɪk'splɪsɪt,a.,"a.清楚明白,易于理解的",,,
explode,ɪk'sploud,v.,v. （使）爆炸,,,
exploit,ˈeksplɔɪt;ɪkˈsplɔɪt,vt.,vt.开采.开发.利用.剥削,,,
explore,ɪk'splɔːr,v.,v. 探险,,,
explorer,ek'splɔːrə(r),n.,n. 探险者,,,
export,ˈekspɔːt；ɪkˈ-,n.,n. / v.出口，输出,,,
expose,ɪk'spouz,vt.,vt. 揭露,,,
express,ɪk'spres; ek-,vt.,vt. 表达；表示；表情 n. 快车，特快专递,,,
expression,ɪkˈspreʃn,n.,n. 表达；词句；表示，说法；表情,,,
extension,ɪk'stenʃn,n.,n.扩大，延伸,,,
extra,'ekstrə,a.,a. 额外的，外加的,,,
extraordinary,ɪk'strɔːrdəneri,a.,a. 离奇的；使人惊奇的,,,
extreme,ɪk'striːm,a.,a. 极其的，非常的,,,
extremely,ɪk'striːmlɪ; ek-,ad.,ad. 极其，非常,,,
eye,aɪ,n.,n. 眼睛,,,
eyesight,'aɪsaɪt,n.,n. 视力；视觉,,,
eyewitness,'aɪwɪtnɪs,n.,n. 目击证人,,,
female,'fiːmeɪl,n.,n. 女(的)；雌(的)； 英尺,,,
face,feɪs,n.,n. 脸 vt. 面向；面对,,,
facial,'feɪʃl,a.,a. 面部用的,,,
fact,fækt,n.,n. 事实，现实,,,
factory,'fækt(ə)rɪ,n.,n. 工厂,,,
fade,feɪd,vi.,vi. 褪色，（颜色）消退,,,
fail,feɪl,v.,v. 失败；不及格；衰退,,,
failure,'feɪljə,n.,n. 失败,,,
fair,feə,a.,a. 公平的，合理的 a. (肤色)白皙的； （人）白肤金发的 n. 集市；庙会；展览会,,,
fairly,'feəlɪ,ad.,ad. 公正地，正当地；相当（程度）地,,,
fairness,'feənɪs,n.,n. 公平；公正,,,
faith,feɪθ,n.,n. 信仰；信念,,,
fall,fɔːl,n.,n. （美）秋季,,,
false,fɔːls; fɒls,a.,a. 不正确的；假的,,,
familiar,fə'mɪlɪə,a.,a. 熟悉的,,,
family,ˈfæməlɪ,n.,n. 家庭；家族；子女,,,
family name,,,姓氏,,,
famous,'feɪməs,a.,a. 著名的,,,
fan,fæn,n.,n. （电影、运动等的）迷；热心的爱好者（支持者） n. 风扇,,,
fancy,'fænsɪ,a.,a.花式；装饰的；奇特的,,,
fantastic,fæn'tæstɪk,a.,a. (口语)极好的，美妙的，很棒的,,,
fantasy,'fæntəsi,,n 幻想，梦想,,,
far,fɑː,,"(farther, farthest 或further , furthest) a.& ad. 远的；远地",,,
fare,fer,n.,n.（车或船的）费用，票（价）,,,
farm,fɑːm,n.,n. 农场；农庄,,,
farmer,'fɑːmə,n.,n. 农民,,,
fast,fɑːst,a.,a. 快的，迅速的；紧密的 ad. 快地，迅速地；紧密地,,,
fasten,'fæsn,vt.,vt. 扎牢；扣住,,,
fat,fæt,n.,n. 脂肪 a. 胖的；肥的,,,
father,'fɑːðə,n.,n. 父亲,,,
fault,fɔːlt,n.,n. 缺点，毛病,,,
favour,'feɪvə,,(美favor) n. 恩惠；好意；帮助,,,
favourite,'feɪv(ə)rɪt,,(美 favorite) a. 喜爱的 n. 特别喜爱的人（或物）,,,
fax,fæks,n.,n. 传真,,,
fear,fɪə,n.,n. 害怕；恐惧； 担忧,,,
feast,fiːst,n.,n.盛宴，宴会，（宗教的）节日,,,
feather,'feðə,n.,n. 羽毛,,,
February,ˈfebrʊərɪ,n.,n. 2月,,,
federal,ˈfedər(ə)l,,l a.中央的（政府）联邦的,,,
fee,fiː,n.,n. 费，费用,,,
feed fed fed,fiːd,vt.,vt. 喂（养）；饲（养） 【一般现在 过去式 过去分词】,,,
feel felt felt,fiːl,v.,v.& link 感觉，觉得；摸，触 【一般现在 过去式 过去分词】,,,
feeling,'fiːlɪŋ,n.,n. 感情；感觉,,,
fellow,'feləʊ,n.,n. 同伴；伙伴,,,
fence,fens,n.,n. 栅栏；围栏；篱笆,,,
ferry,'ferɪ,n.,n. 渡船,,,
festival,ˈfestəvl,a.,a. 节日的，喜庆的,,,
fetch,fetʃ,vt.,vt. （去）取（物）来，（去）带（人）来,,,
fever,'fiːvə,n.,n. 发烧；发热,,,
few,fjuː,pron.,pron. 不多；少数 不多的；少数的,,,
fibre,'faɪbə,,(美fiber) n. 纤维质,,,
fiction,'fɪkʃn,n.,n.小说，虚构的事,,,
field,fiːld,n.,n. 田地；牧场；场地,,,
fierce,fɪrs,a.,a. 猛烈的,,,
fifteen,fɪf'tiːn; 'fɪftiːn,num.,num. 十五,,,
fifth,fɪfθ,num.,num. 第五,,,
fifty,'fɪftɪ,num.,num. 五十,,,
fight,faɪt,n.,n. 打仗（架），争论,,,
fighter,ˈfaɪtə(r),v.,v. 战士；斗士,,,
figure,'fɪgjər,n.,n.数字；数目；图；图形；（人的）身型；人物；（绘画、雕刻）人物像 vt.（美口语）认为，判断.（在心里）想像，描绘,,,
file,faɪl,n.,n.公文柜；档案(计算机)文档,,,
fill,fɪl,vt.,vt. 填空，装满,,,
film,fɪlm,n.,n. 电影；影片；胶卷vt. 拍摄，把……拍成电影,,,
final,'faɪn(ə)l,a.,a. 最后的；终极的,,,
finance,'faɪnæns,n.,n.资金，财政，财务,,,
find,faɪnd,,"(found, found) vt. 找到，发现，感到",,,
fine,faɪn,a.,a. 细的；晴朗的；美好的；（身体）健康的 n.& v. 罚款,,,
finger,'fɪŋgə,n.,n. 手指,,,
fingernail,'fɪŋgəneɪl,n.,n. 指甲,,,
finish,'fɪnɪʃ,v.,v. 结束；做完,,,
fire,'faɪə,n.,n. 火；火炉；火灾 vi. 开火，开（枪，炮等），射击,,,
firefighter,'faɪəfaɪtə,n.,n. 消防人员,,,
fireplace,'faɪəpleɪs,n.,n. 壁炉,,,
firewood,'faɪəwʊd,n.,n. 木柴,,,
firework,'faɪəwɜːk,n.,n. 焰火,,,
firm,fɜːrm,n.,"n.公司;企业 a.坚固的,坚定的",,,
firmly,fɜːmli,ad.,ad. 牢牢地,,,
first,fɜːst,num.,num. 第一 a.& ad. 第一；首次；最初 n. 开始；开端,,,
fish,fɪʃ,n.,n. 鱼；鱼肉 vi. 钓鱼；捕鱼,,,
fisherman,'fɪʃəmən,n.,n. 渔民；钓鱼健身者,,,
fist,fɪst,n.,n. 拳(头),,,
fit,fɪt,a.,"a. 健康的, 适合的 v. （使）适合，安装",,,
fitting room,ˈfɪtɪŋ-rʊm,,试衣间,,,
five,faɪv,num.,num. 五,,,
fix,fɪks,vt.,vt. 修理；安装；确定，决定,,,
flag,flæg,n.,n. 旗；标志；旗舰,,,
flame,fleɪm,n.,n. 火焰，光辉,,,
flaming,'fleɪmɪŋ,a.,a. 火红的；火焰般的,,,
flash,flæʃ,n.,n. 闪；闪光； 转瞬间,,,
flashlight,'flæʃlaɪt,n.,n. 手电,,,
flat,flæt,a.,a. 平的 n. 楼中一套房间； 公寓(常用复数),,,
flee,fliː,,"(fled, fled) v. 逃走；逃跑",,,
flexible,'fleksəbl,a.,a.灵活的，可变动的,,,
flesh,fleʃ,n.,n. 肉,,,
flight,flaɪt,n.,n. 航班 n. 楼梯的一段,,,
float,flout,vi.,vi. 漂浮，浮动,,,
flood,flʌd,n.,n. 洪水 vt. 淹没，使泛滥,,,
floor,flɔː,n.,n.地面，地板.（楼房的）层,,,
flour,'flaʊə,n.,n. 面粉，粉,,,
flow,fləʊ,vi.,vi. 流动,,,
flower,'flaʊə,n.,n. 花,,,
flu,fluː,n.,n. 流行性感冒,,,
fluency,'fluːənsɪ,n.,n.（外语）流利，流畅,,,
fluent,'fluːənt,a.,a. （外语）流利的，流畅,,,
fly,flaɪ,n.,n. 飞行；苍蝇,,,
fly flew flown,flaɪ,vi.,vi. （鸟、飞机）飞；（人乘飞机）飞行；（旗子等）飘动 vt. 空运（乘客，货物等）；放（风筝、飞机模型等） 【一般现在 过去式 过去分词】,,,
focus,'foukəs,v.,v. / n.集中（注意力，精力）于，焦点，中心点,,,
fog,fɒg,n.,n. 雾,,,
foggy,'fɔgi,a.,a. 多雾的,,,
fold,fould,vt.,vt. 折叠；合拢,,,
folk,fəʊk,a.,a. 民间的,,,
follow,'fɒləʊ,vt.,vt. 跟随；仿效；跟得上,,,
following,'fɒləʊɪŋ,a.,a. 接着的；以下的,,,
fond,fɒnd,a.,a. 喜爱的，爱好的,,,
food,fuːd,n.,n. 食物，食品,,,
fool,fuːl,n.,n. 傻子，蠢人,,,
foolish,'fuːlɪʃ,a.,a. 愚蠢的，傻的,,,
foot feet,fʊt,n.,n. 足，脚；英尺【单数 复数】,,,
football,'fʊtbɔːl,n.,n. （英式）足球；（美式）橄榄球,,,
for,fə(r); strong form fɔ:(r),prep.,prep. 为了…；向…，往…；与…交换；防备…；适合…；因为…；在…期 间；对于…；对…来说 conj. 因为，由于,,,
forbid,fə'bɪd,,"(forbade, forbidden) vt. 禁止，不许",,,
force,fɔːs,vt.,vt. 强迫，迫使,,,
forecast,'fɔːrkæst,n.,n. & vt. 预告,,,
forehead,'fɔːhed; 'fɒrɪd,n.,n. 前额,,,
foreign,'fɒrɪn,a.,a. 外国的,,,
foreigner,'fɒrɪnə,n.,n. 外国人,,,
foresee,fɔː'siː,,"(foresaw, foreseen) vt.预见.预知",,,
forest,'fɒrɪst,n.,n. 森林,,,
forever,fə'revə,ad.,ad. 永远；永恒的,,,
forget,fə'get,,"(forgot, forgotten) v. 忘记；忘掉",,,
forgetful,fə'getfʊl; -f(ə)l,a.,a. 健忘的，不留心的,,,
forgive,fə'gɪv,,"(forgave, forgiven) vt. 原谅，宽恕",,,
fork,fɔːk,n.,n. 叉，餐叉,,,
form,fɔːm,n.,n. 表格；形式；结构,,,
format,'fɔːrmæt,n.,n.安排，计划，设计,,,
former,'fɔːrmər,a.,a. 以前的，从前的；（两者之中的）前者,,,
fortnight,'fɔːtnaɪt,n.,n. 十四日，两星期,,,
fortunate,'fɔːtʃ(ə)nət,a.,a. 幸运的； 侥幸的,,,
fortune,'fɔːtʃuːn; -tʃ(ə)n,n.,n. 财产；运气,,,
forty,'fɔːtɪ,num.,num. 四十,,,
forward,'fɔːwəd,ad.,ad.将来.今后.向前，前进,,,
found,faʊnd,vt.,vt. 成立，建立,,,
founding,ˈfaundiŋ,n.,n. 成立，建立,,,
fountain,'fauntn,n.,n. 喷泉,,,
four,fɔː,num.,num. 四,,,
fourteen,fɔː'tiːn; 'fɔːtiːn,num.,num. 十四,,,
fourth,fɔːθ,num.,num. 第四,,,
fox,fɒks,n.,n. 狐狸,,,
franc,fræŋk,n.,n. 法郎,,,
France,fræns,n.,n. 法国,,,
fragile,'frædʒl,a.,a.易碎的，易损的,,,
fragrant,'freɪgrənt,a.,a. 香的，芳香的,,,
framework,'freɪmwɜːrk,n.,n.（建筑物）框架，结构,,,
free,friː,a.,a. 自由，空闲的；免费的,,,
freedom,'friːdəm,n.,n. 自由,,,
freeway,'friːweɪ,n.,n. 高速公路,,,
freeze,friːz,,"(froze, frozen) vi. 结冰",,,
freezing,'friːzɪŋ,a.,a. 冻结的；极冷的,,,
French,frentʃ,n.,n. 法语 a法国的；法国人的；法语的,,,
Frenchman,'frentʃmən,,(复 Frenchmen) n. 法国人（男）,,,
frequent,'friːkw(ə)nt,a.,a. 经常的；频繁的,,,
fresh,freʃ,a.,a. 新鲜的,,,
Friday,ˈfraɪdɪ,n.,n. 星期五,,,
friction,'frɪkʃn,n.,n. 摩擦,,,
fridge =refrigerator,rɪˈfrɪdʒəreɪtə(r),n.,n. 冰箱,,,
fried,fraɪd,a.,a. 油煎的,,,
friend,frend,n.,n. 朋友,,,
friendly,ˈfrendlɪ,a.,a. 友好的,,,
friendship,'fren(d)ʃɪp,n.,n. 友谊，友情,,,
fright,fraɪt,n.,n. 惊恐；恐吓,,,
frighten,'fraɪt(ə)n,vt.,vt. 使惊恐，吓唬,,,
frog,frɒg,n.,n. 青蛙,,,
from,frɒm; frəm,prep.,prep.从；从…起.距.来自,,,
front,frʌnt,a.,a. 前面的；前部的 n. 前面；前部；前线,,,
frontier,'frʌntɪə; frʌn'tɪə,n.,n. 前沿 ，边界；前线,,,
frost,frɔːst,n.,n. 霜,,,
fruit,fruːt,n.,n. 水果；果实,,,
fruit juice,fruːt dʒuːs,n.,n. 果汁,,,
fry,fraɪ,vt.,vt. 用油煎；用油炸,,,
fuel,fjʊəl,n.,n. 燃料,,,
full,fʊl,a.,a. 满的，充满的；完全的,,,
fun,fʌn,n.,n. 有趣的事，娱乐，玩笑,,,
function,'fʌŋkʃn,n.,"n. / v. 作用,功能,运转",,,
fundamental,ˌfʌndə'mentl,a.,a. 十分重大的，根本的,,,
funeral,'fjuːn(ə)r(ə)l,n.,n. 葬礼,,,
funny,'fʌnɪ,a.,a. 有趣的，滑稽可笑的,,,
fur,fɜː,n.,n. 毛皮；皮子,,,
furnished,'fɜːnɪʃt,a.,a. 配备了家具的,,,
furniture,'fɜːnɪtʃə,n.,n. （总称）家具,,,
future,'fjuːtʃə,n.,n. 将来,,,
gain,geɪn,vt.,vt. 赢得；挣得,,,
gale,geɪl,n.,n. 强风（约每小时60英里）,,,
gallery,'gæləri,n.,n. 画廊；美术品陈列室,,,
gallon,'gælən,n.,n. 加仑,,,
game,geɪm,n.,n. 游戏；运动；比赛,,,
garage,'gærɑː(d)ʒ; -ɪdʒ; gə'rɑːʒ,n.,n. 汽车间（库）,,,
garbage,'gɑːrbɪdʒ,n.,n. 垃圾,,,
garden,'gɑːd(ə)n,n.,n. 花园，果园，菜园,,,
gardening,'gɑːd(ə)nɪŋ,n.,n. 园艺学,,,
garlic,'gɑːlɪk,n.,n. 大蒜,,,
garment,'gɑːm(ə)nt,n.,n. （一件）衣服,,,
gas,gæs,n.,n. 煤气,,,
gate,geɪt,n.,n. 大门,,,
gather,'gæðə,v.,v. 聚集；采集,,,
gay,geɪ,a.,a. （男）同性恋的；快活的，愉快的,,,
general,'dʒen(ə)r(ə)l,a.,a. 大体，笼统的，总的,,,
generation,dʒenə'reɪʃ(ə)n,n.,n. 代，一代,,,
generous,'dʒenərəs,a.,a. 慷慨大方的,,,
gentle,'dʒent(ə)l,a.,a. 温柔的，轻轻的,,,
gentleman,'dʒent(ə)lmən,n.,n. 绅士，先生；有身份、有教养的人,,,
geography,dʒɪ'ɒgrəfɪ,n.,n. 地理学,,,
geometry,dʒi'ɑːmətri,n.,n. 几何学,,,
German,ˈdʒɜːmən,a.,a. 德国的，德国人的，德语的 n. 德国人，德语,,,
Germany,'dʒɜːmənɪ,,* n. 德国,,,
gesture,'dʒestʃə,n.,n. 姿势，手势,,,
get got got,ɡet,vt.,vt. 成为；得到；具有；到达 【一般现在 过去式 过去分词】,,,
gettogether,ɡet-təˈɡeðə(r),n.,n. 聚会,,,
gift,gɪft,n.,n. 赠品；礼物,,,
gifted,'gɪftɪd,a.,a. 有天赋的；有才华的,,,
giraffe,dʒɪˈrɑ:f,n.,n. 长颈鹿,,,
girl,gɜːl,n.,n. 女孩,,,
give gave given,ɡɪv,vt.,"vt. 给,递给,付出,给予 【一般现在 过去式 过去分词】",,,
glad,glæd,a.,a. 高兴的；乐意的,,,
glance,glɑːns,vi.,vi. 匆匆一看；一瞥,,,
glare,gler,v.,"v. 瞪眼,怒目而视,闪耀",,,
glass,glɑːs,n.,"n.玻璃杯,玻璃；(复)眼镜",,,
glasshouse,'glɑːshaʊs,n.,n. 温室，暖房,,,
globe,gləʊb,n.,"n. 地球仪,地球",,,
glory,'glɔːrɪ,n.,n.巨大的光荣; 荣誉;赞美,,,
glove,glʌv,n.,n. 手套,,,
glue,gluː,n.,n. 胶水,,,
go went gone,ɡəʊ,vi.,vi. 去；走；驶；通到；到达 n. 尝试（做某事） 【一般现在 过去式 过去分词】,,,
goal,gəʊl,n.,n. （足球）球门，目标,,,
goat,gəʊt,n.,n. 山羊,,,
god,ɡɒd,n.,n. 神，（大写）上帝,,,
gold,gəʊld,n.,n. 黄金 a 金的，黄金的,,,
golden,'gəʊld(ə)n,a.,a. 金(黄)色的,,,
goldfish,'gəʊl(d)fɪʃ,n.,n. 金鱼,,,
golf,gɒlf,n.,n. 高尔夫球,,,
good better best,ɡʊd,a.,a. 好；良好【比较级 最高级】,,,
good-bye,ɡʊd- baɪ,int.,int. 再见；再会【连字符】,,,
goodness,'gʊdnɪs,n.,n. 善良，美德,,,
goods,ɡʊdz,n.,n. 商品，货物,,,
goose geese,ɡuːs,n.,n. 鹅【单数 复数】,,,
govern,'gʌvərn,v.,v. 统治；管理,,,
government,ˈgʌvənmənt,n.,n. 政府,,,
gown,gaʊn,n.,n. 礼服，长外衣，睡衣,,,
grade,greɪd,n.,n. 等级；（中小学的）学年；成绩，分数,,,
gradually,'grædʒʊlɪ; 'grædjʊəlɪ,ad.,ad. 逐渐地,,,
graduate,ˈɡradʒʊeɪt,v.,v. 毕业,,,
graduation,grædʒʊ'eɪʃ(ə)n; -djʊ-,n.,n. 毕业，毕业典礼,,,
grain,greɪn,n.,n. 谷物，谷类,,,
gram,ɡræm,n.,n. 克(重量单位),,,
grammar,'græmə,n.,n. 语法,,,
grand,grænd,a.,a. 宏伟的,,,
grandchild,'græn(d)tʃaɪld,n.,n.(外)孙或孙女.孙辈,,,
granddaughter,'grændɔːtə,n.,n. （外）孙女,,,
grandma = grandmother,"ˈɡrænmɑː, ˈɡrændmɑː",n.,n. 奶奶；外婆,,,
grandpa = grandfather,"ˈɡrænpɑː, ˈɡrændpɑː",n.,"n.爷爷,外公",,,
grandparents,'græn(d)peər(ə)nts,n.,n.祖父母.外祖父母,,,
grandson,'græn(d)sʌn,n.,n. （外）孙子,,,
granny,'grænɪ,n.,n. 老奶奶；祖母；外婆,,,
grape,greɪp,n.,n. 葡萄,,,
graph,græf,n.,n. 图表，曲线图,,,
grasp,græsp,v.,v. 抓住；紧握,,,
grass,grɑːs,n.,n. 草；草场；牧草,,,
grateful,'greɪtfʊl; -f(ə)l,a.,a. 感激的，感谢的,,,
gravity,'grævəti,n.,n. 重力，地球引力,,,
great,greɪt,a.,"a. 伟大的,重要的,好极了 ad. （口语）好极了，很好",,,
Greece,ɡriːs,,* n. 希腊,,,
greedy,'griːdɪ,a.,a. 贪婪的,,,
Greek,griːk,a.,a. / n. 希腊的，希腊人的，希腊语的 ; 希腊人，希腊语,,,
green,griːn,a.,a. 绿色的；青的 n. 绿色,,,
greengrocer,'griːngrəʊsə,n.,n.（英）蔬菜水果商,,,
greet,griːt,vt.,vt. 问候；向……致敬,,,
greeting,'griːtɪŋ,n.,n. 祝贺,,,
grey / gray,ɡreɪ,a.,a. 灰色的； 灰白的,,,
grill,grɪl,n.,n. （烧食物的）烤架,,,
grocer,'grəʊsə,n.,n. 零售商人；食品店,,,
ground,graʊnd,n.,n. 地面,,,
group,gruːp,n.,n. 组，群,,,
grow grew grown,ɡrəʊ,v.,v. 生长；发育；种植；变成 【一般现在 过去式 过去分词】,,,
growth,grəʊθ,n.,n. 生长，增长,,,
gruel,'grʊəl,n.,n. 粥,,,
guarantee,ˌgærən'tiː,v.,v. 保证，担保,,,
guard,gɑːd,n.,n. 防护装置，警戒,,,
guess,ges,vi.,vi. 猜,,,
guest,gest,n.,n. 客人，宾客,,,
guidance,'gaɪd(ə)ns,n.,n. 引导，指导,,,
guide,gaɪd,n.,n. 向导，导游者,,,
guilty,'gɪlti,a.,"a.有罪,犯法的,做错事的",,,
guitar,gɪ'tɑː,n.,n. 吉他，六弦琴,,,
gun,gʌn,n.,n. 枪，炮,,,
gym =gymnasium,dʒɪm,n.,n. 体操；体育馆；健身房,,,
gymnastics,dʒɪmˈnæstɪks,n.,n. 体操,,,
ha,hɑː,int.,int. 哈(笑声),,,
habit,'hæbɪt,n.,n. 习惯，习性,,,
hair,heə,n.,n. 头发,,,
haircut,'herkʌt,n.,n. （男子）理发,,,
half,hɑːf,a.,a.& n. 半，一半，半个,,,
hall,hɔːl,n.,"n. 大厅,会堂,礼堂;过道",,,
ham,hæm,n.,n. 火腿,,,
hamburger,ˈhæmbɜ:gə,n.,n. 汉堡包,,,
hammer,'hæmər,n.,n. 锤子，锣锤,,,
hand,hænd,n.,n. 手；指针 v. 递；给；交付 交上；交进,,,
handbag,'hæn(d)bæg,n.,n. 女用皮包，手提包,,,
handful,'hændful,n.,n.(一)把；少数，少量,,,
handkerchief,'hæŋkətʃɪf,n.,n. 手帕,,,
handle,'hændl,n.,n. 柄，把柄 v. 处理,,,
handsome,'hæns(ə)m,a.,a. 英俊的,,,
handtruck,ˈhændtrʌk,n.,n.手推运货车,,,
handwriting,'hændraɪtɪŋ,n.,n. 书法,,,
handy,'hændi,a.,"a. 便利的，顺手的 hang(hanged,hanged) v. 处（人）绞刑；上吊",,,
hang hung hung,hæŋ,v.,v.悬挂，吊着；把……吊起 【一般现在 过去式 过去分词】,,,
happen,'hæp(ə)n,vi.,vi.（偶然）发生,,,
happily,'hæpɪlɪ,ad.,ad. 幸福地，快乐地,,,
happiness,ˈhæpinəs,n.,n. 幸福，愉快,,,
happy,'hæpɪ,a.,a.幸福；快乐的，高兴的,,,
harbour,ˈhɑ:bə(r),n.,n. 港口【英】,,,
harbor,'hɑːrbər,n.,n. 港口【美】,,,
hard,hɑːd,ad.,ad. 努力地；使劲；猛烈地 a.硬的；困难的；艰难的,,,
hardly,'hɑːdlɪ,ad.,ad. 几乎不,,,
hardship,'hɑːdʃɪp,n.,n. 困难,,,
hardworking,"'hɑːd,wɜːkɪŋ",a.,a. 努力工作的,,,
harm,hɑːm,n.,n.&v. 伤害；损伤,,,
harmful,'hɑːmfʊl; -f(ə)l,a.,a.有害的；致伤的,,,
harmless,'hɑ:mləs,a.,a. 无害的;不致伤的,,,
harmony,'hɑːrməni,n.,n. 融洽，和睦,,,
harvest,'hɑːvɪst,n.,n.& vt. 收割，收获（物）,,,
hat,hæt,n.,n.帽子(一般指有边的)；礼帽,,,
hatch,hætʃ,v.,v. （鸟、鸡）孵蛋,,,
hate,heɪt,vt.,vt.& n. 恨，讨厌,,,
have has had had,hæv,vt.,vt.有；吃；喝；进行；经受【一般现在 第三人称单数 过去式 过去分词】,,,
hawk,hɔːk,n.,n. 鹰,,,
hay,heɪ,n.,n. 作饲料用的干草,,,
he,hiː,pron.,pron. 他,,,
head,hed,n.,n. 头；头脑(像)；才智；首脑；源头；标题 a. 头部的；主要的；首席的 v. 率领；加标题；用头顶；出发；(船等)驶向,,,
headache,'hedeɪk,n.,n. 头疼,,,
headline,'hedlaɪn,n.,n. （报刊的）大字标题,,,
headmaster,hed'mɑːstə,n.,n. （英）中小学校长,,,
headmistress,ˌhɛdˈmistrəs,n.,n. 女校长,,,
headteacher,'hedtiːtʃə,n.,n. 中小学班主任,,,
health,helθ,n.,n. 健康，卫生,,,
healthy,'helθɪ,a.,a. 健康的，健壮的,,,
heap,hiːp,n.,n. 堆 v. 堆起来,,,
hear heard heard,hɪə(r),v.,"v. 听见；听说,得知【一般现在 过去式 过去分词】",,,
hearing,'hɪərɪŋ,n.,n. 听力,,,
heart,hɑːt,n.,"n.心.心脏, 纸牌中的红桃",,,
heat,hiːt,n.,n. 热 vt. 把……加热,,,
heaven,'hev(ə)n,n.,n. 天，天空,,,
heavy,'hevɪ,a.,a. 重的,,,
heavily,'hevɪlɪ,ad.,ad. 重地，大量地,,,
heel,hiːl,n.,n. 脚后跟,,,
height,haɪt,n.,n. 高，高度,,,
helicopter,'helɪkɒptə,n.,n. 直升飞机,,,
hello,həˈləʊ,int.,int. 喂；你好（表示打招呼，问候或唤起注意）,,,
helmet,'helmɪt,n.,n. 头盔,,,
help,help,n.,n. & vt. 帮助，帮忙,,,
helpful,'helpfʊl; -f(ə)l,a.,a. 有帮助的，有益的,,,
hen,hen,n.,n. 母鸡,,,
her,hɜː,pron.,"pron. 她(宾格),她的",,,
herb,ɜːrb,n.,n. 草药,,,
here,hɪə,ad.,ad. 这里，在这里；向这里,,,
hero,'hɪərəʊ,n.,n. 英雄，勇士，男主角,,,
heroine,ˈherəʊɪn,n.,n. 女英雄，女主角,,,
hers,hɜːz,pron.,pron. 她的,,,
herself,hɜː'self,pron.,pron. 她自己,,,
hey,heɪ,int.,int. 嘿！,,,
hi,haɪ,int.,int. 你好（表示打招呼、问候或唤起注 意）,,,
hibernate,'haɪbəneɪt,vi.,vi. 冬眠,,,
hibernation,ˌhaɪbər'neɪʃn,n.,n. 冬眠,,,
hide hid hidden,haɪd,v.,v. 把…藏起来，隐藏【一般现在 过去式 过去分词】,,,
hide and seek,haɪd-ənd-siːk,,捉迷藏,,,
high,haɪ,a.,a. 高的;高度的 ad. 高地,,,
highway,'haɪweɪ,n.,"n.公路,主要交通道路",,,
hill,hɪl,n.,n. 小山;丘陵;土堆;斜坡,,,
hillside,'hɪlsaɪd,n.,n. （小山）山腰，山坡,,,
hilly,'hɪlɪ,a.,a. 丘陵的； 多小山的,,,
him,hɪm,pron.,pron. 他（宾格）,,,
himself,hɪm'self,pron.,pron. 他自己,,,
hire,'haɪə,vt.,vt. 租用,,,
his,hɪz,pron.,pron. 他的,,,
history,'hɪst(ə)rɪ,n.,n. 历史，历史学,,,
hit hit hit,hɪt,n.,"n.& vt. 打,撞,击中【一般现在 过去式 过去分词】",,,
hive,haɪv,n.,n. 蜂房；蜂箱,,,
hobby,'hɒbɪ,n.,n. 业余爱好，嗜好,,,
hold held held,həʊld,vt.,vt.拿；抱；握住；举行；进行,,,
hole,həʊl,n.,n. 洞，坑,,,
holiday,'hɒlɪdeɪ; -dɪ,n.,n. 假日；假期,,,
holy,'həʊlɪ,a.,a. 神圣的,,,
home,həʊm,n.,n. 家 ad. 到家；回家,,,
homeland,'həʊmlænd,n.,n. 祖国,,,
hometown,'həʊm'taʊn,n.,n. 故乡,,,
homework,'həʊmwɜːk,n.,n. 家庭作业,,,
honest,'ɒnɪst,a.,a. 诚实的，正直的,,,
honey,'hʌnɪ,n.,n. 蜂蜜,,,
Hong Kong,hɔŋ kɔŋ,,* n. 香港,,,
honour,'ɒnə,n.,n. 荣誉，光荣 vt. 尊敬，给予荣誉【英】,,,
honor,ˈɒnə(r),n.,n. 荣誉，光荣 vt. 尊敬，给予荣誉【美】,,,
hook,huk,n.,n.& v. 钩子；衔接，连接,,,
hooray,hʊ'reɪ,int.,int. 好哇！（欢呼声）,,,
hope,həʊp,n.,n.& v. 希望,,,
hopeful,'həʊpfʊl; -f(ə)l,a.,a. 有希望的；有前途的,,,
hopeless,'həʊpləs,a.,"a.没有希望,不可救药的",,,
horrible,'hɒrəb(ə)l,a.,a. 令人恐惧；恐怖的,,,
horse,hɔːs,n.,n. 马,,,
hospital,'hɒspɪt(ə)l,n.,n. 医院,,,
host,həʊst,n.,n. 主人；节目主持人 v. 做主人招待,,,
hostess,'həʊstɪs; -es; həʊ'stes,n.,n. 女主人,,,
hot,hɒt,a.,a. 热的,,,
hot dog,hɔt- dɔɡ,n.,n. 热狗(红肠面包),,,
hotel,həʊˈtel,n.,n. 旅馆，饭店，宾馆,,,
hour,'aʊə,n.,n. 小时,,,
house,haʊs,n.,n. 房子；住宅,,,
housewife,'haʊswaɪf,n.,n. 家庭主妇,,,
housework,'haʊswɜːk,n.,n. 家务劳动,,,
how,haʊ,ad.,"ad.怎样,如何；多少；多么",,,
however,haʊ'evə,ad.,ad. 可是 conj. 然而，可是，尽管如此,,,
howl,haʊl,vi.,vi. 嚎叫，嚎哭,,,
hug,hʌg,v.,v. 拥抱,,,
huge,hjuːdʒ,a.,a. 巨大的，庞大的,,,
human,'hjuːmən,a.,a. 人的，人类的,,,
human being,ˈhjuːmən ˈbiːɪŋ,,人,,,
humorous,'hjuːm(ə)rəs,a.,a. 富于幽默的,,,
humour,'hjuːmə,n.,"n.幽默,幽默感【英】",,,
humor,ˈhjuːmə,n.,"n.幽默,幽默感【美】",,,
hundred,'hʌndrəd,num.,num. 百,,,
hunger,'hʌŋgə,n.,n. 饥饿,,,
hungry,'hʌŋgrɪ,a.,a. （饥）饿的,,,
hunt,hʌnt,vt.,vt. 寻找；狩猎，猎取,,,
hunter,'hʌntə,n.,n. 猎人,,,
hurricane,'hɜːrəkən,n.,n. 飓风，十二级风,,,
hurry,'hʌrɪ,vi.,vi. 赶快；急忙,,,
hurt hurt hurt,hɜːt,vt.,vt. 伤害，受伤；伤人感情 【一般现在 过去式 过去分词】,,,
husband,'hʌzbənd,n.,n. 丈夫,,,
hydrogen,'haɪdrədʒən,n.,n. 氢,,,
I,aɪ,pron.,pron. 我,,,
ice,aɪs,n.,n. 冰,,,
ice-cream,'aɪskri:m,n.,n. 冰淇淋【连字符】,,,
Iceland,'aislənd,,* n. 冰岛,,,
idea,aɪ'dɪə,n.,"n. 主意,意见,打算,想法",,,
identity,aɪ'dentəti,n.,n. 身份，特征,,,
identification,aɪˌdentɪfɪ'keɪʃn,n.,n. 鉴定，辨别,,,
idiom,'ɪdiəm,n.,n. 习语，成语,,,
if,ɪf,conj.,"conj.如果,假使,是否,是不是",,,
ignore,ɪg'nɔːr,v.,v. 忽视，对…不理会,,,
ill,ɪl,a.,a. 有病的；不健康的,,,
illegal,i'liːgəl,a.,a. 非法的,,,
illness,ˈɪlnəs,n.,n. 疾病,,,
imagine,ɪ'mædʒɪn,vt.,vt. 想像，设想,,,
immediate,ɪ'miːdiət,a.,a. 立即的，马上,,,
immediately,ɪ'miːdɪətlɪ,ad.,ad. 立即,,,
immigration,ɪmɪ'ɡreɪʃn,n.,n. 移民,,,
import,ɪm'pɔːt; 'ɪm-,v.,v.& n. 进口，输入,,,
importance,ɪm'pɔːt(ə)ns,n.,n. 重要性,,,
important,ɪm'pɔːt(ə)nt,a.,a. 重要的,,,
impossible,ɪm'pɒsɪb(ə)l,a.,a. 不可能的,,,
impress,ɪm'pres,vt.,vt. 留下极深的印象,,,
impression,ɪm'preʃ(ə)n,n.,n. 印象，感觉,,,
improve,ɪm'pruːv,vt.,vt. 改进，更新,,,
in,ɪn,prep.,prep. 在…里(内)；在…；以… ad. 在家，在内，向内,,,
inch,ɪn(t)ʃ,n.,n. 英寸,,,
incident,'ɪnsɪdənt,n.,n. 事件,,,
include,ɪn'kluːd,vt.,vt. 包含，包括,,,
income,'ɪnkʌm,n.,n. 收入，所得,,,
incorrect,ɪnkə'rekt,a.,a. 不正确的，错误的,,,
increase,ɪn'kriːs,v.,v. & n. 增加，繁殖,,,
indeed,ɪn'diːd,a.,a. 确实；实在,,,
independence,ɪndɪ'pend(ə)ns,n.,n. 独立,,,
independent,ˌɪndɪ'pendənt,a.,"a.独立的,有主见的",,,
India,'ɪndɪə,,* n. 印度,,,
Indian,'ɪndɪən,a.,a. （美洲）印地安人的； 印度人的 n. 印地安人；印度人,,,
Indicate,'ɪndɪkeɪt,v.,v.表明，象征，暗示,,,
industry,'ɪndəstrɪ,n.,n. 工业，产业,,,
influence,'ɪnflʊəns,n.,n.& v. 影响,,,
inform,ɪn'fɔːrm,vt.,vt. 告诉； 通知,,,
information,ɪnfə'meɪʃ(ə)n,n.,n. 信息,,,
information desk,ɪnfəˈmeɪʃ(ə)n desk,,问讯处,,,
initial,ɪ'nɪʃl,a.,a. 开始的，最初的,,,
injure,'ɪndʒə,vt.,vt. 损害，伤害,,,
injury,'ɪn(d)ʒ(ə)rɪ,n.,n. 受伤处,,,
ink,ɪŋk,n.,n. 墨水，油墨,,,
inland,'ɪnlənd; -lænd,a.,a. 内陆的；内地的,,,
inn,ɪn,n.,n. 小旅店；小饭店,,,
innocent,'ɪnəsnt,a.,a.无辜的，清白的,,,
insect,'ɪnsekt,n.,n. 昆虫,,,
insert,ɪn'sɜːrt,vt.,vt. 插入,,,
inside,ɪn'saɪd,prep.,prep.在…里面 ad.在里面,,,
insist,ɪn'sɪst,vi.,vi. 坚持；坚决认为,,,
inspect,ɪn'spekt,vt.,vt. 检查；检验；审视,,,
inspire,ɪn'spaɪər,vt.,vt. 鼓舞； 激励,,,
instant,'instənt,a.,a. 瞬间；刹那,,,
instead,ɪn'sted,ad.,ad. 代替，顶替,,,
institute,'ɪnstɪtjuːt,n.,"n. (研究)所, 院，学院",,,
institution,ɪnstɪ'tjuːʃ(ə)n,n.,n. (慈善、宗教等性质的)公共机构； 学校,,,
instruct,ɪn'strʌkt,vt.,vt. 通知；指示；教,,,
instruction,ɪn'strʌkʃn,n.,"n. 说明,须知;教导",,,
instrument,'ɪnstrʊm(ə)nt,n.,"n. 乐器;工具,器械",,,
insurance,ɪn'ʃurəns,n.,n. 保险,,,
insure,ɪn'ʃɔː; ɪn'ʃʊə,vt.,vt. 给……保险,,,
intelligence,ɪn'telɪdʒəns,n.,"n.智力,才智,智慧",,,
intend,ɪn'tend,vt.,vt. 想要，打算,,,
intention,ɪn'tenʃ(ə)n,n.,"n. 打算,计划,意图",,,
interest,'ɪnt(ə)rɪst,n.,n. 兴趣，趣味;利息,,,
interesting,ˈɪntrəstɪŋ,a.,a. 有趣的,,,
international,ɪntə'næʃ(ə)n(ə)l,a.,a. 国际的,,,
internet,'ɪntənet,n.,n. 互联网，英特网,,,
interpreter,in'təːpritə(r),n.,n.翻译,,,
interrupt,ˌɪntə'rʌpt,v.,v. 打扰，打断,,,
interval,'ɪntərvl,n.,n. 间歇；间隔,,,
interview,'ɪntəvjuː,n.,"n.& vt.采访,会见,面试",,,
into,'ɪntʊ; 'ɪntə,prep.,prep. 到…里;向内；变成,,,
introduce,ɪntrə'djuːs,vt.,vt. 介绍,,,
introduction,",ɪntrə'dʌkʃ(ə)n",n.,n. 引进，介绍,,,
invent,ɪn'vent,vt.,vt. 发明，创造,,,
invention,ɪn'venʃ(ə)n,n.,n. 发明，创造,,,
inventor,ɪn'ventə,n.,n. 发明者，创造者,,,
invitation,ɪnvɪ'teɪʃ(ə)n,n.,n. 邀请，请帖,,,
invite,ɪn'vaɪt,vt.,vt. 邀请，招待,,,
Ireland,'aɪələnd,,* n. 爱尔兰,,,
Irish,'aiəriʃ,a.,a. 爱尔兰的，爱尔兰人的,,,
iron,'aɪən,n.,n. 铁，熨斗 vt. 熨烫,,,
irrigate,'ɪrɪgeɪt,vt.,vt. 灌溉,,,
irrigation,ɪrɪˈɡeɪʃ(ə)n,n.,n. 灌溉,,,
island,'aɪlənd,n.,n. 岛,,,
it,ɪt,pron.,pron. 它,,,
Italian,ɪˈtælɪən,a.,a. 意大利(人)的；意大利语的 n. 意大利人；意大利语,,,
Italy,'ɪtəlɪ,,* n. 意大利,,,
its,ɪts,pron.,pron. 它的,,,
itself,ɪt'self,pron.,pron. 它自己,,,
jacket,'dʒækɪt,n.,n. 短上衣，夹克衫,,,
jam,dʒæm,n.,n. 果酱；阻塞,,,
January,'dʒænjʊ(ə)rɪ,n.,n. 1月,,,
Japan,dʒə'pæn,,* n. 日本,,,
Japanese,ˌdʒæpə'ni:z,a.,a. 日本的，日本人的，日语的 n. 日本人，日语,,,
jar,dʒɑːr,n.,n. 罐子；坛子,,,
jaw,dʒɔː,n.,n. 下巴,,,
jazz,dʒæz,n.,n. 爵士音乐，爵士舞曲,,,
jeans,dʒiːns,n.,n. 牛仔裤,,,
jeep,dʒiːp,n.,n. 吉普车,,,
jet,jɛt,n.,n. 喷气式飞机；喷射（器）,,,
jewel,'dʒuːəl,n.,n. 宝石,,,
jewelry,'dʒuːəlri,n.,n. （总称）珠宝,,,
job,dʒɔb,n.,n. （一份）工作,,,
jog,dʒɑːg,v.,v. 慢跑,,,
join,dʒɒɪn,v.,"v.参加,加入;连接;会合",,,
joke,dʒəʊk,n.,n. 笑话,,,
journalist,'dʒɜːn(ə)lɪst,n.,n. 记者，新闻工作者,,,
journey,'dʒɜːnɪ,n.,n. 旅行，路程,,,
joy,dʒɒɪ,n.,n. 欢乐，高兴，乐趣,,,
judge,dʒʌdʒ,n.,n. 裁判；审判员；法官vt. 判断，断定,,,
judgement,'dʒʌdʒm(ə)nt,n.,n. 裁判,,,
juice,dʒuːs,n.,n. 汁、液,,,
juicy,'dʒuːsɪ,a.,a. 多汁的；水分多的,,,
July,dʒʊˈlaɪ,n.,n. 7月,,,
jump,dʒʌmp,n.,n. 跳跃；跳变 v. 跳跃；惊起；猛扑,,,
June,dʒu:n,n.,n. 6月,,,
jungle,'dʒʌŋg(ə)l,n.,n. 丛林，密林,,,
junior,'dʒuːnɪə,a.,a. 初级的；年少的,,,
junk,dʒʌŋk,n.,n. （口语）废品，破烂货,,,
junk mail,dʒʌŋk meɪl,,塞到邮箱的广告宣传品,,,
junk food,dʒʌŋk fuːd,,没有营养的垃圾食品,,,
just,dʒʌst,ad.,ad. 刚才；恰好；不过；仅 a. 公正的,,,
justice,'dʒʌstɪs,n.,n. 正义；公正；司法,,,
kangaroo,",kæŋgə'ruː",n.,n. 大袋鼠,,,
keep kept kept,kiːp,v.,v. 保持；保存；继续不断 vt. 培育，饲养 【一般现在 过去式 过去分词】,,,
keeper,'kiːpə,n.,n. （动物园中的）饲养员，看守人,,,
kettle,'ket(ə)l,n.,n. (烧水用的)水壶,,,
key,kiː,n.,n. 钥匙;答案;键;关键,,,
keyboard,'kiːbɔːd,n.,n. 键盘,,,
kick,kɪk,v.,v.& n. 踢,,,
kid,kɪd,n.,n. 小孩,,,
kill,kɪl,v.,v. 杀死，弄死,,,
kilo,'kiːləʊ,n.,n. 千克；千米,,,
kilogram,ˈkɪləɡræm,n.,n. 千克,,,
kilometre,ˈkiləʊmi:tə(r),,e n. 千米（公里）,,,
kind,kaɪnd,n.,"n. 种;类 a. 善良,友好的",,,
kindergarten,"'kɪndə,gɑːt(ə)n",n.,n. 幼儿园,,,
kind-hearted,kaɪnd- ˈhɑ:tid,a.,a. 好心的【连字符】,,,
kindness,'kaɪn(d)nɪs,n.,n. 仁慈；善良,,,
king,kɪŋ,n.,n. 国王,,,
kingdom,'kɪŋdəm,n.,n. 王国,,,
kiss,kɪs,n.,n.& vt. 吻，亲吻,,,
kitchen,'kɪtʃɪn; -tʃ(ə)n,n.,n. 厨房,,,
kite,kaɪt,n.,n. 风筝,,,
knee,niː,n.,n. 膝盖,,,
knife,naɪf,,(复 knives) n.小刀;匕首;刀片,,,
knock,nɒk,n.,n.& v. 敲；打；击 ,,,
know knew known,nəʊ,v.,v. 知道，了解；认识；懂得 【一般现在 过去式 过去分词】,,,
knowledge,'nɒlɪdʒ,n.,n. 知识，学问,,,
lab,læb,,= laboratory n. 实验室,,,
labour,'leɪbə,n.,n. 劳动【英】,,,
labor,'leɪbə(r),n.,n. 劳动【美】,,,
labourer,'leɪb(ə)rə,n.,n.体力劳动者,,,
lack,læk,n.,n.& vt. 缺乏，缺少,,,
ladder,'lædə,,r n. 梯子,,,
lady,'leɪdɪ,n.,n. 女士，夫人,,,
lake,leɪk,n.,n. 湖,,,
lamb,læm,n.,n. 羔羊,,,
lame,leɪm,a.,a. 跛的，瘸的，残废的,,,
lamp,læmp,n.,n. 灯，油灯；光源,,,
land,lænd,n.,"n.陆地,土地v.登岸(陆)降落",,,
language,'læŋgwɪdʒ,n.,n. 语言,,,
lantern,'læntən,n.,n. 灯笼；提灯,,,
lap,læp,n.,n. (人坐时)膝部.(跑道的)一圈,,,
large,lɑːdʒ,a.,a. 大的；巨大的,,,
laser,'leɪzər,n.,n. 激光,,,
last,lɑːst,a.,a.最近刚过去;最后的ad.最近刚过去;最后地 n.最后v.持续,,,
late,leɪt,a.,"a.晚的,迟的ad.晚地,迟地",,,
lately,'leɪtlɪ,ad.,ad. 最近，不久前,,,
later,'leɪtə,a.,a. 晚些的，迟些的,,,
latest,'leɪtɪst,a.,a.最近，最新的；最晚的,,,
latter,'lætər,n.,n.（两者之中的）后者,,,
laugh,lɑːf,n.,n.& v. 笑，大笑；嘲笑,,,
laughter,'lɑːftə,n.,n. 笑； 笑声,,,
laundry,'lɔːndri,n.,n. 洗衣店;要洗的衣服,,,
lavatory,'lævət(ə)rɪ,n.,n. 便所，厕所,,,
law,lɔː,n.,n. 法律，法令；定律,,,
lawyer,'lɔːjə; 'lɒɪə,n.,n. 律师,,,
lay laid laid,leɪ,vt.,vt. 放，搁 【一般现在 过去式 过去分词】,,,
lazy,'leɪzɪ,a.,a. 懒惰的,,,
lead led led,liːd,v.,v. 领导，带领 n. 铅 【一般现在 过去式 过去分词】,,,
leader,'liːdə,n.,n. 领袖，领导人,,,
leading,'liːdɪŋ,a.,a. 最主要的，第一位的,,,
leaf leaves,liːf,n.,n. （树，菜）叶【单数 复数】,,,
league,liːg,n.,n. 联盟，社团,,,
leak,liːk,vi.,vi. 漏； 渗,,,
learn,lɜːn,vt.,vt. 学，学习，学会,,,
learned,'lɜːnd; ˈlɜ:nɪd,a.,a. 有才华的；博学的,,,
least,liːst,n.,n.最少，最少量,,,
leather,'leðə,n.,n. 皮革,,,
leave left left,liːv,v.,v. 离开;把…留下，剩下 【一般现在 过去式 过去分词】,,,
lecture,'lektʃə,n.,n. 讲课，演讲,,,
left,left,a.,"a.左边的 ad.向左 n.左,左边",,,
left-handed,left- ˈ hændid,a.,a. 惯用左手的【连字符】,,,
leftover,'leftouvər,a.,"a.剩余,剩下的n.剩饭菜",,,
left-wing,left-wɪŋ,n.,n. 左翼的【连字符】,,,
leg,leg,n.,n. 腿；腿脚；支柱,,,
legal,'liːg(ə)l,a.,a.与法律有关的，法律的,,,
lemon,'lemən,n.,n. 柠檬 a. 柠檬色(味)的,,,
lemonade,lemə'neɪd,n.,n. 柠檬水,,,
lend lent lent,lend,vt.,"vt.借(出),把…借给 【一般现在 过去式 过去分词】",,,
length,leŋθ,n.,n. 长，长度，段，节,,,
less,les,a.,"a.& ad. 少于,小于（little的比较级）",,,
lesson,'les(ə)n,n.,n. 课；功课；教训,,,
let,let,vt.,vt. 让,,,
letter,'letə,n.,n. 信；字母,,,
letter-box,ˈletə(r)- bɔks,n.,n. 信箱【连字符】,,,
level,'lev(ə)l,n.,n. 水平线，水平,,,
liberty,'lɪbətɪ,n.,n. 自由,,,
liberate,'lɪbəreɪt,vt.,vt. 解放，使获自由,,,
liberation,lɪbə'reɪʃ(ə)n,n.,n. 解放,,,
librarian,laɪ'breriən,n.,n. 图书管理员；（西方的）图书馆馆长,,,
library,ˈlaɪbrərɪ,n.,n. 图书馆，图书室,,,
license,'laɪsns,n.,n. 执照，许可证,,,
lid,lɪd,n.,n. 盖子,,,
lie lay lain,laɪ,v.,v. 躺;卧;平放;位于n.& vi. 谎言; 说谎 【一般现在 过去式 过去分词】,,,
life lives,laɪf,n.,n. 生命；生涯；生活；人生；生物【单数 复数】,,,
lifetime,'laɪftaɪm,n.,n. 一生，终生,,,
lift,lɪft,v.,v. 举起，抬起；（云、烟等）消散 n. （英）电梯,,,
light,laɪt,n.,n. 光，光亮；灯，灯光 vt. 点（火），点燃 a. 明亮的；轻的；浅色的,,,
lightning,'laɪtnɪŋ,n.,n.闪电,,,
like,laɪk,prep.,prep. 像，跟…一样 vt. 喜欢，喜爱,,,
likely,'laɪklɪ,a.,a.很可能的,,,
limit,'lɪmɪt,vt.,vt. 限制；减少,,,
line,laɪn,n.,n. 绳索，线，排，行，线路 v. 画线于，（使）成行,,,
link,lɪŋk,v.,v. 连接； 联系,,,
lion,'laɪən,n.,n. 狮子,,,
lip,lɪp,n.,n. 嘴唇,,,
liquid,'lɪkwɪd,n.,n. & a. 液体；液体的,,,
list,lɪst,n.,n. 一览表，清单,,,
listen,'lɪs(ə)n,vi.,"vi. 听,仔细听",,,
literature,'lɪtrətʃər,n.,n. 文学,,,
literary,'lɪtəreri,a.,a. 文学的,,,
litre,'liːtə,n.,n. 升； 公升【英】,,,
liter,ˈli:tə(r),n.,n. 升； 公升【美】,,,
litter,'lɪtə,v.,v. 乱丢杂物,,,
little less least,ˈlɪt(ə)l,a.,"a.小的,少的 ad. 很少地, 稍许 n.没有多少,一点【比较级 最高级】",,,
live,laɪv；lɪv,vi.,"vi. 生活;居住;活着 a. 活的,活着的;实况,现场（直播）的",,,
lively,'laɪvlɪ,a.,a. 活泼的;充满生气的,,,
living,'lɪvɪŋ,a.,a. 活着的 n. 生计,,,
load,loud,n.,n. 担子，货物,,,
loaf,ləʊf,n.,n. 一个面包,,,
local,'ləʊk(ə)l,a.,a. 当地的；地方的,,,
lock,lɒk,n.,n. 锁 vt. 锁，锁上,,,
locust,'ləʊkəst,n.,n. 蝗虫,,,
London,ˈlʌndən,n.,n. 伦敦,,,
lonely,'ləʊnlɪ,a.,a. 孤独的，寂寞的,,,
long,lɒŋ,a.,a. 长的，远 ad. 长久,,,
look,lʊk,n.,n. 看，瞧 v. 看，观看 v. link 看起来,,,
loose,luːs,a.,a. 松散的； 宽松的,,,
lorry,'lɒrɪ,n.,n.（英）运货汽车，卡车,,,
loss,lɒs,n.,n. 丧失；损耗,,,
lose lost lost,luːz,vt.,vt. 失去，丢失 【一般现在 过去式 过去分词】,,,
Lost & Found,lɔst; (US) lɔːst,,失物招领处,,,
lot,lɒt,n.,n. 许多，好些,,,
loud,laʊd,a.,a. 大声的,,,
loudly,'laʊdlɪ,ad.,ad. 大声地,,,
loudspeaker,laʊd'spiːkə,n.,n. 扬声器，喇叭,,,
lounge,laundʒ,n.,n. 休息厅；休息室,,,
love,lʌv,n.,n.& vt. 爱；热爱;很喜欢,,,
lovely,'lʌvlɪ,a.,a. 美好的，可爱的,,,
low,ləʊ,a.,a.& ad. 低；矮,,,
luck,lʌk,n.,n. 运气，好运,,,
lucky,'lʌkɪ,a.,a. 运气好，侥幸,,,
luggage,'lʌgɪdʒ,n.,n. (总称)行李,,,
lunch,lʌn(t)ʃ,n.,n. 午餐，午饭,,,
lung,lʌŋ,n.,n. 肺；肺脏,,,
machine,mə'ʃiːn,n.,n. 机器,,,
mad,mæd,a.,a. 发疯的；生气的,,,
madam/ madame,ˈmædəm,n.,"n. 夫人,女士",,,
magazine,mægə'ziːn,n.,n. 杂志,,,
magic,'mædʒɪk,a.,a. 有魔力的,,,
maid,meɪd,n.,n. 女仆；侍女,,,
mail,meɪl,n.,"n. 邮政,邮递 v. (美)邮寄",,,
mailbox,'meɪlbɒks,n.,n. 邮筒；邮箱,,,
main,meɪn,a.,a. 主要的,,,
mainland,'meɪnlənd; -lænd,n.,n. 大陆,,,
major,'meɪdʒər,a.,a. 较大的；主要的,,,
majority,mə'dʒɒrɪtɪ,n.,n. 大多数 ,,,
make made made,meɪk,vt.,"vt.制造,做;使得 n. 样式；制造 【一般现在 过去式 过去分词】",,,
male,meɪl,a.,a. 男（性）的；雄的,,,
man men,mæn,n.,n. 成年男人;人类【单数 复数】,,,
manage,'mænɪdʒ,v.,v. 管理；设法对付,,,
manager,'mænɪdʒə,n.,n. 经理,,,
mankind,",mæn'kaɪnd",n.,n. 人类;（总称）人,,,
man-made,mæn- meɪd,a.,a. 人造的，人工的【连字符】,,,
manner,'mænər,n.,n. 方式，态度，举止,,,
table manners,ˈteɪb(ə)l ˈmænə(r) z,,餐桌礼节，用餐的规矩,,,
many more most,ˈmenɪ,pron.,pron. 许多人（或物）a. 许多的【比较级 最高级】,,,
map,mæp,n.,n. 地图,,,
maple,'meɪp(ə)l,n.,n. 枫树,,,
maple leaves,ˈmeɪp(ə)l-li:vz,,枫叶,,,
marathon,'mærəθ(ə)n,n.,n. 马拉松,,,
marble,'mɑːrbl,n.,n. 大理石；玻璃弹子,,,
march,mɑːrtʃ,n.,n. 游行，行进,,,
mark,mɑːk,n.,"n.标记 vt.标明,作记号于",,,
market,'mɑːkɪt,n.,n. 市场，集市,,,
marriage,'mærɪdʒ,n.,n. 结婚，婚姻,,,
married,'mærɪd,a.,a. 已婚的,,,
marry,'mærɪ,v.,v.（使）成婚，结婚,,,
mask,mæsk,n.,n. 口罩；面罩(具)；遮盖物 v. 戴面具；掩饰；伪装,,,
mass,mæs,n.,n. 众多;大量;（复）群众,,,
master,'mɑːstə,vt.,vt. 精通，掌握,,,
mat,mæt,n.,n. 垫子,,,
match,mætʃ,vt.,vt. 使相配，使成对 n. 比赛，竞赛 n. 火柴,,,
material,mə'tɪriəl,n.,n. 材料，原料,,,
mathematics =math / maths,mæθəˈmætɪks,n.,"n.（常作单数用）数学, (英美口语) 数学",,,
matter,'mætə,n.,"n. 要紧事，要紧, 事情；问题 vi. 要紧，有重大关系",,,
mature,mə'tʃur,a.,a. 成熟的,,,
maximum,'mæksɪməm,a.,a.& n. 最大量(的)； 最大限度(的),,,
may modal,meɪ ˈməʊd(ə)l,v.,"v. 可以;也许,可能",,,
May,meɪ,n.,n. 5月,,,
maybe,'meɪbiː; -bɪ,ad.,ad. 可能，大概，也许,,,
me,miː,pron.,pron. 我（宾格）,,,
meal,miːl,n.,n. 一餐（饭） ,,,
mean meant meant,miːn,vt.,"vt.意思,意指 【一般现在 过去式 过去分词】",,,
meaning,'miːnɪŋ,n.,n. 意思，含意,,,
means,miːnz,n.,n. 方法，手段；财产,,,
meanwhile,'miːnwaɪl,ad.,ad. 同时,,,
measure,'meʒər,v.,v. 量,,,
meat,miːt,n.,n.（猪、牛、羊等的）肉,,,
medal,'med(ə)l,n.,n. 奖牌,,,
gold medal,ɡəʊld ˈmed(ə)l,,金牌,,,
media,ˈmiːdɪə,n.,n. 大众传播媒介,,,
medical,'medɪk(ə)l,a.,a. 医学的，医疗的,,,
medicine,ˈmedsn,n.,n. 药,,,
medium,'miːdiəm,n.,"n.媒体,中间的,中等的",,,
meet met met,miːt,vt.,vt./ n. 遇见，见到 会；集会 【一般现在 过去式 过去分词】,,,
meeting,'miːtɪŋ,n.,"n.会,集会,会见,汇合点",,,
melon,'melən,n.,n. （甜）瓜；瓜状物,,,
member,'membə,n.,n. 成员，会员,,,
memorial,mə'mɔːrɪəl,n.,n. 纪念馆,,,
memory,'mem(ə)rɪ,n.,n. 回忆，记忆,,,
memorize,'meməraɪz,v.,v. 记忆,,,
mend,mend,v.,v. 修理，修补,,,
mental,'mentl,a.,a. 精神的；脑力的,,,
mentally,'ment(ə)lɪ,ad.,ad. 精神上；智力上,,,
mention,'menʃ(ə)n,n.,n. 提及；记载 vt. 提到，说起；提名表扬,,,
menu,'menjuː,n.,n. 菜单,,,
merchant,'mɜːrtʃənt,a.,a. 商业的；商人的 n. 商人；生意人,,,
merciful,'mɜːsɪfʊl; -f(ə)l,a.,a. 仁慈的；宽大的,,,
mercy,'mɜːrsi,n.,n. 怜悯,,,
merely,'mɪəlɪ,ad.,ad. 仅仅，只不过,,,
merry,'merɪ,a.,a. 高兴的，愉快的,,,
mess,mes,n.,n. 凌乱,,,
message,'mesɪdʒ,n.,n. 消息，音信,,,
messy,'mesɪ,a.,a. 乱七八糟的,,,
metal,'met(ə)l,n.,n. 金属 a. 金属制成的,,,
method,'meθəd,n.,n. 方法，办法,,,
metre,'mi:tə(r),n.,n. 米，公尺【英】,,,
meter,'mitɚ,n.,n. 米，公尺【美】,,,
Mexican,'meksɪkən,a.,a. 墨西哥的,,,
Mexico,'meksɪkəʊ,,* n. 墨西哥,,,
microcomputer,"'maɪkrə(ʊ)kɒm,pjuːtə",n.,n. 微机,,,
microscope,'maɪkrəskəup,n.,n. 显微镜,,,
microwave,'maɪkrəweɪv,n.,n. 微波,,,
mid-autumn,mɪd- ˈɔːtəm,n.,n. 中秋【连字符】,,,
midday,mɪd'deɪ,n.,"n. 中午, 正午",,,
middle,'mɪd(ə)l,n.,n. 中间;当中;中级的,,,
Middle East,ˈmɪd(ə)l iːst,n.,n. 中东,,,
midnight,'mɪdnaɪt,n.,n. 午夜,,,
might,maɪt,v.,v. aux. (may的过去式，助动词) 可能，也许，或许,,,
mild,maɪld,a.,"a. 温和,暖和的,凉爽的",,,
mile,maɪl,n.,n. 英里,,,
milk,mɪlk,n.,n. 牛奶 vt. 挤奶,,,
million,'mɪljən,num.,num. 百万 n. 百万个（人或物）,,,
millionaire,mɪljə'neə,n.,n. 百万富翁,,,
mind,maɪnd,n.,"n. 思想,想法 v.介意,关心",,,
mine,maɪn,n.,"n.矿藏,矿山vt.开采(矿物) pron. 我的",,,
mineral,'mɪn(ə)r(ə)l,n.,n. 矿物质，矿物,,,
minibus,'mɪnɪbʌs,n.,n. 小型公共汽车,,,
minimum,'mɪnɪməm,a.,a.最小的,,,
miniskirt,'mɪnɪskɜːt,n.,n. 超短裙,,,
minister,'mɪnɪstə,n.,n. 部长；牧师,,,
ministry,'mɪnɪstrɪ,n.,n.（政府的）部,,,
minority,maɪ'nɔːrəti,n.,n. 少数；少数民族,,,
minus,'maɪnəs,prep.,prep. & a.负的，减去的,,,
minute,'mɪnɪt,n.,n. 分钟;一会儿，瞬间,,,
mirror,'mɪrə,n.,n. 镜子,,,
miss,mɪs,vt.,vt. 失去，错过，缺,,,
Miss.,mɪs,n.,"n.小姐,女士(称呼未婚妇女)",,,
missile,'mɪsl,,n 导弹,,,
mist,mɪst,n.,n. 雾,,,
mistake mistook mistaken,mɪsˈteɪk,n.,n. 错误 vt. 弄错 【一般现在 过去式 过去分词】,,,
mistaken,mɪ'steɪk(ə)n,a.,a. 错误的,,,
misunderstand,",mɪsʌndə'stænd",v.,v. 误会；不理解,,,
mix,mɪks,v.,v. 混合，搅拌,,,
mixture,'mɪkstʃə,n.,n. 混合物,,,
millimetre,ˈmɪlimiːtə(r),n.,n. 毫米,,,
mobile,'moubl,a.,a. 活动的，可移动的,,,
mobile phone,ˈməʊbaɪl fəʊn,,手提电话，手机,,,
model,'mɒdl,n.,"n.模型,原形,范例,模范",,,
modem,'moudem,n.,n. 调制解调器,,,
modern,'mɒd(ə)n,a.,a. 现代的,,,
modest,'mɑːdɪst,a.,a. 谦虚的；谦逊的,,,
Mom =Mum,mɒm,n.,n. 妈妈,,,
moment,'məʊm(ə)nt,n.,n. 片刻，瞬间,,,
mommy = mummy,ˈmɔmɪ,n.,n. 妈妈（美）,,,
Monday,ˈmʌndeɪ; ˈmʌndi,n.,n. 星期一,,,
money,'mʌnɪ,n.,n. 钱；货币,,,
monitor,'mɒnɪtə,n.,n. （班级内的）班长；纠察生；监视器,,,
monkey,'mʌŋkɪ,n.,n. 猴子,,,
month,mʌnθ,n.,n. 月，月份,,,
monument,'mɑːnjumənt,n.,n. 纪念碑，纪念物,,,
moon,muːn,n.,n. 月球；月光；月状物,,,
moon cake,muːn keɪk,n.,n. 月饼,,,
mop,mɒp,n.,n. / v. 拖把 拖地,,,
moral,'mɔːrəl,a.,"a.道德的 n.寓意,道德启示",,,
more,mɔː,a.,a./ ad.另外的；附加的；较多的再；另外；而且；更 n. 更多的量；另外的一些（much或many 的比较级）,,,
morning,'mɔːnɪŋ,n.,n. 早晨，上午,,,
Moscow,'mɔskəʊ,n.,n. 莫斯科,,,
Moslem,'mɒzləm,n.,"n. 伊斯兰教徒,回教徒",,,
Mosquito,mɒ'skiːtəʊ,n.,n.蚊子,,,
most,məʊst,a.,"a. & ad.最多 n.大部分,大多数",,,
mother,'mʌðə,n.,n. 母亲,,,
motherland,'mʌðəlænd,n.,n. 祖国,,,
motivation,məʊtɪ'veɪʃ(ə)n,n.,n. （做事的）动机,,,
motor,'moutər,n.,n. 发动机，马达,,,
motorbike,'məʊtəbaɪk,n.,n. 摩托车,,,
motorcycle,'məʊtəsaɪk(ə)l,n.,n. 摩托车,,,
motto,'mɑːtou,n.,n. 箴言，格言,,,
mountain,ˈmaʊntən,n.,n. 山，山脉,,,
mountainous,'mauntənəs,a.,a. 多山的,,,
mourn,mɔːn,vt.,vt. 哀痛； 哀悼,,,
mouse mice,maʊs,n.,n. 鼠，耗子；（计算机）鼠标【单数 复数】,,,
moustache,mə'stɑːʃ,n.,n. 小胡子,,,
mouth,maʊθ,n.,n. 嘴，口,,,
mouthful,'maʊθfʊl; -f(ə)l,n.,n. 满口，一口,,,
from mouth to mouth,,ad.,ad. 口口相传；人传人地,,,
move,muːv,v.,v. 移动，搬动，搬家,,,
movement,'muːvm(ə)nt,n.,n. 运动，活动,,,
movie,'muːvɪ,n.,n.（口语）电影,,,
Mr.,'mistə,n.,n. 先生（用于姓名前）,,,
Mrs.,'misiz,n.,"n. 夫人, 太太（称呼已婚妇女）",,,
Ms.,miz,n.,n. 女士(用在婚姻状况不明的女子姓名前),,,
much more most,mʌtʃ,a.,a. 许多的，大量的 ad. 非常；更加 n. 许多，大量，非常【比较级 最高级】,,,
mud,mʌd,n.,"n. 泥, 泥浆",,,
muddy,'mʌdɪ,a.,a. 泥泞的,,,
multiply,'mʌltɪplaɪ,vt.,vt. 乘；使相乘,,,
murder,'mɜːdə,vt.,vt. 谋杀,,,
museum,mjuː'zɪəm,n.,n. 博物馆，博物院,,,
mushroom,'mʌʃrum,n.,n. 蘑菇,,,
music,'mjuːzɪk,n.,n. 音乐，乐曲,,,
musical,'mjuːzɪk(ə)l,a.,a. 音乐的，爱好音乐的 n. 音乐片,,,
musician,mjuː'zɪʃ(ə)n,n.,n. 音乐家，乐师,,,
must modal,mʌst ˈməʊd(ə)l,v.,"v.必须,应当;必定是",,,
mustard,'mʌstəd,n.,n. 芥末，芥子粉,,,
mutton,'mʌt(ə)n,n.,n. 羊肉,,,
my,maɪ,pron.,pron. 我的,,,
myself,maɪ'self,pron.,pron. 我自己,,,
nail,neɪl,n.,n. 钉，钉子,,,
name,neɪm,n.,"n. 名字,姓名,名称 vt. 命名,名叫",,,
narrow,'nærəʊ,a.,a. 狭窄的,,,
nation,'neɪʃ(ə)n,n.,n. 民族，国家,,,
national,'næʃ(ə)n(ə)l,a.,"a. 国家的,全国性的，民族的",,,
nationality,ˌnæʃə'næləti,n.,n. 国籍,,,
nationwide,'neɪʃ(ə)nwaɪd; -'waɪd,ad.,"ad.全国范围内的,全国性的",,,
native,'neɪtɪv,a.,a. 本土的，本国的,,,
natural,ˈnætʃrəl,a.,a. 自然的,,,
nature,'neɪtʃə,n.,"n. 自然, 性质，种类",,,
navy,'neɪvɪ,n.,n. 海军,,,
near,nɪə,a.,a. 近的 ad. 附近，邻近 prep. 在……附近，靠近,,,
nearby,'nɪəbaɪ,a.,a. 附近的,,,
nearly,'nɪəlɪ,ad.,ad. 将近，几乎,,,
neat,niːt,a.,a. 整洁的；灵巧的,,,
necessary,ˈnesɪsərɪ,a.,a. 必需的，必要的,,,
neck,nek,n.,n. 颈，脖子,,,
necklace,'neklɪs,n.,n. 项链,,,
necktie,'nektaɪ,n.,n. 领带，领花,,,
need,niːd,n.,"n. 需要,需求aux.& v.需要,必须",,,
needle,'niːd(ə)l,n.,n. 针,,,
negotiate,nɪ'gouʃieɪt,v.,v.谈判，协商,,,
neighbour,'neɪbə,n.,n. 邻居，邻人【英】,,,
neighbor,'neɪbə,n.,n. 邻居，邻人 【美】,,,
neighbourhood,ˈneɪbəhʊd,n.,n. 四邻；邻近地区 (美neighborhood),,,
neither,ˈnaɪðə; ˈniːðə,a.,a. （两者）都不;也不,,,
nephew,'nefjuː; 'nevjuː,n.,n. 侄子，外甥,,,
nervous,'nɜːvəs,a.,a. 紧张不安的,,,
nest,nest,n.,n. 巢；窝,,,
net,net,n.,n. 网,,,
network,'netwɜːk,n.,n. 网络，网状系统,,,
never,'nevə,ad.,ad. 决不，从来没有,,,
new,njuː,a.,a. 新的；新鲜的,,,
New York,njuː jɔːk,n.,n. 纽约,,,
New Zealand,njuː ˈzi:lənd,,* n. 新西兰,,,
New Zealander,njuː ˈzi:ləndə,n.,n. 新西兰人,,,
news,njuːz,n.,n. 新闻，消息,,,
newspaper,'njuːzpeɪpə; 'njuːs-,n.,n. 报纸,,,
next,nekst,a.,a. 最近的，紧挨着的，隔壁的；下一次 ad. 随后，然后，下一步 n. 下一个人（东西）,,,
nice,naɪs,a.,a.令人愉快;好的漂亮的,,,
niece,niːs,n.,n. 侄女，甥女,,,
night,naɪt,n.,n. 夜；夜间,,,
night-club,naɪt-klʌb,n.,n. 夜总会【连字符】,,,
nine,naɪn,num.,num. 九,,,
nineteen,naɪn'tiːn; 'naɪntiːn,num.,num. 十九,,,
ninety,'naɪntɪ,num.,num. 九十,,,
ninth,'naɪnθ,num.,num. 第九,,,
no,nəʊ,ad.,"ad. 不,不是 a.没有,无,不",,,
number,'nʌmbə,n.,n.数字;号码,,,
noble,'nəʊb(ə)l,a.,a. 高贵的，贵族的,,,
nobody,'nəʊbədɪ,n.,n. 渺小人物 pron. 没有人，谁也不,,,
nod,nɒd,vi.,vi. 点头,,,
noise,nɔɪz,n.,n. 声音，噪声，喧闹声,,,
noisily,ˈnɔɪzɪlɪ,ad.,ad. 喧闹地,,,
noisy,ˈnɔɪzɪ,a.,a. 喧闹的，嘈杂的,,,
none,nʌn,pron.,"pron.无任何东西, 无一人",,,
non-stop,ˌnɒn'stɒp,a.,"a.& ad.不停的,不断地【连字符】",,,
non-violent,nɔn-ˈvaɪələnt,a.,a. 非暴力的【连字符】,,,
noodle,'nuːd(ə)l,n.,n. 面条,,,
noon,nuːn,n.,n. 中午，正午,,,
nor,nɔː; nə,conj.,conj. 也不,,,
normal,'nɔːm(ə)l,n.,n.& a. 正常的（状态）,,,
north,nɔːθ,a.,"a.北的;朝北的;从北来的 ad.向（在,从）北方 n.北;北方;北部",,,
northeast,",nɔ:θ'i:st",n.,n. 东北（部）,,,
northern,'nɔːð(ə)n,a.,a. 北方的，北部的,,,
northwards,'nɔːθwədz,ad.,ad. 向北,,,
northwest,",nɔ:θ'west",n.,n. 西北,,,
nose,nəʊz,n.,n. 鼻,,,
not,nɒt,ad.,ad. 不，没,,,
note,nəʊt,n.,n. 便条，笔记，注释；钞票，纸币；音符，音调 vt. 记下，记录；注意，留意,,,
notebook,'nəʊtbʊk,n.,n. 笔记簿,,,
nothing,'nʌθɪŋ,n.,"n. 没有东西,没有什么 adv.一点也不；并不",,,
notice,'nəʊtɪs,n.,n. 布告，通告；注意 vt. 注意，注意到,,,
novel,'nɒv(ə)l,n.,n. （长篇）小说,,,
novelist,'nɒv(ə)lɪst,n.,n. 小说家,,,
November,nə(ʊ)'vembə,n.,n. 11月,,,
now,naʊ,ad.,ad. 现在,,,
nowadays,'naʊədeɪz,ad.,ad. 当今，现在,,,
nowhere,'nəʊhweə,ad.,"ad.任何地方都不,无处",,,
nuclear,'njuːklɪə,a.,a. 原子核的，原子能的，核动力的,,,
numb,nʌm,a.,a. 麻木的，失去知觉的，迟钝的,,,
nurse,nɜːs,n.,n. 护士；保育员,,,
nursery,'nɜːs(ə)rɪ,n.,n. 托儿所,,,
nursing,'nɜːsɪŋ,n.,"n.(职业性的）保育,护理",,,
nut,nʌt,n.,"n.坚果,果仁(胡桃,栗子等)",,,
nutrition,nu'trɪʃn,n.,n. 营养，滋养,,,
nylon,'naɪlɒn,n.,n. 尼龙,,,
obey,ə(ʊ)'beɪ,v.,v. 服从，顺从，听从,,,
object,'ɔbdʒikt,n.,n. 物，物体；宾语,,,
observe,əb'zɜːrv,v.,v. 观察，监视，观测,,,
obtain,əb'teɪn,vt.,vt. 获得；得到,,,
obvious,'ɒbvɪəs,a.,a. 显然,,,
occupation,ɒkjʊ'peɪʃ(ə)n,n.,n. 职业，工作,,,
occur,ə'kɜːr,vi.,vi. 发生,,,
ocean,'əʊʃ(ə)n,n.,n. 海洋,,,
Oceania,",əʊsɪ'ɑːnɪə; -ʃɪ-",n.,n. 大洋洲,,,
o'clock,əˈklɔk,n.,n. 点钟,,,
October,ɒk'təʊbə,n.,n. 10月,,,
of,ɒv; (ə)v,prep.,"prep.(表所属,数量,) ….的",,,
off,ɒf,prep.,"prep. 离开,脱离,（走）开",,,
offence,ə'fens,n.,n. 违法行为，犯罪,,,
offer,'ɒfə,n.,n.& vt. 提供；建议,,,
office,'ɒfɪs,n.,n. 办公室,,,
officer,'ɒfɪsə,n.,"n. 军官;公务员,官员；警察，警官",,,
official,ə'fɪʃ(ə)l,n.,"n.（公司、团体或政府）官员 ,高级职员 a.官方,政府的",,,
offshore,'ɒfʃɔː; ɒf'ʃɔː,a.,a. 近海的,,,
often,'ɒf(tə)n,ad.,ad. 经常，常常,,,
oh,əʊ,int.,int. 哦！啊！,,,
oil,ɒɪl,n.,n. 油,,,
oilfield,ˈɔɪlfiːld,n.,n.油田,,,
OK,əʊˈkeɪ,ad.,"ad. （口语）好,对,不错",,,
old,əʊld,a.,a. 老的，旧的,,,
Olympic,əˈlɪmpɪk,a.,a. & n. 奥林匹克,,,
Olympic Games,əˈlɪmpɪk ɡeɪms,n.,n. 奥运会,,,
omelette,'ɒmlɪt,n.,n. 煎蛋卷；煎蛋饼,,,
on,ɒn,prep.,prep. 在…上（时），关于 ad. （穿，放…）上；接通；进行下  去；（电灯）开,,,
once,wʌns,n.,"n.& ad. 一次,一度,从前 conj. 一旦",,,
one,wʌn,pron.,pron. 一（个，只…）(pl. ones) num. 一,,,
oneself,wʌn'self,pron.,pron. 自己；自身,,,
onion,'ʌnjən,n.,n. 洋葱；洋葱头,,,
only,'əʊnlɪ,a.,a. 惟一的，仅有的 ad. 仅仅，只，才,,,
onto,'ɒntuː,prep.,prep. 到…的上面,,,
open,'əʊp(ə)n,a.,"a.开着的,开的 vt.开,打开",,,
opener,'əʊp(ə)nə,n.,n. 开具，启子,,,
opening,'əʊp(ə)nɪŋ,n.,n. 开放，口子,,,
opera,'ɒp(ə)rə,n.,n. 歌剧,,,
opera house,ˈɔpərə haʊs,n.,"n.歌剧院,艺术剧院",,,
operate,'ɑːpəreɪt,v.,"v. 做手术，运转；实施，负责, 经营，管理",,,
operation,ɒpə'reɪʃ(ə)n,n.,n. 手术，操作,,,
operator,'ɒpəreɪtə,n.,n. 接线员,,,
opinion,ə'pɪnjən,n.,n. 看法，见解,,,
oppose,ə'pouz,vt.,vt. 反对；反抗,,,
opposite,'ɒpəzɪt; -sɪt,n.,n. 相反，对面 a. 相反的，对面的,,,
optimistic,ˌɑːptɪ'mɪstɪk,a.,a. 乐观的,,,
optional,'ɑːpʃənl,a.,a. 可选择的，选修的,,,
or,ɔː,conj.,conj. 或；就是；否则,,,
oral,'ɔːrəl,a.,a. 口述的，口头上的,,,
orange,'ɒrɪn(d)ʒ,n.,n. 橘子，橙子，橘汁 a. 橘色的，橙色的,,,
orbit,'ɔːrbɪt,n.,n.（天体等的）运行轨道,,,
order,'ɔːdə,n.,n. 顺序,,,
ordinary,'ɔːdɪn(ə)rɪ; -d(ə)n-,a.,a. 普通的，平常的,,,
organ,'ɔːg(ə)n,n.,n. （人，动物）器官,,,
organise,'ɔːɡənaɪz,vt.,vt. 组织【英】,,,
organize,ˈɔ:gənaɪz,vt.,vt. 组织【美】,,,
organiser,ˈɔ:gənaizə,n.,n. 组织者,,,
organization,ˌɔːɡənaɪ'zeɪʃn,n.,n. 组织，机构,,,
origin,'ɔːrɪdʒɪn,n.,n. 起源，由来,,,
other,'ʌðə,pron.,"pron. 别人，别的东西 a. 别的,另外的",,,
otherwise,'ʌðərwaɪz,ad.,"ad.要不然,否则,另样",,,
Ottawa,'ɒtəwə,n.,n. 渥太华,,,
ouch,aʊtʃ,,int（突然受痛时叫声）哎哟,,,
ought,ɔːt,v.,v.& aux.应该，应当,,,
our,aʊə,pron.,pron.我们的,,,
ours,aʊəz,pron.,pron.我们的,,,
ourselves,aʊə'selvz,pron.,pron. 我们自己,,,
out,aʊt,ad.,"ad. 出外;在外,向外;熄",,,
outcome,'autkʌm,n.,n. 结果，效果,,,
outdoors,aʊt'dɔːz,ad.,"ad. 在户外, 在野外",,,
outer,'aʊtə,a.,a. 外部的，外面的,,,
outgoing,'aʊtgəʊɪŋ,a.,"a. 爱交际的,外向的",,,
outing,'aʊtɪŋ,n.,n. 郊游，远足,,,
outline,'autlaɪn,n.,n. 概述，略述,,,
output,'autput,n.,n. 产量，输出量,,,
outside,aʊt'saɪd; 'aʊtsaɪd,n.,n. 外面 ad. 在外面；向外面 prep. 在…外面,,,
outspoken,aut'spoukən,a.,a. 直率，坦诚,,,
outstanding,aut'stændɪŋ,a.,a. 优秀的，杰出的,,,
outward,'aʊtwəd,ad.,ad. 向外的，外出的,,,
oval,'ouvl,n.,n.& adj.椭圆；椭圆形的,,,
over,'əʊvə,prep.,"prep. 在…上方,越过,遍及 ad. 翻倒,遍布,越过,结束",,,
overcoat,'əʊvəkəʊt,n.,n. 大衣,,,
overcome,ˌouvər'kʌm,v.,v. 克服，解决,,,
overhead,əʊvə'hed,a.,a.在头顶上;架空的,,,
overlook,ˌouvər'luk,v.,"v. 忽略,不予理会",,,
overweight,əuvə'weit,a.,"a. 太胖的,超重的",,,
owe,əʊ,vt.,vt. 欠（债等）,,,
own,əʊn,a.,"a. 自己的 v. 拥有,所有",,,
owner,'əʊnə,n.,n. 物主，所有人,,,
ownership,'əʊnəʃɪp,n.,n. 所有制,,,
ox oxen,ɔks,n.,n. 牛；公牛【单数 复数】,,,
oxygen,'ɑːksɪdʒən,n.,n. 氧；氧气,,,
pace,peɪs,n.,n. 步子；节奏,,,
Pacific,pəˈsɪfɪk,a.,a. 太平洋的,,,
the Pacific Ocean,ðə pəˈsɪfɪkˈəʊʃ(ə)n,,太平洋,,,
pack,pæk,n.,"n. 包,捆;（猎犬、野兽的）一群 v.(为运输或储存而)打包",,,
package,'pækɪdʒ,n.,n. （尤指包装好或密封的容器）一包，一袋，一盒,,,
packet,'pækɪt,n.,n. 小包裹，袋,,,
paddle,'pædl,n.,n. 桨状物，蹼,,,
page,peɪdʒ,n.,n. 页，页码,,,
pain,peɪn,n.,n. 疼痛，疼,,,
painful,'peɪnfʊl; -f(ə)l,a.,a. 使痛的，使痛苦的,,,
paint,peɪnt,n.,"n.油漆 vt.油漆,粉刷,绘画",,,
painter,'peɪntə,n.,"n. 绘画者,（油）画家",,,
painting,'peɪntɪŋ,n.,n. 油画，水彩画,,,
pair,peə,n.,n. 一双，一对,,,
palace,'pælɪs,n.,n. 宫，宫殿,,,
pale,peɪl,a.,a. 苍白的，灰白的,,,
pan,pæn,n.,n. 平底锅,,,
pancake,'pænkeɪk,n.,n. 薄煎饼,,,
panda,'pændə,n.,n. 熊猫,,,
panic,'pænɪk,a.,"a./ v.惊慌,恐慌,惶恐不安",,,
paper,'peɪpə,n.,n. 纸；报纸,,,
paperwork,'peɪpəwɜːk,n.,n. 日常文书工作,,,
paragraph,'pærəgrɑːf,n.,n. （文章的）段落,,,
parallel,'pærəlel,n.,"n. 极其相似的人,纬线",,,
parcel,'pɑːs(ə)l,n.,n. 包裹,,,
pardon,ˈpɑːdn,n.,"n. 原谅,宽恕,对不起",,,
parent,'peər(ə)nt,n.,n. 父(母)，双亲,,,
Paris,'pærɪs,n.,n. 巴黎,,,
park,pɑːk,n.,n. 公园,,,
parking,'pɑːrkɪŋ,n.,n. 停车,,,
parrot,'pærət,n.,n. 鹦鹉,,,
part,pɑːt,n.,n. 部分；成分；角色；部件；零件 a. 局部的；部分的 v. 分离；分开；分割,,,
participate,pɑːr'tɪsɪpeɪt,v.,v. 参加，参与,,,
particular,pər'tɪkjələr,a.,a. 特殊的，个别的,,,
partly,'pɑːtlɪ,ad.,"ad.部分地,在一定程度上",,,
partner,'pɑːtnə,n.,n. 搭档，合作者,,,
part-time,",pɑ:t'taɪm",a.,a.& ad. 兼职的； 部分时间的（地）【连字符】,,,
party,'pɑːtɪ,n.,n. 聚会，晚会；党派,,,
pass,pɑːs,vt.,vt. 传，递；经过；通过,,,
passage,'pæsɪdʒ,n.,n. （文章等的）一节，一段；通道；走廊,,,
passenger,'pæsɪndʒə,n.,n. 乘客，旅客,,,
passer-by,"'pɑ:sə'bai, 'pæs-",n.,n. 过客，过路人,,,
passive,'pæsɪv,a.,a. 被动的,,,
passport,'pɑːspɔːt,n.,n. 护照,,,
past,pɑːst,ad.,ad. 过 n.过去，昔日，往事 prep. 过…，走过某处,,,
patent,'pæt(ə)nt; 'peɪt(ə)nt,n.,n.专利权，专利证书,,,
path,pɑːθ,n.,n. 小道，小径,,,
patience,'peɪʃ(ə)ns,n.,n. 容忍；耐心,,,
patient,'peɪʃ(ə)nt,n.,n. 病人,,,
pattern,'pætərn,n.,n. 式样,,,
pause,pɔːz,n.,n.& vi. 中止，暂停；停止,,,
pay,peɪ,,"(paid, paid) v. 付钱，给…报酬 n. 工资",,,
P.E.,piːiː,,体育(缩) =physical education,,,
P.C.,piːsiː,,个人电脑(缩) =personal computer,,,
pea,piː,n.,n. 豌豆,,,
peace,piːs,n.,n. 和平,,,
peaceful,'piːsfʊl; -f(ə)l,a.,a. 和平的，安宁的,,,
peach,piːtʃ,n.,n. 桃子,,,
pear,peə,n.,n. 梨子，梨树,,,
peasant,'pez(ə)nt,n.,n. 农民；佃农,,,
pedestrian,pə'destriən,n.,n. 步行者，行人,,,
pen,pen,n.,n. 钢笔，笔,,,
pencil,'pens(ə)l; -sɪl,n.,n. 铅笔,,,
pencil-box,ˈpens(ə)l -bɔks,n.,n. 铅笔盒【连字符】,,,
pen-friend,pen- friend,n.,n. 笔友【连字符】,,,
penny,'penɪ,,(英复pence) n. （英）便士；美分,,,
pension,'penʃən,n.,n. 养老金,,,
people,'piːp(ə)l,n.,n. 人，人们；人民,,,
pepper,'pepər,n.,n. 胡椒粉,,,
per,pɜː,prep.,prep. 每，每一,,,
percent,pə'sent,n.,n. 百分之……,,,
percentage,pə'sentɪdʒ,n.,n. 百分率,,,
perfect,ˈpɜ:fɪkt; (for v.) pəˈfekt,a.,a. 完美的，极好的,,,
perform,pər'fɔːrm,v.,v. 表演，履行；行动,,,
performance,pə'fɔːm(ə)ns,n.,n. 演出，表演,,,
performer,pə'fɔːmə(r),n.,n. 表演者，执行者,,,
perfume,pər'fjuːm,n.,n. 香水,,,
perhaps,pəˈhæps,ad.,ad. 可能，或,,,
period,'pɪərɪəd,n.,n. 时期，时代,,,
permanent,'pɜːrmənənt,a.,a. 永久的，永恒的,,,
permission,pər'mɪʃn,n.,"n. 允许,许可,同意",,,
permit,pə'mɪt,vt.,"vt.许可,允许;执照 n.许可证",,,
person,'pɜːs(ə)n,n.,n. 人,,,
personal,'pɜːs(ə)n(ə)l,a.,a. 个人的，私人的,,,
personnel,ˌpɜːrsə'nel,n.,n. 全体人员，职员,,,
personally,'pɜːs(ə)n(ə)lɪ,ad.,ad. 就自己而言,,,
persuade,pə'sweɪd,vt.,vt. 说服，劝说,,,
pest,pest,n.,n. 害虫,,,
pet,pet,n.,n. 宠物，爱畜,,,
petrol,'petr(ə)l,n.,n. 石油,,,
phenomenon,fə'nɑːmɪnən,n.,n. 现象,,,
phone = telephone,fəʊn,v.,v. 打电话 n. 电话，电话机,,,
phone-booth,fəʊn-buːð,n.,n. 公用电话间【连字符】,,,
photo =photograph,ˈfəʊtəʊ,n.,n. 照片,,,
photograph,'foutəgræf,n.,n. 照片,,,
photographer,fə'tɒgrəfə,n.,n. 摄影师,,,
phrase,freɪz,n.,n. 短语；习惯用语,,,
physical,'fɪzɪk(ə)l,a.,a. 身体的；物理的,,,
physician,fɪ'zɪʃn,n.,n.(有行医执照的)医生,,,
physicist,'fɪzɪsɪst,n.,n. 物理学家,,,
physics,'fɪzɪks,n.,n. 物理（学）,,,
pianist,'pɪənɪst,n.,n. 钢琴家,,,
piano,pɪ'ænəʊ,n.,n. 钢琴,,,
pick,pɪk,v.,v. 拾起，采集；挑选,,,
picnic,'pɪknɪk,n.,n.& v. 野餐,,,
picture,'pɪktʃə,n.,n. 图片，画片，照片,,,
pie,paɪ,n.,n. 甜馅饼,,,
piece,piːs,n.,n. 一块（片，张，件…）,,,
pig,pɪg,n.,n. 猪,,,
pile,paɪl,n.,n. 堆,,,
pill,pɪl,n.,n. 药丸，药片,,,
pillow,'pɪləʊ,n.,n. 枕头,,,
pilot,'paɪlət,n.,n. 飞行员,,,
pin,pɪn,n.,"n. 别针 v. 别住, 钉住",,,
pine,paɪn,n.,n. 松树,,,
pineapple,'paɪnæp(ə)l,n.,n. 菠萝,,,
ping-pong,pɪŋ-pɔɡ,n.,n. 乒乓球【连字符】,,,
pink,pɪŋk,a.,a. 粉红色的,,,
pint,paɪnt,n.,n.（液量单位）品脱,,,
pioneer,paɪə'nɪə,n.,n. 先锋，开拓者,,,
pipe,paɪp,n.,n. 管子，输送管,,,
pity,'pɪtɪ,n.,n. 怜悯，同情,,,
place,pleɪs,n.,n. 地方，处所 v. 放置，安置，安排,,,
plain,pleɪn,a.,a. 家常的； 普通的,,,
plan,plæn,n.,n.& v. 计划，打算,,,
plane,pleɪn,n.,n. 飞机,,,
planet,'plænɪt,n.,n. 行星,,,
plant,plɑːnt,vt.,vt. 种植，播种 n. 植物,,,
plastic,'plæstɪk,a.,a. 塑料的,,,
plate,pleɪt,n.,n. 板；片；牌；盘子；盆子,,,
platform,'plætfɔːm,n.,"n. 讲台,(车站的)月台",,,
play,pleɪ,v.,v. 玩；打（球）；游戏；播放 n. 玩耍，戏剧,,,
playroom,'pleɪruːm; -rʊm,n.,n. 游戏室,,,
player,'pleɪə,n.,n. 比赛者，选手,,,
playground,'pleɪgraʊnd,n.,n. 操场，运动场,,,
playmate,'pleɪmeɪt,n.,n. 玩伴,,,
pleasant,'plez(ə)nt,a.,a. 令人愉快的，舒适的,,,
please,pliːz,v.,"v. 请,使人高兴,使人满意",,,
pleased,pliːzd,a.,a. 高兴的,,,
pleasure,'pleʒə,n.,n. 高兴，愉快,,,
plenty,'plentɪ,n.,n. 充足，大量,,,
plot,plɑːt,v.,v. / n. 故事情节，密谋,,,
plug,plʌg,n.,n. 塞子 vt.（用塞子）把…塞住,,,
plus,plʌs,prep.,prep.加，加上,,,
p.m.,piːem,n.,"n. 下午,午后",,,
pocket,'pɒkɪt,n.,n. （衣服的）口袋,,,
poem,'pəʊɪm,n.,n. 诗,,,
poet,'pəʊɪt,n.,n. 诗人,,,
point,pɒɪnt,v.,v. 指，指向 n. 点；分数,,,
poison,'pɒɪz(ə)n,n.,n. 毒药,,,
poisonous,'pɔɪzənəs,a.,a. 有毒的，致命的,,,
pole,poul,n.,n. 杆，电线杆；,,,
the North Pole,ðə ˌnɔːθ ˈpəʊl,,（地球的）极，极地 北极,,,
the South Pole,ðə ˌsaʊθ ˈpəʊl,,（地球的）极，极地 南极,,,
police,pə'liːs,n.,n. 警察，警务人员,,,
policeman,pə'liːsmən,n.,"n.警察,巡警policewoman ( -women) n.女警察",,,
policy,ˈpɒlɪsɪ,n.,n. 政策，方针，原则,,,
polish,'pɑːlɪʃ,v.,"v.擦亮 n.擦光剂,亮光剂",,,
polite,pə'laɪt,a.,"a. 有礼貌的,有教养的",,,
political,pə'lɪtɪk(ə)l,a.,a. 政治的,,,
politician,pɒlɪ'tɪʃ(ə)n,n.,n. 政治家,,,
politics,'pɑːlətɪks,n.,n. 政治,,,
pollute,pə'luːt,vt.,vt. 污染,,,
pollution,pə'luːʃ(ə)n,n.,n. 污染,,,
pond,pɒnd,n.,n. 池塘,,,
pool,puːl,n.,n. 水塘，水池,,,
poor,pɔ:(r),a.,"a.贫穷；可怜；不好的,差的",,,
pop = popular,pɔp,a.,a. (口语) （音乐、艺术等）大众的，通俗的,,,
popcorn,'pɒpkɔːn,n.,n. 爆米花,,,
popular,'pɑːpjələ,a.,"a. 流行,大众,受欢迎的",,,
population,pɒpjʊ'leɪʃ(ə)n,n.,n. 人口，人数,,,
pork,pɔːk,n.,n. 猪肉,,,
porridge,'pɒrɪdʒ,n.,n. 稀饭，粥,,,
port,pɔːt,n.,n. 港口，码头,,,
portable,'pɔːrtəbl,a.,a.手提的，便携式的,,,
porter,'pɔːtə,n.,n. （火车站或旅馆处的）搬运工,,,
position,pə'zɪʃn,n.,n. 位置,,,
possess,pə'zes,vt.,vt. 占有；拥有,,,
possession,pə'zeʃ(ə)n,n.,n. 所有，拥有；财产，所有物,,,
possibility,",pɒsɪ'bɪlɪtɪ",vn.,vn. 可能，可能性,,,
possible,'pɒsɪb(ə)l,a.,a. 可能的,,,
possibly,'pɒsɪblɪ,adv.,adv. 可能地，也许,,,
post,pəʊst,n.,n. 邮政，邮寄，邮件 v. 投寄； 邮寄,,,
postage,'poustɪdʒ,n.,n. 邮费,,,
postbox,'pəʊs(t)bɒks,n.,n. 邮箱,,,
postcard,'pəʊs(t)kɑːd,n.,n. 明信片,,,
postcode,'pəʊs(t)kəʊd,n.,n. （英）邮政编码,,,
poster,'poustər,n.,n. (贴在公共场所的大型)招贴；广告(画),,,
postman,'pəʊs(t)mən,n.,n. 邮递员,,,
postpone,ˌpoust'poun,vt.,vt. 推迟，延期,,,
pot,pɒt,n.,n. 锅，壶，瓶，罐,,,
potato,pə'teɪtəʊ,n.,n. 土豆，马铃薯,,,
potential,pə'tenʃl,a.,a. 潜在的，可能的,,,
pound,paʊnd,n.,n. 磅；英镑,,,
pour,pɔː,vi.,vi. 倾泻，不断流出,,,
powder,'paudər,n.,n. 粉，粉末,,,
power,'paʊə,n.,n. 力，动力，电力,,,
powerful,'paʊəfʊl; -f(ə)l,a.,a. 效力大的，强有力的，强大的,,,
practical,'præktɪkl,a.,a. 实际的，适用的,,,
practice,'præktɪs,n.,n. 练习,,,
prairie,'preri,n.,n. 大草原,,,
praise,preɪz,,n.& vt.赞扬，表扬,,,
pray,preɪ,v.,v. 祈祷；祈求,,,
prayer,preə,n.,n. 祈祷,,,
precious,'preʃəs,a.,"a. 宝贵的, 珍贵的",,,
precise,prɪ'saɪs,a.,"a. 准确,精确的,确切的",,,
predict,prɪ'dɪkt,v.,v. 预言，预告，预报,,,
prefer,prɪ'fɜː,vt.,"vt.宁愿（选择）,更喜欢",,,
preference,'prefrəns,n.,n. 选择，趋向,,,
pregnant,'pregnənt,a.,a. 怀孕的,,,
prejudice,'predʒudɪs,n.,n. 偏见，成见,,,
premier,prɪ'mɪr,n.,n. 首相，总理,,,
preparation,",prepə'reɪʃ(ə)n",n.,n. 准备,,,
prepare,prɪ'peə,vt.,"vt. 准备,预备,调制,配制",,,
prescription,prɪ'skrɪpʃn,n.,n. 处方，药方,,,
present,prɪˈzent;(for n.)ˈpreznt,a.,a. 出现的，出席的 n. 礼物，赠品 vt. 呈奉，奉送,,,
presentation,ˌpriːzen'teɪʃn,n.,n. 演示，演出,,,
preserve,prɪ'zɜːrv,v.,v.保护，保留，保存,,,
president,'prezɪd(ə)nt,n.,n. 总统；主席,,,
press,pres,vt.,"vt.压,按 n.新闻界,出版社",,,
pressure,'preʃə,n.,"n. 压迫,压力,压强",,,
pretend,prɪ'tend,vi.,vi. 假装，装作,,,
pretty,'prɪtɪ,a.,a. 漂亮的，俊俏的,,,
prevent,prɪ'vent,vt.,"vt. 防止, 预防",,,
preview,'priːvjuː,vt.,vt. 预习;试演;预展,,,
price,praɪs,n.,n. 价格，价钱,,,
pride,praɪd,n.,n. 自豪，骄傲,,,
primary,'praɪm(ə)rɪ,a.,a. 初等的；初级的,,,
primary school,ˈpraɪmərɪ skuːl,,小学,,,
primitive,'prɪmətɪv,a.,a. 原始的，远古的,,,
principle,'prɪnsəpl,n.,n. 道德原则，法则,,,
print,prɪnt,vt.,vt. 印刷,,,
printer,'prɪntə,n.,n. 打印机,,,
printing,'prɪntɪŋ,n.,n. 印刷，印刷术,,,
prison,'prɪz(ə)n,n.,n. 监狱,,,
prisoner,'prɪz(ə)nə,n.,n. 囚犯,,,
private,ˈpraɪvɪt,a.,a. 私人的,,,
privilege,'prɪvəlɪdʒ,,特权，特殊待遇,,,
prize,praɪz,n.,n. 奖赏，奖品,,,
probable,'prɒbəb(ə)l,a.,"a.很可能,很有希望的",,,
probably,'prɒbəblɪ,ad.,ad. 很可能，大概,,,
problem,'prɒbləm,n.,n. 问题，难题,,,
procedure,prə'siːdʒər,n.,"n. 程序,手续,待遇",,,
process,'prɑːses,n.,"n./ v. 过程,加工,处理",,,
produce,prəˈdju:s;(for n.)ˈprɒdju:s,vt.,vt. 生产；制造,,,
product,'prɒdʌkt,n.,n. 产品，制品,,,
production,prə'dʌkʃ(ə)n,n.,n. 生产；制造,,,
profession,prə'feʃn,n.,n.（需要有高等教育学位的）职业（如医生或律师）,,,
professor,prə'fesə,n.,n. 教授,,,
profit,'prɒfɪt,n.,n. 利润，收益,,,
programme,'prəʊgræm,n.,n. 节目；项目 (美program),,,
progress,'prəʊgres,n.,"n.进步,上进vi.进展,进行",,,
prohibit,prə'hɪbɪt,v.,v. 禁止,,,
project,prəˈdʒekt; ˈprɒdʒekt,n.,n. 工程,,,
promise,'prɒmɪs,n.,n.& vi. 答应，允诺,,,
promote,prə'mout,v.,"v.促进,推动,促销,晋升",,,
pronounce,prə'naʊns,vt.,vt. 发音,,,
pronunciation,"prə,nʌnsɪ'eɪʃ(ə)n",n.,n. 发音,,,
proper,'prɒpə,a.,a. 恰当的，合适的,,,
properly,'prɒp(ə)lɪ,ad.,ad. 适当地,,,
protect,prə'tekt,vt.,vt. 保护,,,
protection,prə'tekʃ(ə)n,n.,n. 保护,,,
proud,praʊd,a.,a. 自豪的；骄傲的,,,
prove,pruːv,vt.,vt. 证明,,,
provide,prə'vaɪd,vt.,vt. 提供,,,
province,'prɒvɪns,n.,n. 省,,,
psychology,saɪ'kɑːlədʒi,n.,n. 心理学,,,
pub,pʌb,n.,n. 酒店，酒吧,,,
public,'pʌblɪk,a.,"a.公共,公众的 n. 公众",,,
publicly,'pʌblɪklɪ,ad.,ad. 当众；公开地,,,
publish,'pʌblɪʃ,t.,t. 出版，发行,,,
pull,pʊl,,拉，拖 n. 拉力，引力,,,
pulse,pʌls,n.,n. 脉搏，（光、能量、波等的）脉动，搏动,,,
pump,pʌmp,t.,t. 用泵抽水,,,
punctual,'pʌŋktʃuəl,a.,a. 准时的,,,
punctuate,'pʌŋktjueit,v.,v. 加标点,,,
punctuation,pʌŋ(k)tʃʊ'eɪʃ(ə)n; -tjʊ-,n.,n. 标点符号,,,
punish,'pʌnɪʃ,v.,v. 惩罚，处罚,,,
punishment,'pʌnɪʃm(ə)nt,n.,n. 惩罚,,,
pupil,'pjuːpɪl; -p(ə)l,n.,n. （小）学生,,,
purchase,'pɜːrtʃəs,v.,v. 购买，采购,,,
pure,pjur,a.,"a. 纯的, 不掺杂的",,,
purple,'pɜːp(ə)l,n.,n. / a. 紫色,,,
purpose,'pɜːpəs,n.,n. 目的，意图,,,
purse,pɜːs,n.,n. 钱包,,,
push,pʊʃ,n.,n.& v. 推,,,
put,pʊt,vt.,vt. 放，摆,,,
puzzle,'pʌzl,n.,"n. 难题,（字、画）谜",,,
puzzled,'pʌzld,a.,a. 迷惑的，困惑的,,,
pyramid,'pɪrəmɪd,n.,n. 角锥形，金字塔,,,
quake,kweɪk,n.,n.& v. 震动，颤抖,,,
qualification,",kwɒlɪfɪ'keɪʃ(ə)n",n.,n. 资格，学历,,,
quality,'kwɑːləti,n.,n. 质量，性质,,,
quantity,'kwɒntɪtɪ,n.,n. 量，数,,,
quarrel,'kwɒr(ə)l,vi.,vi. 争吵，吵架,,,
quarter,'kwɔːtə,n.,n. 四分之一，一刻钟,,,
queen,kwiːn,n.,n. 皇后，女王,,,
question,'kwestʃ(ə)n,vt.,vt. 询问 n. 问题,,,
questionnaire,ˌkwestʃə'ner,n.,n. 调查表，问卷,,,
queue,kjuː,n.,n. 行列，长队,,,
quick,kwɪk,a.,a. 快；敏捷的；急剧的 ad. 快地；敏捷地；急剧地,,,
quiet,'kwaɪət,a.,a. 安静的；寂静的,,,
quilt,kwɪlt,n.,n. 被子；被状物,,,
quit,kwɪt,v.,v. 离任，离校，戒掉,,,
quite,kwaɪt,ad.,ad. 完全，十分,,,
quiz,kwɪz,n.,n. 测验，小型考试,,,
rabbit,'ræbɪt,n.,n. 兔，家兔,,,
race,reɪs,n.,n. 种族，民族 v. （速度）竞赛，比赛 n. 赛跑，竞赛,,,
racial,'reɪʃ(ə)l,a.,a. 种族的,,,
radiation,ˌreɪdi'eɪʃn,n.,n. 放射，放射物,,,
radio,'reɪdɪəʊ,n.,n. 无线电，收音机,,,
radioactive,'reɪdiou'æktɪv,a.,a. 放射性的,,,
radium,'reɪdɪəm,n.,n. 镭,,,
rag,ræg,n.,n. 破布，抹布,,,
rail,reɪl,n.,n. 铁路,,,
railway,'reɪlweɪ,n.,n. 铁路；铁道,,,
rain,reɪn,n.,n. 雨，雨水 vi. 下雨,,,
rainbow,'reɪnbou,n.,n. 虹，彩虹,,,
raincoat,'reɪnkəʊt,n.,n. 雨衣,,,
rainfall,'reɪnfɔːl,n.,n. 一场雨； 降雨量,,,
rainy,'reɪnɪ,a.,a. 下雨的；多雨的,,,
raise,reɪz,vt.,vt. 使升高； 饲养,,,
random,'rændəm,a.,"a.随意,未经事先考虑的",,,
range,reɪndʒ,n.,n./ v. 变化，变动，排序,,,
rank,ræŋk,n.,n. 职衔，军衔,,,
rapid,'ræpɪd,a.,a. 快的，迅速的,,,
rare,rer,a.,a. 罕见的，稀有的,,,
rat,ræt,n.,n. 老鼠,,,
rate,reɪt,n.,n./ v. 率，评估，评价,,,
rather,'rɑːðə,ad.,ad. 相当，宁可,,,
raw,rɔː,a.,"a.生的,未煮过的,未加工的",,,
raw material,rɔː məˈtɪərɪəl,,原料,,,
ray,reɪ,n.,n. 光辉，光线,,,
razor,'reɪzə,n.,n. 剃须刀,,,
reach,riːtʃ,v.,v. 到达，伸手(脚)够到,,,
react,rɪ'ækt,v.,v. 回应，过敏，起物理，化学反应,,,
read,ri:d;red,v.,v. 读；朗读,,,
reading,'riːdɪŋ,n.,n. 阅读；朗读,,,
ready,'redɪ,a.,a. 准备好的,,,
real,riːl,a.,a. 真实的，确实的,,,
reality,rɪ'ælɪtɪ,n.,n. 现实,,,
realise,'rɪəlaɪz,vt.,"vt.认识到,实现【英】",,,
realize,'riːəlaɪz,vt.,"vt.认识到,实现 【美】",,,
really,'rɪəlɪ,adv.,adv. 真正地；到底；确实,,,
reason,'riːz(ə)n,vi.,"vi.评理,劝说n.理由,原因",,,
reasonable,'riːznəbl,a.,a. 合乎情理的,,,
rebuild,riː'bɪld,vt.,vt. 重建,,,
receipt,rɪ'siːt,n.,n. 收据,,,
receive,rɪ'siːv,v.,v. 收到，得到,,,
receiver,rɪ'siːvər,n.,n. 电话听筒,,,
recent,'riːs(ə)nt,a.,a. 近来的，最近的,,,
reception,rɪ'sepʃn,n.,n. 接待,,,
receptionist,rɪ'sepʃ(ə)nɪst,n.,n. 接待员,,,
recipe,'resəpi,n.,n. 烹饪法，食谱,,,
recite,rɪ'saɪt,v.,v. 背诵,,,
recognise,ˈrekəɡnaɪz,vt.,vt.认出【英】,,,
recognize,'rekəgnaɪz,vt.,vt.认出【美】,,,
recommend,ˌrekə'mend,v.,v. 推荐,,,
record,(for v.)rɪˈkɔːd; (for n.) ˈrekɔːd,n.,n. 记录；唱片,,,
record holder,ˈrekɔːd ˈhəʊldə(r),,记录保持者,,,
recorder,rɪ'kɔːdə,n.,n. 录音机,,,
recover,rɪ'kʌvər,vi.,vi. 痊愈；恢复,,,
recreation,ˌrekri'eɪʃn,n.,n. 娱乐，消遣,,,
recycle,riː'saɪk(ə)l,vt.,vt. 回收；再循环,,,
rectangle,'rektæŋgl,n.,"n. & a.长方形,长方形的",,,
red,red,n.,n. 红色 a.红色的,,,
redirect,ˌriːdi'rekt,vt.,vt. 使改变，使转移,,,
reduce,rɪ'djuːs,vt.,vt. 减少，缩减,,,
refer,rɪ'fɜːr,vi.,"vi. 谈到,提到,涉及,有关",,,
referee,refə'riː,n.,n. 裁判，仲裁，调解员,,,
reference,'refrəns,n.,"n.提到,涉及,谈及,查询",,,
reflect,rɪ'flekt,v.,v. 反映，反射,,,
reform,rɪ'fɔːrm,v.,v./ n. 改革，改进，改良,,,
refresh,rɪ'freʃ,v.,v. 使恢复精力，提醒,,,
refreshments,rɪ'freʃm(ə)nts,n.,n. 点心，便餐；(会议后的)简单茶点招待,,,
refrigerator,rɪ'frɪdʒəreɪtə,n.,n. 冰箱,,,
refusal,ri'fjuːzl,n.,n. 拒绝,,,
refuse,rɪ'fjuːz,vi.,vi. 拒绝，不愿,,,
regard,rɪ'gɑːd,v.,v. 把……看作,,,
regards,ri'ga:dz,n.,n. 问候，致意,,,
regardless,rɪ'gɑːrdləs,a.,a. 不顾，不加理会,,,
register,'redʒɪstər,n.,n. 登记簿，花名册，注册员 v. 登记，注册,,,
regret,rɪ'gret,n.,"n./ vt.可惜,遗憾;痛惜;哀悼",,,
regular,'regjələr,a.,a. 规则的，经常,,,
regulation,regjʊ'leɪʃ(ə)n,n.,n. 规则，规章,,,
reject,rɪ'dʒekt,v.,v. 拒绝,,,
relate,rɪ'leɪt,vi.,vi. 有关； 涉及,,,
relation,rɪ'leɪʃ(ə)n,n.,n. 关系； 亲属,,,
relationship,rɪ'leɪʃ(ə)nʃɪp,n.,n. 关系,,,
relative,'relətɪv,n.,n. 亲属，亲戚,,,
relax,rɪ'læks,v.,v. （使）放松，轻松,,,
relay,'riːleɪ,n.,n. 接力，接替人，中转 v. 接替，补充；转运,,,
relevant,'reləvənt,a.,"a. 紧密相关,有意义的",,,
reliable,rɪ'laɪəbl,a.,a. 可信赖的，可依靠的,,,
relief,rɪ'liːf,n.,"n. 轻松,解脱,缓和,救济",,,
religion,rɪ'lɪdʒən,n.,n. 宗教,,,
religious,rɪ'lɪdʒəs,a.,a. 宗教的,,,
rely,rɪ'laɪ,v.,v. 依赖，依靠,,,
remain,rɪ'meɪn,vt.,"vt.余下,留下vi.保持,仍是",,,
remark,rɪ'mɑːrk,n.,n. 陈述；话；议论,,,
remember,rɪ'membə,v.,v. 记得，想起,,,
remind,rɪ'maɪnd,vt.,vt. 提醒，使记起,,,
remote,rɪ'mout,a.,a. 偏远的，偏僻的,,,
remove,rɪ'muːv,vt.,vt. 移动，拿走，脱掉（衣服等）,,,
rent,rent,n.,n.& v. 租金,,,
repair,rɪ'peə,n.,n.& vt. 修理；修补,,,
repairs,rɪˈpeə(r),n.,n. 修理工作,,,
repeat,rɪ'piːt,vt.,vt. 重说，重做,,,
replace,rɪ'pleɪs,vt.,vt. 取代,,,
reply,rɪ'plaɪ,n.,n. 回答，答复,,,
report,rɪ'pɔːt,n.,n.& v. 报道，报告,,,
reporter,rɪ'pɔːtə,n.,n. 记者，新闻通讯员,,,
represent,ˌreprɪ'zent,vt.,vt. 代表,,,
representative,ˌreprɪ'zentətɪv,n.,"n.代表,典型人物",,,
republic,rɪ'pʌblɪk,n.,n. 共和国,,,
reputation,ˌrepju'teɪʃn,n.,n. 名声，名誉,,,
request,rɪ'kwest,n.,n. 请求，要求的事物,,,
require,rɪ'kwaɪə,vt.,vt. 需求；要求,,,
requirement,rɪ'kwaɪəm(ə)nt,n.,n. 需要； 要求； 必要的条件,,,
rescue,'reskjuː,vt.,vt. 营救，援救,,,
research,rɪ'sɜːtʃ; 'riːsɜːtʃ,n.,n. 研究，调查,,,
resemble,rɪ'zembl,v.,v. （不用进行时）像，看起来像,,,
reservation,ˌrezər'veɪʃn,n.,n. 预定,,,
reserve,rɪ'zɜːrv,n.,n. & v. 储备；预定,,,
resign,rɪ'zaɪn,v.,v. 辞职,,,
resist,rɪ'zɪst,v.,v. 抵抗；挡开,,,
respect,rɪ'spekt,vt.,vt.& n. 尊敬，尊重,,,
respond,rɪ'spɑːnd,v.,"v.回答,回应,作出反应",,,
responsibility,rɪˌspɒnsəˈbɪlətɪ,n.,n. 责任，负责,,,
rest,rest,n.,n. 休息；剩余的部分，其余的人（物） vi. 休息，歇息,,,
restaurant,ˈrestrɒnt,n.,"n. 饭馆, 饭店",,,
restrict,rɪ'strɪkt,v.,v. 限制,,,
restriction,rɪ'strɪkʃ(ə)n,n.,n. 限制，约束,,,
result,rɪ'zʌlt,n.,n. 结果，效果,,,
retell,riː'tel,vt.,vt. 重讲，重复，复述,,,
retire,rɪ'taɪər,v.,v. 退休,,,
return,rɪ'tɜːn,v.,v. 归还,,,
reuse,riː'juːz,vt.,vt. 重新使用；循环使用,,,
review,rɪ'vjuː,vt.,vt. 重新调查； 回顾； 复习 n. 复查；复习；评论,,,
reviewer,rɪ'vjuːə,n.,n. 评论者；书评家,,,
revision,rɪ'vɪʒ(ə)n,n.,n. 复习，温习,,,
revolution,ˌrevə'luːʃn,n.,n. 革命，变革,,,
reward,rɪ'wɔːrd,n.,n. 奖赏,,,
rewind,riː'waɪnd,v.,v. 回转（磁带等）,,,
rewrite,riː'raɪt,vt.,vt. 重写,,,
rhyme,raɪm,n.,n./ v. 押韵,,,
rice,raɪs,n.,n. 稻米；米饭,,,
rich,rɪtʃ,a.,a. 富裕的，有钱的,,,
rid,rɪd,vt.,vt. 使摆脱,,,
riddle,'rɪdl,n.,n. 谜(语),,,
ridiculous,rɪ'dɪkjələs,a.,a. 荒谬的，愚蠢的,,,
ride rode ridden,raɪd,v.,v. 骑（马、自行车）；乘车 n. 乘车旅行 【一般现在 过去式 过去分词】,,,
right,raɪt,n.,"n.权利 a.对,正确的 ad. 正确地,恰恰,完全地 a. 右,右边的",,,
right-handed,raɪt-hænd,a.,a. 惯用右手的【连字符】,,,
right-wing,raɪt-wɪŋ,n.,n. 右翼【连字符】,,,
ring rang rung,rɪŋ,v.,v. （钟、铃等）响；打电话 n. 电话，铃声 n. 环形物（如环、圈、戒指等） 【一般现在 过去式 过去分词】,,,
ring-road,rɪŋ-rəʊd,n.,n. 环形公路【连字符】,,,
rigid,'rɪdʒɪd,a.,"a. 死板的,僵硬的,固执的",,,
ripe,raɪp,a.,a. 成熟的，熟的,,,
ripen,'raɪpən,v.,v. 成熟,,,
rise rose risen,raɪz,vi.,vi. 上升，上涨 【一般现在 过去式 过去分词】,,,
risk,rɪsk,n.,n./ v. 危险，风险，冒险,,,
river,'rɪvə,n.,n. 江；河；水道；巨流,,,
road,rəʊd,n.,n. 路，道路,,,
roast,rəʊst,v.,v. 烤（肉）,,,
rob,rɑːb,v.,v. 抢夺，抢劫,,,
robot,'rəʊbɒt,n.,n. 机器人,,,
rock,rɒk,n.,"n.岩石,大石头vt. 摇,摇晃",,,
rocket,'rɒkɪt,n.,n. 火箭,,,
role,rəʊl,n.,n. 角色,,,
roll,roul,v.,"v. 滚动, 打滚 n. 面包圈，小圆面包；卷状物",,,
roller,'rəʊlə,n.,n. 滚筒； 辊,,,
roller skating,,,滑旱冰,,,
roof,ruːf,n.,n. 屋顶，顶部,,,
room,ruːm; rʊm,n.,"n. 房间,室;空间;地方",,,
rooster,'ruːstə,n.,n. (美)公鸡,,,
root,ruːt,n.,n. 根，根源，起源,,,
rope,rəʊp,n.,n. 绳，索,,,
rose,rəʊz,n.,n. 玫瑰花,,,
rot,rɒt,vi.,vi. 烂； 腐败,,,
rough,rʌf,a.,a. 粗糙的，粗略的,,,
round,raʊnd,ad.,ad. 转过来 prep. 环绕一周，围着 a.圆的；球形的,,,
roundabout,'raʊndəbaʊt,a.,a. & n. 绕道的，不直接的；转盘路,,,
routine,ruː'tiːn,n.,"n. 常规,正常顺序,无聊",,,
row,rəʊ,n.,"n.（一）排,（一）行 v.划船",,,
royal,'rɒɪəl,a.,a. 皇家的，王室的，国王的，女王的,,,
rubber,'rʌbə,n.,n. 橡胶； 合成橡胶,,,
rubbish,'rʌbɪʃ,n.,n. 垃圾； 废物,,,
rude,ruːd,a.,"a. 无理的, 粗鲁的",,,
rugby,'rʌgbi,n.,n. （英）橄榄球,,,
ruin,'ruːɪn,vt.,vt. （使）毁坏；（使） 毁灭 n. (复) 废墟；遗迹,,,
rule,ruːl,n.,"n. 规则,规定 vt.统治,支配",,,
ruler,'ruːlə,n.,n. 统治者；直尺,,,
run ran run,rʌn,vi.,vi. 跑，奔跑；（颜色）褪色 【一般现在 过去式 过去分词】,,,
runner,'rʌnə,n.,n. 赛跑者；操作者；滑行装置,,,
running,'rʌnɪŋ,n.,n. 跑步,,,
rush,rʌʃ,vi.,vi. 冲，奔跑,,,
Russia,'rʌʃə,,* n. 俄罗斯，俄国,,,
Russian,'rʌʃ(ə)n,a.,a. 俄国人的，俄语的 n. 俄国人，俄语,,,
sacred,'seɪkrɪd,a.,a. 害怕，恐惧，担心,,,
sacrifice,'sækrɪfaɪs,vt.,vt. 牺牲,,,
sad,sæd,a.,a. （使人）悲伤的,,,
sadness,'sædnəs,n.,n. 悲哀，忧伤,,,
safe,seɪf,a.,a. 安全的 n. 保险柜,,,
safety,'seɪftɪ,n.,n. 安全，保险,,,
sail,seɪl,n.,n. 航行 v. 航行，开航,,,
sailing,'seɪlɪŋ,n.,n. 航海,,,
sailor,'seɪlə,n.,n. 水手，海员,,,
salad,'sæləd,n.,n. 色拉（西餐中的一种菜）,,,
salary,'sælərɪ,n.,n. 薪金，薪水,,,
sale,seɪl,n.,n. 卖，出售,,,
salesgirl,ˈseɪlzɡɜːl,n.,n. 女售货员,,,
salesman,'seɪlzmən,n.,n. 男售货员,,,
saleswoman,"'seɪlz,wʊmən",n.,n. 女售货员,,,
salt,sɔːlt; sɒlt,n.,n. 盐,,,
salty,'sɔːltɪ; 'sɒ-,a.,a. 盐的，咸的，含盐的,,,
salute,sə'l(j)uːt,v.,v.& n. 敬礼,,,
same,seɪm,n.,"n.同样的事a同样的,同一",,,
sand,sænd,n.,n. 沙，沙子,,,
sandwich,'sæn(d)wɪdʒ; -wɪtʃ,n.,n.三明治（夹心面包片）,,,
satellite,'sætəlaɪt,n.,n. 卫星,,,
satisfaction,sætɪs'fækʃ(ə)n,n.,n. 满意,,,
satisfy,'sætɪsfaɪ,vt.,vt. 满足，使满意,,,
Saturday,ˈsætədɪ; -deɪ,n.,n. 星期六,,,
sauce,sɔːs,n.,n. 酱汁； 调味汁,,,
saucer,'sɔːsə,n.,n. 茶碟，茶托，小圆盘,,,
sausage,'sɒsɪdʒ,n.,n. 香肠，腊肠,,,
savage,'sævɪdʒ,n.,n. 野蛮人，未开化的人,,,
save,seɪv,vt.,vt. 救，挽救，节省,,,
say said said,seɪ,vt.,vt. 说，讲 【一般现在 过去式 过去分词】,,,
saying,'seɪɪŋ,n.,n. 说，俗话，谚语,,,
scan,skæn,v.,v. 略读，浏览，扫描,,,
scar,skɑːr,n.,n. 伤疤，伤痕,,,
scare,skeə,v.,v. 使害怕，使恐惧,,,
scarf,skɑːf,n.,n. 领巾，围巾,,,
scene,siːn,n.,n. （戏剧、电影等的）一场，场景，布景,,,
scenery,'siːn(ə)rɪ,n.,n. 风景，景色，风光,,,
sceptical,'skeptɪk(ə)l,a.,a.怀疑的,,,
schedule,'skedʒuːl,n.,n. 工作计划，日程安排v. 安排时间，预定,,,
school,skuːl,n.,n. 学校,,,
scholar,'skɑːlər,n.,n. 学者,,,
scholarship,'skɑːlərʃɪp,n.,n. 奖学金,,,
schoolbag,'skuːlbæɡ,n.,n. 书包,,,
school-leaver,"'sku:l,li:və",n.,n.(英)学校毕业生【连字符】,,,
schoolmate,'skuːlmeɪt,n.,n. 同校同学,,,
science,'saɪəns,n.,n. 科学，自然科学,,,
scientific,ˌsaɪən'tɪfɪk,a.,a. 科学的,,,
scientist,'saɪəntɪst,n.,n. 科学家,,,
scissors,'sɪzəz,n.,n. 剪刀，剪子,,,
scold,skəʊld,vt.,vt. 责骂,,,
score,skɔː,n.,n.& v. 得分，分数,,,
scores,skɔːz,n.,n. 许多，很多,,,
Scotland,'skɔtlənd,,* n. 苏格兰,,,
Scottish,'skɔtiʃ,a.,a. 苏格兰（人）的 n. 苏格兰人,,,
Scratch,skrætʃ,v.,v./ n. 划破，划痕，划伤,,,
scream,skriːm,n.,n. 尖叫,,,
screen,skriːn,n.,n. 幕，荧光屏,,,
sculpture,'skʌlptʃər,n.,n. 雕塑（术），雕刻（术），雕刻作品，雕像,,,
sea,siː,n.,n. 海，海洋,,,
seagull,'siːgʌl,n.,n. 海鸥,,,
seal,siːl,n.,n. 海豹,,,
seaman,'siːmən,n.,n. 水手； 海员,,,
search,sɜːtʃ,n.,n.& v. 搜寻，搜查,,,
seashell,'siːʃel,n.,n. 海贝,,,
seaside,'siːsaɪd,n.,n. 海滨,,,
season,'siːz(ə)n,n.,n. 季；季节,,,
seat,siːt,n.,n. 座位，座,,,
seaweed,'siːwiːd,n.,"n. 海草,海藻,海带",,,
second,'sek(ə)nd,n.,n.秒 num.第二a.第二的,,,
secondhand,'sekənd'hænd,n.,n. 二手货; 旧货,,,
secret,'siːkrɪt,n.,n. 秘密，内情,,,
secretary,ˈsekrətrɪ,n.,n. 秘书；书记,,,
section,'sekʃn,n.,n. 段，部分，部门,,,
secure,sə'kjur,a.,"a.安心的,有把握的,牢靠的",,,
security,sɪ'kjʊərətɪ,n.,n. 安全，平安,,,
see saw seen,siː,vt.,vt. 看见，看到；领会；拜会 【一般现在 过去式 过去分词】,,,
seed,siːd,n.,n. 种子,,,
melon seed,ˈmelən siːd,,瓜子,,,
seek sought sought,siːk,vt.,vt.试图;探寻 【一般现在 过去式 过去分词】,,,
seem,siːm,v.,v. 似乎，好像,,,
see-saw,siː-sɔː,n.,n. 跷跷板（游戏）【连字符】,,,
seize,siːz,vt.,vt. 抓住(时机等),,,
seldom,'seldəm,ad.,ad. 很少，不常,,,
select,sɪ'lekt,vt.,vt. 选择，挑选，选拔,,,
self,self,n.,n. 自己，自我，自身,,,
selfish,'selfɪʃ,a.,a. 自私的,,,
self-service,self-ˈsɜːvɪs,n.,"n.自助,自我服务的",,,
sell sold sold,sel,v.,v. 卖，售 【一般现在 过去式 过去分词】,,,
semicircle,'semɪsɜːkl,n.,n. 半圆,,,
send sent sent,send,v.,v. 打发，派遣；送，邮寄 【一般现在 过去式 过去分词】,,,
senior,'siːniər,a.,"a. 年长的,资深的,高年级的 n. 上级，长辈，高年级生",,,
sense,sens,n.,n. 感觉，意识,,,
sensitive,'sensətɪv,a.,"a.体贴的,善解人意的",,,
sentence,'sent(ə)ns,n.,n. 句子,,,
separate,(for v.) ˈsepəreɪt; (for adj.) ˈseprət,v.,v. 使分开，使分离a. 单独的，分开的,,,
separately,'sep(ə)rətlɪ,ad.,ad. 单独地，各自地,,,
separation,sepə'reɪʃ(ə)n,n.,n. 分离，隔离,,,
September,sep'tembə,n.,n. 9月,,,
serious,'sɪərɪəs,a.,"a.严肃的,严重的,认真的",,,
servant,'sɜːv(ə)nt,n.,n. 仆人，佣人,,,
serve,sɜːv,vt.,"vt. 招待（顾客等）,服务",,,
service,'sɜːvɪs,n.,n. 服务,,,
service-charge,ˈsɜːvɪs-tʃɑːdʒ,n.,"n. 服务费,小费【连字符】",,,
session,'seʃn,n.,"n.一场,一节,一段时间",,,
set set set,set,vt.,vt. 释放，安置 n. 装备，设备 【一般现在 过去式 过去分词】,,,
settle,'setl,vi.,vi. 安家，定居,,,
settlement,'set(ə)lm(ə)nt,n.,n. 新拓居地；（美）部落，村落,,,
settler,'setlə,n.,n. 移居者，开拓者,,,
seven,'sev(ə)n,num.,num. 七,,,
seventeen,sev(ə)n'tiːn; 'sev(ə)ntiːn,num.,num. 十七,,,
seventh,'sev(ə)nθ,num.,num. 第七,,,
seventy,'sev(ə)ntɪ,num.,num. 七十,,,
several,ˈsevrəl,pron.,"pron. 几个,数个 a.若干",,,
severe,sɪ'vɪr,a.,"a.极为恶劣,十分严重的",,,
sew,sou,vi.,"vi. 缝, 缝制；缝补；缝纫",,,
sex,seks,n.,n. 性，性别,,,
shabby,'ʃæbɪ,a.,"a.破旧,破烂,衣衫褴褛的",,,
shade,ʃeɪd,n.,n. 阴凉处，树荫处,,,
shadow,'ʃædəʊ,n.,"n. 影子, 阴影",,,
shake shook shaken,ʃeɪk,v.,v. （使）动摇，震动 【一般现在 过去式 过去分词】,,,
shall should,"ʃæl, ʃ(ə)l",v.,v. aux. （表示将来）将要，会；……好吗 【一般现在 过去式 过去分词】,,,
shallow,'ʃælou,a.,"a. 浅的,不深的,肤浅的",,,
shame,ʃeɪm,n.,n. 遗憾的事；羞愧,,,
Shanghai,ʃæŋˈhaɪ,n.,n. 上海,,,
shape,ʃeɪp,n.,n. 形状，外形 v. 使成型，制造，塑造,,,
share,ʃeə,vt.,vt. 分享，共同使用,,,
shark,ʃɑːk,n.,n. 鲨鱼,,,
sharp,ʃɑːp,a.,a. 锋利的，尖的,,,
sharpen,'ʃɑːrpən,v.,v. （使）变锐利，削尖,,,
sharpener,'ʃɑːpənə,n.,n. 削尖用的器具,,,
pencil-sharpener,ˈpens(ə)l-ˈʃɑːpənə(r),,转笔刀【连字符】,,,
shave,ʃeɪv,v.,v. 刮（脸，胡子）,,,
shaver,'ʃeɪvə,n.,n. 电动剃须刀,,,
she,ʃiː,pron.,pron. 她,,,
sheep,ʃiːp,n.,n. （绵）羊；羊皮；驯服者,,,
sheet,ʃiːt,n.,n. 成幅的薄片，薄板,,,
shelf shelves,ʃelf,n.,n. 架子；搁板；格层；礁；陆架【单数 复数】,,,
shelter,'ʃeltər,n.,n. 掩蔽；隐蔽处,,,
shine,ʃaɪn,n.,n. 光泽；光彩；阳光；晴天；光(亮),,,
ship,ʃɪp,n.,n. 船，轮船 vi. 用船装运,,,
shirt,ʃɜːt,vn.,vn. 男衬衫,,,
shock,ʃɒk,vt.,vt. 使震惊,,,
shoe,ʃuː,n.,n. 鞋,,,
shoot,ʃuːt,,"(shot, shot) vt. 射击，射中，发射 n. 嫩枝；苗；芽",,,
shooting,'ʃuːtɪŋ,n.,n. 射击,,,
shop,ʃɒp,vi.,"vi. 买东西 n. 商店,车间",,,
shop assistant,ʃɔp əˈsɪst(ə)nt,,(英) 售货员,,,
shopkeeper,'ʃɒpkiːpə,n.,n. 店主，零售商人,,,
shopping,'ʃɒpɪŋ,n.,n. 买东西,,,
shore,ʃɔːr,n.,n. 滨，岸,,,
short,ʃɔːt,a.,a. 短的；矮的,,,
shortcoming,'ʃɔːtkʌmɪŋ,n.,n. 缺点，短处,,,
shortly,'ʃɔːrtli,ad.,ad. 不久,,,
shorts,ʃɔːts,n.,n. 短裤；运动短裤,,,
shortwave,'ʃɔːt'weɪv,n.,n. 短波,,,
should,ʃəd; strong form ʃʊd,v.,"v. mod. 应当，应该，会 v. aux.会,应该（shall的过去时态）",,,
shoulder,'ʃəʊldə,n.,"n. 肩膀,(道路的)路肩",,,
shout,ʃaʊt,n.,n.& v. 喊，高声呼喊,,,
show,ʃəʊ,n.,"n. 展示,展览（会）;演出show",,,
shower,'ʃaʊə,n.,n. 阵雨；淋浴,,,
shrink,ʃrɪŋk,v.,v. 缩小，收缩，减少,,,
shut,ʃʌt,v.,v. / n. 关上，封闭；禁闭；,,,
shuttle,'ʃʌtl,vn.,vn. 合拢 （往返与两个定点之间的）（火车汽车飞机）班车/机,,,
shy,ʃaɪ,a.,a. 害羞的,,,
sick,sɪk,a.,"a.有病的,患病的",,,
sickness,'sɪknɪs,n.,"n. 疾病,（想）呕吐",,,
side,saɪd,n.,n. 边，旁边，面，侧面,,,
sideway,ˈsaɪdweɪz,n.,n.人行道 n. 岔路，旁路,,,
sideways,'saɪdweɪz,ad.,ad. 斜向一边的,,,
sigh,saɪ,vi.,vi. 叹息；叹气,,,
sight,saɪt,n.,n. 情景，风景；视力,,,
sightseeing,'saɪtsiːɪŋ,n.,n. 游览，观光,,,
sign,saɪn,n.,n. 符号，标记,,,
signal,'sɪgnəl,n.,n. 信号，暗号,,,
signature,'sɪgnətʃə,n.,n. 签名,,,
significance,sɪg'nɪfɪk(ə)ns,n.,n. 重要性，意义,,,
silence,'saɪləns,n.,n. 安静，沉默,,,
silent,'saɪlənt,a.,a. 无声的，无对话的,,,
silk,sɪlk,n.,n. （蚕）丝，丝织品,,,
silly,'sɪlɪ,a.,a. 傻的，愚蠢的,,,
silver,'sɪlvə,n.,n. 银,,,
similar,'sɪmɪlə,a.,a. 相似的，像,,,
simple,'sɪmp(ə)l,a.,a. 简单的，简易的,,,
simple-minded,ˈsɪmp(ə)l maɪndɪ,a.,"a.纯朴,头脑简单【连字符】",,,
simplify,'sɪmplɪfaɪ,v.,v. 使简化，使简易,,,
simply,'sɪmplɪ,ad.,"ad.简单地,(加强语气)的确",,,
since,sɪns,ad.,ad. 从那时以来 conj. 从…以来，…以后，由于 prep. 从…以来,,,
sincerely,sɪn'sɪəlɪ,ad.,ad. 真诚地,,,
sing sang sung,sɪŋ,v.,v. 唱，唱歌 【一般现在 过去式 过去分词】,,,
singer,'sɪŋə(r),n.,n. 歌唱家，歌手,,,
single,'sɪŋg(ə)l,a.,a. 单一的，单个的,,,
sink,sɪŋk,n.,n. 洗涤槽；污水槽,,,
sink sank sunk,sɪŋk,vi.,vi. 下沉；消沉 【一般现在 过去式 过去分词】,,,
sir,sɜː,n.,n. 先生；阁下,,,
sister,'sɪstə,n.,n. 姐；妹,,,
sister-in-law,ˈsɪstə(r) -ɪn-lɔː,n.,n. 嫂，弟媳,,,
sit sat sat,sɪt,vi.,vi. 坐 【一般现在 过去式 过去分词】,,,
situation,sɪtjʊ'eɪʃ(ə)n,n.,n. 形势，情况,,,
six,sɪks,num.,num. 六,,,
sixth,sɪksθ,num.,num. 第六,,,
sixty,'sɪkstɪ,num.,num. 六十,,,
sixteen,sɪks'tiːn; 'sɪkstiːn,num.,num. 十六,,,
sixteenth,'sɪks'tiːnθ,num.,num. 第十六,,,
size,saɪz,n.,n. 尺寸，大小,,,
skate,skeɪt,vi.,vi. 溜冰，滑冰,,,
skateboard,'skeɪtbɔːd,n.,n. 冰鞋，滑板,,,
ski,skiː,n.,n.& vi. 滑雪板；滑雪,,,
skill,skɪl,n.,n. 技能，技巧,,,
skilled,skɪld,a.,a. 熟练的；有技能的,,,
skillful,'skilful,a.,"a. 熟练,精湛的,灵巧的",,,
skillfully,ˈskilfuli,ad.,"ad. 精湛地,巧妙地",,,
skin,skɪn,n.,n. 皮，皮肤；兽皮,,,
skip,skɪp,v.,v. 蹦蹦跳跳；跳绳,,,
skipping,skɪpɪŋ,,rope （跳绳用）绳,,,
skirt,skɜːt,n.,n. 女裙,,,
sky,skaɪ,n.,n. 天；天空,,,
skyscraper,'skaɪskreɪpər,n.,n. 摩天楼,,,
slave,sleɪv,n.,n. 奴隶,,,
slavery,'sleɪv(ə)rɪ,n.,n. 奴隶制度,,,
sleep,sliːp,n.,n. 睡觉,,,
sleep slept slept,sliːp,vi.,vi. 睡觉 【一般现在 过去式 过去分词】,,,
sleepy,'sliːpɪ,a.,"a. 想睡的,困倦的,瞌睡的",,,
sleeve,sliːv,n.,n. 袖子，袖套,,,
slice,slaɪs,n.,n. 片，切面（薄）片,,,
slide,slaɪd,n.,"n.幻灯片,滑道 v.滑行,滑动",,,
slight,slaɪt,a.,a. 轻微的，细小的,,,
slim,slɪm,a.,a. 苗条的，纤细的,,,
slip,slɪp,n.,n. 片，条，纸片，纸条,,,
slow,sləʊ,ad.,ad. 慢慢地，缓慢地,,,
small,smɔːl,a.,a. 小的，少的,,,
smart,smɑːt,a.,a. 灵巧的，伶俐的；（人、服装等）时髦的，帅的,,,
smell,smel,v.,v. 嗅，闻到；发气味 n. 气味,,,
smelly,'smelɪ,a.,"a. 有臭味的,发出臭味的",,,
smile,smaɪl,n.,n.& v. 微笑,,,
smog,smɒg,n.,n. 烟雾(= smoke + fog),,,
smoke,sməʊk,n.,n. 烟 v. 冒烟；吸烟,,,
smoke-free,sməʊk-friː,a.,"a. 非吸烟的,无烟的",,,
smoker,'sməʊkə,n.,n. 吸烟者,,,
smoking,'sməʊkɪŋ,n.,"n. 吸烟,抽烟;冒烟",,,
smooth,smuːð,a.,a. 光滑的;平坦的,,,
snack,snæk,n.,n. 小吃,,,
snack bar,snæk bɑː,n.,n. 快餐店,,,
snake,sneɪk,n.,n.蛇v.蛇般爬行;蜿蜒行进,,,
snatch,sneɪk,v.,v. 夺，夺得，夺走,,,
sneaker,'sniːkər,n.,n. （复）轻便运动鞋（美）,,,
sneeze,sniːz,v.,v. 打喷嚏,,,
sniff,snɪf,v.,"v. 抽鼻子（哭,患感冒时）",,,
snow,snəʊ,n.,n. 雪 vi.下雪,,,
snowball,'snəʊbɔːl,n.,n. 雪球,,,
snowman,'snəʊmæn,n.,n. 雪人,,,
snowy,'snəʊɪ,a.,a. 雪(白)的；下雪的；多(积)雪的,,,
so,səʊ,ad.,ad. 如此，这么；非常；同样 conj. 因此，所以,,,
soap,səʊp,n.,n. 肥皂,,,
sob,sɒb,n.,n.& v. 抽泣，啜泣,,,
soccer,'sɑːkər,n.,n.英式足球,,,
social,'səʊʃ(ə)l,a.,a. 社会的；社交的,,,
socialism,'səʊʃəlɪz(ə)m,n.,n. 社会主义,,,
socialist,'səʊʃ(ə)lɪst; 'səʊʃəlɪst,a.,a. 社会主义的,,,
society,sə'saɪətɪ,n.,n. 社会,,,
sock,sɒk,n.,n. 短袜,,,
socket,'sɒkɪt,n.,n. （电源）插座,,,
sofa,'səʊfə,n.,n. （长）沙发,,,
soft,sɔːft,a.,a. 软的，柔和的,,,
software,'sɒf(t)weə,n.,n. 软件,,,
softdrink,sɔft drɪŋk,n.,n. (不含酒精)清凉饮料,,,
softball,'sɒf(t)bɔːl,n.,n. 垒球,,,
soil,sɔɪl,n.,n. 土壤，土地,,,
solar,'səʊlə,a.,a. 太阳的,,,
soldier,'səʊldʒə,n.,n. 士兵，战士,,,
solid,'sɑːlɪd,a.,"a. 结实的,固体的 n.固体",,,
some,sʌm;səm,a.,a. 一些，若干；有些；某一 pron. 若干，一些,,,
somebody,'sʌmbədɪ,pron.,pron. 某人；有人；有名气的人,,,
someone,'sʌmwʌn,pron.,pron. 某一个人,,,
something,'sʌmθɪŋ,pron.,pron. 某事；某物,,,
sometimes,'sʌmtaɪmz,ad.,ad. 有时,,,
somewhere,'sʌmweə,ad.,ad. 在某处,,,
son,sʌn,n.,n. 儿子,,,
song,sɒŋ,n.,n. 歌唱；歌曲,,,
soon,suːn,ad.,"ad. 不久,很快,一会儿",,,
sorrow,'sɒrəʊ,n.,n. 悲伤，悲痛,,,
sorry,'sɒrɪ,a.,"a. 对不起,抱歉;难过的",,,
sort,sɔːt,vt.,vt. 把…分类，拣选 n. 种类，类别,,,
so-so,səʊ-səʊ,a.,a. 一般；不怎么样；凑合,,,
soul,səʊl,n.,n. 灵魂；心灵；气魄,,,
sound,saʊnd,vi.,"vi.听起来,发出声音n.声音",,,
soup,suːp,n.,n. 汤,,,
sour,saʊə,a.,a. 酸的，馊的,,,
south,saʊθ,a.,a. 南(方)的；向南的；从南来的 ad. 在南方；向南方；自南方 n. 南；南方；南风；南部,,,
southeast,",saʊθ'iːst",n.,n. 东南,,,
southern,'sʌð(ə)n,a.,a. 南部的，南方的,,,
southwest,",saʊθ'west",n.,n. 西南,,,
souvenirs,",suːvə'nɪəz",n.,"n.旅游纪念品,纪念物",,,
sow,sou,vt.,vt.播种,,,
space,speɪs,n.,n. 空间,,,
spaceship,'speɪsʃɪp,n.,n. 宇宙飞船,,,
spade,speɪd,n.,n. 铲子;纸牌中的黑桃,,,
spaghetti,,n.,n. 意大利式面条,,,
Spain,spein,n.,n. 西班牙,,,
Spanish,'spænɪʃ,a.,a. 西班牙人的，西班牙的，西班牙语的 n. 西班牙语,,,
spare,speə,a.,"a. 空闲,多余的，剩余的",,,
sparrow,'spærəʊ,n.,n. 麻雀，雀型鸟类,,,
speak spoke spoken,ˈspærəʊ,v.,v. 说，讲；谈话；发言 【一般现在 过去式 过去分词】,,,
speaker,'spiːkə,n.,n. 演讲人，演说家,,,
spear,spɪr,n.,n. 矛，枪，梭镖,,,
special,'speʃ(ə)l,a.,a. 特别的，专门的,,,
specialist,'speʃ(ə)lɪst,n.,n. （医学）专家，专科医生；专家；专业人员,,,
specific,spə'sɪfɪk,a.,"a.明确的,具体的,独特的",,,
speech,spiːtʃ,n.,n. 演讲,,,
speed,spiːd,n.,n. 速度 v. （使）加速,,,
spell,spel,vt.,vt. 拼写,,,
spelling,'spelɪŋ,n.,n. 拼写，拼读,,,
spend spent spent,ˈspelɪŋ,v.,v. 度过；花费（钱、时间等） 【一般现在 过去式 过去分词】,,,
spin,spɪn,v.,v.& n. 纺，（使）快速旋转；旋转，旋转运动,,,
spirit,'spɪrɪt,n.,n. 精神,,,
spiritual,'spɪrɪtʃʊəl; -tjʊəl,a.,a. 精神的； 心灵的,,,
spit,spɪt,v.,v. 吐唾沫；吐痰,,,
splendid,'splendɪd,a.,a. 灿烂的，辉煌的；（口语）极好的,,,
split,splɪt,v.,v. 撕开;切开,,,
spoken,'spəʊk(ə)n,a.,a. 口语的,,,
spokesman,ˈspəʊkən mæn,n.,n. 发言人,,,
sponsor,'spɑːnsər,n.,n. 赞助者，赞助商,,,
spoon,spuːn,n.,"n. 匙, 调羹",,,
spoonful,'spuːnfʊl,n.,n. 一匙（的量）,,,
sport,spɔːt,vn.,vn. 体育运动，锻炼；(复，英)运动会,,,
spot,spɑːt,n.,n. 斑点，污点；场所，地点 v. 沾上污渍，弄脏,,,
spray,spreɪ,n.,"n. / v. 水雾,喷雾(器)喷洒",,,
spread,spred,v.,v. 延伸； 展开,,,
spring,sprɪŋ,n.,"n. 春天,春季 n. 泉水,泉",,,
spy,spaɪ,n.,"n. 密探,间谍 v.侦探,刺探",,,
square,skweə,n.,n. 广场 a. 平方的；方形的，宽而结实的（体格，肩膀）,,,
squeeze,skwiːz,n.,n. 挤压，捏，塞,,,
squid,skwɪd,n.,n. 鱿鱼,,,
squirrel,'skwɜːrəl,n.,n. 松鼠,,,
stable,'steɪbl,a.,a. 稳固的，牢固的,,,
stadium,'steɪdɪəm,n.,n. （露天）体育场,,,
staff,stæf,n.,n. 全体职工（雇员）,,,
stage,steɪdʒ,n.,n. 舞台；阶段,,,
stain,steɪn,n.,n. 污点，污渍，染色剂,,,
stainless,'steɪnlɪs,a.,a. 无污点的,,,
stainless steel,ˈsteɪnlɪs stiːl,,不锈钢,,,
stair,steə,n.,n. 楼梯,,,
stamp,stæmp,n.,n. 邮票,,,
stand,stænd,n.,n. 站；立；停止；立场；地位；台；坛；摊,,,
stand stood stood,stænd,v.,v. 站；立；起立；坐落；经受；持久 【一般现在 过去式 过去分词】,,,
standard,'stændəd,n.,n. & a. 标准（的）,,,
star,stɑː,n.,n. 星，恒星,,,
stare,steə,vi.,vi. 盯，凝视,,,
start,stɑːt,v.,v. 开始，着手；出发,,,
starvation,stɑː'veɪʃn,n.,n. 饥饿； 饿死,,,
starve,stɑːv,v.,v. 饿死,,,
state,steɪt,n.,n. 状态； 情形；国家，（美国的）州,,,
station,'steɪʃ(ə)n,n.,n. 站，所，车站；电台,,,
statement,'steɪtm(ə)nt,n.,n.声明，陈诉，说法,,,
statesman,'steɪtsmən,n.,n. 政治家,,,
statistics,stə'tɪstɪks,n.,n. 统计数字，统计资料，统计学,,,
statue,'stætʃuː,n.,n. 法令，法规，章程,,,
status,'steɪtəs,n.,n. 法律地位（身份）,,,
stay,steɪ,n.,n.& vi. 停留，逗留，呆,,,
steady,'stedi,a.,a. 稳固的；平稳的,,,
steak,steɪk,n.,n. 牛排，肉排，鱼排,,,
steal stole stolen,stiːl,vt.,"vt. 偷, 窃取 【一般现在 过去式 过去分词】",,,
steam,stiːm,n.,n. 汽，水蒸气,,,
steel,stiːl,n.,n. 钢，钢铁,,,
steep,stiːp,a.,a. 险峻的； 陡峭的,,,
step,step,n.,"n.脚步,台阶,梯级 vi.走,跨步",,,
step-mother,step-ˈmʌðə(r),n.,n. 继母【连字符】,,,
steward,'stjuːəd,n.,n. (火车、飞机、轮船等)男服务员；男乘务员,,,
stewardess,"'stjuːədɪs; ,stjuːə'des",n.,"n.女乘务员,空中小姐",,,
stick stuck stuck,stɪk,vi.,"vi. 粘住，钉住；坚持n. 木棒（棍）,枝条 【一般现在 过去式 过去分词】",,,
still,stɪl,a.,"a.不动的,平静的ad.仍然,还",,,
stocking,'stɒkɪŋ,n.,n. 长统袜,,,
stomach,'stʌmək,n.,n. 胃，胃部,,,
stomachache,'stʌməkeɪk,n.,n. 胃疼,,,
stone,stəʊn,n.,n. 石头，石料,,,
stop,stɒp,n.,n. 停；（停车）站 v. 停，停止，阻止,,,
stopwatch,'stɒpwɒtʃ,n.,n. 记秒表；跑表,,,
storage,'stɔːrɪdʒ,n.,n. 贮藏； 储存,,,
store,stɔː,n.,n. 商店 vt. 储藏，存储,,,
storm,stɔːm,n.,n. 风暴，暴（风）雨,,,
story,'stɔːrɪ,n.,n. 故事，小说,,,
stout,staut,a.,a. 肥壮的，厚实牢固的,,,
stove,stəʊv,n.,n. （供烹饪用的 ）火炉，煤炉，电炉,,,
straight,streɪt,a.,a. 一直的，直的 ad. 一直地，直地,,,
straightforward,streɪt'fɔːwəd,a.,a./ ad. 简单的，坦率的,,,
strait,streɪt,n.,n. 海峡,,,
strange,streɪndʒ,a.,"a. 奇怪,奇特的,陌生的",,,
stranger,'streɪn(d)ʒə,n.,n. 陌生人，外人,,,
straw,strɔː,n.,n. 稻草,,,
strawberry,'strɔːb(ə)rɪ,n.,n. 草莓,,,
stream,striːm,n.,n. 小河；溪流,,,
street,striːt,n.,n. 街，街道,,,
strength,streŋθ; streŋkθ,n.,n. 力量，力气,,,
strengthen,'streŋθ(ə)n; -ŋkθ(ə)n,vt.,vt. 加强，增强,,,
stress,stres,n.,n. 精神压力，心理负担 v. 强调，重读,,,
strict,strɪkt,a.,a. 严格的，严密的,,,
strike,straɪk,v.,"v.（钟）鸣;敲（响）,罢工",,,
string,strɪŋ,n.,n. 细绳，线，带,,,
strong,strɒŋ,a.,a. 强(壮)的；坚固的；强烈的；坚强的,,,
struggle,'strʌg(ə)l,vi.,vi. 斗争,,,
stubborn,'stʌbərn,a.,a. 固执的，倔强的,,,
student,'stjuːd(ə)nt,n.,n. 学生,,,
studio,'stjuːdɪəʊ,n.,n. 工作室，演播室,,,
study,'stʌdɪ,v.,v. 学习；研究 n. 书房,,,
stupid,'stjuːpɪd,a.,a. 愚蠢的，笨的,,,
style,staɪl,n.,n. 方式，作风，款式,,,
subject,ˈsʌbdʒɪkt;(for adj.)ˈsʌbdʒɪkt;(for v.)səbˈdʒekt,a.,a. 隶属的；受支配的；易受…的；在…条件下 vt. 使隶属；使服从；使受到 n. 题目；主题；学科；主语；主体,,,
subjective,səb'dʒektɪv,a.,a. 主观的,,,
submit,səb'mɪt,v.,v. 提交，呈递（文件，建议等）,,,
subscribe,səb'skraɪb,v.,"v.订阅,订购（报刊等）",,,
substitute,'sʌbstɪtuːt,v.,v. 代替，取代,,,
subtraction,səb'trækʃn,n.,n.（算数中的）减,,,
succeed,sək'siːd,vi.,vi. 成功,,,
success,sək'ses,n.,n. 成功,,,
successful,sək'sesfʊl; -f(ə)l,a.,"a. 成功的,有成就的",,,
such,sʌtʃ,ad.,ad. 那么 pron. （泛指）人，事物 a.这样的，那样的,,,
suck,sʌk,vt.,vt. 吸吮,,,
sudden,'sʌd(ə)n,a.,a. 突然的,,,
suffer,'sʌfə,vi.,vi. 受苦，遭受,,,
suffering,'sʌf(ə)rɪŋ,n.,n. 痛苦，苦难,,,
sugar,'ʃʊgə,n.,n. 糖,,,
suggest,sə'dʒest,vt.,vt. 建议，提议,,,
suggestion,sə'dʒestʃ(ə)n,n.,n. 建议,,,
suit,sju:t; su:t,vt.,vt. 适合 n.一套（衣服）,,,
suite,swiːt,n.,n. 套间；组曲,,,
suitable,'suːtəb(ə)l,a.,a. 合适的，适宜的,,,
suitcase,'suːtkeɪs,n.,"n.(旅行用)小提箱,衣箱",,,
summary,'sʌməri,n.,n. 摘要，概要,,,
summer,'sʌmə,n.,n. 夏天，夏季,,,
sun,sʌn,n.,n. 太阳，阳光,,,
sunburnt,'sʌnbɜːnt,a.,a. 晒黑的,,,
Sunday,ˈsʌndeɪ; ˈsʌndi,n.,n. 星期日,,,
sunglasses,'sʌnglɑːsɪz,n.,n. 太阳眼镜，墨镜,,,
sunlight,'sʌnlaɪt,n.,n. 日光，阳光,,,
sunny,'sʌnɪ,a.,a. 晴朗的;阳光充足的,,,
sunrise,'sʌnraɪz,n.,n. 黎明，拂晓,,,
sunset,'sʌnset,n.,n. 日落(时分),,,
sunshine,'sʌnʃaɪn,n.,n. 阳光,,,
super,'suːpə; 'sjuː-,a.,a. 顶好的，超级的,,,
superb,suː'pɜːrb,a.,"a. 卓越的,质量极高的",,,
superior,suː'pɪriər,a.,a. 更胜一筹的 n. 上级，上司,,,
superman,'suːpəmæn; 'sjuː-,n.,n. 超人,,,
supermarket,'suːpəmɑːkɪt; 'sjuː-,n.,n. 超级市场,,,
supper,'sʌpə,n.,n. 晚餐，晚饭,,,
supply,sə'plaɪ,vt.,vt.& n. 供给，供应,,,
support,sə'pɔːt,vt.,vt.& n. 支持，赞助,,,
suppose,sə'pəʊz,vt.,"vt. 猜想,假定,料想",,,
supreme,suː'priːm,a.,"a.至高无上的,最高的",,,
sure,ʃɔ:(r),a.,a. 确信，肯定 ad. (口语)的确，一定，当然,,,
surface,'sɜːfɪs,n.,n. 表面,,,
surgeon,'sɜːrdʒən,n.,n. 外科医生,,,
surplus,'sɜːrpləs,n.,n. 过剩，剩余,,,
surprise,sə'praɪz,vt.,"vt. 使惊奇,使诧异 n. 惊奇,诧异",,,
surround,sə'raund,vt.,vt. 围绕；包围,,,
surrounding,sə'raʊndɪŋ,a.,a. 周围的,,,
survival,sə'vaɪv(ə)l,n.,n. 存活，幸存,,,
survive,sər'vaɪv,v.,v.生存，存活，幸免于难,,,
suspect,ˈsʌspekt; (for v.) səˈspekt,n.,n. 犯罪嫌疑人,,,
suspension,sə'spenʃn,n.,"n.暂令停职,推迟,延期",,,
swallow,'swɑːlou,vt.,vt. 吞下；咽下,,,
swap,swɑːp,v.,v. 交换（东西）,,,
swear swore sworn,sweə(r),v.,"v.咒骂.,诅咒 【一般现在 过去式 过去分词】",,,
sweat,swet,n.,n. 汗，汗水,,,
sweater,'swetə,n.,n. 厚运动衫，毛衣 ,,,
sweep swept swept,swiːp,v.,v. 扫除，扫 【一般现在 过去式 过去分词】,,,
sweet,swiːt,n.,n.甜食;蜜饯;甜点;糖果;芳香a.甜的;新鲜的;可爱的;亲切的,,,
swell swelled swollen,swel,v.,v. 肿胀 【一般现在 过去式 过去分词】,,,
swift,swɪft,a.,a. 快的，迅速的,,,
swim,swɪm,n.,n. 游泳，游,,,
swim swam swum,swɪm,vi.,"vi. 游泳,游 【一般现在 过去式 过去分词】",,,
swimming,'swɪmɪŋ,n.,n. 游泳,,,
swimming pool,ˈswɪmɪŋ puːl,n.,n. 游泳池,,,
swing,swɪŋ,vt.,vt. 挥舞，摆动 n. 秋千,,,
Swiss,swɪs,a.,a. 瑞士人的 n. 瑞士人,,,
Switzerland,ˈswɪtsələnd,,* n. 瑞士,,,
switch,swɪtʃ,v.,"v./ n. 开关,转换,改变",,,
sword,sɔːd,n.,n. 剑，刀,,,
symbol,'sɪmb(ə)l,n.,n. 象征,,,
sympathy,'sɪmpəθi,n.,n. 同情,,,
symphony,'sɪmfəni,n.,n. 交响乐,,,
symptom,'sɪmptəm,n.,n. 症状,,,
system,'sɪstəm,n.,n. 体系；系统,,,
systematic,ˌsɪstə'mætɪk,a.,"a.系统的,有条理的",,,
table,'teɪb(ə)l,n.,n. 桌子，表格,,,
table tennis,ˈteɪb(ə)l ˈtenɪs,n.,n. 乒乓球,,,
tablet,'tæblɪt,n.,n. 药片,,,
tail,teɪl,n.,n. (动物的)尾巴,,,
tailor,'teɪlə,n.,n. 裁缝,,,
take took taken,teɪk,vt.,vt. 拿；拿走；做；服用；乘坐；花费 【一般现在 过去式 过去分词】,,,
tale,teɪl,n.,"n. 故事, 传说",,,
talent,'tælənt,n.,n. 天才，天赋,,,
talk,tɔːk,n.,"n.& v.谈话,讲话,演讲,交谈",,,
tall,tɔːl,a.,a. 高的,,,
tank,tæŋk,n.,n. 储水容量；坦克,,,
tanker,'tæŋkə,n.,n. 油船,,,
tap,tæp,n.,n. (自来水煤气等的)龙头,,,
tape,teɪp,n.,n. 磁带；录音带,,,
tape recorder,teɪp rɪˈkɔːdə(r),n.,n. 磁带录音机,,,
target,'tɑːrgɪt,n.,n./ v. 目标，把…作为攻击目标,,,
task,tɑːsk,n.,"n. 任务, 工作",,,
taste,teɪst,n.,"n. 品尝, 尝味；味道 vt. 品尝, 尝味",,,
tasteless,'teɪstləs,a.,a. 无滋味的,,,
tasty,'teɪstɪ,a.,a. 味道好的,,,
tax,tæks,n.,n. 税，税款,,,
tax-free,tæks friː,,免税的,,,
taxi,'tæksɪ,n.,n. 出租汽车,,,
taxpayer,,n.,n. 纳税人,,,
tea,tiː,n.,n. 茶；茶叶 ,,,
teach taught taught,tiː,v.,"v. 教书,教",,,
teacher,'tiːtʃə,n.,n. 教师，教员,,,
team,tiːm,n.,n. 队，组,,,
teamwork,'tiːmwɜːk,n.,n. 合作，协同工作,,,
teapot,'tiːpɒt,n.,n. 茶壶,,,
tear,(for v.) ˈtɛː; (for n.) ˈtɪə,n.,"n. 眼泪 v. 扯破, 撕开",,,
tease,tiːz,v.,v. 取笑，戏弄，寻开心,,,
technical,'teknɪkl,a.,a. 技术的，工艺的,,,
technique,tek'niːk,n.,"n. 技术;技巧,方法",,,
technology,tek'nɒlədʒɪ,n.,n. 技术,,,
teenager,'tiːneɪdʒə,n.,n.（13～19岁的）青少年，十几岁的少年,,,
telegram,'telɪgræm,n.,n. 电报,,,
telegraph,'telɪgræf,v.,v. (拍) 电报,,,
telephone,'telɪfəʊn,v.,v. 打电话 n. 电话,,,
telephone-booth,,n.,n. 公用电话间（也可写作 / telephone-box）【连字符】,,,
telescope,'telɪskoup,n.,n. 望远镜,,,
television,'telɪvɪʒ(ə)n; telɪ'vɪʒ(ə)n,n.,n. 电视,,,
tell told told,tel,vt.,"vt.告诉,讲述,吩咐 【一般现在 过去式 过去分词】",,,
temperature,temprətʃə(r),n.,n. 温度,,,
temple,'templ,n.,n. 庙宇，寺院,,,
temporary,'tempəreri,a.,a. 短暂的，暂时的,,,
temptation,tem(p)'teɪʃ(ə)n,n.,n. 引诱；诱惑,,,
tend,tend,v.,v. 往往会，常常就，倾向，趋于,,,
tendency,'tend(ə)nsɪ,n.,n. 倾向，偏好，性情,,,
tennis,'tenɪs,n.,n. 网球,,,
ten,ten,num.,num. 十,,,
tense,tens,a.,a. 心烦意乱的，紧张的,,,
tension,'tenʃn,n.,n. 紧张局势，矛盾,,,
tent,tent,n.,n. 帐篷,,,
tentative,'tentətɪv,a.,a. 不确定的，踌躇的,,,
term,tɜːm,n.,n. 学期;术语;条款;项,,,
terminal,'tɜːrmɪnl,a.,a.(火车汽车飞机)终点站,,,
terrible,ˈterəbl,a.,a. 可怕的；糟糕的,,,
terrify,'terifai,vt.,vt. 使人感到恐怖,,,
terror,'terə,n.,n. 恐惧，惊恐,,,
test,test,vt.,"vt.& n. 测试, 考查，试验",,,
text,tekst,n.,n. 文本，课文,,,
textbook,'teks(t)bʊk,n.,n. 课本，教科书,,,
than,ðæn; ð(ə)n,conj.,conj. 比,,,
thank,θæŋk,vt.,vt. 感谢，致谢，道谢 n. （复）感谢，谢意,,,
thankful,'θæŋkfʊl; -f(ə)l,a.,a. 感谢的，感激的,,,
that,ðæt; ðət,a.,a.& pron.那，那个 conj. 那，那个（引导宾语从句等）ad. 那么，那样,,,
the,ðə;ði:,art.,"art. 这（那）个,这（那）些（用于特定人或物，序数词，最高级，专有名词，世上独一 无二事物前）",,,
theatre,'θɪətə,n.,n. 剧场，戏院 【英】,,,
theater,'θɪətə,n.,n. 剧场，戏院 【美】,,,
theft,θeft,n.,n. 盗窃案,,,
their,ðeə,pron.,"pron. 他(她,它)们的",,,
theirs,ðeəz,pron.,"pron. 他（她,它）们的",,,
them,ðem; ðəm,pron.,pron. 他/她/它们（宾格）,,,
theme,θiːm,n.,n. 主题,,,
themselves,ð(ə)m'selvz,pron.,pron.他/她/它们自己,,,
then,ðen,ad.,"ad. 当时,那时,然后,那么",,,
theoretical,ˌθiːə'retɪkl,a.,a. 理论的,,,
theory,'θɪəri,n.,n. 理论,,,
there,ðeə; ðə,int.,"int. 那！你瞧（表示引起注意） n. 那里，那儿 ad. 在那里，往那里；（作引导词）表”存在""",,,
therefore,'ðerfɔːr,ad.,ad. 因此，所以,,,
thermos,'θɜːməs,n.,n. 热水瓶,,,
these,ðiːz,a.,a. & pron. 这些,,,
they,ðeɪ,pron.,pron. 他（她）们；它们,,,
thick,θɪk,a.,a. 厚的,,,
thief thieves,θiːf,n.,"n. 窃贼, 小偷【单数 复数】",,,
thin,θɪn,a.,a. 薄的；瘦的；稀的,,,
thing,θɪŋ,n.,n. 东西；(复)物品，用品；事情，事件,,,
think thought thought,θɪŋk,v.,v. 想；认为；考虑 【一般现在 过去式 过去分词】,,,
thinking,θɪŋkɪŋ,n.,n. 思索;见解;想法,,,
third,θɜːd,num.,num. 第三,,,
thirst,θɜːst,n.,n. 渴； 口渴,,,
thirsty,'θɜːstɪ,a.,a. 渴,,,
thirteen,θɜː'tiːn; 'θɜːtiːn,num.,num. 十三,,,
thirty,'θɜːtɪ,num.,num. 三十,,,
this,ðɪs,a.,a.& pron.这，这个,,,
thorough,'θɜːrou,a.,a. 彻底的,,,
those,ðəʊz,a.,a.& pron.那些,,,
though,ðəʊ,conj.,conj. 虽然，可是,,,
thought,θɔːt,n.,"n. 思考,思想;念头",,,
thousand,'θaʊz(ə)nd,num.,num. 千,,,
thread,θred,n.,n. 线,,,
three,θriː,num.,num. 三,,,
thrill,θrɪl,n.,n./ v. 兴奋，激动,,,
thriller,'θrɪlə,n.,n. 惊险小说,,,
throat,θrəʊt,n.,n. 喉咙,,,
through,θruː,prep.,"prep.穿（通）过;从始至终 ad.穿(通)过;自始至终,全部",,,
throughout,θruː'aʊt,prep.,prep. 遍及，贯穿,,,
throw threw thrown,θrəʊ,v.,"v.投,掷,扔 【一般现在 过去式 过去分词】",,,
thunder,'θʌndə,n.,n.& v. 雷声，打雷,,,
thunderstorm,'θʌndəstɔːm,n.,n.雷电交加暴风雨,,,
Thursday,'θɜːzdeɪ; -dɪ,n.,n. 星期四,,,
thus,ðʌs,ad.,ad. 这样；因而,,,
Tibet,tɪ'bet,n.,n. 西藏,,,
Tibetan,tiˈbetən,n.,n. 西藏人；西藏语,,,
tick,tɪk,vt.,vt. 作记号,,,
ticket,'tɪkɪt,n.,n. 票；卷,,,
tidy,'taɪdɪ,a.,a. 整洁的，干净的 vt. 弄整洁，弄干净,,,
tie,taɪ,vt.,vt. （用绳，线）系，拴，扎 n. 领带，绳子，结；关系,,,
tiger,'taɪgə,n.,n. 老虎,,,
tight,taɪt,a.,a. 紧的,,,
till,tɪl,conj.,"conj.& prep.直到,直到…为止",,,
time,taɪm,n.,"n. 时间;时期;钟点,次,回 vt.测定…的时间,记录…的时间",,,
timetable,'taɪmteɪb(ə)l,n.,n. （火车、公共汽车等）时间表；（学校）课表,,,
tin,tɪn,n.,n. （英）罐头，听头,,,
tiny,'taɪnɪ,adj.,"adj.  tinier, tiniest  a. 极小的，微小的",,,
tip,tɪp,n.,n.& v.顶端，尖端；告诫； 提示 (给)小费,,,
tire,taɪə,vi.,vi. 使疲劳,,,
tired,taɪəd,a.,a. 疲劳的，累的,,,
tiresome,,a.,a. 令人厌倦的,,,
tissue,'tɪʃuː,n.,n. （人，动植物的）组织，纸巾,,,
title,'taɪt(ə)l,n.,n. 标题，题目,,,
to,tə;tu;tuː,prep.,prep. （动词不定式符号，无词义）；（表示接受动作的人或物）给；对，向，到；在…之前,,,
toast,təʊst,v.,v./ n. 烤,,,
tobacco,tə'bækəʊ,n.,n. 烟草，烟叶,,,
today,tə'deɪ,ad.,"ad.& n.今天;现在,当前",,,
together,tə'geðə,ad.,ad. 一起，共同,,,
toilet,ˈtɔɪlɪt,n.,n. 厕所,,,
Tokyo,ˈtəʊkjəʊ,n.,n. 东京,,,
tolerate,'tɑːləreɪt,v.,v. 容许，允许，忍受,,,
tomato,tə'mɑːtəʊ,n.,n. 西红柿，番茄,,,
tomb,tuːm,n.,n. 坟墓,,,
tomorrow,tə'mɒrəʊ,ad.,ad. & n.明天,,,
ton,tʌn,n.,n. （重量单位）吨,,,
tongue,tʌŋ,n.,n. 舌，舌头,,,
tonight,tə'naɪt,ad.,ad.& n. 今晚，今夜,,,
too,tuː,ad.,"ad.也,还,又,太,过分,很,非常",,,
tool,tuːl,n.,n. 工具，器具,,,
tooth teeth,tuːθ,n.,n. 牙齿【单数 复数】,,,
toothache,'tuːθeɪk,n.,n. 牙痛,,,
toothbrush,'tuːθbrʌʃ,n.,n. 牙刷,,,
toothpaste,'tuːθpeɪst,n.,n. 牙膏,,,
top,tɒp,n.,"n. 顶部,（物体的）上面",,,
topic,'tɒpɪk,n.,n. 题目，话题,,,
tortoise,ˈtɔ:təs,n.,n. 乌龟,,,
total,'təʊt(ə)l,a.,"a. 总数的;总括的;完全的,全然的 n.合计,总计 v.合计为",,,
totally,'təʊtəlɪ,ad.,ad. 总合地，完全地,,,
touch,tʌtʃ,vt.,vt. 触摸，接触,,,
tough,tʌf,a.,a. 坚硬的；结实的；棘手的，难解的,,,
tour,tʊə,n.,"n. 参观, 观光, 旅行",,,
tourism,'tʊərɪz(ə)m,n.,n. 旅游业；观光,,,
tourist,'tʊərɪst,vn.,vn. 旅行者，观光者,,,
tournament,'tɜːrnəmənt,n.,n. 锦标赛，联赛,,,
toward,tə'wɔːd; twɔːd; tɔːd,prep.,prep. 向，朝，对于,,,
towel,'taʊəl,n.,n. 毛巾,,,
tower,'taʊə,n.,n. 塔,,,
town,taʊn,n.,n. 城镇，城,,,
toy,tɒɪ,n.,"n. 玩具, 玩物",,,
track,træk,n.,n. 轨道；田径,,,
tractor,'træktə,n.,n. 拖拉机,,,
trade,treɪd,n.,n.贸易 vt.用…进行交换,,,
tradition,trə'dɪʃ(ə)n,n.,n. 传统，风俗,,,
traditional,trə'dɪʃ(ə)n(ə)l,a.,a. 传统的，风俗的,,,
traffic,'træfɪk,n.,n. 交通，来往车辆,,,
traffic lights,ˈtræfɪk laɪts,n.,n.交通指挥灯红绿灯,,,
train,treɪn,n.,"n. 火车 v. 培训,训练",,,
trainer,'treɪnə,n.,n. 训练人；教练,,,
training,'treɪnɪŋ,n.,n. 培训,,,
tram,træm,n.,n. 有轨电车,,,
transform,træns'fɔːrm,v.,"v.使改变形态,使改观",,,
translate,træns'leɪt; trɑːns-; -nz-,vt.,vt. 翻译,,,
translation,træns'leɪʃn,n.,n. 翻译；译文,,,
transparent,træns'pærənt,a.,a.透明的，清澈的,,,
translator,træns'leɪtə; trɑːns-; -nz-,n.,n. 翻译家，译者,,,
transport,træn'spɔːt; trɑːn-,n.,n.& vt.运输,,,
trap,træp,n.,n. 陷阱 vt. 使陷入困境,,,
travel,'træv(ə)l,n.,n.& vi.旅行,,,
traveler,'trævələ,n.,n. 旅行者,,,
treasure,'treʒə,n.,"n. 金银财宝, 财富",,,
treat,triːt,vt.,vt. 对待，看待,,,
treatment,'triːtm(ə)nt,n.,"n. 治疗,疗法",,,
tree,triː,n.,n. 树,,,
tremble,'tremb(ə)l,v.,v. 颤抖,,,
trend,trend,n.,n. 趋势，倾向，动态,,,
trial,'traɪəl,n.,n. 审判；试验；试用,,,
triangle,'traɪæŋgl,n.,n.& adj.三角形;三角形的,,,
trick,trɪk,n.,n. 诡计，把戏,,,
trip,trɪp,n.,n. 旅行，旅程,,,
trolley-bus,ˈtrɔlɪ- bʌs,n.,n. 无轨电车,,,
trooping,,vi.,vi. 成群结队地走,,,
troop,truːp,n.,n. 部队,,,
trouble,'trʌb(ə)l,vt.,"vt. 使苦恼,使忧虑,使麻烦 n.问题,疾病,烦恼,麻烦",,,
troublesome,'trʌb(ə)ls(ə)m,a.,"a.令人烦恼, 讨厌",,,
trousers,'traʊzəz,n.,n. 裤子，长裤,,,
truck,trʌk,n.,"n. 卡车, 运货车；车皮 v. 装车；用货车运",,,
true,truː,a.,a. 真的，真实的；忠诚的,,,
truly,'truːlɪ,ad.,ad. 真正地，真实地,,,
trunk,trʌŋk,n.,n. 树干；大箱子,,,
trust,trʌst,vt.,vt. 相信，信任，信赖,,,
truth,truːθ,n.,"n. 真理,事实,真相,实际",,,
try,traɪ,v.,v. 试，试图，努力,,,
T-shirt,"'ti, ʃɜ:t",n.,n. T恤衫,,,
tube,tjuːb,n.,n. 管，管状物,,,
tune,tjuːn,n.,n. 曲调，曲子,,,
Tuesday,'tjuːzdeɪ; -dɪ,n.,n. 星期二,,,
turkey,'tɜːrki,n.,n. 火鸡,,,
turn,tɜːn,v.,v. 旋转，翻转，转变，转弯 n. 轮流，（轮流的）顺序,,,
turning n,ˈtɜːnɪŋ,,. 拐弯处，拐角处,,,
tutor,'tuːtər,n.,n. 家庭教师，私人教师，导师,,,
TV,ˌti: ˈvi:,n.,n. 电视机 television的缩写,,,
twelfth,twelfθ,num.,num. 第十二,,,
twelve,twelv,num.,num. 十二,,,
twentieth,ˈtwentɪəθ,vnum.,vnum.第二十,,,
twenty,'twentɪ,num.,num. 二十,,,
twenty-first,ˈtwentɪ- fɜːst,num.,num. 第二十一,,,
twenty-one,ˈtwentɪ- wʌn,num.,num. 二十一,,,
twice,twaɪs,ad.,ad. 两次；两倍,,,
twin,twɪn,n.,n. 双胞胎之一,,,
twist,twɪst,v.,v./ n. 使弯曲，转动,,,
two,tuː,num.,num. 二,,,
type,taɪp,vt.,vt. 打字,,,
typewriter,'taɪpraɪtə,n.,n. 打字机,,,
typical,'tɪpɪkl,a.,a. 典型的，有代表性的，特有的,,,
typhoon,taɪ'fuːn,n.,n. 台风,,,
typist,'taɪpɪst,n.,n. 打字员,,,
tyre,'taɪə,n.,n. 轮胎【英】,,,
ugly,'ʌglɪ,a.,a. 丑陋的；难看的,,,
U.K.,juː ˈkeɪ,n.,n.英国，联合王国（缩写）,,,
umbrella,ʌm'brelə,n.,n. 雨伞,,,
U.N.,juː ˈən,n.,n. 联合国（缩写）,,,
unable,ʌn'eɪb(ə)l,a.,a.不能的，不能胜任的,,,
unbearable,ʌn'beərəb(ə)l,a.,"a.难耐得,无法接受的",,,
unbelievable,ʌnbɪ'liːvəb(ə)l,a.,a.难以置信的,,,
uncertain,ʌn'sɜːt(ə)n; -tɪn,a.,a.不确定的,,,
uncle,'ʌŋk(ə)l,n.,"n. 叔,伯,舅,姑夫,姨父",,,
uncomfortable,ʌn'kʌmf(ə)təb(ə)l,a.,a. 令人不舒服的,,,
unconditional,ʌnkən'dɪʃ(ə)n(ə)l,a.,a.无条件，绝对的,,,
unconscious,ʌn'kɔnʃəs,a.,"a.昏迷,不省人事的",,,
under,'ʌndə,ad.,ad.& prep.在…下面，向…下面,,,
underground,ʌndə'graʊnd,a.,a.地下的 n. 地铁,,,
underline,ʌndə'laɪn,v.,v. 在…下划线,,,
understand understood understood,ʌndəˈstænd,v.,v. 懂得;明白;理解 【一般现在 过去式 过去分词】,,,
understanding,ʌndə'stændɪŋ,n.,n. 领会;理解,,,
undertake undertook undertaken,ʌndəˈteɪk,v.,v. 承担，从事，负责 【一般现在 过去式 过去分词】,,,
underwear,'ʌndəweə,n.,n. 内衣,,,
undivided,ʌndɪ'vaɪdɪd,a.,a. 没分开的；专一的； 专心的,,,
undo,ʌn'duː,v.,v. 解开，松开,,,
unemployment,ʌnɪm'plɒɪm(ə)nt; -em-,n.,"n.失业,失业状态",,,
unfair,ʌn'feə,a.,a. 不公平的，不公正的,,,
unfit,ʌnˈfɪt,a.,a. 不合宜的，不相宜的,,,
unfold,ʌn'fəʊld,vt.,vt. 展开，打开,,,
unfortunate,ʌn'fɔːtʃ(ə)nət,a.,a. 不幸的,,,
unfortunately,ʌnˈfɔːtʃənətli,ad.,ad. 不幸地,,,
unhappy,ʌn'hæpɪ,a.,"a. 不高兴的,伤心的",,,
unhealthy,ʌn'helθɪ,a.,"a.不健康的,不卫生的",,,
uniform,'juːnɪfɔːrm,n.,n. 制服,,,
unimportant,ʌnɪm'pɔːt(ə)nt,a.,"a.不重要的,无意义",,,
union,'juːnjən; -ɪən,n.,"n. 联合,联盟；工会",,,
unique,ju'niːk,a.,"a. 惟一的,独一无二的",,,
unit,'juːnɪt,n.,n. 单元，单位,,,
unite,juː'naɪt,v.,v. 联合，团结,,,
universal,ˌjuːnɪ'vɜːrsl,a.,a. 普遍的，全体的,,,
universe,'juːnɪvɜːs,n.,n. 宇宙,,,
university,juːnɪ'vɜːsɪtɪ,n.,n. 大学,,,
unknown,ʌn'nəʊn,a.,a. 不知道的,,,
unless,ʌn'les,conj.,conj. 如果不，除非,,,
unlike,ʌn'laɪk,prep.,prep. 不像，和…不同,,,
unmarried,ʌn'mærɪd,a.,a. 未婚的，独身的,,,
unpleasant,ʌn'plez(ə)nt,a.,a. 使人不愉快的,,,
unrest,ʌn'rest,n.,n. 不安；骚动,,,
unsafe,ʌn'seɪf,a.,a. 不安全的；危险的,,,
unsuccessful,ʌnsək'sesfʊl; -f(ə)l,a.,"a. 不成功,失败的",,,
until,ən'tɪl,prep.,prep.& conj.直到…为止,,,
untrue,ʌn'truː,a.,a. 不真实的，假的,,,
unusual,ʌn'juːʒʊəl,a.,a. 不平常的，异常的,,,
unwilling,ʌn'wɪlɪŋ,a.,a. 不愿意的，勉强的,,,
up,ʌp,ad.,ad. 向上；在上方；起来；在…以上 a. 上面的，向上的，上行的 n. 上升；上坡；上行；繁荣 v. 举起；拿起；提高 prep. 向(高处)；向(在)……上(面)游,,,
upon,ə'pɒn,prep.,prep. 在……上面,,,
upper,'ʌpə,a.,a. 较高的，较上的,,,
upset,ʌp'set,a.,a. 心烦的，苦恼的,,,
upstairs,ʌp'steəz,ad.,ad. 在楼上，到楼上,,,
upward,'ʌpwəd,ad.,ad. 向上；往上,,,
urban,'ɜːrbən,a.,a. 城市的，都市的,,,
urge,ɜːrdʒ,v.,v. 敦促，催促，力劝,,,
urgent,'ɜːrdʒənt,a.,a. 紧急的，紧迫的,,,
U.S.A.,juː es ˈeɪ,n.,n. 美国（美利坚合众国）,,,
use,juːz,n.,"n.& vt.利用,使用,应用",,,
used,juːzd,a.,a. 用过的;旧的;二手的,,,
useful,'juːsfʊl; -f(ə)l,a.,a. 有用的，有益的,,,
useless,ˈjuːslɪs,a.,a. 无用的,,,
user,'juːzə,n.,n. 使用者；用户,,,
usual,'juːʒʊəl,a.,a. 通常的，平常的,,,
usually,ˈjuːʒʊəlɪ,ad.,ad. 通常，经常,,,
vacation,vəˈkeɪʃn,n.,n. 假期，休假,,,
vacant,'veɪkənt,a.,a. 空缺的，未被占用的,,,
vague,veɪg,a.,a. 含糊的，紧迫的,,,
vain,veɪn,n.,n. 自负的，自视过高的，徒劳的，无效的,,,
valid,'vælɪd,a.,"a.有效的,合理的,有根据的",,,
valley,'vælɪ,n.,"n. 山谷, 溪谷",,,
valuable,'væljʊəb(ə)l,a.,a. 值钱的，贵重的,,,
value,'væljuː,n.,n. 价值，益处,,,
vanilla,və'nɪlə,n.,n. 香草,,,
variety,və'raɪətɪ,n.,n. 种种，种类,,,
various,'veərɪəs,a.,a. 各种各样的，不同的,,,
vase,vɑːz,n.,n. （花）瓶；瓶饰,,,
vast,væst,a.,a. 巨大的，广阔的,,,
VCD = versatile compact disk,,n.,n. 影碟光盘,,,
veal,viːl,n.,n. （食用）小牛肉,,,
vegetable,ˈvedʒtəbl,n.,n. 蔬菜,,,
vehicle,'viːəkl,n.,n. 交通工具，车辆,,,
version,'vɜːrʒn,n.,n. 变体，变种，改写本,,,
vertical,'vɜːrtɪkl,a.,a. 垂直的，纵向的,,,
very,'verɪ,vad.,vad. 很，非常,,,
vest,vest,n.,n. 背心，内衣,,,
via,ˈvaɪə，ˈviːə,prep.,prep. 经过（某地），通过,,,
vice,vaɪs,n.,n. 罪行，不道德行为,,,
victim,'vɪktɪm,n.,n. 受害者，牺牲品,,,
victory,'vɪkt(ə)rɪ,n.,n. 胜利,,,
video,'vɪdɪəʊ,n.,n. 录像，视频,,,
videophone,'vɪdɪə(ʊ)fəʊn,n.,n. 可视电话,,,
view,vjuː,n.,"n. 看法,见解;风景,景色",,,
viewer,'vjuːə,n.,n. 观看者,,,
village,'vɪlɪdʒ,n.,n. 村庄，乡村,,,
villager,'vɪlɪdʒə,n.,n. 村民,,,
vinegar,'vɪnɪgə,n.,n. 醋,,,
violate,'vaɪəleɪt,v.,v. 违反（法律、协议等），侵犯,,,
violence,'vaɪəl(ə)ns,n.,n. 暴力行为,,,
violent,'vaɪələnt,a.,a. 暴力的,,,
violin,ˌvaɪəˈlɪn,n.,n. 小提琴,,,
violinist,",vaɪə'lɪnɪst",n.,n. 提琴家，提琴手,,,
virtue,'vɜːrtʃuː,n.,"n. 美德,正直的品行,德行",,,
virus,'vaɪrəs,n.,n.病毒,,,
visa,'viːzə,n.,n. 签证，背签,,,
visit,'vɪzɪt,n.,n.& vt. 参观，访问，拜访,,,
visitor,'vɪzɪtə,n.,n. 访问者，参观者,,,
visual,'vɪʒuəl,a.,a. 视力的，视觉的,,,
vital,'vaɪtl,a.,a. 必不可少的，对…极重要的,,,
vivid,'vɪvɪd,a.,a. 生动，逼真的，鲜明的,,,
vocabulary,və(ʊ)'kæbjʊlərɪ,n.,"n. 词汇, 词汇表",,,
voice,vɒɪs,n.,n. 说话声; 语态,,,
volcano,vɑːl'keɪnou,n.,n. 火山,,,
volleyball,'vɒlɪbɔːl,n.,n. 排球,,,
voluntary,'vɒlənt(ə)rɪ,a.,a. 自愿的，主动的,,,
volunteer,",vɒlən'tɪə",n.,n./ v. 义工，自愿者，无偿做,,,
vote,vəʊt,vi.,vi. 选举，投票,,,
voyage,'vɔɪɪdʒ,n.,n. 航行，旅行,,,
wag,wæg,v.,v. 摇动；摆动,,,
wage,weɪdʒ,n.,n. 工资，工钱，报酬,,,
waist,weɪst,n.,n. 腰，腰部，腰围,,,
wait,weɪt,vi.,vi. 等，等候,,,
waiter,'weɪtə,n.,n. （餐厅）男服务员,,,
waiting-room,ˈweɪtɪŋ- rʊm,n.,"n.候诊室,候车室",,,
waitress,ˈweɪtrəs,n.,n. 女服务员,,,
wake woke woken,weɪk,v.,"v.醒来,叫醒",,,
walk,wɔːk,n.,n.& v. 步行；散步,,,
walkman,ˈwɔːkmən,n.,n. 随身听,,,
wall,wɔːl,n.,n. 墙,,,
wallet,'wɒlɪt,n.,"n. (放钱,证件等的)皮夹",,,
walnut,'wɔːlnʌt,n.,n. 核桃，胡桃,,,
wander,'wɒndə,vi.,"vi.漫游,游荡,漫步,流浪",,,
want,wɒnt,vt.,"vt. 想,想要,需要,必要",,,
war,wɔː,n.,n. 战争,,,
ward,wɔːd,n.,"n. 保卫,看护,病房,收容所",,,
warehouse,'werhaus,n.,n. 仓库，货栈,,,
warm,wɔːm,a.,"a. 暖和的,温暖的;热情的",,,
warm-hearted,wɔːm- hɑːt,a.,a. 热心的,,,
warmth,wɔːmθ,n.,n. 暖和，温暖,,,
warning,'wɔːnɪŋ,n.,n. 警报,,,
wash,wɒʃ,n.,"n.洗(涤)冲洗,洗剂,泼溅,洗的衣服 v.洗(涤),冲洗,流过,弄湿",,,
washing-machine,ˈwɔʃɪŋ- məˈʃiːn,n.,n. 洗衣机【连字符】,,,
washroom,'wɒʃruːm; -rʊm,n.,n. 盥洗室,,,
waste,weɪst,n.,n.& vt. 浪费,,,
watch,wɒtʃ,vt.,vt. 观看，注视；当心，注意 n. 手表，表,,,
water,'wɔːtə,n.,n. 水v. 浇水,,,
watermelon,'wɔːtəmelən,n.,n. 西瓜,,,
wave,weɪv,n.,n. （热、光、声等的）波，波浪 v. 挥手，挥动，波动,,,
wax,wæks,n.,n. 蜡,,,
way,weɪ,n.,n. 路，路线；方式，手段,,,
wayside,'weɪsaɪd,a.,a. 路边的,,,
we,wiː,pron.,pron. 我们,,,
web,web,n.,n. 网，网状物,,,
website,websaɪt,n.,n. 网络,,,
weak,wiːk,a.,a. 差的，弱的，淡的,,,
weakness,ˈwiːknəs,n.,n. 软弱,,,
wealth,welθ,n.,n. 财产，财富,,,
wealthy,'welθɪ,a.,a. 富的,,,
wear wore worn,weə(r),v.,v. 穿，戴 【一般现在 过去式 过去分词】,,,
weather,'weðə,n.,n. 天气,,,
weatherman,'weðəmæn,n.,"n.气象员,预报天气的人",,,
wedding,'wedɪŋ,n.,"n. 婚礼,结婚",,,
Wednesday,ˈwenzdɪ,n.,n. 星期三,,,
weed,wiːd,n.,n. 杂草，野草,,,
week,wiːk,n.,n. 星期，周,,,
weekday,'wiːkdeɪ,n.,n. 平日,,,
weekend,wiːkˈɛnd,n.,n. 周末,,,
weekly,'wiːklɪ,a.,a. 每周的,,,
weep,wiːp,v.,v. 哭泣，流泪,,,
weigh,weɪ,vt.,vt. 称…的重量，重（若干）,,,
weight,weɪt,n.,n. 重，重量,,,
welcome,ˈwelkəm,int.,int.n. & v.欢迎 a. 受欢迎的,,,
welfare,'welfer,n.,n. 幸福，福利,,,
well,wel,,"(better, best) ad. 好,令人满意地,完全地 a.好的,,健康的int. 表示惊讶同意或犹豫等,亦用于接话语;好吧,那么,哎呀 n. 井",,,
well-known,",wel'nəʊn",a.,"a.出名,众所周知的",,,
west,west,a.,"a. (在)西；向西,从西来的 ad. 在西方,向西方 n.西部；西方",,,
western,'west(ə)n,a.,a. 西方的，西部的,,,
westerner,ˈwestənə,n.,n. 西方人,,,
westwards,'westwədz,ad.,ad. 向西,,,
wet,wet,a.,"a. 湿的,潮的,多雨的",,,
whale,weɪl,n.,n. 鲸,,,
what,wɒt,pron.,"pron. 什么,怎么样 a. 多么，何等；什么",,,
whatever,wɒt'evə,conj.,conj. & pron.无论什么，不管什么,,,
wheat,wiːt,n.,n. 小麦,,,
wheel,wiːl,n.,n. 轮，机轮,,,
when,wen,conj.,conj. 当…的时候 ad. 什么时候，何时,,,
whenever,wen'evə,conj.,conj. 每当，无论何时,,,
where,weə,ad.,ad. 在哪里；往哪里,,,
wherever,weər'evə,conj.,conj. 无论在哪里,,,
whether,'weðə,conj.,conj. 是否,,,
which,wɪtʃ,pron.,pron. 那(哪)一个；那(哪)一些 a.这(哪)个；这(哪)些；无论哪个(些),,,
whichever,wɪtʃ'evə,pron.,pron. 无论哪个;无论哪些,,,
while,waɪl,conj.,"conj.在…的时候,和…同时 n. 一会儿，一段时间",,,
whisper,'wɪspə,v.,v. 低语，私下说,,,
whistle,'wɪs(ə)l,n.,n. 口哨，口哨声,,,
white,waɪt,a.,a. 白色的 n. 白色,,,
who,huː; hʊ,pron.,pron. 谁,,,
whole,həʊl,a.,a. 整个的,,,
whom,huːm,pron.,pron. (who的宾格 ),,,
whose,huːz,pron.,pron. 谁的,,,
why,waɪ,ad.,"ad./ int. 为什么, 你难道不知道（表示反驳、不耐烦等）",,,
wide,waɪd,a.,a. 宽阔的,,,
widespread,'waɪdspred,a.,"a.分布广的,普遍的",,,
wife,wʌɪf,n.,n. 妻子,,,
wild,waɪld,a.,a. 未开发的，荒凉的；野生的，野的,,,
wildlife,'waɪl(d)laɪf,n.,n. 野生动物,,,
will,wɪl,n.,"n. 意志, 遗嘱",,,
willing,'wɪlɪŋ,a.,a. 乐意的； 愿意的,,,
willingly,'wɪlɪŋlɪ,ad.,ad. 乐意地,,,
willingness,'wɪlɪŋnəs,n.,n. 意愿； 愿望,,,
win won won,wɪn,n.,n. 获胜，赢得 【一般现在 过去式 过去分词】,,,
wind,wɪnd; (for v.) waɪnd,n.,n. 风 ,,,
wind wound wound,wɪnd,vt.,vt. 缠，连带；蜿蜒，弯曲 【一般现在 过去式 过去分词】,,,
windbreaker,"ˈwind,breikә",n.,"n.风衣,防风(皮)夹克",,,
window,'wɪndəʊ,n.,n. 窗户；计算机的窗,,,
windy,'wɪndɪ,a.,a. 有风的，多风的,,,
wine,waɪn,n.,n. 酒,,,
wing,wɪŋ,n.,n. 机翼，翅膀,,,
winner,'wɪnə,n.,n. 获胜者,,,
winter,'wɪntə,n.,n. 冬天，冬季,,,
wipe,waɪp,v.,v. 擦；擦净；擦干,,,
wire,waɪə,n.,n. 电线,,,
wisdom,'wɪzdəm,n.,n. 智慧,,,
wise,waɪz,a.,"a. 聪明,英明的,有见识的",,,
wish,wɪʃ,n.,n. 愿望，祝愿 vt. 希望，想要，祝愿,,,
with,wɪð,prep.,"prep.关于,带有,以,和,用,有",,,
withdraw,wɪð'drɔː,v.,v. 撤回，撤离,,,
within,wɪð'ɪn,prep.,prep. 在……里面,,,
without,wɪˈðaʊt,prep.,prep. 没有,,,
witness,ˈwɪtnɪs,v.,v./ n. 目击者，见证人,,,
wolf wolves,wʊlf,n.,n. 狼【单数 复数】,,,
woman women,ˈwʊmən,n.,n.妇女女人【单数 复数】,,,
wonder,'wʌndə,v.,"v. 对…疑惑，感到惊奇,想知道 n. 惊讶,惊叹;奇迹",,,
wonderful,ˈwʌndə(r)fl,a.,a. 美妙的，精彩的；了不起的；太好了,,,
wood,wʊd,n.,"n.木头,木材,(复)树木,森林",,,
wooden,'wʊd(ə)n,a.,a. 木制的,,,
woo,wuː,,l n. 羊毛，羊绒,,,
woollen,'wʊlən,a.,a. 羊毛的，羊毛制的,,,
word,wɜːd,n.,n. 词，单词；话,,,
work,wɜːk,n.,"n. 工作,劳动,事情 vi. 工作;(机器、器官等)运转,活动",,,
workday,'wɜːkdeɪ,n.,n. 工作日,,,
worker,'wɜːkə,n.,n. 工人；工作者,,,
workforce,'wɜːkfɔːs,n.,n. 劳动力,,,
workmate,'wɜːkmeɪt,n.,n. 同事；工友,,,
workplace,'wɜːkpleɪs,n.,n.工作场所，车间,,,
works,'wɜːks,n.,n. 著作，作品,,,
world,wɜːld,n.,n. 世界,,,
world-famous,'wə:ld'feiməs,a.,a. 世界闻名的,,,
worldwide,'wɜːl(d)waɪd; wɜːl(d)'waɪd,a.,a. 遍及全球的，世界范围的,,,
worm,wɜːm,n.,"n. 软体虫,蠕虫(尤指蚯蚓)",,,
worn,wɔːn,a.,"a. 用坏,用旧的,疲惫的",,,
worried,'wʌrɪd,a.,a. 担心的，烦恼的,,,
worry,'wʌrɪ,n.,"n.& v.烦恼,担忧,发怒,困扰",,,
worse,wəːs,a.,a. (bad的比较级)更坏的,,,
worst,wə:st,a.,a. (bad的最高级)最坏的,,,
worth,wɜːrθ,a.,"a. 有…的价值,值得…的",,,
worthless,ˈwəːθlɪs,a.,"a.没有价值,没有用的",,,
worthwhile,wɜːθ'waɪl,a.,a. 值得做的,,,
worthy,ˈwəːði,a.,a. 值得的,,,
would,wʊd; wəd,,modal v.（will的过去时）将会，打算，想要，过去常常,,,
wound,wuːnd,vt.,"vt.伤,伤害 n.创伤,伤口",,,
wounded,'wuːndɪd,a.,a. 受伤的,,,
wrestle,'res(ə)l,v.,v. 摔跤,,,
wrinkle,'rɪŋkl,n.,n. 皱纹,,,
wrist,rɪst,n.,n. 手腕，腕关节,,,
write,raɪt,,"(wrote, written) v. 写，书写；写作，著述",,,
writing,'raɪtɪŋ,n.,n. 书写，写,,,
wrong,rɒŋ,a.,"a.错误,不正常,有毛病的",,,
X-ray,'eksreɪ,n.,n. X射线；X光,,,
yard,jɑːd,n.,n. 码；院子；场地,,,
yawn,jɔːn,v.,v. 打哈欠,,,
year,jɪə; jɜː,n.,n. 年,,,
yell,jel,v.,v. 叫喊，吼叫,,,
yellow,'jeləʊ,a.,a. 黄色的,,,
yes,jes,ad.,ad. 是，好，同意,,,
yesterday,ˈjestədɪ;-deɪ,n.,n.& ad. 昨天,,,
yet,jet,ad.,ad. 尚，还，仍然,,,
yoghurt,'jɒɡət,n.,n. 酸奶,,,
you,juː,pron.,pron. 你；你们,,,
young,jʌŋ,a.,a. 年轻的,,,
your,jɔ:(r),pron.,pron. 你的；你们的,,,
yours,jɔːz; jʊəz,pron.,pron. 你的；你们的,,,
yourself,jɔː'self; jʊə-; jə-,pron.,pron. 你自己,,,
yourselves,jɔː'selvz,pron.,pron. 你们自己,,,
youth,juːθ,n.,n. 青春；青年,,,
yummy,'jʌmi,a.,a. 很好吃的,,,
zebra,'zebrə; 'ziːbrə,n.,n. 斑马,,,
zebra-crossing,ˈzebrə-ˈkrɔsɪŋ,,人行横道线（斑马线）【连字符】,,,
zero,'zɪərəʊ,n.,"n. & num.零,零度,零点",,,
zip,zɪp,v.,v.& n.拉开(或扣上)……的拉链；拉链,,,
zipcode,zɪp kəʊd,,(英)邮政区号，也可写作 postcode,,,
zipper,'zɪpə,n.,n. 拉链,,,
zone,zoun,n.,n. 区域；范围,,,
zoo,zuː,n.,n. 动物园,,,
zoom,zuːm,v.,v. 快速移动，迅速前往，猛涨,,,
