word,phonetic,pos,meaning,example,example_trans,image_url
cancel,'kænsl,,取消， 撤销， 删去 (vt.),,,
numerous,'njuːmərəs,,众多的 (adj.),,,
surgeon,'sɜːdʒən,,外科医生 (n.),,,
analyse,'ænəlaɪz,,分析； 分解， 解析 (vt.),,,
abrupt,ə'brʌpt,,突然的， 意外的； 唐突的， 鲁莽的 (adj.),,,
spacious,'speɪʃəs,,宽广的， 宽敞的 (adj.),,,
disapproval,ˌdɪsə'pruːvl,,不赞成 (n.),,,
spontaneous,spɒn'teɪniəs,,自发的， 无意识的； 自然的， 天真率直的 (adj.),,,
remote,rɪ'məut,,遥远的， 偏僻的； 关系疏远的； 脱离的； 绝少的； 微乎其微的； 孤高的， 冷淡的 (adj.),,,
cafeteria,ˌkæfə'tɪəriə,,自助餐馆， 自助食堂 (n.),,,
rupture,'rʌptʃə,,破裂 (v.)；破裂，裂开；决裂，断绝 (n.),,,
wreck,rek,,失事，残骸；精神或身体已垮的人 (n.)；破坏 (vt.),,,
virgin,'vɜːdʒɪn,,未经开发的， 未经使用的， 未经触动的； 处女的 (adj.)；处女，未婚女子 (n.),,,
afflict,ə'flɪkt,,使苦恼， 折磨 (vt.),,,
reproach,rɪ'prəutʃ,,责备， 批评 (n&vt.),,,
fluctuate,'flʌktʃueɪt,,波动， 涨落， 起伏 (vi.),,,
compartment,kəm'pɑːtmənt,,卧车包房， 隔间； 分隔的空间 (n.),,,
gloomy,'gluːmi,,忧郁的， 沮丧的； 令人沮丧的； 昏暗的， 阴沉的 (adj.),,,
kidnap,'kɪdnæp,,绑架， 诱拐 (n.),,,
warrant,'wɒrənt,,授权令；理由，根据 (n.)；证明…是正当的 (vt.),,,
calculate,'kælkjuleɪt,,计算， 推算； 计划， 打算 (v.),,,
persistent,pə'sɪstənt,,坚持不懈的， 执意的； 持续的 (adj.),,,
authorize,'ɔːθəraɪz,,授权， 批准 (vt.),,,
sake,seɪk,,缘故， 理由 (n.),,,
audience,'ɔːdiəns,,听众， 观众； 读者 (n.),,,
rehearsal,rɪ'hɜːsl,,排练， 排演 (n.),,,
sniff,snɪf,,以鼻吸气，用力吸入；嗅，闻 (v.)；吸气； 嗅， 闻 (n.),,,
narrative,'nærətɪv,,叙述文， 故事； 叙述， 讲述 (n.),,,
possess,pə'zes,,占用， 拥有 (vt.),,,
coincide,ˌkəuɪn'saɪd,,同时发生； 相符， 相一致； 位置重合， 重叠 (vi.),,,
neutral,'njuːtrəl,,中立的， 中性的 (adj.),,,
scratch,skrætʃ,,抓，搔，扒；刮擦，刻划 (v.)；抓痕， 划痕； 抓， 搔， 刮 (n.),,,
analysis,ə'næləsɪs,,分析， 分析报告； 分解， 解析 (n.),,,
devise,dɪ'vaɪz,,设计， 发明 (vt.),,,
cooperative,kəu'ɒpərətɪv,,有合作意向的，乐意合作的；合作的，协作的 (adj.)；合作社， 合作商店 (n.),,,
triple,'trɪpl,,三部分的，三方的；三倍的，三重的 (adj.)；增至三倍 (v.),,,
clutch,klʌtʃ,,企图抓住 (vi.)；抓紧，紧握 (vt.)；离合器； 掌握， 控制； 把握， 抓紧 (n.),,,
temper,'tempə,,韧度；心情，情绪 (n.)；调和， 使缓和； 回火 (vt.),,,
grope,grəup,,暗中摸索，搜索；探索，搜寻 (vi.)；摸索 (vt.),,,
rejoice,rɪ'dʒɔɪs,,感到高兴， 充满喜悦 (vi.),,,
frantic,'fræntɪk,,慌乱不安的； 发疯似的， 发狂的 (adj.),,,
tickle,'tɪkl,,发痒 (vi.)；使发痒；使高兴，逗乐 (vt.)；痒 (n.),,,
object,'ɒbdʒɪkt; -dʒekt,,反对， 不赞成 (vi.)；实物， 物体； 目的， 目标； 对象， 客体； 宾语 (n.),,,
humble,'hʌmbl,,谦逊的；地位低下的；简陋的 (adj.)；使谦恭； 使卑下 (vt.),,,
commodity,kə'mɒdəti,,商品， 货物 (n.),,,
cliff,klɪf,,悬崖， 峭壁 (n.),,,
obedient,ə'biːdɪənt,,服从的， 顺从的 (adj.),,,
infinite,'ɪnfɪnət,,无限的， 无数的 (adj.),,,
misery,'mɪzəri,,痛苦， 苦恼， 苦难； 悲惨的境遇， 贫苦 (n.),,,
blur,blɜː,,变模糊 (v.)；模糊，模糊的东西 (n.),,,
suffice,sə'faɪs,,足够 (vi.),,,
concede,kən'siːd,,让步， 认输 (vi.)；承认，承认…为真；承认失败；允许，让予 (vt.),,,
notable,'nəutəbl,,值得注意的，显著的；著名的 (adj.)；名人， 要人 (n.),,,
plausible,'plɔːzəbl,,似有道理的， 似乎正确的， 貌似可信的 (adj.),,,
equator,ɪ'kweɪtə,,赤道 (n.),,,
commission,kə'mɪʃn,,委任状；委员会；佣金，回扣；授权，委托 (n.)；委任， 委托 (vt.),,,
staircase,'steəkeɪs,,楼梯 (n.),,,
flip,flɪp,,〈口〉无理的， 轻率的， 轻浮的 (adj.)；快速翻动，转动 (vt.)；捻掷，轻抛；轻拍 (n.),,,
rational,'ræʃnəl,,理性的， 理智的； 合理的 (adj.),,,
barricade,ˌbærɪ'keɪd,,路障，栅栏，障碍 (n.)；设路障于， 挡住 (vt.),,,
resume,rɪˈzjuːm; ˈrɛzjʊmeɪ,,重新开始， 继续， 恢复 (vt.)；摘要， 概要； 简历 (n.),,,
provocative,prə'vɒkətɪv,,挑衅的， 煽动的， 刺激的； 挑逗的 (adj.),,,
committee,kə'mɪti,,委员会， 全体委员 (n.),,,
posture,'pɒstʃə,,摆出姿势， 装模作样 (vi.)；姿势，姿态；看法，态度 (n.),,,
spiral,'spaɪrəl,,盘旋上升； 不断急剧地上升 (vi.)；螺旋的 (adj.)；螺旋，螺旋式的上升 (n.),,,
subtle,'sʌtl,,微妙的， 难以捉摸的； 诡秘的， 狡诈的； 隐约的 (adj.),,,
component,kəm'pəunənt,,组成的， 构成的 (adj.)；组成部分，部件，组件 (n.),,,
overwhelm,ˌəuvə'welm,,使受不了， 使不知所措； 征服， 制服 (vt.),,,
suite,swiːt,,套间； 一套家具； 套， 组， 系列 (n.),,,
consultant,kən'sʌltənt,,顾问； 会诊医师， 专科医生 (n.),,,
disguise,dɪs'gaɪz,,假扮，化装，伪装；掩盖，掩饰 (vt.)；用来伪装的东西； 伪装， 掩饰 (n.),,,
imperial,ɪm'pɪəriəl,,帝国的， 帝王的； 英制的 (adj.),,,
facet,'fæsɪt,,一个方面； 面 (n.),,,
liberal,'lɪbərəl,,心胸宽大的， 慷慨的； 自由的， 自由主义的 (adj.),,,
surgery,'sɜːdʒəri,,外科， 外科手术； 手术室 (n.),,,
harmony,'hɑːməni,,调和； 协调； 和谐 (n.),,,
violent,'vaɪələnt,,暴力引起的， 强暴的； 猛烈的， 剧烈的 (adj.),,,
resolve,rɪ'zɒlv,,决定；解决；分解 (v.)；决心 (n.),,,
cozy,'kəuzi,,舒适的； 亲切友好的 (adj.),,,
confront,kən'frʌnt,,迎面遇到， 遭遇； 勇敢地面对， 正视； 使对质， 使当面对证 (vt.),,,
dominate,'dɒmɪneɪt,,在…中占首要地位； 支配， 统治； 耸立于， 俯视； 拥有优势 (v.),,,
imitate,'ɪmɪteɪt,,模仿； 仿效； 仿制 (vt.),,,
deadly,'dedli,,非常， 极度地 (adv.)；致死的，致命的；不共戴天的；极度的，十足的 (adj.),,,
compute,kəm'pjuːt,,计算， 估算 (v.),,,
institution,ˌɪnstɪ'tjuːʃn,,协会； 制度； 习俗 (n.),,,
huddle,'hʌdl,,聚集在一起，挤作一团；把身子蜷成一团，蜷缩 (vi.)；使聚集在一起 (vt.)；挤在一起的人； 一堆杂乱的东西 (n.),,,
skeleton,'skelɪtn,,骨骼； 框架， 骨干； 梗概， 提要 (n.),,,
ambition,æm'bɪʃn,,雄心， 抱负， 野心； 期望得到的东西 (n.),,,
intersection,ˌɪntə'sekʃn,,道路交叉口， 交点 (n.),,,
exceed,ɪk'sɪːd,,超过， 胜过， 超出 (vt.),,,
implement,'ɪmplɪm(ə)nt,,使生效， 履行， 实施 (vt.)；工具， 器具， 用具 (n.),,,
disperse,dɪ'spɜːs,,分散， 赶散； 消散， 驱散 (vi.)；使分散，散开；使消散，消失 (vt.),,,
avert,ə'vɜːt,,防止， 避免； 转移 (vt.),,,
fantasy,'fæntəsi,,想象， 幻想； 想象的产物 (n.),,,
shipment,'ʃɪpmənt,,装运， 装船； 装载的货物 (n.),,,
vicious,'vɪʃəs,,恶毒的， 凶残的； 剧烈的， 严重的 (adj.),,,
lace,leɪs,,网眼花边，透孔织品；鞋带，系带 (n.)；用系带束紧 (vt.),,,
enormous,ɪ'nɔːməs,,巨大的， 庞大的 (adj.),,,
external,ɪk'stɜːnl,,外部的， 外面的 (adj.),,,
gorgeous,'gɔːdʒəs,,华丽的， 灿烂的， 绚丽的； 令人十分愉快的， 极好的 (adj.),,,
circumstance,'sɜːkəmstəns,,情况，条件，境遇； (n.),,,
authority,ɔː'θɒrəti,,官方； 权力； 当权者， 行政管理机构； 权威， 专家 (n.),,,
erosion,ɪ'rəuʒn,,腐蚀， 侵蚀， 磨损； 削弱， 减少 (n.),,,
ascend,ə'send,,渐渐上升，升高 (vi.)；攀登， 登上 (vt.),,,
provided,prə'vaɪdɪd,,假如， 若是 (conj.),,,
instrument,'ɪnstrəmənt,,仪器， 工具； 乐器 (n.),,,
medium,'miːdiəm,,中等的 (adj.)；媒质，媒介物；传导体 (n.),,,
indispensable,ˌɪndɪ'spensəbl,,必不可少的， 必需的 (adj.),,,
lens,lenz,,透镜， 镜片； 镜头 (n.),,,
embody,ɪm'bɒdi,,代表， 表现， 体现； 包括； 包含； 收录 (vt.),,,
fatal,'feɪtl,,致命的， 灾难性的， 毁灭性的； 重大的， 决定性的 (adj.),,,
motive,'məutɪv,,动机， 目的 (n.),,,
envisage,ɪn'vɪzɪdʒ,,想象， 设想 (vt.),,,
wrestle,'resl,,摔跤； 斗争， 搏斗 (n.),,,
motivate,'məutɪveɪt,,作为…的动机； 激励， 激发 (vt.),,,
marginal,'mɑːdʒɪnl,,微小的， 少量的； 不重要的； 仅以微弱多数票获胜的； 记在页边的， 有旁注的 (adj.),,,
spoil,spɔɪl,,变质 (vi.)；损坏，糟蹋；宠坏，溺爱 (vt.)；战利品， 掠夺物 (n.),,,
multiply,'mʌltɪplaɪ,,增加， 繁殖； 乘 (v.),,,
pasture,'pɑːstʃə,,牧草地，牧场 (n.)；放牧 (vt.),,,
approval,ə'pruːvl,,赞成， 同意； 认可， 批准 (n.),,,
mobile,'məubaɪl,,运动的；流动的；多变的 (adj.)；移动电话 (n.),,,
multiple,'mʌltɪpl,,复合的；多重的，多样的 (adj.)；倍数 (n.),,,
evolution,ˌevə'luːʃn,,进化， 演化； 发展 (n.),,,
peak,piːk,,达到高峰； 达到最大值 (vi.)；最大值的；高峰的 (adj.)；山顶，顶点，顶峰 (n.),,,
magnet,'mægnət,,磁铁， 磁体； 有吸引力的人和事物 (n.),,,
concentrate,'kɒnsntreɪt,,全神贯注，全力以赴；集中，聚集；浓缩 (v.)；浓缩物， 浓缩液 (n.),,,
expose,ɪk'spəuz,,使暴露， 揭露 (vt.),,,
versatile,'vɜːsətaɪl,,多才多艺的， 有多种技能的； 有多种用途的， 多功能的， 万用的 (adj.),,,
versus,'vɜːsəs,,以…为对手， 对； 与…相对， 与…相比之下 (prep.),,,
complaint,kəm'pleɪnt,,抱怨， 怨言； 控告 (n.),,,
permissible,pə'mɪsəbl,,可允许的， 许可的 (adj.),,,
cancer,'kænsə,,癌， 癌症， 肿瘤 (n.),,,
splash,splæʃ,,溅，泼 (v.)；溅泼声； 溅出的水； 斑点 (n.),,,
inject,ɪn'dʒekt,,注射， 给…注射； 注入， 引入， 投入 (vt.),,,
romance,rəu'mæns,,恋爱， 恋爱关系； 浪漫气氛， 传奇色彩； 爱情小说， 传奇故事 (n.),,,
offense,ə'fens,,犯规， 违法行为； 冒犯， 得罪 (n.),,,
atlas,'ætləs,,地图集 (n.),,,
invisible,ɪn'vɪzəbl,,看不见的， 无形的 (adj.),,,
focus,'fəukəs,,聚焦；集中 (v.)；焦点， 中心 (n.),,,
hamper,'hæmpə,,妨碍，束缚，限制 (vt.)；大篮子 (n.),,,
motel,məu'tel,,汽车旅馆 (n.),,,
approach,ə'prəutʃ,,向…靠近 (vt.)；靠近； 途径， 方式 (n.),,,
exaggeration,ɪgˌzædʒə'reɪʃn,,夸张； 夸大之词 (n.),,,
peg,peg,,小钉，栓，挂物钉；桩 (n.)；用钉子钉， 用钉固定； 限定； 将…看成， 将…归入 (vt.),,,
myth,mɪθ,,杜撰出来的人； 神话 (n.),,,
decisive,dɪ'saɪsɪv,,决定性的； 坚定的， 果断的， 决断的 (adj.),,,
concise,kən'saɪs,,简明的， 简要的 (adj.),,,
implication,ˌɪmplɪ'keɪʃn,,含意， 暗示， 暗指； 卷入， 牵连 (n.),,,
thesis,'θiːsɪs,,论文， 毕业论文； 论题， 论点 (n.),,,
bump,bʌmp,,碰，撞； (vi.),,,
reservation,ˌrezə'veɪʃn,,预订； 保留； 犹豫； 居留地 (n.),,,
revive,rɪ'vaɪv,,复苏 (v.),,,
cordial,'kɔːdiəl,,热情友好的， 热诚的 (adj.),,,
timid,'tɪmɪd,,羞怯的， 胆小的 (adj.),,,
loyalty,'lɔɪəlti,,忠诚， 忠心 (n.),,,
dismiss,dɪs'mɪs,,不再考虑； 解雇， 解散； 驳回 (vt.),,,
underlying,ˌʌndə'laɪɪŋ,,在下面的； 含蓄的； 潜在的 (adj.),,,
reform,rɪ'fɔːm,,改革， 改良， 改造； 改正， 改过自新 (n&v.),,,
install,ɪn'stɔːl,,安装， 设置； 使就职， 任命 (vt.),,,
ensue,ɪn'sjuː,,接着发生， 接踵而来， 因而产生 (vi.),,,
indication,ˌɪndɪ'keɪʃn,,指出， 指示； 迹象， 暗示 (n.),,,
bulk,bʌlk,,变得越来越大； 使更大 (v.)；物体，体积；大批 (n.),,,
bull,bul,,公牛； 雄兽； 买进证券投机图利者， 看涨的人 (n.),,,
champion,'tʃæmpiən,,冠军， 得胜者； 捍卫者， 拥护者 (n.),,,
ceramic,sə'ræmɪk,,陶器的 (adj.)；陶瓷器 (n.),,,
queer,kwɪə,,奇怪的， 异常的； 不舒服的， 眩晕的 (adj.),,,
successor,sək'sesə,,接替的人或事物， 继任者 (n.),,,
enlightenment,ɪn'laɪtnmənt,,启发， 开导； 开明， 文明 (n.),,,
booklet,'buklət,,小册子 (n.),,,
magnificent,mæg'nɪfɪsnt,,壮丽的， 华丽的； 极好的 (adj.),,,
stagger,'stægə,,摇晃，蹒跚 (vi.)；使吃惊；使错开，使交错 (vt.)；蹒跚， 踉跄 (n.),,,
irony,'aɪərəni,,反话， 冷嘲， 嘲弄； 具有讽刺意味的事 (n.),,,
restrict,rɪ'strɪkt,,限制， 约束， 限定 (vt.),,,
bandage,'bændɪdʒ,,绷带 (n.)；用绷带绑扎 (vt.),,,
prevalence,'prevələns,,流行 (n.),,,
scrap,skræp,,碎片，碎屑；废金属；残羹剩饭；少量，点滴 (n.)；废弃， 抛弃 (vt.),,,
syndrome,'sɪndrəum,,综合病症， 综合症状； 一系列表现 (n.),,,
tow,təu,,拖， 拉， 牵引 (n&vt.),,,
imperative,ɪm'perətɪv,,必要的；紧急的，极重要的；命令的 (adj.)；必要的事， 必须完成的事； 【语】祈使语气 (n.),,,
meadow,'medəu,,草地 (n.),,,
hitherto,ˌhɪðə'tuː,,到目前为止， 迄今 (adv.),,,
energetic,ˌenə'dʒetɪk,,精力充沛的， 充满活力的 (adj.),,,
haul,hɔːl,,拖，拉；拖运，运送 (vt.)；拖， 拉， 托运； 一次获得的数量 (n.),,,
avail,ə'veɪl,,有帮助； 有益； 有用 (v.)；效用，利益，帮助 (n.),,,
consequence,'kɒnsɪkwəns,,结果， 后果； 重要， 重大 (n.),,,
linear,'lɪniə,,线的， 直线的， 线状的； 长度的； 线性的 (adj.),,,
robust,rəu'bʌst,,强壮的， 健康的 (adj.),,,
dominant,'dɒmɪnənt,,占优势的， 支配的， 统治的； 居高临下的， 高耸的 (adj.),,,
premier,'premiə,,首要的， 首位的， 首次的 (adj.)；总理，首相 (n.),,,
peel,piːl,,剥落，脱皮 (vi.)；削…的皮，剥…的壳 (vt.)；皮， 外衣 (n.),,,
intellectual,ˌɪntə'lektʃuəl,,智力的 (adj.)；知识分子 (n.),,,
reclaim,rɪ'kleɪm,,要回； 开垦； 回收 (vt.),,,
denounce,dɪ'nauns,,谴责， 指责； 告发 (vt.),,,
verge,vɜːdʒ,,接近， 濒临 (vi.)；边，边缘 (n.),,,
pastry,'peɪstri,,油酥面团， 酥皮糕点 (n.),,,
messenger,'mesɪndʒə,,送信人， 信使 (n.),,,
disable,dɪs'eɪbl,,丧失能力， 伤残 (vt.),,,
irrespective,ˌɪrɪ'spektɪv,,不考虑的， 不顾及的 (adj.),,,
entity,'entəti,,实体， 独立存在体， 实际存在物 (n.),,,
prohibit,prə'hɪbɪt,,禁止， 不准 (vt.),,,
bacteria,bæk'tɪəriə,,细菌 (n.),,,
fuel,fjuːəl,,燃料，燃料剂 (n.)；给…加燃料； 刺激 (vt.),,,
hostile,'hɒstaɪl,,敌方的， 不友善的 (adj.),,,
reign,reɪn,,当政， 统治； 占主导地位 (vi.)；君主的统治，君主的统治时期 (n.),,,
tempo,'tempəu,,速度； 节奏， 行进速度 (n.),,,
descendant,dɪ'sendənt,,后裔， 后代 (n.),,,
foresee,fɔː'siː,,预见， 预知 (vt.),,,
bruise,bruːz,,青肿，挫伤；伤痕，擦痕 (n.)；打青， 使受淤伤； 挫伤， 伤害 (vt.),,,
associate,ə'səuʃieɪt,,把…联系在一起；使联合，结合；交往	[ə'səuʃiət] (v.)；副的 (adj.)；伙伴，同事 (n.),,,
gown,gaun,,女礼服， 女裙服； 长袍； 罩衣 (n.),,,
crawl,krɔːl,,爬行， 蠕动； 缓慢行进 (n&v.),,,
identical,aɪ'dentɪkl,,完全相同的， 同一的 (adj.),,,
plead,pliːd,,恳求，请求；申诉，答辩，辩护 (vi.)；为…辩护， 提出…为理由 (vt.),,,
kidney,'kɪdni,,肾， 肾脏 (n.),,,
gleam,gliːm,,闪亮， 闪烁； 闪现， 流露 (n&vi.),,,
ambitious,æm'bɪʃəs,,有抱负的， 雄心勃勃的； 有野心的 (adj.),,,
academic,ˌækə'demɪk,,学院的；学术的；纯理论的，不切实际的 (adj.)；大学教师 (n.),,,
function,'fʌŋkʃn,,工作， 运行； 起作用 (vi.)；功能，职务；【数】函数；重大聚会 (n.),,,
stock,stɒk,,储备 (v.)；常用的， 常备的 (adj.)；原料，库存品；股本，公债；世系，血统；汤汁；家畜，牲畜 (n.),,,
sneak,sniːk,,偷偷地走，溜 (vi.)；偷偷地做 (vt.),,,
void,vɔɪd,,无效的；没有的，缺乏的 (adj.)；空虚感，寂寞感；真空，空白 (n.)；使无效 (vt.),,,
comparison,kəm'pærɪsn,,比较， 对照； 比拟， 比喻 (n.),,,
surge,sɜːdʒ,,蜂拥而出；洋溢，奔放；汹涌，奔腾 (vi.)；洋溢， 奔放； 急剧上升， 猛增； 浪涛般汹涌奔腾 (n.),,,
swap,swɒp,,交换 (n&v.),,,
ritual,'rɪtʃuəl,,作为仪式一部分的； 例行的 (adj.)；仪式；例行公事，老规矩 (n.),,,
liability,ˌlaɪə'bɪləti,,责任； 负债， 债务； 不利条件， 起妨碍作用的人 (n.),,,
hatch,hætʃ,,孵出；筹划， (vt.)；舱门； 开口； 孵化 (n.),,,
patriot,'peɪtriət,,爱国者， 爱国主义者 (n.),,,
tick,tɪk,,发出滴答声 (vi.)；记号，勾号；滴答声 (n.)；给…标记号 (vt.),,,
basis,'beɪsɪs,,基础， 根据； 原则 (n.),,,
tutor,'tjuːtə,,当…导师， 当…家庭教师 (v.)；导师；家庭教师，私人教师 (n.),,,
senator,'senətə,,参议员 (n.),,,
successive,sək'sesɪv,,连续的， 接连的 (adj.),,,
quantify,'kwɒntɪfaɪ,,确定…的数量， 量化 (vt.),,,
reconcile,'rekənsaɪl,,使协调； 使和解； 使顺从， 使甘心 (vt.),,,
tempt,tempt,,吸引， 引起…的兴趣； 引诱， 诱惑 (vt.),,,
obligation,ˌɒblɪ'geɪʃn,,义务， 责任 (n.),,,
paperback,'peɪpəbæk,,平装本， 简装本 (n.),,,
evil,'iːvl,,坏的 (adj.)；邪恶，祸害 (n.),,,
rarely,'reəli,,不常， 难得 (adv.),,,
hawk,hɔːk,,鹰，隼；“鹰派”人物 (n.)；叫卖， 兜售 (vt.),,,
twist,twɪst,,缠绕，盘绕；转动，旋动；捻，搓；歪曲，曲解；扭歪，扭伤；曲折前进；转身 (v.)；扭弯； 转折， 转变； 弯曲， 曲折处 (n.),,,
forthcoming,ˌfɔːθ'kʌmɪŋ,,即将到来的； 可得到的； 乐于提供消息的 (adj.),,,
patriotic,ˌpeɪtri'ɒtɪk,,爱国的， 有爱国心的， 显示爱国精神的 (adj.),,,
complication,ˌkɒmplɪ'keɪʃn,,困难， 难题； 并发症 (n.),,,
perplex,pə'pleks,,使困惑， 使费解； 使复杂化 (vt.),,,
combat,'kɒmbæt,,战争，斗争，格斗 (n.)；与…斗争， 与…战斗 (vt.),,,
despise,dɪ'spaɪz,,鄙视， 看不起 (vt.),,,
levy,'levi,,征收 (vt.)；征税， 税款 (n.),,,
indulge,ɪn'dʌldʒ,,沉溺， 纵容自己， 肆意从事 (vi.)；使沉溺于，满足；纵容，迁就 (vt.),,,
intimidate,ɪn'tɪmɪdeɪt,,恐吓， 威胁 (vt.),,,
effective,ɪ'fektɪv,,有效的； 有影响的 (adj.),,,
unity,'juːnəti,,单一， 统一， 团结； 和睦， 协调 (n.),,,
pursue,pə'sjuː,,继续， 从事； 追赶， 追踪； 追求 (vt.),,,
vulgar,'vʌlgə,,粗野的， 下流的； 庸俗的， 粗俗的 (adj.),,,
catastrophe,kə'tæstrəfi,,大灾难， 灾祸 (n.),,,
convey,kən'veɪ,,表达； 传递； 运送， 输送 (vt.),,,
design,dɪ'zaɪn,,设计；预定，指定 (vt.)；设计， 构想； 图样； 企图 (n.),,,
generous,'dʒenərəs,,慷慨的， 宽厚的； 大量的 (adj.),,,
coincidence,kəu'ɪnsɪdəns,,巧合， 巧事； 一致， 符合 (n.),,,
victim,'vɪktɪm,,牺牲者； 受害者 (n.),,,
bust,bʌst,,爆裂，坏掉 (vi.)；打破，打碎 (vt.)；胸像， 半身像； 胸部， 胸围 (n.),,,
skull,skʌl,,颅骨， 脑壳 (n.),,,
hysterical,hɪ'sterɪkl,,情绪异常激动的， 歇斯底里般的 (adj.),,,
lane,leɪn,,小路， 跑道； 航道， 航线 (n.),,,
contaminate,kən'tæmɪneɪt,,弄脏， 污染 (vt.),,,
ammunition,ˌæmju'nɪʃn,,弹药， 军火 (n.),,,
chief,tʃiːf,,主要的，为首的；总的 (adj.)；首领， 长官； 酋长， 族长 (n.),,,
accord,ə'kɔːd,,相符合， 相一致， 相和谐； 授予， 赠与， 给予 (v.)；一致，符合；谅解，协议 (n.),,,
foremost,'fɔːməust,,最好的， 最著名的， 最重要的 (adj.),,,
automatic,ˌɔːtə'mætɪk,,自动的； 必然发生的； 无意识的 (adj.)；自动机械 (n.),,,
despite,dɪ'spaɪt,,不管， 不顾 (prep.),,,
consecutive,kən'sekjətɪv,,连续的， 连贯的 (adj.),,,
probe,prəub,,探索，查究，调查；用探针探查，探测 (v.)；探针， 探测器； 探索， 调查 (n.),,,
assimilation,əˌsɪmə'leɪʃn,,同化， 同化作用； 消化 (n.),,,
groan,grəun,,呻吟，抱怨；发出呻吟般的声音 (vi.)；呻吟， 抱怨； 呻吟般的声音 (n.),,,
industrial,ɪn'dʌstriəl,,工业的， 产业的 (adj.),,,
conduct,'kɒndʌkt,,举止，行为；指导；管理，实施	[kən'dʌkt] (n.)；进行； 管理， 指挥， 引导； 传输， 传导 (vt.),,,
velvet,'velvɪt,,天鹅绒， 丝绒 (n.),,,
quantitative,'kwɒntɪtətɪv,,量的， 定量的 (adj.),,,
stable,'steɪbl,,稳定的，不变的；沉稳的，持重的 (adj.)；厩， 马厩， 牛棚 (n.),,,
reunion,riː'juːniən,,重聚， 团聚； 聚会， 联谊活动 (n.),,,
fantastic,fæn'tæstɪk,,极好的， 极出色的； 了不起的； 极大的； 难以相信的； 异想天开的， 不实际的； 奇异的， 古怪的 (adj.),,,
drainage,'dreɪnɪdʒ,,排水系统， 下水道； 排水， 放水 (n.),,,
respond,rɪ'spɒnd,,回答， 答复； 作出反应， 响应 (vi.),,,
incident,'ɪnsɪdənt,,发生的事， 事件 (n.),,,
lame,leɪm,,跛的， 瘸的； 站不住脚的， 差劲的； 蹩脚的 (adj.),,,
tub,tʌb,,桶， 塑料杯， 纸杯； 盆， 洗澡盆， 浴缸 (n.),,,
cluster,'klʌstə,,群集，丛生 (vi.)；串，簇；群，组 (n.)；使群集， 集中 (vt.),,,
prey,preɪ,,捕食； 折磨， 使烦恼 (vi.)；被捕食的动物，捕获物；受害者 (n.),,,
apparatus,ˌæpə'reɪtəs,,器械， 器具， 仪器； 机构， 组织 (n.),,,
lieutenant,lef'tenənt,,陆军中尉； 海军上尉 (n.),,,
tug,tʌg,,用力拖 (v.)；拖船； 猛拉， 牵引 (n.),,,
expedition,ˌekspə'dɪʃn,,旅行， 远征； 远征队， 探险队， 考察队； 迅速， 动作敏捷 (n.),,,
decay,dɪ'keɪ,,腐烂，衰败 (vi.)；腐烂， 衰败状态 (n.),,,
grieve,griːv,,感到悲痛，伤心 (vi.)；使伤心， 为…而伤心 (vt.),,,
absorb,əb'sɔːb,,吸收； 吸引…的注意， 使全神贯注； 把…并入， 同化 (vt.),,,
concern,kən'sɜːn,,关切的事，有关的事；关心，挂念；关系，关联；公司，企业 (n.)；涉及， 有关； 使关心， 使担心 (vt.),,,
fracture,'fræktʃə,,断裂，折断 (v.)；裂缝， 裂痕； 折断 (n.),,,
rectify,'rektɪfaɪ,,纠正， 修复 (vt.),,,
integrity,ɪn'tegrəti,,正直， 诚实， 诚恳； 完整， 完全， 完善 (n.),,,
refrain,rɪ'freɪn,,抑制，克制，戒除 (vi.)；叠句， 副歌 (n.),,,
pact,pækt,,契约， 协定， 条约 (n.),,,
notation,nəu'teɪʃn,,记号， 标记法 (n.),,,
merge,mɜːdʒ,,结合， 合并， 合为一体 (v.),,,
liable,'laɪəbl,,易于…的， 可能的 (adj.),,,
recycle,ˌriː'saɪkl,,回收利用 (vt.),,,
dock,'dɒk,,靠码头， 进港 (vi.)；码头，船埠；被告席 (n.)；使靠码头；扣 (vt.),,,
marsh,mɑːʃ,,沼泽， 湿地 (n.),,,
element,'elɪmənt,,成分， 要素， 元素； 基础， 纲要； 自然力 (n.),,,
confidential,ˌkɒnfɪ'denʃl,,秘密的， 机密的； 表示信任的； 担任机密工作的 (adj.),,,
abundant,ə'bʌndənt,,丰富的， 富裕的； 大量的， 充足的 (adj.),,,
exclaim,ɪk'skleɪm,,呼喊， 惊叫 (vi.),,,
ballet,'bæleɪ,,芭蕾舞， 芭蕾舞剧； 芭蕾舞团 (n.),,,
mute,mjuːt,,缄默的，无声的；哑的，不会说话的；不发音的 (adj.)；消除， 减轻 (vt.),,,
courtesy,'kɜːtəsi,,谦恭有礼； 有礼貌的举止 (n.),,,
deteriorate,dɪ'tɪəriəreɪt,,恶化， 变坏 (vi.),,,
warehouse,'weəhaus,,仓库， 货栈 (n.),,,
recognize,'rekəgnaɪz,,认出， 识别； 承认， 确认， 认可； 赏识， 表彰， 报偿 (vt.),,,
restraint,rɪ'streɪnt,,抑制， 限制， 克制； 约束措施， 约束条件 (n.),,,
pollutant,pə'luːtənt,,污染物质 (n.),,,
bamboo,ˌbæm'buː,,竹， 竹子 (n.),,,
input,'ɪnput,,输入；投入的资金，输入的数据 (n.)；把…输入计算机 (vt.),,,
induce,ɪn'djuːs,,引导， 劝； 引起， 导致 (vt.),,,
abnormal,æb'nɔːml,,反常的， 异常的 (adj.),,,
shrewd,ʃruːd,,机灵的， 敏锐的， 精明的 (adj.),,,
stereotype,'steriətaɪp,,陈规，老套，固定的模式 (n.)；对…形成固定看法 (vt.),,,
molecule,'mɒlɪkjuːl,,分子 (n.),,,
enroll,ɪn'rəul,,入学，加入 (vi.)；招收， 吸收 (vt.),,,
resign,rɪ'zaɪn,,辞职；听任 (vi.)；辞去， 放弃； 使顺从 (vt.),,,
safeguard,'seɪfgɑːd,,保护，维护 (vt.)；预防措施； 保证条款 (n.),,,
diligent,'dɪlɪdʒənt,,勤勉的， 勤奋的 (adj.),,,
sophisticated,sə'fɪstɪkeɪtɪd,,老于世故的； 高级的； 精密的， 复杂的； 高雅的 (adj.),,,
entertainment,ˌentə'teɪnmənt,,娱乐， 文娱节目， 表演会； 招待， 款待， 请客 (n.),,,
reside,rɪ'zaɪd,,居住， 定居； 存在， 在于 (vi.),,,
indicative,ɪn'dɪkətɪv,,标示的，指示的，象征的；陈述的 (adj.)；【语】陈述语气 (n.),,,
ward,wɔːd,,病房； 区； 受监护人 (n.),,,
dread,dred,,担忧，忧虑；惧怕 (vt.)；担忧， 畏惧 (n.),,,
scrutiny,'skruːtəni,,详细检查， 仔细观察 (n.),,,
chase,tʃeɪs,,追逐， 追赶， 追求 (n&vt.),,,
accident,'æksɪdənt,,意外， 事故 (n.),,,
promote,prə'məut,,促进， 增进， 发扬； 提升； 宣传， 推销 (vt.),,,
routine,ruː'tiːn,,例行的， 常规的 (adj.)；例行公事，惯例，惯常的程序 (n.),,,
attack,ə'tæk,,攻击， 进攻； 突然发作 (n&vt.),,,
divorce,dɪ'vɔːs,,离婚，离异 (n.)；离婚； 分离， 脱离 (vt.),,,
tariff,'tærɪf,,关税， 税率； 价目表， 收费表 (n.),,,
attach,ə'tætʃ,,缚， 系， 贴， 附加； 使依恋， 使喜爱； 使附属； 认为有 (vt.),,,
graphic,'græfɪk,,生动的， 形象的； 绘画的， 文字的， 图表的 (adj.),,,
convict,kən'vɪkt,,证明…有罪，宣判…有罪['kɒnvɪkt] (vt.)；囚犯 (n.),,,
retention,rɪ'tenʃn,,保留， 保持 (n.),,,
creation,kri'eɪʃn,,创造， 创建； 创造的作品， 产物； 宇宙， 天地万物 (n.),,,
legislation,ˌledʒɪs'leɪʃn,,法律， 法规； 立法， 法律的制定 (n.),,,
dodge,dɒdʒ,,闪身躲开 (vi.)；回避，逃避 (vt.)；托辞， 伎俩； 躲闪， 躲避 (n.),,,
ingredient,ɪn'griːdiənt,,组成部分， 原料； 要素 (n.),,,
surplus,'sɜːpləs,,过剩的， 多余的 (adj.)；过剩，剩余，盈余 (n.),,,
consolidate,kən'sɒlɪdeɪt,,巩固， 加强； 联为一体， 合并 (v.),,,
correspondence,ˌkɒrə'spɒndəns,,信件， 函件； 通信， 通信联系； 符合， 一致， 相似 (n.),,,
inhibit,ɪn'hɪbɪt,,阻止， 妨碍， 抑制 (vt.),,,
refresh,rɪ'freʃ,,振作精神， 恢复活力 (v.),,,
intimate,'ɪntɪmət,,亲密的，个人的 (adj.)；至交， 密友 (n.)；暗示， 提示 (vt.),,,
shove,ʃʌv,,用力推，挤 (vi.)；乱推，挤；乱塞，随意放 (vt.)；猛推 (n.),,,
theft,θeft,,偷窃， 失窃 (n.),,,
disclose,dɪs'kləuz,,揭露， 泄露， 透露 (vt.),,,
religion,rɪ'lɪdʒən,,宗教， 宗教信仰 (n.),,,
yacht,jɒt,,快艇， 帆船， 游艇 (n.),,,
mistress,'mɪstrəs,,情妇； 主妇， 女主人 (n.),,,
oxide,'ɒksaɪd,,氧化物 (n.),,,
miniature,'mɪnətʃə,,小型的，微小的 (adj.)；微小的模型， 缩影； 微型画， 微型人物像 (n.),,,
clan,klæn,,宗族， 家族 (n.),,,
economical,ˌiːkə'nɒmɪkl,,节约的； 经济学的 (adj.),,,
prosperous,'prɒspərəs,,繁荣的， 兴旺的 (adj.),,,
polish,'pɒlɪʃ,,磨光；修改，润色，使优美 (vt.)；擦光剂 (n.),,,
reassess,ˌriːə'ses,,再评价 (vt.),,,
cabinet,'kæbɪnət,,橱， 柜； 内阁 (n.),,,
optical,'ɒptɪkl,,眼的， 视觉的； 光学的 (adj.),,,
evoke,ɪ'vəuk,,唤起， 引起， 使人想起 (vt.),,,
insurance,ɪn'ʃuərəns,,保险； 保险费 (n.),,,
dazzle,'dæzl,,使眩目，耀；使赞叹不已；使倾倒 (vt.)；耀眼的光； 令人赞叹的东西 (n.),,,
principle,'prɪnsəpl,,原则， 原理， 道义； 基本信念， 信条 (n.),,,
thigh,θaɪ,,大腿 (n.),,,
tedious,'tiːdiəs,,冗长乏味的， 沉闷的 (adj.),,,
tilt,tɪlt,,倾斜，倾侧 (v.)；倾斜， 倾侧 (n.),,,
inferiority,ɪnˌfɪəri'ɒrəti,,自卑； 次等 (n.),,,
participant,pɑː'tɪsɪpənt,,参加者， 参与者 (n.),,,
initiate,ɪ'nɪʃɪeɪt,,开始， 创造， 发起； 使初步了解； 接纳， 让…加入 (vt.)；新加入组织的人 (n.),,,
domestic,də'mestɪk,,本国的； 家庭的； 驯养的 (adj.),,,
glare,gleə,,怒目而视；发射强光，发出刺眼的光线 (vi.)；强光； 怒视， 瞪眼； 炫耀， 张扬 (n.),,,
irrigation,ˌɪrɪ'geɪʃn,,灌溉 (n.),,,
compile,kəm'paɪl,,汇编； 编制， 编纂 (vt.),,,
vitality,vaɪ'tæləti,,活力； 生机， 元气 (n.),,,
locomotive,ˌləukə'məutɪv,,机车 (n.),,,
tile,taɪl,,瓦，瓷砖 (n.)；铺瓦于， 贴瓷砖于 (vt.),,,
donation,dəu'neɪʃn,,捐款， 捐赠物； 捐赠， 赠送 (n.),,,
immense,ɪ'mens,,广大的， 巨大的； 无限的 (adj.),,,
inherent,ɪn'hɪərənt,,内在的； 固有的， 生来就有的 (adj.),,,
stability,stə'bɪləti,,稳定， 稳固 (n.),,,
budget,'bʌdʒɪt,,规划，安排；编预算 (v.)；低廉的， 收费公道的 (adj.)；预算，预算拨款 (n.),,,
radiate,'reɪdieɪt,,发出， 辐射； 流露， 显示 (v.),,,
given,'gɪvn,,规定的，特定的；假设的，已知的；有癖好的，有倾向的 (adj.)；考虑到 (prep.),,,
perish,'perɪʃ,,丧生， 毁灭， 消亡； 失去弹性， 老化 (vi.),,,
pastime,'pɑːstaɪm,,消遣， 娱乐 (n.),,,
ultimate,'ʌltɪmət,,最后的，最终的 (adj.)；终极， 顶点 (n.),,,
adapt,ə'dæpt,,使适应； 改编 (vt.),,,
prosecute,'prɒsɪkjuːt,,起诉， 告发 (vi.)；对…提起公诉，告发，检举；继续从事 (vt.),,,
batch,bætʃ,,一批， 一组， 一群； 一批生产量 (n.),,,
merit,'merɪt,,长处，优点；价值；功劳，成绩 (n.)；值得， 应受 (vt.),,,
verbal,'vɜːbl,,口头的； 用言辞的， 用文字的； 动词的 (adj.),,,
solicitor,sə'lɪsɪtə,,初级律师， 事务律师 (n.),,,
intrinsic,ɪn'trɪnsɪk,,固有的； 本质的； 内在的 (adj.),,,
proximity,prɒk'sɪməti,,接近， 邻近 (n.),,,
luminous,'luːmɪnəs,,发光的， 发亮的； 光明的 (adj.),,,
lash,læʃ,,将系牢；鞭打，抽打；猛烈打击；猛烈抨击，严厉斥责 (v.)；鞭打； 假睫毛； 鞭梢 (n.),,,
receipt,rɪ'siːt,,发票， 收据； 收入， 进款； 收到， 接到 (n.),,,
assume,ə'sjuːm,,假定， 假设； 臆断； 承担， 担任； 呈现 (vt.),,,
predestine,priː'destɪn,,预先确定； 注定 (vt.),,,
chant,tʃɑːnt,,反复有节奏地喊叫；吟诵，咏唱 (vt.)；反复有节奏的喊叫； 赞美诗， 圣歌 (n.),,,
destiny,'destəni,,命运； 定数， 天命 (n.),,,
capsule,'kæpsjuːl,,胶囊； 航天舱， 密封舱 (n.),,,
concept,'kɒnsept,,概念， 观念； 设想 (n.),,,
resistant,rɪ'zɪstənt,,抵抗的； 抗…的， 耐…的 (adj.),,,
ozone,'əuzəun,,臭氧 (n.),,,
indefinite,ɪn'defɪnət,,无限期的； 模糊的， 不确定的 (adj.),,,
disaster,dɪ'zɑːstə,,灾难， 灾祸， 天灾； 彻底的失败 (n.),,,
ecology,i'kɒlədʒi,,生态； 生态学 (n.),,,
minimal,'mɪnɪməl,,最小的， 最低限度的 (adj.),,,
cocktail,'kɒkteɪl,,鸡尾酒； 餐前开胃小吃； 混合物 (n.),,,
enhance,ɪn'hɑːns,,提高， 增加， 加强 (vt.),,,
convention,kən'venʃn,,习俗， 惯例； 公约； 会议 (n.),,,
disease,dɪ'ziːz,,病， 疾病； 不健全， 弊端 (n.),,,
calcium,'kælsiəm,,钙 (n.),,,
notwithstanding,ˌnɒtwɪθ'stændɪŋ,,尽管 (adv.),,,
suspicion,sə'spɪʃn,,怀疑， 疑心， 猜疑； 一点儿， 少量 (n.),,,
purchase,'pɜːtʃəs,,买，购买 (vt.)；购买； 购买的物品 (n.),,,
refusal,rɪ'fjuːzl,,拒绝 (n.),,,
disposable,dɪ'spəuzəbl,,可任意使用的 (adj.)；一次性物品， 不回收物品 (n.),,,
bypass,'baɪpɑːs,,旁道，迂回道 (n.)；绕过， 绕…走； 越过， 置…于不顾 (vt.),,,
silicon,'sɪlɪkən,,硅 (n.),,,
clarity,'klærəti,,清楚， 明晰 (n.),,,
fund,fʌnd,,资金，基金；存款 (n.)；为…提供资金 (vt.),,,
typical,'tɪpɪkl,,典型的， 有代表性的 (adj.),,,
recipient,rɪ'sɪpiənt,,接受者， 接收者 (n.),,,
commonwealth,'kɒmənwelθ,,[C-]英联邦； 联邦， 联合体 (n.),,,
watt,wɒt,,瓦 (n.),,,
buzz,bʌz,,发出嗡嗡声；忙乱，急行；发出嘈杂的谈话声 (vi.)；嗡嗡声； 嘈杂的谈话声 (n.),,,
finance,'faɪnæns,,财政，金融；财源，财务情况 (n.)；为…提供资金 (vt.),,,
incur,ɪn'kɜː,,招致， 引起； 遭受 (vt.),,,
notorious,nəu'tɔːriəs,,臭名昭著的， 声名狼藉的 (adj.),,,
assassination,əˌsæsɪ'neɪʃn,,刺杀， 暗杀 (n.),,,
infant,'ɪnfənt,,婴儿的， 幼稚的 (adj.)；婴儿 (n.),,,
gland,glænd,,腺 (n.),,,
premise,'premɪs,,房屋和地基， 经营场址； 前提， 假设 (n.),,,
circus,'sɜːkəs,,马戏， 马戏团； 喧闹的场面； 环形广场 (n.),,,
controversial,ˌkɒntrə'vɜːʃl,,引起争论的， 有争议的 (adj.),,,
attain,ə'teɪn,,达到， 获得； 完成 (vt.),,,
deprive,dɪ'praɪv,,剥夺， 使丧失 (vt.),,,
tenant,'tenənt,,房客， 佃户 (n.),,,
resultant,rɪ'zʌltənt,,作为结果的， 因而发生的 (adj.),,,
pest,pest,,有害生物， 害虫； 讨厌的人 (n.),,,
pedal,'pedl,,踩踏板，骑车 (vi.)；踏板，踏脚 (n.)；脚蹬， 踩动…的踏板 (vt.),,,
batter,'bætə,,连续猛击 (v.)；面糊 (n.),,,
heritage,'herɪtɪdʒ,,遗产； 继承物； 传统 (n.),,,
supreme,suː'priːm,,最高的， 最大的； 极度的， 最重要的 (adj.),,,
hostage,'hɒstɪdʒ,,人质 (n.),,,
priority,praɪ'ɒrəti,,优先， 重点； 优先考虑的事 (n.),,,
slope,sləup,,倾斜 (v.)；倾斜，斜面 (n.),,,
inlet,'ɪnlet,,小湾， 水湾； 进口， 入口 (n.),,,
metallic,mə'tælɪk,,金属的， 金属制的； 有金属特性的， 像金属的 (adj.),,,
shuttle,'ʃʌtl,,穿梭般来回 (vi.)；短程穿梭运行的飞机；航天飞机；梭子 (n.)；短程穿梭运送 (vt.),,,
regenerate,rɪ'dʒenər3ɪt,,新生， 再生， 起革新作用 (vi.)；使新生，重建，改革，革新 (vt.),,,
allocate,'æləkeɪt,,分配； 分派， 把…拨给 (vt.),,,
latent,'leɪtnt,,潜在的， 隐伏的， 不易察觉的 (adj.),,,
terrific,tə'rɪfɪk,,极妙的； 极大的； 令人恐惧的 (adj.),,,
standpoint,'stændpɔɪnt,,立场， 观点 (n.),,,
primary,'praɪməri,,首要的， 主要的； 基本的； 最初的， 初级的 (adj.),,,
pirate,'paɪrət,,非法盗印者，侵犯版权者；海盗 (n.)；盗用， 非法盗印 (vt.),,,
stubborn,'stʌbən,,顽固的， 执拗的， 倔强的； 难对付的， 难于克服的 (adj.),,,
formulate,'fɔːmjuleɪt,,构想出， 规划； 系统地阐述 (vt.),,,
consume,kən'sjuːm,,消灭， 毁灭 (vi.)；消费；吃完，喝光 (vt.),,,
dome,dəum,,圆屋顶， 穹顶 (n.),,,
layer,'leɪə,,层， 层次 (n.),,,
alien,'eɪlɪən,,外国的，外国人的；陌生的；性质不同的，不相容的 (adj.)；外国人， 外侨； 外星人 (n.),,,
competence,'kɒmpɪtəns,,能力， 胜任， 称职 (n.),,,
fuse,fjuːz,,熔合， 合并； 因保险丝熔断而中断工作 (v.)；保险丝，熔丝；导火线 (n.),,,
elite,eɪ'liːt,,[总称] 上层人士， 掌权人物， 实力集团； [总称]出类拔萃的人， 精英 (n.),,,
premium,'priːmiəm,,高级的，优质的；售价高的 (adj.)；保险金；额外费用，加付款；奖品，赠品；额外津贴 (n.),,,
ornament,'ɔːnəmənt,,装饰品，点缀品；装饰，点缀 (n.)；装饰， 点缀， 美化 (vt.),,,
assure,ə'ʃuə,,使确信； 确保， 向…保证 (vt.),,,
pretext,'priːtekst,,借口， 托辞 (n.),,,
ivory,'aɪvəri,,象牙； 象牙色， 乳白色 (n.),,,
theme,θiːm,,主题， 题目 (n.),,,
consult,kən'sʌlt,,请教； 查阅； 商议 (vt.),,,
solidarity,ˌsɒlɪ'dærəti,,团结一致 (n.),,,
tumble,'tʌmbl,,跌倒，摔下，滚下；翻滚；暴跌；不由自主地卷入 (vi.)；跌倒， 摔倒 (n.),,,
gracious,'greɪʃəs,,亲切的，和蔼的；优美的；雅致的，雍容华贵的 (adj.)；天哪! (int.),,,
smash,smæʃ,,猛撞，猛冲 (vi.)；使粉碎，使打烂；狠打，猛击；使破灭，使失败 (vt.)；破碎； 猛击， 猛撞； 轰动的演出， 巨大的成功 (n.),,,
merely,'mɪəli,,仅仅， 只不过 (adv.),,,
appropriation,əˌprəupri'eɪʃn,,据为己有， 占有； 挪用； 拨款 (n.),,,
contradiction,ˌkɒntrə'dɪkʃn,,矛盾， 不一致； 否认， 反驳 (n.),,,
wealth,welθ,,财富； 财产； 丰富 (n.),,,
henceforth,ˌhens'fɔːθ,,从今以后， 从此以后 (adv.),,,
wallet,'wɒlɪt,,皮夹子 (n.),,,
survive,sə'vaɪv,,活下来，继续存在；幸免于 (vi.)；从中挺过来； 从…逃出； 比…活得长 (vt.),,,
desire,dɪ'zaɪə,,想要，渴望 (vt.)；愿望， 欲望 (n.),,,
initial,ɪ'nɪʃl,,最初的，开始的 (adj.)；首字母 (n.),,,
efficient,ɪ'fɪʃnt,,效率高的； 有能力的 (adj.),,,
murmur,'mɜːmə,,小声说； 小声抱怨， 咕哝； 发出连续而低沉的声音 (n&v.),,,
fury,'fjuəri,,狂怒， 暴怒； 狂暴， 狂烈 (n.),,,
unify,'juːnɪfaɪ,,使联合， 统一； 使相同， 使一致 (vt.),,,
muddy,'mʌdi,,泥泞的，沾满烂泥的；灰暗的，暗淡的；模糊的，糊涂的 (adj.)；使沾上烂泥； 使显得扑朔迷离 (vt.),,,
hound,haund,,猎犬 (n.)；追逼， 烦恼， 纠缠 (vt.),,,
consistent,kən'sɪstənt,,坚持的， 一贯的； 一致的， 符合的 (adj.),,,
dole,dəul,,救济，救济金 (n.)；发放， 发给 (vt.),,,
reverse,rɪ'vɜːs,,反向，倒转 (vi.)；反向的； 相反的； 颠倒的 (adj.)；撤销，废除；使完全相反，彻底转变；使反转，使次序颠倒 (vt.)；相反情况，对立面；反面，背面，后面；损失，倒退 (n.),,,
barren,'bærən,,贫瘠的， 荒芜的； 不结果实的， 不育的； 无益的， 没有结果的 (adj.),,,
eternal,ɪ'tɜːnl,,永久的， 永世的； 无休止的； 永恒的， 永不改变的 (adj.),,,
permanent,'pɜːmənənt,,永久的， 固定的 (adj.),,,
foster,'fɒstə,,收养的 (adj.)；收养，养育；培养，促进 (vt.),,,
barely,'beəli,,仅仅， 只不过， 几乎不 (adv.),,,
prevalent,'prevələnt,,流行的， 普遍的 (adj.),,,
cling,klɪŋ,,紧紧抓住； 黏着， 挨近； 依附， 依恋； 坚持， 墨守， 忠实于 (vi.),,,
incidence,'ɪnsɪdəns,,发生率 (n.),,,
clip,klɪp,,夹子，回形针，别针；弹夹，弹仓；剪，修剪；剪报，电影片断 (n.)；夹住， 扣住； 剪， 修剪 (vt.),,,
beam,biːm,,面露喜色； 定向发出， 播送 (v.)；梁，横梁；束，柱；笑容，喜色 (n.),,,
compact,kəm'pækt,,紧凑的，小巧的；坚实的 (adj.)；把…压实，使坚实['kɔmpækt] (vt.)；契约， 合同 (n.),,,
alliance,ə'laɪəns,,结盟； 联盟 (n.),,,
invaluable,ɪn'væljuəbl,,非常宝贵的， 极为贵重的， 无价的 (adj.),,,
fiction,'fɪkʃn,,小说； 虚构， 杜撰 (n.),,,
doom,duːm,,注定，命定 (vt.)；厄运， 劫数 (n.),,,
cucumber,'kjuːkʌmbə,,黄瓜 (n.),,,
aviation,ˌeɪvi'eɪʃn,,航空， 航空学； 飞机制造业 (n.),,,
pessimistic,ˌpesɪ'mɪstɪk,,悲观的 (adj.),,,
denote,dɪ'nəut,,意思是； 表示， 是…的标志 (vt.),,,
emphasis,'emfəsɪs,,强调； 重视； 重要性 (n.),,,
interrupt,ˌɪntə'rʌpt,,打断， 中止； 打扰 (v.),,,
propagate,'prɒpəgeɪt,,繁殖， 增殖； 传播， 宣传， 普及 (v.),,,
feasible,'fiːzəbl,,可行的， 可能的 (adj.),,,
majesty,'mædʒəsti,,陛下； 雄伟， 壮丽； 庄严 (n.),,,
flatter,'flætə,,向…谄媚， 奉承； 使满意， 使感到荣幸； 使显得好看， 使显得突出 (vt.),,,
potential,pə'tenʃl,,潜在的，可能的 (adj.)；潜力， 潜能 (n.),,,
necessitate,nə'sesɪteɪt,,成为必要， 需要 (vt.),,,
orthodox,'ɔːθədɒks,,传统的； 正统的， 正宗的 (adj.),,,
accustomed,ə'kʌstəmd,,惯常的， 习惯的 (adj.),,,
combination,ˌkɒmbɪ'neɪʃn,,结合， 联合； 化合 (n.),,,
obtain,əb'teɪn,,通用， 流行； 存在 (vi.)；获得 (vt.),,,
statesman,'steɪtsmən,,国务活动家， 政治家 (n.),,,
tack,tæk,,平头钉，大头钉；行动方向，方针 (n.)；用平头钉钉； 附加， 增补 (vt.),,,
gross,grəus,,总的； 严重的； 粗俗的； 臃肿的 (adj.),,,
lounge,laundʒ,,倚，躺；闲逛，闲荡 (vi.)；休息厅， 休息室 (n.),,,
porch,pɔːtʃ,,门廊 (n.),,,
workshop,'wɜːkʃɒp,,车间， 工场； 专题讨论会 (n.),,,
format,'fɔːmæt,,设计，安排；格式，样式，版式 (n.)；使格式化 (vt.),,,
sacrifice,'sækrɪfaɪs,,牺牲， 舍身； 献祭， 供奉； 祭品 (n&v.),,,
illegal,ɪ'liːgl,,不合法的， 非法的 (adj.),,,
corps,kɔː,,队， 部队； 一组 (n.),,,
eclipse,ɪk'lɪps,,食；消失，黯然失色 (n.)；食， 遮掩光； 使暗淡， 使失色， 使相形见绌 (vt.),,,
formal,'fɔːml,,正式的； 礼仪上的 (adj.),,,
correlate,'kɒrəleɪt,,相关， 关联 (vi.)；使相互关联 (vt.),,,
soar,sɔː,,猛增， 剧增； 高飞， 升腾； 高涨； 高耸， 屹立 (vi.),,,
commute,kə'mjuːt,,乘公交车上下班，经常乘车往返于两地 (vi.)；减； 折合， 折偿； 上下班交通 (vt.),,,
sustain,sə'steɪn,,保持， 使持续下去； 供养， 维持； 支持， 支撑； 经受， 遭受 (vt.),,,
critical,'krɪtɪkl,,决定性的； 批评的 (adj.),,,
shepherd,'ʃepəd,,牧羊人，羊倌 (n.)；带领， 引导 (vt.),,,
outcry,'autkraɪ,,大声疾呼， 呐喊； 强烈抗议 (n.),,,
radiant,'reɪdiənt,,容光焕发的， 喜形于色的； 光芒四射的， 光辉灿烂的； 辐射的 (adj.),,,
principal,'prɪnsəpl,,最重要的，主要的 (adj.)；负责人， 校长； 资本， 本金； 主要演员， 主角 (n.),,,
exceedingly,ɪk'siːdɪŋli,,极端地， 非常 (adv.),,,
uphold,ˌʌp'həuld,,支持， 维护 (vt.),,,
exotic,ɪg'zɒtɪk,,外来的， 异国情调的； 奇异的 (adj.),,,
relief,rɪ'liːf,,轻松， 宽慰； 缓解， 减轻， 解除； 使得到调剂； 接替， 替下 (n.),,,
boycott,'bɔɪkɒt,,抵制， 拒绝参与 (n&vt.),,,
dimension,dɪ'menʃn,,尺寸， 尺度， 面积； 方面， 特点； 面积， 规模 (n.),,,
deserve,dɪ'zɜːv,,应受， 值得 (vt.),,,
process,'prəus3s,,过程；制作方法；程序 (n.)；加工， 办理 (vt.),,,
revenge,rɪ'vendʒ,,报复，报仇 (n.)；为…报仇， 报…之仇 (vt.),,,
restore,rɪ'stɔː,,恢复， 使恢复； 修复， 整修； 归还， 交还 (vt.),,,
subscribe,səb'skraɪb,,订阅，订购；同意，赞成 (vi.)；捐助， 赞助 (vt.),,,
distill,dɪ'stɪl,,蒸馏， 用蒸馏法提取； 吸取， 提炼 (vt.),,,
alternative,ɔːl'tɜːnətɪv,,两者选一的， 供选择的； 另类的 (adj.)；替换物，选择；选择的自由 (n.),,,
concentration,ˌkɒnsn'treɪʃn,,集中； 专注， 专心； 浓缩； 浓度 (n.),,,
velocity,və'lɒsəti,,速度， 速率 (n.),,,
encounter,ɪn'kauntə,,遭遇，遇到 (vt.)；遭遇 (n.),,,
fellowship,'feləuʃɪp,,伙伴关系， 交情， 友谊； 团体， 协会， 联谊会； 奖学金， 研究员职位 (n.),,,
colleague,'kɒliːg,,同事， 同僚 (n.),,,
approve,ə'pruːv,,赞成， 称许 (vi.)；赞成，称许；批准 (vt.),,,
interaction,ˌɪntər'ækʃn,,相互作用 (n.),,,
pedestrian,pə'destriən,,步行者， 行人 (n.),,,
interfere,ˌɪntə'fɪə,,干涉， 干预， 妨碍 (vi.),,,
apartment,ə'pɑːtmənt,,一套公寓房间 (n.),,,
account,ə'kaunt,,说明…的原因； 占… (vi.)；记述；解释；账目 (n.),,,
fitting,'fɪtɪŋ,,适合的， 恰当的 (adj.)；设备，家具，日用器具；配件，附件，零件；试穿，试衣 (n.),,,
stack,stæk,,堆，垛 (n.)；堆积， 堆放于 (vt.),,,
radioactive,ˌreɪdiəu'æktɪv,,放射性的， 有辐射能的 (adj.),,,
resent,rɪ'zent,,对…表示愤恨， 怨恨 (vt.),,,
stride,straɪd,,大踏步走 (vi.)；大步； 步法， 步态； 进展， 进步 (n.),,,
ambiguous,æm'bɪgjuəs,,引起歧义的， 模棱两可的， 含糊不清的 (adj.),,,
impulsive,ɪm'pʌlsɪv,,冲动的 (adj.),,,
qualitative,'kwɒlɪtətɪv,,性质的， 定性的 (adj.),,,
diverse,daɪ'vɜːs,,不一样的， 相异的； 多种多样的 (adj.),,,
crisp,krɪsp,,脆的，鲜脆的；挺括的；清新的，干冷的；简明扼要的，利落的 (adj.)；油炸土豆片 (n.),,,
prime,praɪm,,首要的；最好的 (adj.)；青春；全盛时期 (n.)；使准备好 (vt.),,,
intellect,'ɪntəlekt,,智力， 理解力； 才智非凡的人 (n.),,,
preference,'prefrəns,,喜爱， 偏爱； 优先； 偏爱的事物 (n.),,,
mild,maɪld,,温柔的； 温暖的； 轻微的 (adj.),,,
loyal,'lɔɪəl,,忠诚的， 忠心的 (adj.),,,
impact,'ɪmpækt,,影响， 作用， 冲击 (v.)；[Im'pækt] (n.),,,
paralysis,pə'ræləsɪs,,麻痹， 瘫痪， 中风； 无能， 无力 (n.),,,
court,kɔːt,,法院， 法庭； 庭院； 宫廷； 球场 (n.),,,
chapel,'tʃæpl,,小教堂， 祈祷室 (n.),,,
distort,dɪ'stɔːt,,变形 (vi.)；歪曲，曲解；扭曲，使变形 (vt.),,,
subsidiary,səb'sɪdiəri,,辅助的，次要的，附设的 (adj.)；子公司， 附属机构 (n.),,,
venture,'ventʃə,,冒险； 大胆行事 (vi.)；风险投资，风险项目 (n.)；拿…冒险；敢于 (vt.),,,
discern,dɪ'sɜːn,,看出， 察觉出； 识别， 认出 (vt.),,,
enthusiasm,ɪn'θjuːziæzəm,,热情， 热心， 热忱； 巨大兴趣 (n.),,,
flexible,'fleksəbl,,易弯曲的； 灵活的 (adj.),,,
domain,dəu'meɪn,,领域， 范围； 领地， 势力范围 (n.),,,
census,'sensəs,,人口普查， 统计 (n.),,,
corpse,kɔːps,,死尸， 尸体 (n.),,,
willful,'wɪlfl,,故意的， 特意的 (adj.),,,
attitude,'ætɪtjuːd,,态度， 看法； 姿势 (n.),,,
relative,'relətɪv,,有关系的，相对的 (adj.)；亲属， 亲戚 (n.),,,
compare,kəm'peə,,比较， 对照； 把…比作 (vt.),,,
depict,dɪ'pɪkt,,描绘， 描述 (vt.),,,
hop,hɒp,,单足跳跃，单足跳行；齐足跳跃，齐足跳行 (vi.)；跳上 (vt.)；蹦跳； 短程航行 (n.),,,
characteristic,ˌkærəktə'rɪstɪk,,特有的，典型的 (adj.)；特性 (n.),,,
involvement,ɪn'vɒlvmənt,,连累； 包含 (n.),,,
pave,peɪv,,铺， 铺筑 (vt.),,,
integral,'ɪntɪgrəl,,构成整体所必需的， 基本的 (adj.),,,
lubricate,'luːbrɪkeɪt,,使润滑 (vt.),,,
comet,'kɒmɪt,,彗星 (n.),,,
deadline,'dedlaɪn,,最后期限 (n.),,,
bully,'buli,,恃强欺弱者 (n.)；威吓， 欺负 (vt.),,,
chip,tʃɪp,,屑片， 碎片； 炸土豆条； 集成电路片， 集成块； 缺口， 瑕疵 (n.),,,
medieval,ˌmedɪ'iːvl,,中世纪的； 中古的 (adj.),,,
tanker,'tæŋkə,,油轮 (n.),,,
involve,ɪn'vɒlv,,使卷入， 牵涉； 包含， 含有 (vt.),,,
pistol,'pɪstl,,手枪 (n.),,,
assemble,ə'sembl,,集合，召集 (vi.)；集合， 聚集； 装配 (vt.),,,
watertight,'wɔːtətaɪt,,不透水的， 防水的； 严密的， 无懈可击的 (adj.),,,
transition,træn'zɪʃn,,过渡， 转变 (n.),,,
repel,rɪ'pel,,使厌恶； 击退， 逐回， 驱除； 排斥 (vt.),,,
mutter,'mʌtə,,轻声低语； 小声抱怨 (n&v.),,,
series,'sɪəriːz,,一系列， 连续； 丛书， 连续剧 (n.),,,
complicated,'kɒmplɪkeɪtɪd,,复杂的， 难懂的 (adj.),,,
junk,dʒʌŋk,,废旧物品，破烂 (n.)；丢弃， 废弃 (vt.),,,
maximum,'mæksɪməm,,最大的； 最高的； 顶点的 (adj.)；最大量；顶点 (n.),,,
thrive,θraɪv,,兴旺， 繁荣， 旺盛 (vi.),,,
imaginative,ɪ'mædʒɪnətɪv,,富有想象力的， 爱想象的 (adj.),,,
penguin,'peŋgwɪn,,企鹅 (n.),,,
represent,ˌreprɪ'zent,,作为…的代表， 表示， 象征； 描绘， 表现 (vt.),,,
masterpiece,'mɑːstəpiːs,,杰作 (n.),,,
compete,kəm'piːt,,比赛， 竞争， 对抗 (vi.),,,
tolerant,'tɒlərənt,,宽容的， 容忍的 (adj.),,,
dispatch,dɪ'spætʃ,,派遣，调遣，发送 (vt.)；急件， 快信； 新闻报道； 派遣， 调遣 (n.),,,
emergency,i'mɜːdʒənsi,,紧急情况， 突然事件 (n.),,,
dim,dɪm,,昏暗的，朦胧的；模糊不清的 (adj.)；变暗淡 (v.),,,
paralyze,'pærəlaɪz,,使瘫痪， 使麻痹； 使丧失作用； 使惊愕， 使呆若木鸡 (vt.),,,
interpersonal,ˌɪntə'pɜːsənl,,人与人之间的， 关于人与人之间关系的 (adj.),,,
exemplary,ɪg'zempləri,,可作楷模的， 典范的 (adj.),,,
faculty,'fæklti,,才能， 能力； 系， 科； 全体教员 (n.),,,
layoff,'leɪɒf,,解雇； 裁员； 歇工期， 停工期 (n.),,,
wretched,'retʃɪd,,极不愉快的， 难受的， 可怜的； 令人苦恼的， 讨厌的； 拙劣的 (adj.),,,
absurd,əb'sɜːd,,荒谬的， 荒唐的 (adj.),,,
modesty,'mɒdəsti,,谦虚 (n.),,,
considerate,kən'sɪdərət,,考虑周到的， 体贴的， 体谅的 (adj.),,,
glamor,'glæmə,,魅力， 诱惑力 (n.),,,
clue,kluː,,线索， 暗示， 提示 (n.),,,
bracket,'brækɪt,,括号；等级段，档次；壁架，托架 (n.)；把…置于括号内； 把…归入同一类 (vt.),,,
legal,'liːgl,,法律的； 合法的 (adj.),,,
midst,'mɪdst,,中部； 中间； 当中 (n.),,,
trait,treɪt,,特征， 特点， 特性 (n.),,,
radius,'reɪdiəs,,半径， 半径范围 (n.),,,
disintegration,dɪsˌɪntɪ'greɪʃn,,破裂， 分裂； 瓦解 (n.),,,
signal,'sɪgnəl,,显著的， 重大的 (adj.)；信号，暗号；标志，表示 (n.)；发信号；标志着 (vt.),,,
impair,ɪm'peə,,损害， 损伤； 削弱 (vt.),,,
dolphin,'dɒlfɪn,,海豚 (n.),,,
sightseeing,'saɪtˌsiːɪŋ,,观光， 游览 (n.),,,
stray,streɪ,,走失，迷路；分心，走神；离题 (vi.)；迷路的，走失的；孤立的，零星的 (adj.)；走失的家畜 (n.),,,
planet,'plænɪt,,行星 (n.),,,
exhaust,ɪg'zɔːst,,使筋疲力尽，用尽；详尽论述 (vt.)；排气装置； 废气 (n.),,,
thereafter,ˌðeər'ɑːftə,,之后， 以后 (adv.),,,
soluble,'sɒljəbl,,可溶的； 可解决的 (adj.),,,
feast,fiːst,,尽情地吃， 宴饮； 参加宴会 (vi.)；盛宴，筵席；节日 (n.),,,
vision,'vɪʒn,,想象力， 梦幻； 视力， 视觉 (n.),,,
accompany,ə'kʌmpəni,,陪同， 伴随； 为…伴奏 (v.),,,
armor,'ɑːmə,,盔甲， 装甲； 保护物 (n.),,,
acceptance,ək'septəns,,接受， 承认； 容忍 (n.),,,
beneficial,ˌbenɪ'fɪʃl,,有利的， 有益的 (adj.),,,
paradise,'pærədaɪs,,天堂， 乐园 (n.),,,
tackle,'tækl,,对付，处理；与…交涉；阻截，擒抱 (vt.)；阻截， 擒抱； 用具， 钓具； 辘轳， 滑车 (n.),,,
reckon,'rekən,,认为， 估计； 指望， 盼望； 测算， 测量 (vt.),,,
confusion,kən'fjuːʒn,,困惑， 糊涂； 混淆； 骚乱 (n.),,,
distract,dɪ'strækt,,转移， 使分心 (vt.),,,
hinge,hɪndʒ,,以…为转移 (vi.)；铰链 (n.)；装铰链 (vt.),,,
virtual,'vɜːtʃuəl,,实质上的， 事实上的， 实际上的 (adj.),,,
squeeze,skwiːz,,压榨，挤 (v.)；榨取， 勒索 (n.),,,
blank,blæŋk,,空白的；茫然的，无表情的 (adj.)；空白； 空白表格 (n.),,,
additional,ə'dɪʃənl,,附加的， 追加的 (adj.),,,
worthy,'wɜːði,,有价值的， 值得的 (adj.),,,
primarily,praɪ'merəlɪ,,首先， 主要地 (adv.),,,
telecommunications,'telikəˌmjuːnɪ'keɪʃnz,,通信， 电信 (n.),,,
ferry,'feri,,渡船 (n.)；渡运 (vt.),,,
ignore,ɪg'nɔː,,不顾， 不理； 忽视 (vt.),,,
hemisphere,'hemɪsfɪə,,地球的半球； 大脑半球 (n.),,,
reception,rɪ'sepʃn,,招待会， 欢迎会； 接受， 接纳； 接待， 迎接； 接收效果 (n.),,,
applaud,ə'plɔːd,,鼓掌，喝彩 (vi.)；向…鼓掌， 向…喝彩； 称赞， 赞许 (vt.),,,
outward,'autwəd,,向外地 (adv.)；外面的，外表的 (adj.),,,
lunar,'luːnə,,月的， 月球的 (adj.),,,
poetry,'pəuətri,,诗， 诗歌， 诗集 (n.),,,
jury,'dʒuəri,,陪审团， 评奖团 (n.),,,
arrogant,'ærəgənt,,傲慢的， 自大的 (adj.),,,
idiot,'ɪdiət,,白痴； 傻子， 笨蛋 (n.),,,
relay,'riːleɪ,,接力赛；中继转播 (n.)；传送， 传达， 转述； 中继转播 (vt.),,,
priest,priːst,,神父， 牧师 (n.),,,
monitor,'mɒnɪtə,,班长；监视器，检测器；显示器 (n.)；监听， 检测 (vt.),,,
solo,'səuləu,,以独力，单独地 (adv.)；单独的，单独进行的 (adj.)；独奏， 独唱， 独舞 (n.),,,
tuition,tju'ɪʃn,,教学， 讲授， 指导； 学费 (n.),,,
permeate,'pɜːmieɪt,,弥漫， 遍布， 散布； 渗入， 渗透 (v.),,,
utopian,juː'təupiən,,乌托邦的； 理想的 (adj.),,,
schedule,'ʃedjuːl,,时刻表，日程安排表；清单，明细表 (n.)；安排， 排定 (vt.),,,
tame,teɪm,,驯服的，顺从的；沉闷的，乏味的 (adj.)；制服， 控制并利用； 驯化， 驯服 (vt.),,,
adjoin,ə'dʒɔɪn,,贴近； 与…毗连 (vt.),,,
universe,'juːnɪvɜːs,,宇宙， 世界； 领域， 范围 (n.),,,
inherit,ɪn'herɪt,,继承 (vt.),,,
overwhelming,ˌəuvə'welmɪŋ,,势不可挡的， 压倒的； 巨大的 (adj.),,,
interpret,ɪn'tɜːprɪt,,解释， 说明； 口译 (v.),,,
peculiar,pɪ'kjuːlɪə,,奇怪的， 古怪的； 特有的 (adj.),,,
idiom,'ɪdiəm,,习语， 成语； 风格， 特色 (n.),,,
diplomat,'dɪpləmæt,,外交官， 外交家； 有交际手腕的人， 圆滑的人 (n.),,,
hug,hʌg,,紧抱在一起，互相拥抱 (vi.)；拥抱；紧抱，怀抱 (vt.)；紧抱， 热烈拥抱 (n.),,,
grant,grɑːnt,,授给物 (n.)；授予， 给予 (vt.),,,
muscular,'mʌskjələ,,肌肉发达的， 强壮的； 肌肉的 (adj.),,,
sparkle,'spɑːkl,,发光，闪耀，闪烁；活跃，焕发 (vi.)；闪光， 闪耀， 闪烁； 活力， 生气 (n.),,,
hum,hʌm,,哼曲子；发嗡嗡声 (vi.)；哼 (vt.)；嗡嗡声， 营营声， 嘈杂声 (n.),,,
staple,'steɪpl,,主要的； 经常需要的 (adj.)；订书钉，U形钉；主食；主要产品 (n.)；用订书钉订 (vt.),,,
discount,'dɪskaʊnt,,折扣 (n.)；把…打折扣； 不全信； 漠视， 低估 (vt.),,,
construct,kən'strʌkt,,建造； 构思 (vt.)；建筑物； 构想； 观念 (n.),,,
royalty,'rɔɪəlti,,王族； 版税 (n.),,,
convert,kən'vɜːt,,转变， 转化； 改变 (vt.),,,
attempt,ə'tempt,,尝试， 试图， 努力 (vt.),,,
rivalry,'raɪvlri,,竞争， 竞赛； 对抗 (n.),,,
relish,'relɪʃ,,享受，从…中获得乐趣 (vt.)；享受， 滋味， 乐趣； 调味品 (n.),,,
fluorescent,ˌflɔː'resnt,,荧光的， 发荧光的 (adj.),,,
division,dɪ'vɪʒn,,分， 分割； 部门， 科， 处； 除法 (n.),,,
superficial,ˌsuːpə'fɪʃl,,表面的， 肤浅的 (adj.),,,
executive,ɪg'zekjətɪv,,执行的；行政的 (adj.)；执行者 (n.),,,
navigation,ˌnævɪ'geɪʃn,,航行， 航海， 航空； 导航， 领航 (n.),,,
melt,melt,,融化； 溶化； 消散 (v.),,,
stalk,stɔːk,,高视阔步地走 (vi.)；茎，梗，柄 (n.)；悄悄地跟踪 (vt.),,,
whereas,ˌweər'æz,,然而， 但是， 尽管 (conj.),,,
pitch,pɪtʃ,,投掷， 使猛然倒下； 表达， 定下特定程度； 定调； 架设， 搭， 扎； 颠簸 (v.)；球场；程度，强度；高度，高音；沥青 (n.),,,
casualty,'kæʒuəlti,,伤亡人员， 死伤者； 受害人， 损失的东西 (n.),,,
gauge,geɪdʒ,,测量仪表；厚度，直径；规格、尺寸 (n.)；估计， 判断； 计量， 度量 (vt.),,,
oriental,ˌɒːri'entl,,东方的； 东方人的； 东方文化的 (adj.),,,
electrical,ɪ'lektrɪkl,,电的； 电气科学的 (adj.),,,
stall,stɔːl,,熄火； 拖延， 推迟 (v.)；货摊； (n.),,,
protest,prə'test,,['prəutest] (v.)；抗议， 反对 (n.),,,
sensitive,'sensətɪv,,敏感的， 灵敏的； 神经过敏的， 容易生气的； 易受伤害的 (adj.),,,
classification,ˌklæsɪfɪ'keɪʃn,,分类， 分级， 分类法； 类别， 级别 (n.),,,
brew,bruː,,冲泡；酝酿，行将发生 (vi.)；酿造；冲泡 (vt.)；冲泡的饮料 (n.),,,
vacant,'veɪkənt,,空的， 未被占用的； 空缺的； 茫然的， 空虚的 (adj.),,,
menace,'menəs,,具有危险性的人；威胁，威吓 (n.)；威胁， 威吓 (vt.),,,
afford,ə'fɔːd,,担负得起； 提供 (vt.),,,
invalid,ɪn'vælɪd,,无效的，作废的；无可靠根据的，站不住脚的 (adj.)；病弱者， 残疾者 (n.),,,
curse,kɜːs,,诅咒，咒骂，天谴 (v.)；祸害， 祸根； 咒骂， 诅咒， 咒语 (n.),,,
legitimate,lɪ'dʒɪtɪmət,,合情合理的；合理的，法律认可的 (adj.)；使合法 (vt.),,,
appease,ə'piːz,,平息， 抚慰； 姑息 (vt.),,,
sieve,sɪv,,筛子，漏勺 (n.)；筛， 滤 (vt.),,,
whereby,weə'baɪ,,凭此； 借以； 由于 (adv.),,,
evaluate,ɪ'væljueɪt,,评价， 估…的价 (vt.),,,
status,'steɪtəs,,地位， 身份； 情形， 状况 (n.),,,
machinery,mə'ʃiːnəri,,机器， 机械 (n.),,,
shield,ʃiːld,,防护物，护罩；盾 (n.)；保护， 防护 (vt.),,,
skip,skɪp,,跳，蹦跳；跳绳 (vi.)；跳过，略过，漏过 (vt.)；跳， 蹦跳 (n.),,,
instantaneous,ˌɪnstən'teɪniəs,,瞬间的， 即刻的 (adj.),,,
phenomenon,fə'nɒmɪnən,,现象， 迹象； 非凡的人 (n.),,,
quarterly,'kwɔːtəli,,按季度，一季一次 (adv.)；季度的，每季一次的 (adj.)；季刊 (n.),,,
notify,'nəutɪfaɪ,,通知， 告知； 报告 (vt.),,,
bibliography,ˌbɪbli'ɒgrəfi,,参考书目； 书目 (n.),,,
stream,striːm,,流出， 涌出 (v.)；河，溪流；一股，一串 (n.),,,
recur,rɪ'kɜː,,再发生， 重现 (vi.),,,
coalition,ˌkəuə'lɪʃn,,结合体， 同盟； 结合， 联合 (n.),,,
generalize,'dʒenrəlaɪz,,概括， 归纳， 推断； 普及 (vt.),,,
accumulate,ə'kjuːmjəleɪt,,积累， 堆积 (v.),,,
crime,kraɪm,,罪， 罪行， 犯罪 (n.),,,
dwarf,dwɔːf,,矮小的，发育不全的 (adj.)；矮子，侏儒 (n.)；使显得矮小， 使相形见绌 (vt.),,,
heave,hiːv,,举起，提起；扔；发出；起伏，隆起；呕吐，恶心 (v.)；举起， 升降 (n.),,,
leisure,'leʒə,,空闲时间； 悠闲 (n.),,,
nourish,'nʌrɪʃ,,养育， 喂养， 滋养； 怀有， 增强 (vt.),,,
grease,griːs,,油脂；润滑脂，润滑油 (n.)；用油脂涂， 给…加润滑油 (vt.),,,
allege,ə'ledʒ,,断言， 宣称， 硬说 (vt.),,,
pilgrim,'pɪlgrɪm,,朝圣者 (n.),,,
trigger,'trɪgə,,扳机；引起反应的行动 (n.)；触发， 引起 (vt.),,,
assimilate,ə'sɪməleɪt,,被吸收， 被消化； 被同化 (vi.)；吸收，消化；使同化 (vt.),,,
positive,'pɒzətɪv,,确实的， 明确的； 积极的， 肯定的 (adj.),,,
segregate,'segrɪgeɪt,,使隔离， 使分开 (vt.),,,
addict,'ædɪkt (for n.); əˈdɪkt (for v.),,有瘾的人； 入迷的人 (n.)；使成瘾， 使入迷 (vt.),,,
prospect,'prɒspekt,,前景， 前途， 可能性； 景象， 景色； 可能成为主顾的人， 有希望的候选人 (n.),,,
withhold,wɪð'həuld,,拒绝， 不给； 抑制， 制止 (vt.),,,
comparable,'kɔmpərəbl,,可比较的； 类似的； 比得上的 (adj.),,,
discreet,dɪ'skriːt,,谨慎的， 慎重的， 审慎的 (adj.),,,
specialize,'speʃəlaɪz,,专攻，专门研究 (vi.)；使适应特殊目的， 使专用于 (vt.),,,
instance,'ɪnstəns,,例子， 实例， 事例 (n.),,,
presumably,prɪ'zjuːməbli,,大概， 可能， 据推测 (adv.),,,
bonus,'bəunəs,,奖金， 红利； 额外给予的东西 (n.),,,
recognition,ˌrekəg'nɪʃn,,认出， 识别； 承认， 确认， 认可； 赏识， 表彰， 报偿 (n.),,,
banquet,'bæŋkwɪt,,宴会， 盛宴 (n.),,,
thrill,θrɪl,,非常兴奋， 非常激动 (v.)；兴奋，激动；引起激动的事物 (n.),,,
aisle,aɪl,,过道， 通道 (n.),,,
convene,kən'viːn,,开会，集合 (vi.)；召集 (vt.),,,
arrangement,ə'reɪndʒmənt,,整理， 排列； 安排； 准备工作 (n.),,,
revenue,'revənjuː,,收入， 收益； 税收， 岁入 (n.),,,
solution,sə'luːʃn,,解决； 解决办法； 溶液 (n.),,,
monopoly,mə'nɒpəli,,垄断， 专卖； 垄断物， 垄断商品， 专卖商品 (n.),,,
opponent,ə'pəunənt,,对手； 敌手， 对抗者 (n.),,,
accelerate,ək'seləreɪt,,使加快， 使增速 (vt.),,,
supplementary,ˌsʌplɪ'mentri,,增补的， 补充的 (adj.),,,
grain,greɪn,,谷物， 谷粒， 颗粒； 少量， 微量 (n.),,,
credit,'kredɪt,,信贷，赊欠；赞扬，荣誉；学分；信任 (n.)；相信； 把…记入贷方； 把…归于 (vt.),,,
oxygen,'ɒksɪdʒən,,氧， 氧气 (n.),,,
intensive,ɪn'tensɪv,,加强的； 精耕细作的 (adj.),,,
alter,'ɔːltə,,改变， 变更， 变动 (vt.),,,
combine,kəm'baɪn,,结合，联合；化合 (v.)；联合企业； 联合收割机 (n.),,,
ideal,aɪ'diːəl,,理想的，观念的，空想的 (adj.)；理想， 理想的东西 (n.),,,
occur,ə'kɜː,,发生， 出现， 存在； 被想起， 被想到 (vi.),,,
illustrate,'ɪləstreɪt,,说明 (vt.),,,
hose,həuz,,软管，水龙带 (n.)；用软管淋浇 (vt.),,,
definitive,dɪ'fɪnətɪv,,最可靠的， 权威性的； 决定性的 (adj.),,,
streak,striːk,,飞跑，疾驶 (vi.)；条纹，条痕；个性特征；一阵子，一连串 (n.)；在…上加条纹 (vt.),,,
pressure,'preʃə,,压，压强；压迫 (n.)；对…施加压力， 迫使， 说服 (vt.),,,
dentist,'dentɪst,,牙科医生 (n.),,,
brood,bruːd,,沉思，考虑；孵蛋 (vi.)；一窝； 全体孩子 (n.),,,
literacy,'lɪtərəsi,,识字， 有文化， 读写能力 (n.),,,
originate,ə'rɪdʒɪneɪt,,起源于，来自，产生 (vi.)；创造， 创始， 开创 (vt.),,,
specialist,'speʃəlɪst,,专家 (n.),,,
background,'bækgraund,,出身背景， 经历； 背景资料； 背景， 底子 (n.),,,
millionaire,ˌmɪljə'neə,,百万富翁， 大富翁 (n.),,,
transit,'trænzɪt,,运输， 载运 (n.),,,
adolescent,ˌædə'lesnt,,青春期的； 青少年的 (adj.)；青少年 (n.),,,
nonetheless,ˌnʌnðə'les,,尽管如此， 依然， 然而 (adv.),,,
dispose,dɪ'spəuz,,去掉， 销毁； 处理， 解决； 使倾向于 (v.),,,
petty,'peti,,小的， 琐碎的； 不重要的； 气量小的， 心胸狭窄的 (adj.),,,
glow,gləu,,发光； 燃烧 (vi.)；白热光；脸红；激情 (n.),,,
sentiment,'sentɪmənt,,意见， 观点； 感情， 情绪 (n.),,,
differentiation,ˌdɪfəˌrenʃi'eɪʃn,,区别 (n.),,,
constitution,ˌkɒnstɪ'tjuːʃn,,宪法， 章程； 组成； 设立 (n.),,,
patent,'pætnt,,专利的，受专利保护的 (adj.)；专利，专利权 (n.)；得到…的专利权 (vt.),,,
cocaine,kəu'keɪn,,可卡因， 古柯碱 (n.),,,
groove,gruːv,,沟， 槽 (n.),,,
abundance,ə'bʌndəns,,大量， 丰富， 充足 (n.),,,
racket,'rækɪt,,喧嚷， 吵闹； 敲诈， 勒索， 诈骗； 球拍 (n.),,,
conceive,kən'siːv,,构想出， 设想； 怀孕 (vi.)；想出，认为；怀 (vt.),,,
sour,'sauə,,酸的；馊的，酸味的；脾气坏的 (adj.)；变酸， 变馊； 变得乖戾 (v.),,,
transform,træns'fɔːm,,使改观， 改革； 变换， 把…转换成 (vt.),,,
napkin,'næpkɪn,,餐巾 (n.),,,
reckless,'rekləs,,鲁莽的， 不考虑后果的 (adj.),,,
paradox,'pærədɒks,,似乎矛盾而正确的说法； 自相矛盾的人 (n.),,,
magnitude,'mægnɪtjuːd,,重要性， 重大； 巨大， 广大 (n.),,,
justification,ˌdʒʌstɪfɪ'keɪʃn,,正当的理由， 借口 (n.),,,
genuine,'dʒenjuɪn,,真的， 真正的； 真诚的 (adj.),,,
execution,ˌeksɪ'kjuːʃn,,死刑； 实行， 执行， 履行； 演奏， 表演 (n.),,,
immune,ɪ'mjuːn,,免疫的， 有免疫力的， 不受影响的； 免除的， 豁免的 (adj.),,,
brochure,'brəuʃə(r),,小册子 (n.),,,
stern,stɜːn,,严厉的，严格的，严峻的 (adj.)；船尾 (n.),,,
rotary,'rəutəri,,旋转的， 转动的 (adj.),,,
compound,'kɒmpaund,,复合的，化合的 (adj.)；化合物，复合物；复合词 (n.)；使恶化， 加重； 使化合， 使合成 (vt.),,,
dub,dʌb,,给…起绰号， 把…称为； 为配音， 译制 (vt.),,,
masculine,'mæːskjəlɪn,,男性的， 男子的； 男子气的 (adj.),,,
extraordinary,ɪk'strɔːdnri,,非同寻常的， 特别的 (adj.),,,
witness,'wɪtnəs,,证据；目击者，证人 (n.)；目击； 为…作证， 证明 (vt.),,,
conventional,kən'venʃənl,,普通的； 习惯的， 常规的； 因循守旧的 (adj.),,,
regulation,ˌregju'leɪʃn,,规章， 规则； 管理， 控制， 调节 (n.),,,
conform,kən'fɔːm,,遵守， 适应； 顺从； 相似， 一致， 符合 (vi.),,,
circulation,ˌsɜːkjə'leɪʃn,,循环， 流通； 流传， 传播， 发行； 发行量； 流通 (n.),,,
authentic,ɔː'θentɪk,,真的， 真正的； 可靠的， 可信的 (adj.),,,
mere,mɪə,,仅仅的， 纯粹的 (adj.),,,
accommodation,əˌkɒmə'deɪʃn,,住处， 膳宿 (n.),,,
evident,'evɪdənt,,明显的， 明白的 (adj.),,,
suburb,'sʌbɜːb,,郊区， 郊外， 近郊 (n.),,,
pumpkin,'pʌmpkɪn,,南瓜 (n.),,,
annoy,ə'nɔɪ,,使恼怒； 打搅 (vt.),,,
profess,prə'fes,,表示， 承认； 宣称信仰 (vt.),,,
psychological,ˌsaɪkə'lɒdʒɪkl,,心理的 (adj.),,,
credible,'kredəbl,,可信的， 可靠的 (adj.),,,
empirical,ɪm'pɪrɪkl,,以经验为依据的， 经验主义的， 经验的 (adj.),,,
commit,kə'mɪt,,犯， 干； 使承诺； 把…托付给； 调拨…供使用， 拨出 (vt.),,,
curb,kɜːb,,控制，约束 (vt.)；控制， 约束； 路缘 (n.),,,
crash,kræʃ,,倒下，坠落；发出撞击声；垮台，破产 (vi.)；碰撞，砸碎；冲，闯 (vt.)；碰撞； 破裂声 (n.),,,
character,'kærəktə,,性格， 特性； 性质； 人物， 角色； 符号， 字 (n.),,,
reflect,rɪ'flekt,,反映， 显示； 反射， 映现； 深思， 考虑， 反省 (v.),,,
outfit,'autfɪt,,全套服装； 一组人； 全套装备， 全套工具 (n.),,,
contribution,ˌkɒntrɪ'bjuːʃn,,贡献； 促成作用； 捐款， 捐献物； 稿件 (n.),,,
ongoing,'ɒngəuɪŋ,,持续的， 继续的 (adj.),,,
massacre,'mæsəkə,,大规模屠杀，残杀；彻底击败 (vt.)；大屠杀， 残杀； 惨败 (n.),,,
reassure,ˌriːə'ʃuə,,使放心 (vt.),,,
bang,bæŋ,,猛击， 猛撞； 发出砰的一声， 砰砰地响； 砰地敲 (v.)；巨响；枪声；猛击 (n.),,,
magnetic,mæg'netɪk,,磁的； 有吸引力的 (adj.),,,
cholesterol,kə'lestərɒl,,胆固醇 (n.),,,
orbit,'ɔːbɪt,,轨道 (n.)；作轨道运行 (vt.),,,
band,bænd,,乐队；群，伙；带；条纹；波段 (n.)；用带绑扎 (vt.),,,
negligible,'neglɪdʒəbl,,可忽略不计的， 微不足道的 (adj.),,,
setback,'setbæk,,挫折， 倒退， 失败 (n.),,,
resident,'rezɪdənt,,居住的， 定居的； 住校的， 住院的 (adj.)；居民，定居者；住院医生 (n.),,,
symbolic,sɪm'bɒlɪk,,符号的； 象征性的 (adj.),,,
distinguish,dɪ'stɪŋgwɪʃ,,区别， 辨别， 识别； 使杰出； 使著名 (vt.),,,
mall,mɔːl,,购物中心 (n.),,,
module,'mɒdjuːl,,组件， 模块， 模件； 舱 (n.),,,
howl,haul,,嗥叫； 呼啸； 吼叫， 哀号 (n&vi.),,,
execute,'eksɪkjuːt,,将…处死； 实施 (vt.),,,
substantial,səb'stænʃl,,可观的， 大量的； 物质的， 坚固的； 实质的， 真实的 (adj.),,,
benefit,'benɪfɪt,,得益 (vi.)；利益，恩惠；救济金，保险金，津贴 (n.)；有益于 (vt.),,,
booth,buːð,,小房间， 公用电话亭， 岗亭； 售货棚， 货摊 (n.),,,
enthusiastic,ɪnˌθjuːzi'æstɪk,,满腔热情的， 热心的， 极感兴趣的 (adj.),,,
disastrous,dɪ'zɑːstrəs,,灾难性的， 造成灾害的； 极坏的， 很糟的 (adj.),,,
unique,ju'niːk,,唯一的， 独一无二的； 极不寻常的， 极好的 (adj.),,,
processing,prəu'sesɪŋ,,处理 (n.),,,
boost,buːst,,推动， 促进， 激励； 替…做广告， 宣扬； 提高， 使增长 (v.)；提高，增长；推动，激励 (n.),,,
impulse,'ɪmpʌls,,冲动， 一时的念头； 推动， 驱使； 脉冲 (n.),,,
sober,'səubə,,未醉的，有节制的；严肃的，持重的；素淡的，暗淡的 (adj.)；醒酒， 清醒 (v.),,,
crystallize,'krɪstəlaɪz,,结晶； 变得清晰而明确； 使具体化 (v.),,,
religious,rɪ'lɪdʒəs,,宗教的； 笃信宗教的， 虔诚的 (adj.),,,
infectious,ɪn'fekʃəs,,传染的， 有传染性的； 有感染力的 (adj.),,,
shelter,'ʃeltə,,掩蔽， 躲避， 庇护 (v.)；掩蔽处，躲避处；掩蔽，保护 (n.),,,
prominent,'prɒmɪnənt,,突出的， 杰出的； 突起的； 凸出的 (adj.),,,
expel,ɪk'spel,,把…除名， 把…开除； 驱逐， 赶走， 放逐； 排出， 喷出 (vt.),,,
superiority,suːˌpɪəri'ɒrəti,,优越， 优等 (n.),,,
outset,'autset,,开始， 开端 (n.),,,
latitude,'lætɪtjuːd,,纬度； 纬度地区； 回旋余地， 自由 (n.),,,
scan,skæn,,细看，审视，浏览 (vt.)；扫描 (n.),,,
association,əˌsəusi'eɪʃn,,协会， 团体； 联合， 交往 (n.),,,
fundamental,ˌfʌndə'mentl,,基础的，基本的 (adj.)；基本原则 (n.),,,
eliminate,ɪ'lɪmɪneɪt,,消灭， 消除， 排除； 淘汰 (vt.),,,
cute,kjuːt,,漂亮的， 娇小可爱的； 聪明伶俐的， 精明的 (adj.),,,
entitle,ɪn'taɪtl,,给…权利； 给题名 (vt.),,,
outline,'autlaɪn,,提纲，要点；外形；略图 (n.)；概述； 描…的外形 (vt.),,,
partition,pɑː'tɪʃn,,分隔物，隔墙；分割，划分 (n.)；隔开； 分割， 瓜分 (vt.),,,
nominal,'nɒmɪnl,,名义上的， 有名无实的； 很少的， 象征性的； 名词性的 (adj.),,,
excess,ɪk'ses,,过量的， 额外的 (adj.)；超越，过量，过度['3ks3s] (n.),,,
glance,glɑːns,,看一下 (vi.)；一瞥 (n.),,,
perspective,pə'spektɪv,,视角， 观点； 远景， 景观； 透视画法， 透视图 (n.),,,
galaxy,'gæləksi,,星系； 银河系， 银河； 一群 (n.),,,
equality,i'kwɒləti,,等同； 平等； 相等 (n.),,,
destruction,dɪ'strʌkʃn,,破坏， 毁灭； 消灭 (n.),,,
rebellion,rɪ'beljən,,反叛， 反抗 (n.),,,
expression,ɪk'spreʃn,,词语； 表达， 表情 (n.),,,
reaction,ri'ækʃn,,反应， 反作用 (n.),,,
accordance,ə'kɔːdns,,一致， 和谐， 符合 (n.),,,
weary,'wɪəri,,厌烦， 不耐烦 (vi.)；疲劳的，疲倦的；使人疲劳的，令人厌倦的 (adj.),,,
appeal,ə'piːl,,求助，诉请；要求；有吸引力 (vi.)；控诉，移交上级法院审理 (vt.)；吸引力； 呼吁； 上诉 (n.),,,
swamp,swɒmp,,沼泽 (n.)；淹没， 浸没； 难倒， 压倒 (vt.),,,
entrepreneur,ˌɒntrəprə'nɜː,,企业家 (n.),,,
dedicate,'dedɪkeɪt,,题献词于上； 把献给， 把用于 (vt.),,,
peninsula,pə'nɪnsjələ,,半岛 (n.),,,
extensive,ɪk'stensɪv,,广阔的； 广泛的 (adj.),,,
residential,ˌrezɪ'denʃl,,居住的， 住宅的； 寄宿的， 住在住所的 (adj.),,,
definitely,'defɪnətli,,一定地， 明确地 (adv.),,,
stab,stæb,,刺， 戳 (n&v.),,,
abandon,ə'bændən,,离弃， 丢弃； 遗弃； 抛弃； 放弃 (vt.),,,
collaboration,kəˌlæbə'reɪʃn,,合作， 协作； 勾结 (n.),,,
inspire,ɪn'spaɪə,,鼓舞； 给…以灵感 (vt.),,,
impart,ɪm'pɑːt,,告知， 透露； 赋予， 给予 (vt.),,,
bureaucracy,bjuə'rɒkrəsi,,官僚主义， 官僚作风； 官僚机构； 官僚制度； 官僚 (n.),,,
household,'haushəuld,,家庭的， 家喻户晓的 (adj.)；家庭，户；家务 (n.),,,
glide,glaɪd,,滑行， 滑动； 滑翔 (n.),,,
adverse,'ædvɜːs,,不利的， 有害的 (adj.),,,
bulletin,'bulətɪn,,简明新闻， 最新消息； 公告， 布告， 公报； 学报， 期刊 (n.),,,
devote,dɪ'vəut,,将…奉献给， 把…专用 (vt.),,,
junction,'dʒʌŋkʃn,,联结点， 交叉点， 枢纽 (n.),,,
crumble,'krʌmbl,,崩溃， 瓦解 (vi.)；弄碎 (vt.),,,
agent,'eɪdʒənt,,代理人， 代理商； 政府代表； 动因， 原因； 剂 (n.),,,
abortion,ə'bɔːʃn,,流产， 堕胎 (n.),,,
salvation,sæl'veɪʃn,,拯救， 解救； 解救措施 (n.),,,
instinct,'ɪnstɪŋkt,,本能； 直觉， 生性 (n.),,,
cannon,'kænən,,加农炮， 大炮， 火炮 (n.),,,
invest,ɪn'vest,,投资， 投入； 授予 (v.),,,
reputation,ˌrepju'teɪʃn,,名誉， 名气， 名声 (n.),,,
project,prəˈdʒekt; ˈprɒdʒekt,,伸出； 投射； 放映 (v.)；方案， 计划； 课题， 项目； 工程 (n.),,,
shrug,ʃrʌg,,耸肩 (n&v.),,,
arena,ə'riːnə,,表演场地， 竞技场； 活动场所 (n.),,,
independence,ˌɪndɪ'pendəns,,独立； 自主； 自立 (n.),,,
shrub,ʃrʌb,,灌木 (n.),,,
presentation,ˌprezn'teɪʃn,,提供， 显示； 外观， 图像； 授予， 赠送； 报告， 介绍； 表演 (n.),,,
nominate,'nɒmɪneɪt,,提名， 任命； 推荐， 指定 (vt.),,,
loom,luːm,,阴森地逼近， 隐现； 即将来临 (vi.)；织布机 (n.),,,
stationary,'steɪʃənri,,固定的， 静止不动的 (adj.),,,
restrain,rɪ'streɪn,,阻止， 控制； 抑制， 遏制 (vt.),,,
awkward,'ɔːkwəd,,笨拙的， 尴尬的； 难操纵的， 使用不便的； 不灵巧的 (adj.),,,
ruin,'ruːɪn,,毁坏 (v.)；毁灭；废墟 (n.),,,
beforehand,bɪ'fɔːhænd,,预先， 事先 (adv.),,,
formidable,'fɔːmɪdəbl,,可怕的， 令人敬畏的； 难以克服的， 难对付的 (adj.),,,
impatient,ɪm'peɪʃnt,,不耐烦的， 急躁的； 热切的， 急切的 (adj.),,,
invert,ɪn'vɜːt,,使倒转， 使倒置， 使颠倒 (vt.),,,
cradle,'kreɪdl,,摇篮；策源地，发源地 (n.)；轻轻地抱， 捧 (vt.),,,
discrete,dɪ'skriːt,,分离的， 不相关联的 (adj.),,,
assurance,ə'ʃuərəns,,把握， 信心； 保证， 表示保证的话； 保险 (n.),,,
psychiatrist,saɪ'kaɪətrɪst,,精神科医生， 精神病专家 (n.),,,
squad,skwɒd,,班， 小队， 小组 (n.),,,
disrupt,dɪs'rʌpt,,使中断； 扰乱 (vt.),,,
scar,skɑː,,留下伤痕 (v.)；伤疤，伤痕；创伤 (n.),,,
sergeant,'sɑːdʒənt,,中士， 警官 (n.),,,
vital,'vaɪtl,,生死攸关的， 极其重要的； 生命的， 有生命力的 (adj.),,,
eccentric,ɪk'sentrɪk,,古怪的，怪癖的，异乎寻常的 (adj.)；古怪的人， 怪癖的人 (n.),,,
conflict,'kɒnflɪkt,,冲突， 抵触 (vi.)；冲突， 抵触； 争论； 战斗， 战争 (n.),,,
appliance,ə'plaɪəns,,用具， 器具， 器械 (n.),,,
alloy,'ælɒɪ,,合金 (n.)；将…铸成合金 (vt.),,,
delusion,dɪ'luːʒn,,欺骗； 哄骗 (n.),,,
mass,mæs,,大量的，大规模的 (adj.)；聚集， 集中 (v.)；众多，大量；团，块，堆；群众；质量 (n.),,,
detect,dɪ'tekt,,察觉， 发觉； 侦查出 (vt.),,,
update,ˌʌp'deɪt,,更新；使现代化 (vt.)；最新信息 (n.),,,
renaissance,rɪ'neɪsns,,文艺复兴， 文艺复兴时期； 复兴， 再生 (n.),,,
poisonous,'pɔɪzənəs,,有毒的； 恶毒的 (adj.),,,
condemn,kən'dem,,谴责， 指责； 判…刑， 宣告…有罪 (vt.),,,
assistance,ə'sɪstəns,,协助， 援助 (n.),,,
auction,'ɔːkʃn,,拍卖 (n&vt.),,,
propel,prə'pel,,推进， 推动； 激励， 驱使 (vt.),,,
admit,əd'mɪt,,承认 (vi.)；承认，供认；准许…进入 (vt.),,,
uneven,ʌn'iːvn,,不平坦的， 不平滑的； 不一致的， 不相等的 (adj.),,,
definition,ˌdefɪ'nɪʃn,,定义， 释义， 定界； 清晰， 鲜明 (n.),,,
mansion,'mænʃn,,大厦， 宅邸 (n.),,,
mask,mɑːsk,,面具，面罩，口罩；伪装 (n.)；遮盖， 掩饰 (vt.),,,
patrol,pə'trəul,,巡逻，巡查 (v.)；巡逻， 巡查； 巡逻兵， 巡逻队 (n.),,,
nickel,'nɪkl,,镍； 五分镍币， 五分钱 (n.),,,
patron,'peɪtrən,,资助人， 赞助人； 老主顾， 顾客 (n.),,,
entail,ɪn'teɪl,,使承担； 使成为必要， 需要 (vt.),,,
inferior,ɪn'fɪəriə,,下等的，劣等的 (adj.)；下级， 下属 (n.),,,
apply,ə'plaɪ,,应用，实施，使用；适用；申请，请求 (vi.)；涂， 敷， 施 (vt.),,,
propaganda,ˌprɒpə'gændə,,宣传 (n.),,,
overlook,ˌəuvə'luk,,忽视； 宽恕； 俯瞰 (vt.),,,
refuge,'refjuːdʒ,,庇护所， 避难处； 庇护 (n.),,,
dramatic,drə'mætɪk,,引人注目的， 激动人心的； 戏剧的 (adj.),,,
incredible,ɪn'kredəbl,,不能相信的， 不可信的， 难以置信的； 惊人的 (adj.),,,
certainty,'sɜːtnti,,必然的事， 确定的事实； 确信， 确实 (n.),,,
corrode,kə'rəud,,腐蚀， 侵蚀 (v.),,,
spine,spaɪn,,脊柱， 脊椎； 刺， 刺毛； 书脊 (n.),,,
commend,kə'mend,,称赞， 表扬； 推荐 (vt.),,,
parasite,'pærəsaɪt,,寄生生物； 寄生虫 (n.),,,
artificial,ˌɑːtɪ'fɪʃl,,人工的， 人为的； 矫揉造作的； 模拟的 (adj.),,,
deficiency,dɪ'fɪʃnsi,,缺乏， 不足； 缺点， 缺陷 (n.),,,
imaginary,ɪ'mædʒɪnəri,,想象中的， 假想的 (adj.),,,
formula,'fɔːmjələ,,公式， 式； 原则， 方案； 配方 (n.),,,
disgust,dɪs'gʌst,,厌恶， 憎恶 (n&vt.),,,
transcend,træn'send,,超出， 超越范围 (vt.),,,
tribute,'trɪbjuːt,,颂词， 称赞， 礼物； 贡品 (n.),,,
mob,mɒb,,暴民，乌合之众 (n.)；成群围住， 聚众袭击 (vt.),,,
subordinate,sə'bɔːdɪnət,,下级的，级别低的；次要的，从属的 (adj.)；部属， 下级 (n.)；使处于次要地位， 使从属于 (vt.),,,
trend,trend,,伸向，倾向 (vi.)；倾向 (n.),,,
achievement,ə'tʃiːvmənt,,完成； 成就， 成绩 (n.),,,
sturdy,'stɜːdi,,强壮的， 结实的， 坚固的； 坚定的， 坚强的 (adj.),,,
desirable,dɪ'zaɪərəbl,,吸引人的， 可取的 (adj.),,,
consist,kən'sɪst,,由…组成； 在于； 一致 (vi.),,,
reliable,rɪ'laɪəbl,,可靠的， 可依赖的 (adj.),,,
compatible,kəm'pætəbl,,兼容的； 能和睦相处的， 合得来的 (adj.),,,
incentive,ɪn'sentɪv,,刺激， 鼓励 (n.),,,
critic,'krɪtɪk,,批评家， 爱挑剔的人 (n.),,,
preliminary,prɪ'lɪmɪnəri,,预备的，初步的 (adj.)；初步做法， 起始行为 (n.),,,
obstacle,'ɒbstəkl,,障碍， 障碍物； 妨害 (n.),,,
profession,prə'feʃn,,职业； 公开表示 (n.),,,
van,væn,,大篷车， 运货车 (n.),,,
dizzy,'dɪzi,,头晕目眩的，眩晕的；头晕的 (adj.)；令人发晕 (vt.),,,
resemblance,rɪ'zembləns,,相似， 形似 (n.),,,
exceptional,ɪk'sepʃənl,,优越的， 杰出的； 例外的， 独特的， 异常的 (adj.),,,
constitute,'kɒnstɪtjuːt,,组成， 形成； 设立； 任命 (vt.),,,
cherish,'tʃerɪʃ,,珍爱， 珍视； 爱护， 抚育； 抱有， 怀有 (vt.),,,
discrepancy,dɪs'krepənsi,,不符合， 不一致 (n.),,,
spectrum,'spektrəm,,谱， 光谱， 频谱； 范围， 幅度， 系列 (n.),,,
convince,kən'vɪns,,使确信， 使信服， 说服 (vt.),,,
prolong,prə'lɒŋ,,延长， 拉长， 拖延 (vt.),,,
missionary,'mɪʃənri,,传教士 (n.),,,
terminate,'tɜːmɪneɪt,,停止， 终止 (v.),,,
valve,vælv,,阀， 活门； 瓣膜， 活瓣 (n.),,,
refund,ˈriːfʌnd,,退款 (n.)；退还 (vt.),,,
remnant,'remnənt,,残留部分 (n.),,,
internal,ɪn'tɜːnl,,内的， 国内的； 内心的 (adj.),,,
literary,'lɪtərəri,,文学的； 文人的， 书卷气的 (adj.),,,
classical,'klæsɪkl,,古典的， 经典的 (adj.),,,
privilege,'prɪvəlɪdʒ,,特权； 优惠 (n.),,,
substitute,'sʌbstɪtjuːt,,代替人，代用品 (n.)；用…代替 (vt.),,,
mortgage,'mɔːgɪdʒ,,抵押，抵押借款 (n.)；抵押 (vt.),,,
blaze,bleɪz,,熊熊燃烧，着火；发光，放光彩；迸发，爆发 (vi.)；火焰， 烈火； 光辉， 强烈的光； 迸发， 爆发； 灿烂， 炫耀 (n.),,,
moreover,mɔːr'əuvə,,而且， 再者， 此外 (adv.),,,
scatter,'skætə,,撒， 散播； 使散开， 驱散 (vt.),,,
violate,'vaɪəleɪt,,违反， 违背； 亵渎； 侵犯， 妨碍 (vt.),,,
federal,'fedərəl,,联邦的， 联盟的 (adj.),,,
verify,'verɪfaɪ,,证实， 查证， 证明 (vt.),,,
excursion,ɪk'skɜːʃn,,远足， 短途旅行 (n.),,,
inaugurate,ɪ'nɔːgjəreɪt,,开始， 开展； 为…举行就职典礼； 为…举行开幕式， 为…举行落成仪式 (vt.),,,
undergo,ˌʌndə'gəu,,经历； 经受， 忍受 (vt.),,,
reward,rɪ'wɔːd,,报答，奖赏；报酬，酬金 (n.)；报答， 酬谢， 奖励 (vt.),,,
graze,greɪz,,吃青草 (vi.)；放牧；擦伤；擦过，掠过 (vt.)；擦破 (n.),,,
coupon,'kuːpɒn,,礼券， 优惠券； 配给券， 票证 (n.),,,
multitude,'mʌltɪtjuːd,,大量， 许多； 大众， 民众 (n.),,,
inhabit,ɪn'hæbɪt,,居住于， 栖居于 (vt.),,,
siege,siːdʒ,,包围， 围困 (n.),,,
abstract,'æbstrækt,,抽象的，抽象派的 (adj.)；摘要，梗概；抽象派艺术作品 (n.),,,
agenda,ə'dʒendə,,议程 (n.),,,
degenerate,dɪ'dʒenəreɪt,,衰退，堕落，蜕化 (vi.)；衰退的，堕落的 (adj.)；堕落者 (n.),,,
nurture,'nɜːtʃə,,养育， 培育， 滋养 (n&vt.),,,
destructive,dɪ'strʌktɪv,,破坏的， 毁灭的 (adj.),,,
appearance,ə'pɪərəns,,出现， 来到； 外观 (n.),,,
culture,'kʌltʃə,,文化， 文明； 教养； 培养； 培养菌 (n.),,,
paternity,pə'tɜːnəti,,父权， 父子关系 (n.),,,
hasty,'heɪsti,,草率的， 轻率的； 急速的， 匆忙的， 仓促完成的 (adj.),,,
anonymous,ə'nɒnɪməs,,无名的， 不具名的； 匿名的； 无特色的， 无个性特征的 (adj.),,,
fake,feɪk,,假的，伪造的 (adj.)；假货；骗子 (n.)；伪造， 捏造； 伪装 (vt.),,,
span,spæn,,跨距，一段时间 (n.)；持续， 贯穿， 包括； 横跨， 跨越 (vt.),,,
escort,'eskɔːt,,护卫者，护送者 (n.)；护送， 护卫 (vt.),,,
bizarre,bɪ'zɑː(r),,奇形怪状的， 怪诞的 (adj.),,,
existence,ɪg'zɪstəns,,存在， 实在； 生存 (n.),,,
ascribe,ə'skraɪb,,把…归因于， 把…归属于 (vt.),,,
threshold,'θreʃhəuld,,门槛， 门口； 入门， 开端， 起始点 (n.),,,
float,fləut,,浮动， 漂浮， 飘动 (v.),,,
minority,maɪ'nɒrəti,,少数； 少数民族 (n.),,,
axis,'æksɪs,,轴， 轴线， 中心线； 坐标轴， 基准线 (n.),,,
pole,pəul,,杆； 极， 磁极， 电极 (n.),,,
preferable,'prefrəbl,,更可取的， 更好的， 更合意的 (adj.),,,
reference,'refrəns,,提到， 论及； 参考， 查阅； 引文； 参考书目； 证明书， 推荐信 (n.),,,
spite,spaɪt,,恶意，怨恨；不顾 (n.)；刁难， 欺侮 (vt.),,,
defendant,dɪ'fendənt,,被告 (n.),,,
arrange,ə'reɪndʒ,,安排， 准备； 整理 (v.),,,
olive,'ɒlɪv,,橄榄， 橄榄树 (n.),,,
coarse,kɔːs,,粗的， 粗糙的； 粗劣的； 粗俗的 (adj.),,,
exaggerate,ɪg'zædʒəreɪt,,夸大， 夸张 (v.),,,
streamline,'striːmlaɪn,,使成流线型； 精简， 使效率更高 (vt.),,,
imply,ɪm'plaɪ,,暗示， 意指 (vt.),,,
offset,'ɒfset,,补偿， 抵消 (vt.),,,
commitment,kə'mɪtmənt,,承诺， 许诺， 保证； 信奉， 献身； 承担的义务 (n.),,,
cavity,'kævəti,,洞， 穴， 凹处； 龋洞 (n.),,,
coward,'kauəd,,胆小鬼， 懦夫 (n.),,,
fossil,'fɒsl,,化石； 食古不化的人， 老顽固 (n.),,,
poke,pəuk,,伸出，突出 (vi.)；戳，捅；用…戳，把…戳向；伸出，突出 (vt.)；戳， 捅 (n.),,,
rejection,rɪ'dʒekʃn,,拒绝 (n.),,,
fixture,'fɪkstʃə,,固定装置； 固定在某位置的人 (n.),,,
manufacture,ˌmænju'fæktʃə,,制造，加工 (vt.)；制造， 制造业 (n.),,,
collision,kə'lɪʒn,,碰撞； 冲突， 抵触 (n.),,,
sequence,'siːkwəns,,连续， 接续， 一连串； 次序， 顺序 (n.),,,
recruit,rɪ'kruːt,,招募， 吸收 (vt.),,,
provision,prə'vɪʒn,,供应； 准备， 预备； 条款， 规定； 给养， 口粮 (n.),,,
calorie,'kæləri,,大卡； 卡 (n.),,,
slogan,'sləugən,,标语， 口号； 广告语 (n.),,,
invariably,ɪn'veəriəbli,,不变地， 始终如一地， 总是 (adv.),,,
commence,kə'mens,,开始 (v.),,,
tract,trækt,,传单， 小册子； 大片 (n.),,,
configuration,kənˌfɪgə'reɪʃn,,配置， 布局， 构造 (n.),,,
mercury,'mɜːkjəri,,水银， 汞 (n.),,,
frequent,'friːkwənt,,时常发生的， 常见的 (adj.),,,
chunk,tʃʌŋk,,厚片， 大块； 相当大的部分 (n.),,,
interact,ˌɪntər'ækt,,相互作用， 相互影响 (vi.),,,
commonplace,'kɒmənpleɪs,,普通的，平庸的 (adj.)；寻常的事物， 平庸的东西 (n.),,,
aggregate,'ægrɪgət; (for v.) ˈægrɪgeɪt,,总计的， 合计的 (adj.)；总数，合计 (n.)；总计达， 合计； 使聚集， 使积聚 (vt.),,,
seemingly,'siːmɪŋli,,表面上， 看上去 (adv.),,,
attendant,ə'tendənt,,伴随的， 随之产生的 (adj.)；服务人员，侍者，随从 (n.),,,
array,ə'reɪ,,展示；陈列，一系列；排列，队形；衣服，盛装； (n.),,,
parameter,pə'ræmɪtə,,界限， 范围； 参数 (n.),,,
extinct,ɪk'stɪŋkt,,灭绝的， 绝种的； 不再活跃的， 熄灭了的， 已废弃的 (adj.),,,
discriminate,dɪ'skrɪmɪneɪt,,区别， 辨别； 有差别地对待， 歧视 (vi.),,,
degrade,dɪ'greɪd,,降低…的身份， 有辱…的人格； 使降解， 使退化 (vt.),,,
opaque,əu'peɪk,,不透明的， 不透光的； 难理解的， 晦涩的 (adj.),,,
repay,rɪ'peɪ,,归还； 报答 (vt.),,,
monetary,'mʌnɪtri,,钱的， 货币的； 金融的 (adj.),,,
grave,greɪv,,严重的， 严肃的 (adj.)；坟墓 (n.),,,
advantage,əd'vɑːntɪdʒ,,优点， 优势； 好处 (n.),,,
controversy,'kɒntrəvɜːsi,,争论， 辩论 (n.),,,
command,kə'mɑːnd,,命令， 指挥； 控制 (n&vt.),,,
compulsory,kəm'pʌlsəri,,必须做的， 强制性的； 必修的 (adj.),,,
performance,pə'fɔːməns,,演出； 履行， 执行， 完成； 工作情况， 表现， 工作性能 (n.),,,
serial,'sɪəriəl,,连续的， 顺序排列的 (adj.)；连续剧，连载故事 (n.),,,
anticipate,æn'tɪsɪpeɪt,,预料， 预期， 期望； 先于…行动， 提前使用 (vt.),,,
detach,dɪ'tætʃ,,拆卸； 使分开， 使分离 (vt.),,,
slash,slæʃ,,砍；大幅度削减 (vt.)；砍， 砍痕； 斜线号 (n.),,,
fabricate,'fæbrɪkeɪt,,捏造， 伪造， 编造； 建造 (vt.),,,
comic,'kɒmɪk,,喜剧的，滑稽的 (adj.)；连环漫画； 喜剧演员 (n.),,,
perfection,pə'fekʃn,,完美， 完善 (n.),,,
vague,veɪg,,不明确的； 含糊的； 暧昧的 (adj.),,,
pope,pəup,,教皇， 罗马主教 (n.),,,
exception,ɪk'sepʃn,,例外， 除外 (n.),,,
ego,'iːgəu,,自我， 自己， 自尊 (n.),,,
urge,ɜːdʒ,,鼓励；推进，催促；竭力主张，强烈要求 (vt.)；冲动， 强烈的欲望 (n.),,,
spouse,spaus,,配偶 (n.),,,
score,skɔː,,得分，比数，成绩；二十 (n.)；分， 给…打分； 画线于； 获胜 (vt.),,,
isle,aɪl,,小岛， 岛 (n.),,,
enclosure,ɪn'kləuʒə,,四周有篱笆的场地， 围场； 附件 (n.),,,
graduate,ˈɡradʒʊeɪt,,研究生的 (adj.)；毕业 (v.)；毕业生；研究生 (n.),,,
famine,'fæmɪn,,饥荒； 严重的缺乏 (n.),,,
quota,'kwəutə,,定额， 限额， 配额 (n.),,,
unanimous,ju'nænɪməs,,全体一致的， 一致同意的 (adj.),,,
scorn,skɔːn,,轻蔑，鄙视 (n.)；轻蔑， 鄙视； 拒绝， 不屑 (vt.),,,
thermal,'θɜːml,,热的， 由热造成的； 保暖的 (adj.),,,
sulfur,'sʌlfə,,硫 (n.),,,
visual,'vɪʒuəl,,看的， 视觉的 (adj.),,,
terrain,tə'reɪn,,地形， 地势 (n.),,,
grief,griːf,,悲伤， 悲痛； 悲伤的事， 悲痛的缘由 (n.),,,
rap,ræp,,说唱 (vi.)；敲击，急敲；突然厉声说出；责备，训斥 (vt.)；敲击， 急敲 (n.),,,
upgrade,ˌʌp'greɪd,,提升，使升级 (vt.)；向上的斜坡 (n.),,,
instruct,ɪn'strʌkt,,教， 指示； 通知； 教育 (vt.),,,
appendix,ə'pendɪks,,阑尾； 附录 (n.),,,
virtually,'vɜːtʃuəli,,事实上， 实质上 (adv.),,,
agreeable,ə'griːəbl,,令人愉快的， 惬意的； 同意的， 乐意的 (adj.),,,
economy,i'kɒnəmi,,经济； 节约， 节省 (n.),,,
community,kə'mjuːnəti,,社区， 社会， 公社； 团体， 界； 群落 (n.),,,
version,'vɜːʃn,,译文， 说法， 改写本 (n.),,,
sprinkle,'sprɪŋkl,,撒，洒 (v.)；少量， 少数 (n.),,,
bronze,brɒnz,,青铜， 青铜色， 古铜色； 青铜制品， 铜牌 (n.),,,
conception,kən'sepʃn,,思想， 观念， 概念； 构想， 设想； 怀孕 (n.),,,
municipal,mjuː'nɪsɪpl,,市的， 市政的 (adj.),,,
detain,dɪ'teɪn,,拘留， 扣留； 留住， 耽搁 (vt.),,,
institute,'ɪnstɪtjuːt,,研究所，学院 (n.)；建立， 设立 (vt.),,,
endure,ɪn'djuə,,忍受， 容忍； 持久， 持续 (v.),,,
detail,'diːteɪl,,细节，枝节；零件 (n.)；详细说明 (vt.),,,
subculture,'sʌbkʌltʃə,,亚文化 (n.),,,
appropriate,ə'prəupriət,,适当的，恰当的 (adj.)；私吞； 拨款供专用 (vt.),,,
criterion,kraɪ'tɪəriən,,标准， 准则 (n.),,,
essence,'esns,,本质， 实质， 要素； 精髓， 精华 (n.),,,
pore,pɔː,,仔细阅读， 审视 (vi.)；毛孔，细孔 (n.),,,
utility,juː'tɪləti,,效用， 有用 (n.),,,
manual,'mænjuəl,,用手的，手工做的 (adj.)；手册， 指南 (n.),,,
maneuver,mə'nuːvə,,设法变动位置； 用策略， 耍花招 (vi.)；谨慎而熟练的动作；策略，花招；演习 (n.)；设法使变动位置；操纵，控制 (vt.),,,
symphony,'sɪmfəni,,交响乐， 交响曲； 和谐， 协调 (n.),,,
eloquent,'eləkwənt,,雄辩的， 口才流利的， 有说服力的； 明白显示出的 (adj.),,,
optimistic,ˌɒptɪ'mɪstɪk,,乐观的， 乐观主义的 (adj.),,,
dual,'djuːəl,,双的， 两重的 (adj.),,,
submarine,ˌsʌbmə'riːn,,水底的， 海底的 (adj.)；潜水艇 (n.),,,
aspect,'æspekt,,方面； 朝向、 方向； 样子， 外表 (n.),,,
aggressive,ə'gresɪv,,侵略的， 好斗的； 敢作敢为的； 有进取心的 (adj.),,,
stump,stʌmp,,脚步沉重地走 (vi.)；树桩；残根，残余部分 (n.)；把…难住，使为难；在…做巡回演说 (vt.),,,
behavior,bɪ'heɪvjə,,行为， 举止， 表现 (n.),,,
federation,ˌfedə'reɪʃn,,联合会； 联邦 (n.),,,
minimize,'mɪnɪmaɪz,,使减少到最低限度； 极力贬低， 对…作最低估计 (vt.),,,
descend,dɪ'send,,下来，下降 (vi.)；走下， 爬下 (vt.),,,
signify,'sɪgnɪfaɪ,,有重要性 (vi.)；表示…的意思，意味，预示 (vt.),,,
logical,'lɒdʒɪkl,,逻辑的， 合乎常理的 (adj.),,,
reconciliation,ˌrekənsɪli'eɪʃn,,和解， 调和 (n.),,,
weird,wɪəd,,古怪的， 离奇的； 怪诞的， 神秘而可怕的 (adj.),,,
characterize,'kærəktəraɪz,,成为…的特征， 以…为特征； 描绘的特性， 描述 (vt.),,,
descent,dɪ'sent,,下降， 下倾； 斜坡， 坡道； 血统， 世系 (n.),,,
ridiculous,rɪ'dɪkjələs,,荒谬的， 可笑的 (adj.),,,
turbulent,'tɜːbjələnt,,动荡的， 混乱的； 汹涌的， 狂暴的 (adj.),,,
overt,əu'vɜːt,,公开的， 不隐蔽的 (adj.),,,
refute,rɪ'fjuːt,,驳斥， 驳倒 (vt.),,,
precedent,'presɪdənt,,先例， 范例； 【法】 判例； 惯例 (n.),,,
severe,sɪ'vɪə,,严重的； 严厉的， 严格的； 严峻的， 艰难的； 朴素的， 不加装饰的 (adj.),,,
emerge,i'mɜːdʒ,,出现， 涌现， 冒出 (vi.),,,
exemplify,ɪg'zemplɪfaɪ,,是…的典型； 例示， 举例证明 (vt.),,,
lease,liːs,,租约，租契 (n.)；出租； 租得， 租有 (vt.),,,
exploit,ˈeksplɔɪt;ɪkˈsplɔɪt,,剥削； 利用； 开拓 (vt.)；业绩， 功绩 (n.),,,
slap,slæp,,掴，掌击，拍；啪的一声放 (vt.)；掴， 掌击， 拍 (n.),,,
anniversary,ˌænɪ'vɜːsəri,,周年 (n.),,,
register,'redʒɪstə,,登记， 注册； 指示， 自动记下； 表示， 表达； 注意到， 记住； 把挂号 (v.)；登记，注册；登记表，注册簿 (n.),,,
communicate,kə'mjuːnɪkeɪt,,通讯， 交际， 交流； 连接， 相通； 传达， 传播； 传染 (v.),,,
evidence,'evɪdəns,,根据， 证据； 证人 (n.),,,
jerk,dʒɜːk,,猝然一动，猛拉 (v.)；急推， 急拉， 急扭 (n.),,,
fling,flɪŋ,,扔，掷；使扑，使投身 (vt.)；尽情欢乐的一阵， 一时的放纵 (n.),,,
stun,stʌn,,使震惊， 使目瞪口呆； 把…打昏， 使昏迷 (vt.),,,
acid,'æsɪd,,酸的， 酸性的； 尖刻的， 刻薄的 (adj.)；酸 (n.),,,
autonomy,ɔː'tɒnəmi,,自治， 自治权； 人身自由， 自主权 (n.),,,
transmission,trænz'mɪʃn,,传播， 发射； 传送， 传递； 传染 (n.),,,
blush,blʌʃ,,脸红 (n&vi.),,,
dubious,'djuːbjəs,,怀疑的， 犹豫不决的， 无把握的； 有问题的； 靠不住的 (adj.),,,
intuition,ˌɪntju'ɪʃn,,直觉； 由直觉获知的信息 (n.),,,
artillery,ɑː'tɪləri,,火炮， 大炮； 炮兵 (n.),,,
educational,ˌedʒu'keɪʃənl,,教育的， 教育性的 (adj.),,,
pose,pəuz,,造成，引起；提出，陈述；摆姿势；假装，冒充，装腔作势 (v.)；样子， 姿势 (n.),,,
finite,'faɪnaɪt,,有限的， 有限制的； 限定的 (adj.),,,
amend,ə'mend,,修改，修订，改进 (vt.)；赔罪， 赔偿 (n.),,,
erupt,ɪ'rʌpt,,喷发， 喷出； 爆发， 突然发生 (vi.),,,
exquisite,ɪk'skwɪzɪt,,精美的， 精致的； 敏锐的， 有高度鉴赏力的； 剧烈的， 感觉强烈的 (adj.),,,
collide,kə'laɪd,,碰撞， 互撞； 冲突， 抵触 (vi.),,,
remedy,'remədi,,补救办法，纠正办法；药品，治疗法 (n.)；补救， 纠正； 医治， 治疗 (vt.),,,
cardinal,'kɑːdɪnl,,最重要的； 基本的 (adj.)；红衣主教；【数】基数 (n.),,,
consent,kən'sent,,同意， 赞成 (n&vi.),,,
insist,ɪn'sɪst,,坚持； 坚持要求； 坚决认为 (v.),,,
fusion,'fjuːʒn,,联合， 合并； 核聚变 (n.),,,
volume,'vɒljuːm,,卷， 册， 书卷； 容积， 体积； 音量， 响度 (n.),,,
mutual,'mjuːtʃuəl,,相互的； 共同的 (adj.),,,
therefore,'ðeəfɔː,,因此， 所以 (adv.),,,
exchange,ɪks'tʃeɪndʒ,,交换； 交流； 兑换 (n&vt.),,,
indignant,ɪn'dɪgnənt,,愤怒的， 愤慨的， 义愤的 (adj.),,,
hesitate,'hezɪteɪt,,犹豫， 踌躇， 含糊； 不情愿 (vi.),,,
decimal,'desɪml,,十进位的 (adj.)；小数 (n.),,,
cynical,'sɪnɪkl,,愤世嫉俗的， 怀疑的 (adj.),,,
ventilate,'ventɪleɪt,,使通风； 把…公开， 公开讨论 (vt.),,,
scoop,skuːp,,舀出； 抢在之前报道新闻 (v.)；勺子；抢先报道的新闻 (n.),,,
companion,kəm'pæniən,,同伴， 共事者； 伴侣 (n.),,,
culminate,'kʌlmɪneɪt,,告终 (vi.),,,
breakdown,'breɪkdaun,,垮台， 破裂； 衰竭， 衰弱； 损坏， 故障； 明细， 清单 (n.),,,
directory,də'rektəri,,人名地址录； 工商行名录； 号码簿 (n.),,,
behave,bɪ'heɪv,,表现，举止；运转，做出反应 (vi.)；检点自己的行为 (vt.),,,
accomplish,ə'kʌmplɪʃ,,达到， 完成 (vt.),,,
strand,strænd,,股，缕；一个组成部分 (n.)；使搁浅 (vt.),,,
constituent,kən'stɪtjuənt,,组成的， 构成的 (adj.)；选民，选区居民；成分，组成；配料 (n.),,,
engine,'endʒɪn,,引擎， 发动机； 机车 (n.),,,
irritate,'ɪrɪteɪt,,使恼怒， 使烦躁； 使不适， 使疼痛 (vt.),,,
scope,skəup,,范围； 余地， 机会 (n.),,,
responsible,rɪ'spɒnsəbl,,需负责任的， 承担责任的； 有责任感的， 负责可靠的； 责任重大的， 重要的 (adj.),,,
linen,'lɪnɪn,,日用织品； 亚麻织品， 亚麻布 (n.),,,
expectancy,ɪk'spektənsi,,预料； 期待； 盼望 (n.),,,
illuminate,ɪ'ljuːmɪneɪt,,照明， 照亮； 阐明， 启发 (vt.),,,
liner,'laɪnə,,衬里； 大客轮 (n.),,,
identify,aɪ'dentɪfaɪ,,认出， 鉴定； 把…等同于 (vt.),,,
citizenship,'sɪtɪzənʃɪp,,"公民的身份, 公民的职责和权力 (n.)",,,
label,'leɪbl,,标签，标记，符号 (n.)；贴标签于； 把…称为 (vt.),,,
slippery,'slɪpəri,,滑的； 狡猾的 (adj.),,,
forum,'fɔːrəm,,论坛， 讨论会； 专题讨论节目 (n.),,,
contempt,kən'tempt,,轻视， 蔑视 (n.),,,
modify,'mɒdɪfaɪ,,更改， 修改； 修饰 (vt.),,,
environment,ɪn'vaɪrənmənt,,环境； 外界； 围绕 (n.),,,
clone,kləun,,无性繁殖， 克隆 (v.)；无性繁殖系，克隆；复制品，翻版 (n.),,,
betray,bɪ'treɪ,,背叛， 出卖； 失信于， 辜负； 泄露； 暴露， 显露 (vt.),,,
progressive,prə'gresɪv,,前进的； 渐进的； 进行式的 (adj.),,,
pledge,pledʒ,,保证，誓言 (n.)；保证， 许诺 (vt.),,,
exempt,ɪg'zempt,,被免除的， 被豁免的 (adj.)；免除，豁免 (vt.),,,
deliberate,dɪ'lɪb(ə)rət,,故意的， 蓄意的； 慎重的， 深思熟虑的 (adj.)；仔细考虑， 思考 (v.),,,
physiological,ˌfɪziə'lɒdʒɪkl,,生理的， 生理学的 (adj.),,,
shaft,ʃɑːft,,柄， 杆； 束， 光线； 轴； 竖井， 升降井 (n.),,,
aesthetic,iːs'θetɪk,,美学的， 审美的； 悦目的， 雅致的 (adj.),,,
atmosphere,'ætməsfɪə,,大气， 空气； 气氛， 环境 (n.),,,
decorate,'dekəreɪt,,装饰， 装潢， 修饰 (vt.),,,
electrician,ɪˌlek'trɪʃn,,电工， 电气技师 (n.),,,
occupation,ˌɒkju'peɪʃn,,占领， 占据； 职业； 从事的活动， 消遣 (n.),,,
tendency,'tendənsi,,趋向， 趋势， 倾向 (n.),,,
release,rɪ'liːs,,释放， 排放； 解除， 解脱； 放开， 松开； 发布； 发行 (n&vt.),,,
caption,'kæpʃn,,说明文字， 字幕 (n.),,,
hardy,'hɑːdi,,能吃苦耐劳的， 坚强的； 耐寒的 (adj.),,,
purify,'pjuərɪfaɪ,,使纯净， 提纯； 使纯洁 (vt.),,,
toll,təul,,敲 (v.)；过路费，过桥费；伤亡人数，损失 (n.),,,
variation,ˌveəri'eɪʃn,,变化， 变动， 变异； 变奏 (n.),,,
moral,'mɒrəl,,道德的，有道德的 (adj.)；品行， 道德规范； 寓意 (n.),,,
rig,rɪg,,操纵，垄断；给装配帆及索具；用临时替代材料迅速搭起 (vt.)；船桅的装置， 成套器械 (n.),,,
eject,i'dʒekt,,驱逐， 逐出； 喷射， 排出； 弹出 (vt.),,,
defect,'diːfekt,,变节， 叛变 (vi.)；缺点，缺陷，欠缺[dI'fekt] (n.),,,
reinforce,ˌriːɪn'fɔːs,,增强， 加强， 增援 (vt.),,,
casual,'kæʒuəl,,偶然的； 非正式的； 临时的， 不定期的； 漠不关心的， 冷淡的 (adj.),,,
slack,slæk,,懈怠， 懒散 (vi.)；懈怠的，马虎的；萧条的，清淡的，不活跃的；松的 (adj.)；松弛部分；宽松裤 (n.),,,
rim,rɪm,,边，缘 (n.)；环绕边缘 (vt.),,,
property,'prɒpəti,,财产， 所有物； 房产； 物业； 性质， 性能 (n.),,,
rip,rɪp,,扯破，撕坏 (v.)；裂口， 裂缝 (n.),,,
outbreak,'autbreɪk,,爆发， 突然发生 (n.),,,
manipulate,mə'nɪpjuleɪt,,操纵， 控制； 影响； 操作， 使用 (vt.),,,
similar,'sɪmələ,,相似的， 类似的 (adj.),,,
contradict,ˌkɒntrə'dɪkt,,反驳， 否认…的真实性； 与…发生矛盾， 与…抵触 (vt.),,,
melody,'melədi,,旋律， 曲调； 悦耳的音乐 (n.),,,
likelihood,'laɪklihud,,可能， 可能性 (n.),,,
converge,kən'vɜːdʒ,,会合， 互相靠拢； 聚集， 集中； 趋近 (vi.),,,
compose,kəm'pəuz,,组成， 构成； 创作， 为…谱曲； 使平静， 使镇静 (vt.),,,
catholic,'kæθlɪk,,[C-]天主教的；普遍的，广泛的 (adj.)；[C-]天主教徒 (n.),,,
partial,'pɑːʃl,,部分的； 不公平的； 偏爱的， 偏袒的 (adj.),,,
aid,eɪd,,帮助，救护；助手，辅助手段 (n.)；帮助， 援助 (vt.),,,
supersonic,ˌsuːpə'sɒnɪk,,超声的， 超音速的 (adj.),,,
optimism,'ɒptɪmɪzəm,,乐观， 乐观主义 (n.),,,
confident,'kɒnfɪdənt,,确信的， 肯定的； 自信的 (adj.),,,
retain,rɪ'teɪn,,保留， 保持 (vt.),,,
drastic,'dræstɪk,,严厉的， 极端的； 激烈的， 迅猛的 (adj.),,,
epoch,'iːpɒk,,时期， 时代 (n.),,,
saleable,'seɪləbl,,适合销售的 (adj.),,,
crew,kruː,,全体船员； 一队工作人员 (n.),,,
manufacturer,ˌmænju'fæktʃərə,,制造商， 制造厂 (n.),,,
defeat,dɪ'fiːt,,战胜， 挫败 (n&vt.),,,
valid,'vælɪd,,有效的， 正当的； 有根据的， 有理的 (adj.),,,
inertia,ɪ'nɜːʃə,,不活动， 惰性； 惯性 (n.),,,
encourage,ɪn'kʌrɪdʒ,,鼓励， 怂恿； 促进， 助长， 激发 (vt.),,,
vacuum,'vækjuəm,,收集； 用真空吸尘器打扫 (v.)；真空；真空吸尘器 (n.),,,
extravagant,ɪk'strævəgənt,,奢侈的； 过度的， 过分的， 放肆的 (adj.),,,
accommodate,ə'kɒmədeɪt,,容纳； 向…提供住处； 使适应， 顺应 (vt.),,,
bubble,'bʌbl,,冒泡， 起泡， 沸腾 (vi.)；泡，泡沫，水泡，气泡；幻想的计划 (n.),,,
morality,mə'ræləti,,道德， 道德性； 德行， 品行； 道德观， 道德规则 (n.),,,
yield,jiːld,,出产；让出，放弃；屈服，顺从；倒塌，垮掉 (v.)；产量 (n.),,,
electronic,ɪˌlek'trɒnɪk,,电子的 (adj.)；电子学； 电子设备 (n.),,,
transplant,træns'plɑːnt,,移栽，移种；移植；使迁移，使移居 (vt.)；移植 (n.),,,
terrace,'terəs,,排屋；地坪，草坪； (n.),,,
deficit,'defɪsɪt,,赤字， 亏空， 亏损 (n.),,,
sacred,'seɪkrɪd,,神圣的； 宗教的； 神圣不可侵犯的 (adj.),,,
cathedral,kə'θiːdrəl,,大教堂 (n.),,,
elegant,'elɪgənt,,优美的， 文雅的， 讲究的； 简练的， 简洁的 (adj.),,,
synthesis,'sɪnθəsɪs,,综合； 合成 (n.),,,
incidentally,ˌɪnsɪ'dentli,,顺便提及地， 顺便提一句 (adv.),,,
polar,'pəulə,,地极的， 近地极的； 磁极的； 正好相反的， 截然对立的 (adj.),,,
shark,ʃɑːk,,鲨鱼； 勒索者， 诈骗者， 放高利贷的人 (n.),,,
linger,'lɪŋgə,,继续逗留， 留恋徘徊， 继续存留； 缓慢消失 (vi.),,,
historian,hɪ'stɔːriən,,历史学家， 史学工作者 (n.),,,
cumulative,'kjuːmjələtɪv,,积累的， 渐增的 (adj.),,,
prototype,'prəutətaɪp,,原型 (n.),,,
overpass,'əuvəpɑːs,,天桥， 立交桥 (n.),,,
species,'spiːʃiːz,,种， 类 (n.),,,
slip,slɪp,,滑跤，滑落，溜；下降，跌落；悄悄放进 (v.)；疏漏， 差错 (n.),,,
temperament,'temprəmənt,,气质， 性格 (n.),,,
cite,saɪt,,引用， 引证； 传唤， 传讯； 表彰， 嘉奖 (vt.),,,
acquaintance,ə'kweɪntəns,,认识， 了解； 熟人 (n.),,,
moan,məun,,呻吟，呜咽；抱怨，发牢骚 (vi.)；抱怨 (vt.)；呻吟声， 呜咽声； 怨声， 牢骚 (n.),,,
quench,kwentʃ,,止； 扑灭 (vt.),,,
shed,ʃed,,脱落，脱去；流出，流下；发出，散发 (vt.)；棚， 小屋， 货棚 (n.),,,
spice,spaɪs,,香料，调味品；趣味，情趣，风味 (n.)；使增添趣味； 加香料于 (vt.),,,
rating,'reɪtɪŋ,,等级， 品级， 评定结果； 收视率， 收听率 (n.),,,
assertive,ə'sɜːtɪv,,断定的； 过分自信的 (adj.),,,
autonomous,ɔː'tɒnəməs,,自治的； 独立自主的 (adj.),,,
referee,ˌrefə'riː,,当裁判 (vi.)；裁判员；证明人，推荐人；仲裁者，调解者 (n.),,,
aerial,'eərɪəl,,飞机的，航空的；空中的，架空的 (adj.)；天线 (n.),,,
trial,'traɪəl,,试， 试验； 审判； 讨厌的人 (n.),,,
perception,pə'sepʃn,,感知， 觉察； 认识， 观念， 看法 (n.),,,
elapse,ɪ'læps,,消逝， 过去 (vi.),,,
symmetry,'sɪmətri,,对称； 匀称， 整齐 (n.),,,
visualize,'vɪʒuəlaɪz,,想象； 设想 (vt.),,,
reap,riːp,,收割， 收获； 获得， 得到 (vt.),,,
insect,'ɪnsekt,,昆虫， 虫 (n.),,,
presume,prɪ'zjuːm,,擅自行事 (vi.)；推测，假定，相信；冒昧，擅自；认定，推定 (vt.),,,
complement,'kɒmplɪmənt,,补充，互为补充的东西；编制名额；装备定额；补语['kɒmplɪm3nt] (n.)；补充， 与…相配 (vt.),,,
cable,'keɪbl,,缆，索，电缆，电报 (n.)；给… 发电报， 用电报传送 (vt.),,,
nasty,'nɑːsti,,令人讨厌的， 令人厌恶的； 难弄的， 困难的； 严重的， 恶劣的， 险恶的； 下流的， 道德败坏的 (adj.),,,
intense,ɪn'tens,,强烈的； 紧张的； 认真的； 热情的 (adj.),,,
border,'bɔːdə,,近似， 与…接壤 (vi.)；边，边缘，边界 (n.)；给…加上边，围；邻接 (vt.),,,
estate,ɪ'steɪt,,地产， 房地产 (n.),,,
articulate,ɑ:'tɪkjʊleɪt,,善于表达的， 发音清晰的； 表达得清楚有力的 (adj.)；明确有力地表达； 清楚地吐， 清晰地发 (vt.),,,
adhere,əd'hɪə,,黏附， 附着； 遵守； 坚持； 追随， 支持 (vi.),,,
expense,ɪk'spens,,花费， 消费， 费用； 开支， 业务费用 (n.),,,
traverse,trə'vɜːs,,横渡， 横越 (vt.),,,
rigorous,'rɪgərəs,,严密的， 缜密的； 严格的， 严厉的 (adj.),,,
yell,jel,,号叫， 叫喊 (n&vi.),,,
contemporary,kən'temprəri,,现代的， 当代的； 同时代的 (adj.),,,
tribe,traɪb,,部落； 族 (n.),,,
activate,'æktɪveɪt,,使活动起来； 使开始作用 (vt.),,,
mobilize,'məubəlaɪz,,动员起来 (vi.)；动员；调动，鼓动起 (vt.),,,
mock,mɒk,,嘲笑，嘲弄 (vi.)；模拟的， 演习的； 假的， 假装的 (adj.)；嘲笑，嘲弄；模仿 (vt.),,,
minibus,'mɪnibʌs,,小型公共汽车 (n.),,,
repetitive,rɪ'petətɪv,,重复的， 反复性的 (adj.),,,
gear,gɪə,,齿轮，传动装置，挡；用具，设备，衣服 (n.)；使适应， 使适合 (vt.),,,
facilitate,fə'sɪlɪteɪt,,使…变得容易， 使便利 (vt.),,,
precipitate,prɪ'sɪpɪteɪt,,使突然发生； 猛然抛下； 使沉淀 (v.),,,
endow,ɪn'dau,,资助， 捐赠； 给予， 赋予， 认为…具有某种特质 (vt.),,,
financial,faɪ'nænʃl,,财政的， 金融的 (adj.),,,
respective,rɪ'spektɪv,,各自的， 各个的， 分别的 (adj.),,,
quiver,'kwɪvə,,颤抖，发抖，抖动 (vi.)；颤抖， 抖动， 颤声 (n.),,,
slot,slɒt,,狭缝，狭槽；位置，空位 (n.)；把…放入狭长开口中； 把…纳入其中， 使有位置 (vt.),,,
harden,'hɑːdn,,变硬 (v.),,,
rot,rɒt,,腐烂，腐朽 (v.)；腐烂， 腐朽 (n.),,,
define,dɪ'faɪn,,给…下定义， 限定 (vt.),,,
predict,prɪ'dɪkt,,预言， 预告， 预测 (vt.),,,
dictate,dɪk'teɪt,,['dIkteIt] (v.)；口授； 命令， 规定， 要求 (n.),,,
memorize,'meməraɪz,,记住， 熟记 (vt.),,,
render,'rendə,,使得， 致使； 给予， 提供； 翻译 (vt.),,,
undermine,ˌʌndə'maɪn,,暗中破坏， 逐渐削弱； 侵蚀…的基础 (vt.),,,
subjective,səb'dʒektɪv,,主观的， 个人的 (adj.),,,
blossom,'blɒsəm,,开花； 发展， 长成 (vi.)；花 (n.),,,
radical,'rædɪkl,,根本的，基本的；激进的，激进派的 (adj.)；激进分子 (n.),,,
manifest,'mænɪfest,,明显的，显然的，明了的 (adj.)；显示， 表明， 证明； 使显现， 使显露 (vt.),,,
blunt,blʌnt,,钝的；率直的，直言不讳的 (adj.)；使迟钝； 使减弱； 使钝 (vt.),,,
endeavor,ɪn'devə,,努力， 尽力， 尝试 (n&v.),,,
relieve,rɪ'liːv,,使轻松， 使宽慰； 缓解， 减轻， 解除； 使得到调剂； 接替， 替下 (vt.),,,
quartz,kwɔːts,,石英 (n.),,,
air-conditioning,'eəkənˌdɪʃənɪŋ,,空调设备， 空调系统 (n.),,,
adjacent,ə'dʒeɪsnt,,邻近的， 毗连的 (adj.),,,
employment,ɪm'plɔɪmənt,,工作； 雇用； 使用 (n.),,,
transport,træn'spɔːt,,运输 (vt.)；运输， 运输工具 (n.),,,
specific,spə'sɪfɪk,,特有的；明确的；具体的 (adj.)；详情， 细节 (n.),,,
analogy,ə'nælədʒi,,比拟； 类比， 类推 (n.),,,
application,ˌæplɪ'keɪʃn,,申请， 申请书； 施用， 涂抹； 应用， 实施； 实用性 (n.),,,
productive,prə'dʌktɪv,,多产的， 富饶的； 富有成效的 (adj.),,,
prune,pruːn,,修剪， 修整； 删除， 削减 (vt.),,,
engage,ɪn'geɪdʒ,,使从事于， 聘用； 吸引， 占用； 使订婚 (vt.),,,
chord,kɔːd,,和弦， 和音； 弦， 心弦 (n.),,,
semester,sɪ'mestə,,学期 (n.),,,
strategy,'strætədʒi,,战略， 策略 (n.),,,
remainder,rɪ'meɪndə,,余下的部分， 剩下的人数 (n.),,,
hypothesis,haɪ'pɒθəsɪs,,假设， 假说， 前提 (n.),,,
revolve,rɪ'vɒlv,,旋转 (vi.),,,
collapse,kə'læps,,倒坍， 瓦解； 崩溃， 突然失败 (n&vi.),,,
territory,'terətri,,领土， 版图； 领域 (n.),,,
summon,'sʌmən,,召唤， 传唤； 鼓起， 振作； 召集， 召开 (vt.),,,
flare,fleə,,闪耀，烧旺；突发，突然发怒 (vi.)；闪光信号， 照明弹 (n.),,,
accurate,'ækjərət,,准确的， 正确无误的 (adj.),,,
legend,'ledʒənd,,传说， 传奇故事； 传奇人物 (n.),,,
maintain,meɪn'teɪn,,维持； 维修， 保养； 主张； 赡养 (vt.),,,
expertise,ˌekspɜː'tiːz,,专门知识， 专长 (n.),,,
bargain,'bɑːgən,,讨价还价 (vi.)；特价商品；协议，交易 (n.),,,
erect,ɪ'rekt,,竖直的， 挺直的 (adj.)；建造，使竖立 (vt.),,,
professional,prə'feʃənl,,职业的，专业的，专门的 (adj.)；自由职业者， 专业人员 (n.),,,
nil,nɪl,,无， 零 (n.),,,
identification,aɪˌdentɪfɪ'keɪʃn,,身份证明； 鉴定， 验明， 认出； 认同 (n.),,,
migrant,'maɪgrənt,,移居者， 移民； 候鸟， 迁移动物 (n.),,,
protein,'prəutiːn,,蛋白质 (n.),,,
annual,'ænjuəl,,每年的，一年一次的 (adj.)；年报， 年鉴； 一年生的植物 (n.),,,
exclusive,ɪk'skluːsɪv,,奢华的，高级的；独有的；排斥的；不包括…的 (adj.)；独家新闻 (n.),,,
repertoire,'repətwɑː,,全部节目 (n.),,,
poverty,'pɒvəti,,贫穷， 贫困 (n.),,,
resort,rɪ'zɔːt,,求助，凭借，诉诸 (vi.)；求助， 凭借， 诉诸； 求助的对象， 采用的手段； 常去之地， 胜地 (n.),,,
testify,'testɪfaɪ,,作证，证明；表明，说明 (vi.)；作证， 证明 (vt.),,,
pearl,pɜːl,,珍珠； 珠状物； 珍品 (n.),,,
conclusive,kən'kluːsɪv,,确实的； 最后的； 决定性的 (adj.),,,
margin,'mɑːdʒɪn,,页边空白； 差数， 差额； 余地； 边缘 (n.),,,
apt,æpt,,易于…的， 有…倾向的； 恰当的， 适宜的； 聪明的， 反应敏捷的 (adj.),,,
remain,rɪ'meɪn,,剩下，余留，保持；仍然是 (vi.)；残余； 残骸； 遗迹 (n.),,,
pregnancy,'pregnənsi,,怀孕 (n.),,,
shabby,'ʃæbi,,破旧的， 衣衫褴褛的； 卑鄙的； 不公正的 (adj.),,,
toss,tɒs,,掷钱币来决定；翻来覆去 (vi.)；扔，抛，掷；猛抬；拌；掷；使摇动，使颠簸 (vt.)；掷钱币来决定； 猛抬头 (n.),,,
demand,dɪ'mɑːnd,,要求，需要；询问 (vt.)；要求， 需要 (n.),,,
reel,riːl,,摇摇晃晃地移动，蹒跚；眩晕，发昏 (vi.)；卷轴，卷筒，卷盘 (n.)；卷， 绕 (vt.),,,
pathetic,pə'θetɪk,,差劲的， 令人生厌的； 引起怜悯的， 可怜的， 可悲的 (adj.),,,
dissipate,'dɪsɪpeɪt,,消散，消失 (vi.)；使消散， 使消失； 浪费， 挥霍 (vt.),,,
flask,flɑːsk,,长颈瓶， 酒瓶， 烧瓶 (n.),,,
accuse,ə'kjuːz,,指责， 归咎于 (vt.),,,
disturbance,dɪ'stɜːbəns,,扰乱， 打扰； 骚乱， 混乱； 心神不安， 烦恼 (n.),,,
visceral,'vɪsərəl,,内脏的， 腑脏的； 出自内心的， 发自肺腑的 (adj.),,,
simultaneous,ˌsɪml'teɪniəs,,同时发生的， 同时存在的； 同步的， 一齐的 (adj.),,,
instructional,ɪn'strʌkʃənl,,指导的， 教育的 (adj.),,,
guarantee,ˌgærən'tiː,,保证，担保物 (n.)；保证， 担保 (vt.),,,
odor,'əudə,,气味 (n.),,,
predecessor,'priːdɪsesə,,前任， 前辈； 原有事物， 前身 (n.),,,
acquire,ə'kwaɪə,,取得， 获得； 学到 (vt.),,,
literal,'lɪtərəl,,照字面的， 原义的； 逐字的 (adj.),,,
notion,'nəuʃn,,概念， 观念； 意图， 想法， 念头 (n.),,,
default,dɪ'fɔːlt,,不履行义务， 拖欠 (v.)；违约，拖欠；弃权；预设，缺省 (n.),,,
arc,ɑːk,,弧形； 弧； 电弧， 弧光 (n.),,,
beverage,'bevərɪdʒ,,饮料 (n.),,,
captive,'kæptɪv,,被俘虏的，被捕获的 (adj.)；俘虏 (n.),,,
insane,ɪn'seɪn,,极蠢的， 荒唐的； 精神病的， 精神失常的， 疯狂的 (adj.),,,
attribute,ə'trɪbjuːt,,把…归因于 (vt.)；属性 (n.),,,
cemetery,'semətri,,墓地， 公墓 (n.),,,
genetic,dʒə'netɪk,,遗传的 (adj.)；[-s]遗传学 (n.),,,
stitch,stɪtʃ,,缝， 绣 (v.)；一针，线迹；缝法，针法，编结法；突然剧痛 (n.),,,
triumph,'traɪʌmf,,成功 (vi.)；凯旋，胜利 (n.),,,
vice,vaɪs,,罪恶， 恶习， 缺点； 虎钳 (n.),,,
detection,dɪ'tekʃn,,察觉， 发觉； 侦查， 探测 (n.),,,
bowel,'bauəl,,肠； 内部， 深处 (n.),,,
arouse,ə'rauz,,引起； 唤起， 唤醒 (vt.),,,
optimum,'ɒptɪməm,,最合适的， 最优的， 最佳的 (adj.),,,
suppress,sə'pres,,压制， 镇压； 禁止发表， 查禁； 抑制， 忍住； 阻止…的生长 (vt.),,,
pudding,'pudɪŋ,,布丁 (n.),,,
wrinkle,'rɪŋkl,,起皱纹 (v.)；皱纹 (n.),,,
consensus,kən'sensəs,,一致， 一致同意 (n.),,,
boring,'bɔːrɪŋ,,令人厌烦的， 乏味的， 无聊的 (adj.),,,
classic,'klæsɪk,,最优秀的，典型的，标准的；传统式样的，典雅的 (adj.)；文学名著，经典作品，杰作；优秀的典范； (n.),,,
supervise,'suːpəvaɪz,,监督， 管理， 指导 (v.),,,
gossip,'gɒsɪp,,传播流言蜚语 (vi.)；流言蜚语；爱说长道短的人 (n.),,,
describe,dɪ'skraɪb,,形容， 描写； 画出 (vt.),,,
dilemma,dɪ'lemə,,窘境， 困境 (n.),,,
engagement,ɪn'geɪdʒmənt,,订婚， 婚约； 约会 (n.),,,
wealthy,'welθi,,富的， 富裕的 (adj.),,,
slum,slʌm,,贫民窟 (n.),,,
foam,fəum,,起泡沫， 吐白沫 (vi.)；泡沫；泡沫材料，泡沫状物 (n.),,,
disregard,ˌdɪsrɪ'gɑːd,,不理会，漠视 (vt.)；忽视， 漠视 (n.),,,
administration,ədˌmɪnɪs'treɪʃn,,管理； 管理部门， 行政机关； 实行， 执行 (n.),,,
occasional,ə'keɪʒənl,,偶尔的， 间或发生的 (adj.),,,
dwell,dwel,,居住 (vi.),,,
incorporate,ɪn'kɔːpəreɪt,,包含； 加上， 吸收； 把…合并， 使并入 (vt.),,,
debate,dɪ'beɪt,,争论， 辩论 (n&v.),,,
extinguish,ɪk'stɪŋgwɪʃ,,熄灭， 扑灭； 使消亡， 使破灭 (vt.),,,
vulnerable,'vʌlnərəbl,,易受伤的， 脆弱的； 易受攻击的， 难防御的 (adj.),,,
furniture,'fɜːnɪtʃə,,家具 (n.),,,
segment,'segmənt,,部分， 片段； 瓣 (n.),,,
counterpart,'kauntəpɑːt,,与对方地位相当的人， 与另一方作用相当的物 (n.),,,
preach,priːtʃ,,布道， 说教 (vi.)；宣讲，布道；竭力鼓吹，宣传 (vt.),,,
flank,flæŋk,,肋，肋腹，侧边；侧翼 (n.)；位于…的侧面 (vt.),,,
donate,dəu'neɪt,,捐赠， 赠送 (vt.),,,
pendulum,'pendjələm,,摆， 钟摆； 摇摆不定的事态 (n.),,,
defiance,dɪ'faɪəns,,违抗； 藐视 (n.),,,
sovereign,'sɒvrɪn,,拥有最高统治权的， 至高无上的； 具有独立主权的 (adj.)；君主，元首 (n.),,,
cater,'keɪtə,,满足需要， 迎合； 提供饮食及服务， 承办酒席 (vi.),,,
attractive,ə'træktɪv,,有吸引力的， 引起注意的 (adj.),,,
significant,sɪg'nɪfɪkənt,,相当数量的； 重要的， 意义重大的， 意味深长的 (adj.),,,
duplicate,ˈdjuːplɪkeɪt,,完全一样的， 复制的 (adj.)；完全一样的东西，复制品 (n.)；复制， 复印； 重复 (vt.),,,
bleed,bliːd,,出血，流血；泌脂 (vi.)；勒索…的钱 (vt.),,,
rein,reɪn,,缰绳 (n.)；勒缰使停步； 控制， 约束 (vt.),,,
decrease,'dɪkriːs,,减少 (v.)；[dI'kriːs] (n.),,,
flutter,'flʌtə,,振翼，拍翅而飞；飘动，飘扬；快速跳动 (vi.)；紧张， 激动不安 (n.),,,
volunteer,vɒlən'tɪə,,自愿； 自愿提供； 志愿 (v.)；志愿者；志愿兵 (n.),,,
overlap,əʊvə'læp,,部分重叠； 部分相同 (v.)；重叠， 重叠的部分 (n.),,,
materialism,mə'tɪəriəlɪzəm,,唯物主义 (n.),,,
installment,ɪn'stɔːlmənt,,分期付款， 分期交付； 部分 (n.),,,
mourn,mɔːn,,哀悼； 感到痛心 (v.),,,
cane,keɪn,,手杖； 茎 (n.),,,
trifle,'traɪfl,,嘲笑； 轻视 (vi.)；琐事，小事，无价值的东西 (n.),,,
migrate,maɪ'greɪt,,迁徙， 移栖； 移居， 迁移 (vi.),,,
Easter,'iːstə,,复活节 (n.),,,
submit,səb'mɪt,,屈从， 听从； 忍受； 甘心 (vi.)；屈从，听从，服从；呈送，提交；主张，建议 (vt.),,,
novelty,'nɒvlti,,新奇事物； 新奇， 新奇感， 新奇性； 新颖小巧而廉价的物品 (n.),,,
occupy,'ɒkjupaɪ,,占领； 占； 占有 (vt.),,,
string,strɪŋ,,线， 细绳； 一串， 一行 (n.),,,
boom,buːm,,激增， 繁荣， 迅速发展； 发出隆隆声 (vi.)；激增，繁荣，迅速发展；隆隆声，嗡嗡声 (n.),,,
absence,'æbsəns,,缺席， 不在； 缺席的时间， 外出期； 缺乏， 不存在 (n.),,,
abolish,ə'bɒlɪʃ,,彻底废除， 废止 (vt.),,,
attract,ə'trækt,,吸引， 引起…注意 (vt.),,,
cautious,'kɔːʃəs,,十分小心的， 谨慎的 (adj.),,,
snatch,snætʃ,,一把抓住 (vi.)；夺，夺走，抢走；一下子拉，一把抓住；抓住机会做，抽空做 (vt.)；片断 (n.),,,
blink,blɪŋk,,眨眼睛；闪亮，闪烁 (vi.)；眨眼睛； 一瞬间 (n.),,,
summit,'sʌmɪt,,最高点， 峰顶； 最高级会议 (n.),,,
perfume,'pɜːfjuːm,,香水，香料，香气 (n.)；使充满芳香； 洒香水于 (vt.),,,
magnify,'mægnɪfaɪ,,放大， 扩大； 夸大， 夸张 (vt.),,,
redundant,rɪ'dʌndənt,,多余的， 过剩的 (adj.),,,
situated,'sɪtʃueɪtɪd,,位于…的， 坐落在…的； 处于…境地的 (adj.),,,
recession,rɪ'seʃn,,衰退， 衰退期 (n.),,,
doubtless,'dautləs,,无疑地， 肯定地 (adv.),,,
negative,'negətɪv,,否定的，消极的；负的，阴性的 (adj.)；负片， 底片； 负数 (n.),,,
impose,ɪm'pəuz,,把…强加； 征 (vt.),,,
statement,'steɪtmənt,,陈述， 声明； 结算单， 报表 (n.),,,
trademark,'treɪdmɑːk,,商标， 牌号； 特征， 标记 (n.),,,
factor,'fæktə,,因素， 因子； 系数 (n.),,,
analogous,ə'næləgəs,,类似的， 相似的； 可比拟的 (adj.),,,
substance,'sʌbstəns,,物质； 实质； 大意， 要旨； 根据， 理由 (n.),,,
complexion,kəm'plekʃn,,肤色， 面色； 局面； 性质 (n.),,,
continuity,ˌkɒntɪ'njuːəti,,连续， 持续 (n.),,,
sculpture,'skʌlptʃə,,雕刻， 雕塑； 雕刻作品， 雕塑品 (n.),,,
target,'tɑːgɪt,,靶， 标的， 目标 (n.),,,
momentum,mə'mentəm,,动力， 冲力， 势头； 动量 (n.),,,
wax,wæks,,蜡，蜂蜡 (n.)；给…上蜡 (vt.),,,
sensation,sen'seɪʃn,,感觉能力； 感觉， 知觉； 轰动， 引起轰动的事件 (n.),,,
urban,'ɜːbən,,都市的， 住在都市的 (adj.),,,
furthermore,ˌfɜːðə'mɔː,,而且， 此外 (adv.),,,
timely,'taɪmli,,及时的， 适时的 (adj.),,,
cape,keɪp,,斗篷， 披肩； 海角， 岬 (n.),,,
discard,dɪs'kɑːd,,丢弃， 抛弃， 遗弃 (vt.),,,
delicate,'delɪkət,,纤细的； 易碎的； 微妙的； 精美的 (adj.),,,
rebel,'rebl,,反叛， 造反； 反对， 不服从 (vi.)；反叛分子，反对者 (n.),,,
subsidy,'sʌbsədi,,津贴， 补助金 (n.),,,
bounce,bauns,,弹起，反弹，颠跳 (v.)；弹， 反弹 (n.),,,
obscene,əb'siːn,,淫秽的， 下流的； 可憎的， 可恶的 (adj.),,,
tissue,'tɪʃuː,,组织； 薄绢， 薄纸， 手巾纸 (n.),,,
Thanksgiving,ˌθæŋks'gɪvɪŋ,,感恩节 (n.),,,
proficiency,prə'fɪʃnsi,,熟练， 精通 (n.),,,
modest,'mɒdɪst,,谦虚的； 适中的； 羞怯的 (adj.),,,
cast,kɑːst,,投，扔，抛；浇铸 (vt.)；演员表， 全体演员； 石膏绷带； 铸型， 铸件； 投， 抛 (n.),,,
vocational,vəu'keɪʃənl,,职业的， 业务的 (adj.),,,
crush,krʌʃ,,压碎， 碾碎， 镇压 (vt.),,,
hatred,'heɪtrɪd,,憎恶， 憎恨， 仇恨 (n.),,,
slice,slaɪs,,薄片，切片，部分 (n.)；切， 削， 剁 (vt.),,,
electron,ɪ'lektrɒn,,电子 (n.),,,
embed,ɪm'bed,,把…嵌入， 扎牢； 使深留脑中 (vt.),,,
incline,'ɪnklaɪn,,斜坡[In'klaIn] (n.)；使倾斜 (vt.),,,
elevate,'elɪveɪt,,提升…的职位， 提高， 改善； 使情绪高昂； 举起， 使上升 (vt.),,,
designate,'dezɪgneɪt,,指派， 委任； 标出； 把…定名为 (vt.),,,
promising,'prɒmɪsɪŋ,,有希望的， 有前途的 (adj.),,,
slick,slɪk,,圆滑的， 口齿伶俐的； 精巧的， 巧妙的， 灵巧的； 光滑的， 滑溜的 (adj.),,,
practicable,'præktɪkəbl,,可行的， 适用的 (adj.),,,
item,'aɪtəm,,条， 条款 (n.),,,
counsel,'kaunsl,,律师，法律顾问；忠告，劝告 (n.)；劝告， 提议 (vt.),,,
canvas,'kænvəs,,帆布； 帆布画布， 油画 (n.),,,
superintendent,ˌsuːpərɪn'tendənt,,主管人， 监管人， 负责人； 警长 (n.),,,
probability,ˌprɒbə'bɪləti,,可能性， 可能发生的事； 概率 (n.),,,
contention,kən'tenʃn,,论点； 争论， 争辩 (n.),,,
lofty,'lɒfti,,高傲的， 傲慢的； 崇高的， 高尚的； 高耸的， 极高的 (adj.),,,
explicit,ɪk'splɪsɪt,,详述的， 明确的， 明晰的； 直言的， 露骨的 (adj.),,,
rely,rɪ'laɪ,,依靠， 依赖； 信赖， 指望 (vi.),,,
slide,slaɪd,,滑；悄悄地移动 (v.)；滑动； 滑道， 滑面； 幻灯片 (n.),,,
utilize,'juːtəlaɪz,,利用 (vt.),,,
sticky,'stɪki,,黏性的， 胶粘的； 湿热的 (adj.),,,
prevail,prɪ'veɪl,,流行， 盛行 (vi.),,,
excessive,ɪk'sesɪv,,过多的， 极度的 (adj.),,,
denial,dɪ'naɪəl,,否认； 拒绝， 拒绝给予 (n.),,,
assault,ə'sɔːlt,,攻击， 袭击 (n.),,,
implicit,ɪm'plɪsɪt,,不言明的， 含蓄的； 内含的， 固有的； 无疑问的 (adj.),,,
intensify,ɪn'tensɪfaɪ,,增强， 加剧 (v.),,,
feminine,'femənɪn,,女性的， 女子的； 女子气的 (adj.),,,
purity,'pjuərəti,,纯净， 纯洁， 纯正 (n.),,,
pattern,'pætn,,型，式样；模，模型 (n.)；仿制， 使…仿效 (vt.),,,
settle,'setl,,安排， 安放； 调停； 支付， 核算； 安家； 飞落， 停留； 安定 (v.),,,
heighten,'haɪtn,,提高， 加强 (v.),,,
vehicle,'viːɪkl,,车辆， 机动车； 传播媒介， 工具， 手段 (n.),,,
scrape,skreɪp,,刮，擦；勉强过日子 (v.)；刮， 擦； 刮擦声 (n.),,,
web,web,,网； 网络； 错综复杂的事物 (n.),,,
femininity,ˌfemə'nɪnəti,,女性气质 (n.),,,
plateau,'plætəu,,高原； 稳定时期 (n.),,,
tragic,'trædʒɪk,,悲惨的， 可悲的； 悲剧的 (adj.),,,
grin,grɪn,,咧嘴笑 (n.),,,
grip,grɪp,,握紧，抓牢；吸引住…的注意力 (vt.)；紧握 (n.),,,
reliance,rɪ'laɪəns,,依靠， 依赖 (n.),,,
explore,ɪk'splɔː,,探险， 探索； 仔细查阅， 探究 (v.),,,
display,dɪ'spleɪ,,陈列， 展览； 显示 (n&vt.),,,
electricity,ɪˌlek'trɪsəti,,电 (n.),,,
climate,'klaɪmət,,气候； 风土， 地带； 风气， 气氛 (n.),,,
tentative,'tentətɪv,,试探的， 试验的 (adj.),,,
disorder,dɪs'ɔːdə,,混乱， 杂乱； 骚乱 (n.),,,
aggravate,'ægrəveɪt,,加重， 加剧， 使恶化； 激怒， 使恼火 (vt.),,,
criticize,'krɪtɪsaɪz,,批评， 评论， 非难 (vt.),,,
preside,prɪ'zaɪd,,主持，主管 (vi.),,,
economic,ˌiːkə'nɒmɪk,,经济的；经济学的 (adj.)；经济学； 经济状况 (n.),,,
transistor,træn'zɪstə,,晶体管， 晶体管收音机 (n.),,,
statistics,stə'tɪstɪks,,统计学； 统计表 (n.),,,
grim,grɪm,,讨厌的， 糟糕的； 严厉的； 冷酷的， 无情的 (adj.),,,
giggle,'gɪgl,,咯咯笑， 傻笑 (n.),,,
offspring,'ɒfsprɪŋ,,子女， 子孙， 后代； 崽 (n.),,,
arrest,ə'rest,,逮捕，拘留；停止，阻止；吸引 (vt.)；逮捕， 拘留， 扣留 (n.),,,
mature,mə'tʃuə,,成熟的，成年人的；深思熟虑的；到期的，应支付的 (adj.)；使成熟 (vt.),,,
alleviate,ə'liːvieɪt,,减轻； 缓解， 缓和 (vt.),,,
notification,ˌnəutɪfɪ'keɪʃn,,通知， 告示； 通知书 (n.),,,
overflow,əʊvə'fləʊ,,满得外溢，外流，泛滥；充满，洋溢 (vi.)；淹没， 从…中溢出， 多得无法容纳 (vt.)；容纳不下的物； 溢出， 满出； 溢流口， 溢流管 (n.),,,
provoke,prə'vəuk,,对…挑衅， 激怒； 激起， 引起 (vt.),,,
threaten,'θretn,,威胁， 恐吓； 预示快要来临； 构成威胁， 可能发生 (v.),,,
enrich,ɪn'rɪtʃ,,充实， 使丰富； 使富裕， 使富有 (vt.),,,
foil,fɔɪl,,箔，金属薄片；陪衬，衬托 (n.)；挫败， 使受挫折 (vt.),,,
strain,streɪn,,扭伤， 拉伤； 尽力使用， 紧张； 拉紧； 尽力 (v.)；拉紧；过劳，极度紧张；张力；扭伤，拉伤；旋律；品种，家系；气质，个性特点 (n.),,,
negotiate,nɪ'gəuʃieɪt,,洽谈， 协商， 谈判； 顺利通过， 成功越过 (v.),,,
cellar,'selə,,地窖， 地下室； 酒窖 (n.),,,
tangle,'tæŋgl,,缠结，乱作一团 (v.)；乱糟糟的一堆， 混乱； 复杂的问题； 困惑 (n.),,,
package,'pækɪdʒ,,包裹，包装；一揽子交易 (n.)；把…打包； 包装 (vt.),,,
intrigue,ɪn'triːg,,耍阴谋，施诡计 (vi.)；激起…的好奇心，迷住 (vt.)；阴谋， 诡计， 密谋 (n.),,,
orient,'ɔːrient,,转向特定方向；适应[theO-] (vi.)；使适应，使熟悉情况；使朝向，以…为方向 (vt.)；东方， 亚洲， 东半球 (n.),,,
crisis,'kraɪsɪs,,危机， 存亡之际； 关键阶段 (n.),,,
handicap,'hændikæp,,缺陷；障碍，不利条件 (n.)；妨碍， 使不利 (vt.),,,
survival,sə'vaɪvl,,幸存； 幸存者； 残存物 (n.),,,
shatter,'ʃætə,,碎裂 (vi.)；使粉碎，砸碎；使破灭；使震惊 (vt.),,,
plea,pliː,,恳求， 请求； 抗辩， 答辩， 辩护； 借口， 托辞 (n.),,,
persuasion,pə'sweɪʒn,,说服， 劝说； 信念， 信仰 (n.),,,
keen,kiːn,,热心的； 激烈的； 敏锐的， 敏捷的 (adj.),,,
nutrition,nju'trɪʃn,,营养 (n.),,,
detective,dɪ'tektɪv,,侦探， 私人侦探 (n.),,,
transfer,træns'fɜː,,搬， 转移； 调动， 转学； 转让， 过户； 乘车， 转乘 (v.),,,
veteran,'vetərən,,经验丰富的 (adj.)；老手；老兵 (n.),,,
cereal,'sɪəriəl,,加工而成的谷类食物； 谷类植物， 谷物 (n.),,,
esthetic,iːs'θetɪk,,美学的， 审美的； 悦目的， 雅致的 (adj.),,,
indifferent,ɪn'dɪfrənt,,冷漠的， 不积极的； 一般的， 平平的 (adj.),,,
affection,ə'fekʃn,,感情； 爱， 爱慕 (n.),,,
diversion,daɪ'vɜːʃn,,转移， 转向； 消遣， 娱乐； 临时绕行路 (n.),,,
elementary,ˌelɪ'mentri,,基本的， 初级的 (adj.),,,
eagle,'iːgl,,鹰 (n.),,,
solemn,'sɒləm,,庄严的， 隆重的； 严肃的 (adj.),,,
embarrass,ɪm'bærəs,,使窘迫， 使为难 (vt.),,,
erroneous,ɪ'rəuniəs,,错误的， 不正确的 (adj.),,,
option,'ɒpʃn,,选择， 选择权， 选择自由； 选择的事物， 选课 (n.),,,
acute,ə'kjuːt,,严重的； 急性的； 灵敏的， 敏锐的； 精明的 (adj.),,,
limitation,ˌlɪmɪ'teɪʃn,,限制， 限度； 局限 (n.),,,
jog,dʒɒg,,慢跑； 轻轻碰撞 (n&v.),,,
terrify,'terɪfaɪ,,使害怕， 使惊吓 (vt.),,,
handbook,'hændbuk,,手册， 便览 (n.),,,
ascertain,ˌæsə'teɪn,,弄清， 查明； 确定 (vt.),,,
crucial,'kruːʃl,,至关重要的， 决定性的 (adj.),,,
contribute,kən'trɪbjuːt,,捐献， 捐款； 投稿 (v.),,,
insert,ɪn'sɜːt,,插入， 嵌入； 登载 (vt.),,,
faith,feɪθ,,信任， 信心； 信仰， 信条 (n.),,,
inspiration,ˌɪnspə'reɪʃn,,灵感； 鼓舞人心的人 (n.),,,
endurance,ɪn'djuərəns,,忍耐力； 持久， 耐久 (n.),,,
highlight,'haɪlaɪt,,强调，突出，使显著 (vt.)；最精彩的部分， 最重要的事件 (n.),,,
candidate,'kændɪdət,,候选人， 投考者， 申请求职者 (n.),,,
strive,straɪv,,努力， 奋斗， 力求 (vi.),,,
database,'deɪtəbeɪs,,数据库 (n.),,,
intelligible,ɪn'telɪdʒəbl,,可理解的， 明白易懂的， 清楚的 (adj.),,,
parallel,'pærəlel,,并列的，平行的；类似的；对应的；并联的 (adj.)；可相比拟的事物，相似处；平行线，平行面；纬线 (n.)；与…相似， 与… 相当， 比得上 (vt.),,,
reject,rɪ'dʒekt,,拒绝； 拒纳， 退回， 摈弃 (vt.)；被拒货品， 不合格产品 (n.),,,
hospitality,ˌhɒspɪ'tæləti,,友好款待， 好客 (n.),,,
sheer,ʃɪə,,垂直地，陡峭地 (adv.)；急转向， 偏离 (vi.)；完全的，十足的；陡峭的，垂直的；极薄的，透明的 (adj.),,,
imitation,ˌɪmɪ'teɪʃn,,模仿； 仿制， 伪制品； 赝品 (n.),,,
compliment,'kɒmplɪmənt,,赞美，恭维；致意，问候 (n.)；赞美， 恭维 (vt.),,,
blunder,'blʌndə,,跌跌撞撞地走， 慌乱地走； 犯错误 (vi.)；错误 (n.),,,
breach,briːtʃ,,破坏，违反；破裂，不和；缺口，裂口 (n.)；攻破， 在…造成缺口； 破坏， 违反 (vt.),,,
original,ə'rɪdʒənl,,最初的；新颖的；原版的 (adj.)；原件， 原作 (n.),,,
comply,kəm'plaɪ,,遵从， 依从， 服从 (vi.),,,
deviate,'diːvieɪt,,背离， 偏离 (vi.),,,
assignment,ə'saɪnmənt,,任务； 指定的作业； 分配， 指派 (n.),,,
album,'ælbəm,,粘贴簿， 集邮簿， 相册 (n.),,,
stimulus,'stɪmjələs,,促进； 刺激 (n.),,,
electric,ɪ'lektrɪk,,电的， 电动的 (adj.),,,
bewilder,bɪ'wɪldə,,使迷惑； 使难住 (vt.),,,
regiment,'redʒɪmənt,,团；大量 (n.)；严格地管制， 严密地编组 (vt.),,,
diminish,dɪ'mɪnɪʃ,,变少，变小，降低 (vi.)；减少， 减小， 降低 (vt.),,,
surpass,sə'pɑːs,,超过， 优于， 多于； 超过…的界限， 非…所能办到 (vt.),,,
various,'veəriəs,,各种各样的， 不同的 (adj.),,,
depression,dɪ'preʃn,,抑郁， 沮丧； 不景气， 萧条； 洼地， 凹陷 (n.),,,
affiliate,ə'fɪlɪeɪt,,使隶属于 (vt.)；附属机构， 分公司 (n.),,,
unfold,ʌn'fəuld,,展开， 打开； 显露， 展现 (v.),,,
extent,ɪk'stent,,广度； 范围； 程度 (n.),,,
equivalent,ɪ'kwɪvələnt,,相等的，等量的 (adj.)；相等物， 等价物 (n.),,,
sensational,sen'seɪʃənl,,轰动的， 耸人听闻的； 使人感动的， 非常好的 (adj.),,,
wedge,wedʒ,,楔 (n.)；楔入， 塞入 (vt.),,,
alienate,'eɪlɪəneɪt,,使疏远， 使不友好， 离间； 转让， 让渡 (vt.),,,
brink,brɪŋk,,边缘， 边沿 (n.),,,
plague,pleɪg,,瘟疫，鼠疫；灾难，祸患 (n.)；使痛苦， 给…造成困难 (vt.),,,
perpetual,pə'petʃuəl,,永久的， 永恒的， 长期的； 无休止的， 没完没了的 (adj.),,,
retrospect,'retrəspekt,,回顾 (n.),,,
fascinate,'fæsɪneɪt,,强烈地吸引， 迷住 (vt.),,,
colonial,kə'ləuniəl,,殖民地的 (adj.),,,
warfare,'wɔːfeə,,战争； 斗争， 冲突 (n.),,,
draft,drɑːft,,草稿；汇票；征兵；通风 (n.)；起草； 征募 (vt.),,,
complex,'kɒmpleks,,由许多部分组成的，复合的；复杂的，难懂的 (adj.)；综合体， 集合体； 情结， 夸大的情绪反应 (n.),,,
assumption,ə'sʌmpʃn,,假定， 臆断； 担任， 承担 (n.),,,
humidity,hjuː'mɪdəti,,湿度， 潮湿， 湿气 (n.),,,
rank,ræŋk,,列入， 占特定等级 (vi.)；军衔，职衔；地位，社会阶层；排，行列 (n.)；把…分等，给…评定等级 (vt.),,,
pamphlet,'pæmflət,,小册子 (n.),,,
preparatory,prɪ'pærətri,,预备的 (adj.),,,
neglect,nɪ'glekt,,忽视， 忽略； 疏忽 (n&vt.),,,
addition,ə'dɪʃn,,加， 加法； 附加物 (n.),,,
vein,veɪn,,静脉， 血管； 叶脉； 纹理， 纹路； 方式， 风格 (n.),,,
carve,kɑːv,,切， 把…切碎； 雕刻， 刻 (vt.),,,
veil,veɪl,,面纱，面罩；遮盖物，掩饰物 (n.)；掩盖， 掩饰 (vt.),,,
shrink,ʃrɪŋk,,起皱； 收缩； 退缩， 畏缩 (vi.),,,
hierarchy,'haɪərɑːki,,等级制度； 统治集团， 领导层 (n.),,,
ancestor,'ænsestə,,祖宗， 祖先； 原型； 先驱 (n.),,,
hazardous,'hæzədəs,,危险的； 冒险的 (adj.),,,
locality,ləu'kæləti,,地区， 地点 (n.),,,
proceeding,prə'siːdɪŋ,,诉讼 (n.),,,
artery,'ɑːtəri,,动脉； 干线， 要道 (n.),,,
panic,'pænɪk,,恐慌， 惊慌失措 (v.)；恐慌，惊慌，慌乱 (n.),,,
underestimate,ˌʌndər'estɪmeɪt,,对…估计不足，低估 (vt.)；估计不足， 低估 (n.),,,
fold,fəuld,,折叠，合拢 (vt.)；褶， 折叠的部分 (n.),,,
transient,'trænziənt,,短暂的， 转瞬即逝的； 临时的， 暂住的 (adj.),,,
hurl,hɜːl,,猛投， 狠掷； 大声叫骂 (vt.),,,
competitive,kəm'petətɪv,,竞争的， 比赛的； 好竞争的， 求胜心切的； 有竞争力的 (adj.),,,
dean,diːn,,教长， 主任牧师； 学院院长， 系主任， 训导主任 (n.),,,
sponge,spʌndʒ,,用湿海绵擦， 揩； 过寄生生活 (v.)；海绵 (n.),,,
abuse,ə'bjuːz,,滥用； 虐待； 辱骂， 毁谤 (vt.)；滥用； 虐待； 辱骂 (n.),,,
scheme,skiːm,,密谋， 策划 (v.)；计划，方案；阴谋 (n.),,,
insulate,'ɪnsjuleɪt,,使绝缘， 使隔热， 使隔音； 隔离， 使隔绝 (vt.),,,
consequently,'kɒnsɪkwəntli,,因此， 因而， 所以 (adv.),,,
drain,dreɪn,,慢慢减少 (vi.)；排去，放水；渐渐耗尽 (vt.)；耗竭； 排水沟， 排水管 (n.),,,
reluctance,rɪ'lʌktəns,,不愿， 勉强 (n.),,,
rape,reɪp,,强奸 (n&vt.),,,
isolate,'aɪsəleɪt,,使隔离， 使孤立 (vt.),,,
popularity,ˌpɒpju'lærəti,,普及， 流行； 声望 (n.),,,
nickname,'nɪkneɪm,,绰号，诨名 (n.)；给…起绰号 (vt.),,,
subsequent,'sʌbsɪkwənt,,随后的， 后来的 (adj.),,,
metabolic,ˌmetə'bɒlɪk,,代谢作用的， 新陈代谢的 (adj.),,,
humanity,hjuː'mænəti,,人类， 人； 人性； 人道， 博爱； 人文学科 (n.),,,
innovation,ˌɪnə'veɪʃn,,新方法， 新事物； 革新， 创新 (n.),,,
litter,'lɪtə,,乱扔废弃物 (vi.)；乱扔东西 (vt.)；废弃物， 被胡乱扔掉的东西； 一窝； 杂乱的东西 (n.),,,
charge,tʃɑːdʒ,,索价；控告；使充电，使充满；向前冲 (v.)；费用； 管理； 控告， 指责； 电荷， 充电 (n.),,,
shutter,'ʃʌtə,,百叶窗； 快门 (n.),,,
alternate,ˈɔ:ltəneɪt;(for adj.)ɔ:lˈtɜ:nət,,交替的， 轮流的； 间隔的 (adj.)；轮流， 交替 (v.),,,
biography,baɪ'ɒgrəfi,,传记 (n.),,,
procedure,prə'siːdʒə,,程序； 手续； 步骤 (n.),,,
sample,'sɑːmpl,,样品，试样，样本 (n.)；从…抽样； 品尝， 体验 (vt.),,,
plunge,plʌndʒ,,纵身投入， 猛冲， 猛跌 (n&v.),,,
skeptical,'skeptɪkl,,表示怀疑的 (adj.),,,
ultraviolet,ˌʌltrə'vaɪələt,,紫外的 (adj.),,,
planetary,'plænətri,,行星的 (n.),,,
visa,'viːzə,,签证 (n.),,,
diagnose,'daɪəgnəuz,,诊断； 判断 (vt.),,,
petition,pə'tɪʃn,,请愿， 正式请求 (v.)；请愿书，申请书；诉状 (n.),,,
vicinity,və'sɪnəti,,周围地区， 邻近地区 (n.),,,
naive,naɪ'iːv,,幼稚的； 天真的； 轻信的 (adj.),,,
essential,ɪ'senʃl,,必要的，本质的 (adj.)；要素； 必需品 (n.),,,
expenditure,ɪk'spendɪtʃə,,经费， 支出额； 花费， 支出， 消耗 (n.),,,
vent,vent,,通风口，排放口；开衩 (n.)；表达， 发泄 (vt.),,,
haunt,hɔːnt,,常出没于；使苦恼，使担忧；萦绕在心头，缠绕 (vt.)；常去的地方 (n.),,,
precede,prɪ'siːd,,在…之前， 先于 (vt.),,,
gasp,gɑːsp,,喘气，倒抽气 (vi.)；喘着气说出 (vt.)；喘气， 倒抽气 (n.),,,
stroll,strəul,,散步， 闲逛 (n&vi.),,,
furnish,'fɜːnɪʃ,,供应， 提供； 装备 (vt.),,,
differentiate,ˌdɪfə'renʃieɪt,,区分，区别 (vi.)；区分， 区别； 使不同， 使有差异 (vt.),,,
contact,'kɒntækt,,接触，联系，交往 (n.)；与…接触， 与…取得联系 (vt.),,,
garment,'gɑːmənt,,衣服 (n.),,,
discharge,dɪs'tʃɑːdʒ,,释放，排出；卸货 (v.)；释放， 放电 (n.),,,
exclude,ɪk'skluːd,,把…排除在外 (vt.),,,
scary,'skeəri,,可怕的， 骇人的； 惊慌的， 害怕的； 胆小的， 易受惊的 (adj.),,,
criticism,'krɪtɪsɪzəm,,批评， 批判； 评论， 评论文章 (n.),,,
enlighten,ɪn'laɪtn,,启发， 开导 (vt.),,,
utmost,'ʌtməust,,最远的 (adj.)；极限 (n.),,,
prospective,prə'spektɪv,,预期的； 未来的； 可能的 (adj.),,,
deduct,dɪ'dʌkt,,减去， 扣除 (v.),,,
plaster,'plɑːstə,,灰浆，灰泥；石膏；橡皮膏，膏药 (n.)；在…上抹灰泥， 厚厚地涂抹 (vt.),,,
consultancy,kən'sʌltənsi,,顾问； 顾问服务公司 (n.),,,
metropolitan,ˌmetrə'pɒlɪtən,,大都市的， 大都会的； 首都的 (adj.),,,
portray,pɔː'treɪ,,描写， 描绘； 扮演， 饰演 (vt.),,,
garbage,'gɑːbɪdʒ,,垃圾， 废物； 废话； 无用的资料 (n.),,,
suspicious,sə'spɪʃəs,,猜疑的， 疑心的； 可疑的； 表示怀疑的 (adj.),,,
scrub,skrʌb,,用力擦洗，把…擦净；取消 (v.)；矮树丛， 灌木丛 (n.),,,
complain,kəm'pleɪn,,抱怨， 诉苦； 控告， 投诉 (vi.),,,
homogeneous,ˌhɒmə'dʒiːniəs,,同种类的， 同性质的， 有相同特征的 (adj.),,,
affirm,ə'fɜːm,,断言， 坚持声称； 证实， 确认 (vt.),,,
profound,prə'faund,,深度的， 深切的， 深远的； 知识渊博的， 见解深刻的； 深奥的 (adj.),,,
marble,'mɑːbl,,大理石； 弹子； 弹子游戏 (n.),,,
anxiety,æŋ'zaɪəti,,焦虑， 忧虑； 渴望， 热望 (n.),,,
adjust,ə'dʒʌst,,适应 (vi.)；调整，调节；校正 (vt.),,,
aspiration,ˌæspə'reɪʃn,,强烈的愿望； 志向， 抱负 (n.),,,
vigorous,'vɪgərəs,,朝气蓬勃的； 有力的， 用力的 (adj.),,,
vocal,'vəukl,,喜欢畅所欲言的，直言不讳的；嗓音的，发声的 (adj.)；声乐节目 (n.),,,
deem,diːm,,认为， 视为 (vt.),,,
origin,'ɒrɪdʒɪn,,起源， 起因； 出身， 血统 (n.),,,
clash,klæʃ,,发生冲突；不协调；砰地相撞，发出刺耳的撞击声 (vi.)；冲突； 不协调； 刺耳的撞击声 (n.),,,
overturn,ˌəuvə'tɜːn,,倾覆， 翻转， 翻倒 (vi.)；使翻转，使倾覆，使倒下；颠覆，推翻 (vt.),,,
compel,kəm'pel,,强迫， 迫使屈服 (vt.),,,
depress,dɪ'pres,,使沮丧， 使不景气； 按下 (vt.),,,
capable,'keɪpəbl,,有能力的， 有才能的 (adj.),,,
burden,'bɜːdn,,重担，精神负担 (n.)；加重压于， 烦扰； 负担， 装载 (vt.),,,
salute,sə'luːt,,敬礼，致意 (vi.)；向…敬礼，向…致意；赞扬，颂扬 (vt.)；敬礼， 致意 (n.),,,
clasp,klɑːsp,,扣子，钩子；紧抱，紧握 (n.)；抱紧， 握紧； 扣住， 扣紧 (vt.),,,
symposium,sɪm'pəuziəm,,讨论会， 专题报告会； 专题论文集 (n.),,,
hover,'hɒvə,,翱翔； 逗留在近旁， 徘徊； 彷徨， 犹豫 (vi.),,,
random,'rændəm,,任意的， 随机的 (adj.),,,
dine,daɪn,,进餐 (vi.)；宴请 (vt.),,,
personality,ˌpɜːsə'næləti,,人格， 个性； 人物 (n.),,,
sanction,'sæŋkʃn,,批准，认可 (vt.)；批准， 认可； 约束因素， 约束力； 国际制裁 (n.),,,
alert,ə'lɜːt,,警觉的，留神的，注意的 (adj.)；使认识到，使意识到 (vt.)；警戒， 戒备； 警报 (n.),,,
deduce,dɪ'djuːs,,推论， 推断， 演绎 (vt.),,,
oak,əuk,,栎树， 橡树； 栎木， 橡木 (n.),,,
client,'klaɪənt,,委托人， 当事人； 顾客 (n.),,,
sip,sɪp,,小口地喝，抿，呷 (v.)；小口喝， 一小口的量 (n.),,,
dutiful,'djuːtɪfl,,恭敬顺从的； 尽职的 (adj.),,,
contend,kən'tend,,争夺，竞争；搏斗，争斗 (vi.)；声称， 主张 (vt.),,,
conversion,kən'vɜːʃn,,转变， 变换； 改变信仰， 皈依 (n.),,,
brilliant,'brɪliənt,,光辉的； 卓越的 (adj.),,,
gamble,'gæmbl,,赌博，打赌；投机，冒险 (vi.)；赌，以…为赌注 (vt.)；赌博； 投机， 冒险 (n.),,,
bound,baund,,一定的；有义务的 (adj.)；跳跃；弹回，反跃；成为…的界限，给…划界 (v.)；跳跃； 界限， 限制 (n.),,,
specification,ˌspesɪfɪ'keɪʃn,,规格， 规范； 明确说明； 说明书 (n.),,,
deport,dɪ'pɔːt,,把…驱逐出境 (vt.),,,
counter,'kauntə,,柜台； 计数器； 筹码 (n.),,,
rhythm,'rɪðəm,,韵律， 节奏 (n.),,,
layman,'leɪmən,,门外汉， 外行 (n.),,,
conserve,kən'sɜːv,,保护， 保藏， 保存 (vt.),,,
stroke,strəuk,,中风；一举，一次努力；划桨，划水；击，敲；报时的钟声；笔画，一笔；抚摸 (n.)；抚摸 (vt.),,,
breed,briːd,,繁殖； 养育， 培育； 酿成， 产生 (v.)；品种 (n.),,,
tease,tiːz,,戏弄， 取笑； 挑逗， 撩拨 (vt.),,,
rash,ræʃ,,轻率的，鲁莽的 (adj.)；疹， 皮疹； 爆发的一连串 (n.),,,
fragrance,'freɪgrəns,,芳香， 香味； 香水 (n.),,,
management,'mænɪdʒmənt,,管理； 处理； 管理部门， 管理人员 (n.),,,
cylinder,'sɪlɪndə,,圆柱体， 圆筒； 气缸， 泵体 (n.),,,
fort,fɔːt,,堡垒， 城堡 (n.),,,
avoid,ə'vɔɪd,,避免， 躲开； 撤销 (vt.),,,
comprehensive,ˌkɒmprɪ'hensɪv,,广泛的； 综合的； 理解的 (adj.),,,
tunnel,'tʌnl,,挖， 开 (v.)；隧道，坑道，地道 (n.),,,
assign,ə'saɪn,,指派， 分配； 布置； 指定 (vt.),,,
withdraw,wɪð'drɔː,,收回， 撤回； 撤退 (v.),,,
straightforward,ˌstreɪt'fɔːwəd,,正直的， 坦率的； 易懂的， 简单的 (adj.),,,
elaborate,ɪ'læb(ə)rət,,复杂的； 精心制作的 (adj.)；详述， 详细制定 (v.),,,
expert,'ekspɜːt,,熟练的 (adj.)；专家 (n.),,,
decade,'dekeɪd,,十年， 十年期 (n.),,,
fulfill,ful'fɪl,,履行， 实现， 完成； 满足， 使满意 (vt.),,,
crowd,kraud,,聚集， 挤， 涌 (vi.)；群，一批 (n.)；挤；挤满 (vt.),,,
congress,'kɒŋgres,,代表大会； 国会， 议会 (n.),,,
mechanical,mə'kænɪkl,,机械的， 机械制造的， 机械学的， 力学的； 呆板的 (adj.),,,
divine,dɪ'vaɪn,,神的， 神授的， 天赐的； 极好的， 极美的 (adj.),,,
slaughter,'slɔːtə,,屠杀， 杀戮； 屠宰 (n&vt.),,,
foul,faul,,难闻的，发臭的；令人不愉快的，糟透了的；污浊的，肮脏的；下流的，辱骂性的；恶劣的，有暴风雨的；邪恶的，罪恶的 (adj.)；对…犯规；弄脏，弄污 (vt.)；犯规 (n.),,,
output,'autput,,产量；输出，输出功率 (n.)；输出 (vt.),,,
intricate,'ɪntrɪkət,,错综复杂的， 复杂精细的 (adj.),,,
fatigue,fə'tiːg,,疲劳 (v.)；疲劳，劳累 (n.),,,
agony,'ægəni,,痛苦， 苦恼 (n.),,,
contemplate,'kɒntempleɪt,,盘算， 计议； 思量， 对…周密考虑； 注视， 凝视 (vt.),,,
majority,mə'dʒɒrəti,,多数， 大多数 (n.),,,
drag,dræg,,拖，拉；迫使，硬拉；拖着脚步走 (v.)；累赘； 一吸， 一抽 (n.),,,
zinc,zɪŋk,,锌 (n.),,,
costume,'kɒstjuːm,,服装， 服饰； 戏装， 成套服装 (n.),,,
clamp,klæmp,,夹紧，夹住，固定 (vt.)；夹头， 夹具， 夹钳 (n.),,,
issue,'ɪʃuː,,发行； 分发， 发出 (v.)；问题；发行；分发 (n.),,,
maturity,mə'tʃuərəti,,成熟 (n.),,,
vain,veɪn,,徒劳的； 自负的 (adj.),,,
decree,dɪ'kriː,,法令，政令；判决，裁决 (n.)；判决， 命令 (vt.),,,
conservation,ˌkɒnsə'veɪʃn,,保存， 保护， 避免浪费； 守恒 (n.),,,
supplement,'sʌplɪm(ə)nt,,增补， 补充； 增刊， 副刊 (n.)；增补， 补充 (vt.),,,
contrast,'kɒntrɑːst,,形成对比， 对比之下显出区别 (vi.)；对比，对照；反差[kən'trɑːst] (n.)；对比，对照 (vt.),,,
verdict,'vɜːdɪkt,,裁定； 定论， 判断性意见 (n.),,,
stereo,'steriəu,,立体的；立体声的 (adj.)；立体声 (n.),,,
defy,dɪ'faɪ,,违抗， 蔑视； 使成为不可能； 惹， 激 (vt.),,,
doctrine,'dɒktrɪn,,教义， 教条； 主义 (n.),,,
paragraph,'pærəgrɑːf,,段， 节 (n.),,,
mediate,'miːdieɪt,,调解，斡旋 (vi.)；经调解解决； 经斡旋促成 (vt.),,,
pursuit,pə'sjuːt,,追求， 寻求； 追赶， 追逐； 事， 嗜好， 消遣 (n.),,,
prophet,'prɒfɪt,,先知； 预言者 (n.),,,
cycle,'saɪkl,,自行车、 摩托车； 循环 (n&v.),,,
amplify,'æmplɪfaɪ,,放大， 增强； 扩大； 详述， 进一步阐述 (vt.),,,
lure,luə,,吸引，引诱，诱惑 (vt.)；吸引力， 诱惑物； 诱饵， 鱼饵 (n.),,,
disposal,dɪ'spəuzəl,,丢掉， 销毁； 处理； 排列， 布置 (n.),,,
settlement,'setlmənt,,解决； 协议； 居留地， 小社区 (n.),,,
whirl,wɜːl,,旋转，急转；发晕，变混乱 (vi.)；旋转， 回旋； 混乱； 一连串的事 (n.),,,
recede,rɪ'siːd,,退， 退去， 渐渐远去； 向后倾斜， 缩进 (vi.),,,
literature,'lɪtərətʃə,,文学， 文学作品； 文献， 图书资料 (n.),,,
digest,daɪ'dʒest; dɪ-,,消化， 领会 (vt.)；文摘 (n.),,,
slump,slʌmp,,大幅度下降，暴跌；突然倒下 (vi.)；萧条期， 低潮 (n.),,,
prejudice,'predʒudɪs,,偏见，成见 (n.)；使有偏见； 对…不利， 损害 (vt.),,,
clearance,'klɪərəns,,净空， 余隙； 许可， 批准； 票据交换， 清算； 清除， 清理， 出空 (n.),,,
customary,'kʌstəməri,,习惯上的， 惯常的， 合乎习俗的 (adj.),,,
immigrant,'ɪmɪgrənt,,移民， 侨民 (n.),,,
guardian,'gɑːdiən,,监护人； 守卫者， 保护者 (n.),,,
veto,'viːtəu,,否决 (n&vt.),,,
thorn,θɔːn,,刺， 荆棘； 带刺小灌木 (n.),,,
disposition,ˌdɪspə'zɪʃn,,性情， 性格； 意向， 倾向； 排列， 部署 (n.),,,
corporate,'kɔːpərɪət,,法人团体的， 公司的； 全体的， 共同的 (adj.),,,
stabilize,'steɪbəlaɪz,,稳定， 稳固 (v.),,,
compensate,'kɒmpenseɪt,,补偿， 弥补； 抵消 (v.),,,
conscious,'kɒnʃəs,,意识到的， 自觉的； 神志清醒的； 有意的， 存心的 (adj.),,,
transaction,træn'zækʃn,,交易， 业务 (n.),,,
constant,'kɒnstənt,,经常的，不断的，连续发生的；永恒的；忠实的，忠诚的 (adj.)；常数， 恒量 (n.),,,
bribe,braɪb,,向…贿赂，买通 (vt.)；贿赂， 行贿物 (n.),,,
certify,'sɜːtɪfaɪ,,证明， 证实； 发证书给 (vt.),,,
intermittent,ˌɪntə'mɪtənt,,间歇的， 断断续续的 (adj.),,,
outrage,'autreɪdʒ,,义愤，愤慨；暴行，骇人听闻的事件 (n.)；激起…的义愤， 激怒 (vt.),,,
solitary,'sɒlətri,,单独的， 独自的； 单个的， 唯一的； 孤独的， 隐居的 (adj.),,,
diffuse,dɪ'fjuːz,,扩散， 弥漫； 传播， 散布 (v.)；冗长的， 漫无边际的； 四散的， 弥漫的 (adj.),,,
scramble,'skræmbl,,攀登，爬；争夺，抢夺 (vi.)；扰乱，搞乱 (vt.)；攀登， 爬行； 争夺， 抢夺 (n.),,,
orchestra,'ɔːkɪstrə,,管弦乐队 (n.),,,
immerse,ɪ'mɜːs,,使浸没； 使沉浸在， 使专心于 (vt.),,,
sufficient,sə'fɪʃnt,,足够的， 充分的 (adj.),,,
marshal,'mɑːʃl,,元帅，最高指挥官；总指挥，司仪；执法官，警察局长，消防队长 (n.)；整理， 排列， 集结 (vt.),,,
champagne,ʃæm'peɪn,,香槟酒 (n.),,,
claim,kleɪm,,声称，主张；对…提出要求，索取；使失踪或死亡；需要，值得 (vt.)；要求； 认领； 索赔； 声称， 断言 (n.),,,
widespread,'waɪdspred,,分布广泛的， 普遍的 (adj.),,,
antique,æn'tiːk,,古时的，古老的 (adj.)；古物， 古玩， 古董 (n.),,,
communication,kəˌmjuːnɪ'keɪʃn,,通讯， 交流， 交际； 通信工具， 交通联系 (n.),,,
chronic,'krɒnɪk,,慢性的， 久病的； 长久的， 不断的； 积习难改的 (adj.),,,
toxic,'tɒksɪk,,有毒的， 因中毒引起的 (adj.),,,
contest,'kɒntest,,竞赛， 争夺 (n.)；争夺， 与…竞争； 对…提出质疑， 辩驳 (vt.),,,
author,'ɔːθə,,著作家， 作者 (n.),,,
lever,'liːvə,,杠，杠杆；途径，手段，工具 (n.)；撬动， 撬起 (vt.),,,
preserve,prɪ'zɜːv,,保护， 维持； 保存， 保藏； 腌制 (vt.),,,
establish,ɪ'stæblɪʃ,,建立， 设立； 确立； 证实 (vt.),,,
expansion,ɪk'spænʃn,,扩大； 扩充； 扩张； 膨胀 (n.),,,
wrench,rentʃ,,猛拧，猛扭；挣脱；使扭伤 (vt.)；痛苦， 难受； 猛扭， 猛拉； 扳手 (n.),,,
relevant,'reləvənt,,有关的， 切题的 (adj.),,,
expand,ɪk'spænd,,扩大， 膨胀 (v.),,,
gaze,geɪz,,凝视， 盯， 注视 (n&vi.),,,
proclaim,prə'kleɪm,,宣告， 宣布， 声明； 显示 (vt.),,,
magistrate,'mædʒɪstreɪt,,地方行政官， 地方法官； 治安官 (n.),,,
retrieve,rɪ'triːv,,重新得到， 取回， 收回； 挽回， 补救； 检索 (vi.),,,
survey,'sɜːveɪ,,俯瞰， 眺望； 全面审视， 调查； 测量， 勘定 (v.)；[sə'veɪ] (n.),,,
jeopardize,'dʒepədaɪz,,危及， 危害 (vt.),,,
spy,spaɪ,,当间谍；暗中监视 (vi.)；间谍 (n.)；看见， 发现 (vt.),,,
displace,dɪs'pleɪs,,取代， 替代； 迫使…离开家园， 使离开原位 (vt.),,,
predominant,prɪ'dɒmɪnənt,,占主导地位的， 显著的 (adj.),,,
recipe,'resəpi,,烹饪法， 食谱； 方法， 秘诀， 诀窍 (n.),,,
ideology,ˌaɪdi'ɒlədʒi,,思想， 思想意识 (n.),,,
mental,'mentl,,心理的， 精神的， 思想上的； 精神病的； 智力的 (adj.),,,
decent,'diːsnt,,像样的， 过得去的， 体面的； 宽厚的， 大方的； 正派的； 合乎礼仪的， 得体的 (adj.),,,
seam,siːm,,缝， 接缝； 煤层 (n.),,,
investigate,ɪn'vestɪgeɪt,,调查， 研究 (v.),,,
racial,'reɪʃl,,种族的， 人种的 (adj.),,,
illusion,ɪ'luːʒn,,幻想， 错误的观念； 错觉， 幻觉， 假象 (n.),,,
considerable,kən'sɪdərəbl,,相当大的； 重要的 (adj.),,,
productivity,ˌprɒdʌk'tɪvəti,,生产力； 生产率 (n.),,,
proposition,ˌprɒpə'zɪʃn,,论点， 主张； 建议， 提案； 命题 (n.),,,
reserve,rɪ'zɜːv,,保留，留存；预订 (vt.)；储备； 保留； 拘谨， 矜持； 替补队员； 后备部队； 自然保护区 (n.),,,
savage,'sævɪdʒ,,残暴的，凶猛的，粗鲁的；未开化的，野蛮的 (adj.)；野蛮人，粗鲁的人 (n.)；乱咬； 激烈抨击 (vt.),,,
heap,hiːp,,堆， 大量 (n.),,,
sympathy,'sɪmpəθi,,同情； 一致； 支持， 赞同 (n.),,,
consumer,kən'sjuːmə,,消费者， 用户， 消耗者 (n.),,,
cripple,'krɪpl,,跛子，伤残人 (n.)；使跛， 使受伤致残； 严重削弱， 使陷入瘫痪 (vt.),,,
brief,briːf,,简短的，短暂的 (adj.)；向…介绍基本情况，做…的提要 (vt.)；概要， 摘要 (n.),,,
console,kən'səul,,安慰，慰问 (vt.)；控制台， 操纵台 (n.),,,
initiative,ɪ'nɪʃətɪv,,主动性， 首创精神； 主动的行动， 倡议； 主动权 (n.),,,
recover,ˌriː'kʌvə,,重新获得， 挽回； 恢复 (v.),,,
clockwise,'klɒkwaɪz,,顺时针方向地 (adv.),,,
embark,ɪm'bɑːk,,上船； 着手， 开始工作 (vi.),,,
medication,ˌmedɪ'keɪʃn,,药物治疗； 药物 (n.),,,
drill,drɪl,,钻， 打； 训练 (v.)；钻头；操练，训练 (n.),,,
friction,'frɪkʃn,,不和， 抵触； 摩擦 (n.),,,
confer,kən'fɜː,,商谈，商议 (vi.)；授予， 赋予 (vt.),,,
intelligent,ɪn'telɪdʒənt,,聪明的； 理智的 (adj.),,,
clerk,klɑːk,,店员； 办事员， 职员 (n.),,,
acknowledge,ək'nɒlɪdʒ,,承认， 承认…的权威； 告知收到， 确认； 对…表示谢意， 报偿 (vt.),,,
equip,ɪ'kwɪp,,装备， 配备； 使有准备 (vt.),,,
deferential,ˌdefə'renʃl,,恭敬的， 恭顺的 (adj.),,,
manuscript,'mænjuskrɪpt,,手稿， 原稿， 底稿； 手写本 (n.),,,
luxury,'lʌkʃəri,,奢侈； 奢侈品 (n.),,,
overthrow,ˌəuvə'θrəu,,推翻，打倒；使终止，摒弃 (vt.)；推翻， 终止， 结束 (n.),,,
knit,nɪt,,编结， 编织； 愈合 (vi.)；编结，编织；使紧密地结合，使紧凑；皱紧，皱 (vt.),,,
inflict,ɪn'flɪkt,,把…强加给； 使…遭受， 使…承担 (vt.),,,
worthwhile,ˌwɜːθ'waɪl,,值得花时间做的 (adj.),,,
inland,'ɪnlənd; -lænd,,在内地， 向内地 (adv.)；内陆的， 内地的 (adj.),,,
stumble,'stʌmbl,,绊脚， 绊倒； 跌跌撞撞地走； 结结巴巴 (vi.),,,
specialty,ˌspeʃəltɪ,,特产， 名产， 特色菜； 专业， 专长 (n.),,,
vary,'veəri,,变化， 有差异 (vi.)；改变，使多样化 (vt.),,,
readily,'redɪli,,乐意地， 欣然地； 容易地； 很快地， 立即 (adv.),,,
coherent,kəu'hɪərənt,,条理清楚的， 连贯的； 一致的， 协调的 (adj.),,,
intercourse,'ɪntəkɔːs,,性交； 交流， 交往， 交际 (n.),,,
convenience,kən'viːniəns,,方便； 便利设施 (n.),,,
decency,'diːsnsi,,得体；宽容，大方；正派，合乎礼仪，体面； (n.),,,
falsehood,'fɔːlshud,,谬误， 虚假； 谎言， 说谎 (n.),,,
discipline,'dɪsəplɪn,,纪律，训练；惩罚；学科 (n.)；训练； 惩罚， 处罚 (vt.),,,
ponder,'pɒndə,,思索， 考虑， 沉思 (v.),,,
objective,əb'dʒektɪv,,客观的， 无偏见的 (adj.)；目标，目的 (n.),,,
exert,ɪg'zɜːt,,用， 尽； 运用， 行使 (vt.),,,
scandal,'skændl,,丑事， 丑闻； 流言蜚语； 反感， 愤慨 (n.),,,
composite,'kɒmpəzɪt,,混合成的，综合成的 (adj.)；合成物； 复合材料 (n.),,,
hinder,'hɪndə,,阻碍， 妨碍 (vt.),,,
scent,sent,,香味，气味；臭迹；踪迹，线索；香水 (n.)；嗅到， 察觉 (vt.),,,
estimate,'estɪmeɪt,,估计； 评价 (vt.)；估计； 评价； 看法 (n.),,,
diploma,dɪ'pləumə,,毕业文凭， 毕业证书， 资格证书 (n.),,,
exhibit,ɪg'zɪbɪt,,显示；陈列，展览 (vt.)；展览品 (n.),,,
brand,brænd,,商标，牌子 (n.)；铭刻， 打烙印于； 加污名于， 谴责 (vt.),,,
suspension,sə'spenʃn,,暂停， 中止； 暂令停止参加， 暂时剥夺； 悬架， 悬置机构； 悬浮液； 悬， 挂， 吊 (n.),,,
alcohol,'ælkəhɒl,,酒精， 乙醇 (n.),,,
inevitable,ɪn'evɪtəbl,,不可避免的， 必然的 (adj.),,,
deny,dɪ'naɪ,,否定， 拒绝相信 (vt.),,,
trench,trentʃ,,沟， 沟渠 (n.),,,
subtract,səb'trækt,,减， 减去； 去掉 (vt.),,,
recreation,ˌrekri'eɪʃn,,娱乐活动， 消遣 (n.),,,
frustration,frʌ'streɪʃn,,挫败， 挫折， 受挫 (n.),,,
allowance,ə'lauəns,,津贴， 补贴； 零用钱 (n.),,,
hurricane,'hʌrɪkən,,飓风 (n.),,,
hike,haɪk,,徒步旅行 (vi.)；徒步旅行；增加，上升 (n.)；提高 (vt.),,,
ancient,'eɪnʃənt,,古代的， 古老的； 年老的， 看上去很老的 (adj.),,,
mission,'mɪʃn,,使命， 任务； 使团 (n.),,,
cognitive,'kɒgnətɪv,,认知的， 认识能力的 (adj.),,,
adopt,ə'dɒpt,,收养； 采用， 采取； 正式通过， 批准 (vt.),,,
expire,ɪk'spaɪə,,期满， 终止； 断气， 死亡 (vi.),,,
smuggle,'smʌgl,,走私， 非法私运； 偷运， 偷带 (vt.),,,
hustle,'hʌsl,,催促，赶紧做；猛推，挤，强迫 (v.)；忙碌， 奔忙； 挤 (n.),,,
oppose,ə'pəuz,,反对， 反抗 (vt.),,,
device,dɪ'vaɪs,,器械， 装置； 设计； 手段， 策略 (n.),,,
commentary,'kɒməntri,,实况报道， 解说词； 评论， 评论文章 (n.),,,
sue,suː,,控告， 起诉； 要求， 请求 (v.),,,
conservative,kən'sɜːvətɪv,,保守的，守旧的；不时兴的，传统的 (adj.)；保守的人 (n.),,,
belly,'beli,,肚子， 腹部 (n.),,,
access,'ækses,,接近；通道，入口；接近的机会 (n.)；存取 (vt.),,,
conference,'kɒnfərəns,,会议， 讨论会； 讨论， 商谈 (n.),,,
primitive,'prɪmətɪv,,原始的，早期的；简单的；粗糙的 (adj.)；原人； 原始事物 (n.),,,
knob,nɒb,,球形把手， 球形柄； 旋钮； 小块 (n.),,,
advisable,əd'vaɪzəbl,,可取的； 适当的 (adj.),,,
overcome,ˌəuvə'kʌm,,战胜， 克服； 压倒， 使受不了 (vt.),,,
cabin,'kæbɪn,,小屋； 船舱， 机舱 (n.),,,
recite,rɪ'saɪt,,背诵， 朗诵； 列举， 一一说出 (v.),,,
oppress,ə'pres,,压迫， 压制； 使沉重， 使烦恼 (vt.),,,
current,'kʌrənt,,当前的，通用的；流行的，流传的 (adj.)；潮流； 电流； 趋势， 倾向 (n.),,,
heel,hiːl,,脚后跟， 踵； 后跟 (n.),,,
gloom,gluːm,,昏暗， 阴暗； 忧郁， 沮丧 (n.),,,
adore,ə'dɔː,,崇拜， 敬慕； 爱慕， 热爱； 非常喜欢 (vt.),,,
persist,pə'sɪst,,坚持， 持续 (vi.),,,
caution,'kɔːʃn,,小心，谨慎；注意，警告 (n.)；警告， 劝…小心 (vt.),,,
offensive,ə'fensɪv,,冒犯的，无礼的，使人不快的；进攻的，攻击性的 (adj.)；进攻， 攻势 (n.),,,
texture,'tekstʃə,,质地； 结构 (n.),,,
closet,'klɒzɪt,,私下的；隐蔽的 (adj.)；橱，壁橱 (n.)；把…引进密室会谈 (vt.),,,
speculate,'spekjuleɪt,,推测， 推断； 投机， 做投机买卖 (v.),,,
dismantle,dɪs'mæntl,,拆开， 拆卸 (vt.),,,
monster,'mɒnstə,,大的， 庞大的 (adj.)；怪物；极其残酷的人；巨人，巨兽，巨大的东西 (n.),,,
bud,bʌd,,发芽， 萌芽 (vi.)；花蕾，叶芽 (n.),,,
confirm,kən'fɜːm,,证实， 肯定； 确认； 批准 (vt.),,,
bug,bʌg,,虫子；小病；故障，缺陷；窃听器 (n.)；烦扰， 纠缠； 在…装窃听器 (vt.),,,
prescient,'presiənt,,预知的， 预见的 (adj.),,,
acquaint,ə'kweɪnt,,使认识， 使了解； 使熟悉 (vt.),,,
elastic,ɪ'læstɪk,,有弹性的； 灵活的 (adj.)；松紧带 (n.),,,
consequent,'kɒnsɪkwənt,,作为结果的， 随之发生的 (adj.),,,
vast,vɑːst,,巨大的， 大量的； 浩瀚的 (adj.),,,
intervene,ˌɪntə'viːn,,干涉， 干预； 干扰， 阻挠 (vi.),,,
symbol,'sɪmbl,,象征； 符号， 标志 (n.),,,
ignite,ɪg'naɪt,,着火 (vi.)；点燃，引发 (vt.),,,
commercial,kə'mɜːʃl,,商业的， 商务的； 商品化的， 商业性的 (adj.),,,
revelation,ˌrevə'leɪʃn,,被提示的真相， 新发现； 揭示， 透露， 显示 (n.),,,
available,ə'veɪləbl,,现成可使用的， 通用的； 可取的； 联系的； 可得到的 (adj.),,,
innumerable,ɪ'njuːmərəbl,,无数的， 数不清的 (adj.),,,
advocate,'ædvəkeɪt；-ət,,拥护， 提倡， 主张 (vt.)；拥护者， 提倡者； 辩护者， 律师 (n.),,,
confine,kən'faɪn,,限制，使局限；使不外出，禁闭 (vt.),,,
quest,kwest,,寻找， 搜索； 追求 (n.),,,
frequency,'friːkwənsi,,屡次， 次数， 频率； 经常发生 (n.),,,
elicit,i'lɪsɪt,,诱出， 探出 (vt.),,,
relegate,'relɪgeɪt,,使降位， 使降级； 把…委托给 (vt.),,,
trivial,'trɪviəl,,琐碎的， 不重要的 (adj.),,,
burial,'beriəl,,葬， 掩埋； 葬礼 (n.),,,
luggage,'lʌgɪdʒ,,行李 (n.),,,
drawback,'drɔːbæk,,缺点， 欠缺； 不利条件 (n.),,,
longevity,lɒn'dʒevəti,,长寿， 寿命 (n.),,,
military,'mɪlətri,,军事的；军用的 (adj.)；军队， 武装力量 (n.),,,
dynamic,daɪ'næmɪk,,动力的， 动力学的； 动态的； 有活力的， 有生气的 (adj.),,,
wardrobe,'wɔːdrəub,,衣柜； 全部衣物 (n.),,,
reluctant,rɪ'lʌktənt,,不情愿的， 勉强的 (adj.),,,
conscientious,ˌkɒnʃi'enʃəs,,认真的， 勤勤恳恳的 (adj.),,,
passion,'pæʃn,,激情， 热情； 酷爱 (n.),,,
generate,'dʒenəreɪt,,发生， 引起； 生殖 (vt.),,,
extreme,ɪk'striːm,,极度的；最后的 (adj.)；极端， 过分 (n.),,,
tuck,tʌk,,把边塞到下面；把…夹入，把…藏入 (vt.)；褶， 裥 (n.),,,
authoritative,ɔː'θɒrətətɪv,,有权威性的， 可信的； 专断的， 命令式的 (adj.),,,
athlete,'æθliːt,,运动员， 体育家 (n.),,,
upright,'ʌpraɪt,,挺直着， 竖立着 (adv.)；垂直的；正直的，诚实的 (adj.),,,
extract,ɪk'strækt,,取出，抽出；采掘，提炼，榨取；获得，索取；摘录['3kstrækt] (vt.)；摘录， 选段； 提出物， 精， 汁 (n.),,,
obscure,əb'skjuə,,不著名的，不重要的；费解的，模糊不清的 (adj.)；使变糊， 掩盖 (vt.),,,
dismay,dɪs'meɪ,,失望，气馁；惊恐 (n.)；使失望， 使气馁； 使惊恐 (vt.),,,
expend,ɪk'spend,,花费， 消费； 消耗 (vt.),,,
forge,fɔːdʒ,,打制， 锻造； 伪造 (vt.),,,
demonstrate,'demənstreɪt,,说明， 论证； 表露 (vt.),,,
region,'riːdʒən,,地区， 地带， 区域； 范围， 幅度 (n.),,,
deceive,dɪ'siːv,,行骗 (vi.)；欺骗，蒙蔽 (vt.),,,
preview,'priːvjuː,,预映， 预演； 预告 (n.),,,
ingenious,ɪn'dʒiːniəs,,设计独特的， 别致的， 巧妙的； 灵巧的， 善于创造发明的 (adj.),,,
questionnaire,ˌkwestʃə'neə,,问卷， 征求意见表 (n.),,,
breakthrough,'breɪkθruː,,突破， 突破性进展， 重要的新发现 (n.),,,
snack,snæk,,快餐， 小吃， 点心 (n.),,,
yoke,jəuk,,牛轭；束缚，枷锁 (n.)；结合， 联结 (vt.),,,
destination,ˌdestɪ'neɪʃn,,目的地， 终点； 目标 (n.),,,
throne,θrəun,,御座， 宝座； 王位， 王权 (n.),,,
privacy,'praɪvəsi,,个人自由； 隐私， 私生活， 私事 (n.),,,
reciprocal,rɪ'sɪprəkl,,相互的； 互惠的 (adj.),,,
vertical,'vɜːtɪkl,,垂直的， 竖式的 (adj.),,,
inventory,'ɪnvəntri,,详细目录， 存货清单 (n.),,,
vivid,'vɪvɪd,,鲜艳的； 生动的， 栩栩如生的 (adj.),,,
flush,flʌʃ,,发红 (vi.)；齐平的， 同高的 (adj.),,,
heir,eə,,继承人 (n.),,,
screw,skruː,,螺丝 (n.)；用螺钉固定， 拧， 拧紧 (vt.),,,
kit,kɪt,,成套工具，成套用品；配套元件 (n.)；装备 (vt.),,,
virtue,'vɜːtjuː,,善， 美德； 优点， 长处 (n.),,,
emphasize,'emfəsaɪz,,强调， 着重 (vt.),,,
turnover,'tɜːnəuvə,,营业额， 成交量； 人员调整， 人员更替率 (n.),,,
mortal,'mɔːtl,,终有一死的；致命的；你死我活的，不共戴天的 (adj.)；凡人， 人类 (n.),,,
coverage,'kʌvərɪdʒ,,新闻报道； 覆盖范围 (n.),,,
figure,'fɪgə,,出现；合乎情理 (vi.)；数字；人物；算术；体型，风姿；轮廓；画像，塑像；图，图形 (n.)；计算； 认为， 猜想 (vt.),,,
brutal,'bruːtl,,野兽般的， 残忍的； 无情的， 冷酷的， 难以忍受的 (adj.),,,
slight,slaɪt,,轻微的，微小的 (adj.)；侮慢；轻视，冷落 (v.),,,
ore,ɔː,,矿， 矿石 (n.),,,
corrupt,kə'rʌpt,,堕落的，腐败的，贪赃舞弊的 (adj.)；腐蚀， 使堕落 (vt.),,,
preclude,prɪ'kluːd,,排除； 阻止， 妨碍 (vt.),,,
previous,'priːviəs,,先的， 前的， 以前的 (adj.),,,
regime,reɪ'ʒiːm,,政治制度， 政权 (n.),,,
transmit,trænz'mɪt,,传送， 传递； 传染； 播送， 发射 (vt.),,,
commemorate,kə'meməreɪt,,纪念， 庆祝 (vt.),,,
argue,'ɑːgjuː,,争论，争辩，辩论 (vi.)；主张； 说服 (vt.),,,
consumption,kən'sʌmpʃn,,消耗， 消费； 肺病 (n.),,,
premature,'premətʃə,,比预期时间早的； 不成熟的， 仓促的 (adj.),,,
superior,suː'pɪəriə,,上级的，较高的；优越的；有优越感的，高傲的 (adj.)；上级， 长官 (n.),,,
drought,draut,,干旱， 旱灾 (n.),,,
periodical,ˌpɪəri'ɒdɪkl,,周期的； 定期的； 时而发生的 (adj.)；期刊 (n.),,,
leaflet,'liːflət,,散发传单 (v.)；传单，散页印刷品，小册子 (n.),,,
accessory,ək'sesəri,,附件， 零件， 配件； 装饰品； 同谋， 帮凶， 包庇犯 (n.),,,
compromise,'kɒmprəmaɪz,,妥协； 危及； 放弃 (v.)；妥协，和解；折中办法 (n.),,,
retort,rɪ'tɔːt,,反驳， 回嘴 (n&v.),,,
electrify,ɪ'lektrɪfaɪ,,使充电， 使电气化； 使激动， 使兴奋 (vt.),,,
seminar,'semɪnɑː,,研究班， 研讨会 (n.),,,
fringe,frɪndʒ,,附加的 (adj.)；刘海；饰以流苏的边；边缘，外围 (n.)；成为…的边缘 (vt.),,,
competition,ˌkɒmpə'tɪʃn,,比赛； 竞争 (n.),,,
beyond,bɪ'jɒnd,,在更远处， 再往后 (adv.)；在…的那边，远于；迟于；越出 (prep.),,,
hazard,'hæzəd,,危险，公害 (n.)；尝试着做， 冒…风险 (vt.),,,
justify,'dʒʌstɪfaɪ,,证明…是正当的 (vt.),,,
dreadful,'dredfl,,糟透了的， 极不合意的； 极端的， 极其大的； 可怕的 (adj.),,,
voluntary,'vɒləntri,,自愿的， 志愿的 (adj.),,,
connection,kə'nekʃn,,连接； 联系； 连接物， 连接点； 亲戚 (n.),,,
proof,pruːf,,耐…的， 能防…的 (adj.)；证据，证明；校样，样张 (n.),,,
militant,'mɪlɪtənt,,激进的；好斗的 (adj.)；激进分子， 斗士 (n.),,,
simulate,'sɪmjuleɪt,,模仿， 模拟； 假装， 冒充 (vt.),,,
intricacy,'ɪntrɪkəsi,,错综复杂； (n.),,,
phase,feɪz,,阶段； 方面； 相， 相位 (n.),,,
dilute,daɪ'luːt,,稀释的， 冲淡的 (adj.)；稀释，冲淡 (vt.),,,
inclusive,ɪn'kluːsɪv,,包括一切的， 包括一切费用在内的； 所有数目包括在内的 (adj.),,,
efficiency,ɪ'fɪʃnsi,,效率； 功效， 效能 (n.),,,
ethnic,'eθnɪk,,种族的 (adj.),,,
spectacle,'spektəkl,,演出， 场面； 景象， 壮观； 眼镜 (n.),,,
overhead,əʊvə'hed,,在头顶上 (adv.)；在头顶上的；架空的 (adj.)；经常费用， 管理费用 (n.),,,
contract,'kɒntrækt,,缩小； 订合同； 感染， 染上 (v.)；契约， 合同 (n.),,,
conclude,kən'kluːd,,结束， 终了 (vi.)；推断出，推论出；缔结，议定 (vt.),,,
profitable,'prɒfɪtəbl,,有利可图的， 有益的 (adj.),,,
misfortune,ˌmɪs'fɔːtʃʊːn,,不幸， 厄运， 逆境； 不幸事故， 灾难， 灾祸 (n.),,,
comprehension,ˌkɒmprɪ'henʃn,,理解， 理解力， 领悟； 理解力测验 (n.),,,
susceptible,sə'septəbl,,易受影响的； 过敏的； 能经受的， 容许的 (adj.),,,
leather,'leðə,,皮革； 皮革制品 (n.),,,
insight,'ɪnsaɪt,,洞察力； 洞悉， 深刻的见解 (n.),,,
intact,ɪn'tækt,,完整无缺的； 未经触动的； 未受损伤的 (adj.),,,
instrumental,ˌɪnstrə'mentl,,起作用的， 有帮助的； 用乐器演奏的 (adj.),,,
fabric,'fæbrɪk,,织物， 纺织品； 结构 (n.),,,
revolutionary,ˌrevə'luːʃənəri,,革命的；革新的 (adj.)；革命者 (n.),,,
unemployment,ˌʌnɪm'plɔɪmənt,,失业， 失业人数 (n.),,,
juvenile,'dʒuːvənaɪl,,少年的，少年特有的；幼稚的，不成熟的 (adj.)；未成年人， 少年 (n.),,,
force,fɔːs,,强迫；用力推动，用力打开 (vt.)；军队， 兵力； 暴力， 武力； 力， 力气； 影响力， 效力 (n.),,,
sympathetic,ˌsɪmpə'θetɪk,,同情的； 和谐的； 赞同的， 支持的； 合意的 (adj.),,,
periodic,ˌpɪəri'ɒdɪk,,周期的， 定期的， 时而发生的 (adj.),,,
distribution,ˌdɪstrɪ'bjuːʃn,,分发， 分配， 分布 (n.),,,
derive,dɪ'raɪv,,起源， 衍生 (vi.)；取得，得到；追溯…的起源或来由 (vt.),,,
capacity,kə'pæsəti,,容量； 能力； 能量； 才能； 身份， 地位 (n.),,,
cope,kəup,,应付， 处理 (vi.),,,
overhear,ˌəuvə'hɪə,,无意中听到， 偷听到 (vt.),,,
dart,dɑːt,,猛冲，飞奔 (vi.)；投射 (vt.)；飞镖， 飞镖游戏； 急驰， 飞奔 (n.),,,
flaw,flɔː,,缺点， 瑕疵， 缺陷 (n.),,,
saturate,'sætʃəreɪt,,使湿透， 浸透； 使充满， 使饱和 (vt.),,,
feature,'fiːtʃə,,特征，特色；面貌；特写，专题节目；故事片 (n.)；突出； 由…主演 (vt.),,,
flat,flæt,,平直地； 直截了当地 (adv.)；平的；固定的；漏气的；单调的，沉闷的；浅的 (adj.)；一套房间，单元住宅 (n.),,,
assert,ə'sɜːt,,肯定地说， 断言； 维护， 坚持； 坚持己见 (vt.),,,
climax,'klaɪmæks,,高潮， 最令人兴奋的部分 (n.),,,
recall,rɪ'kɔːl,,回忆； 召回， 叫回； 收回， 撤销 (vt.),,,
rectangular,rek'tæŋgjələ,,长方形的， 矩形的 (adj.),,,
flap,flæp,,飘动， 拍动； 振翅 (vi.)；片状垂悬物；飘动，摆动，振动；激动，慌忙状态 (n.)；使拍动，使飘动 (vt.),,,
precise,prɪ'saɪs,,精确的， 准确的； 严谨的 (adj.),,,
sensible,'sensəbl,,明智的， 合情理的 (adj.),,,
objection,əb'dʒekʃn,,反对， 异议； 反对的理由 (n.),,,
precious,'preʃəs,,珍贵的， 宝贵的 (adj.),,,
contrive,kən'traɪv,,谋划， 策划； 设法做到； 设计， 想出 (vt.),,,
inhabitant,ɪn'hæbɪtənt,,居民， 住户 (n.),,,
fraction,'frækʃn,,小部分， 片断； 【数】 分数 (n.),,,
token,'təukən,,象征性的， 装样子的 (adj.)；筹码；信物，标志，纪念品；代金券，礼券 (n.),,,
emotion,ɪ'məuʃn,,情感， 感情； 激动 (n.),,,
massive,'mæsɪv,,大的， 大而重的； 大块的； 大量的， 大规模的 (adj.),,,
assess,ə'ses,,对估价； 评价， 评论 (vt.),,,
mingle,'mɪŋgl,,混合起来， 相混合； 相交往， 相往来 (vi.)；使混合，使相混 (vt.),,,
prescription,prɪ'skrɪpʃn,,处方， 药方， 药； 开处方， 开药方 (n.),,,
spectator,spek'teɪtə,,观众， 旁观者 (n.),,,
edible,'edəbl,,可以吃的， 可食用的 (adj.),,,
prone,prəun,,易于…的， 很有可能…的； 俯卧的 (adj.),,,
chorus,'kɔːrəs,,合唱队；合唱，合唱曲；副歌，叠句；齐声，齐声说的话 (n.)；齐声说， 随声附和 (vt.),,,
owe,əu,,欠； 应把…归功于； 感激， 感恩 (vt.),,,
asset,'æset,,资产， 财产； 有价值的特性或技能， 优点 (n.),,,
exposition,ˌekspə'zɪʃn,,阐述， 讲解； 展览会， 博览会 (n.),,,
minimum,'mɪnɪməm,,最低的， 最小的 (adj.)；最低限度，最小量 (n.),,,
apology,ə'pɒlədʒi,,道歉， 认错， 谢罪 (n.),,,
reveal,rɪ'viːl,,揭露， 泄露； 展现， 显示 (vt.),,,
adequate,'ædɪkwət,,足够的； 可以胜任的 (adj.),,,
owl,aul,,猫头鹰 (n.),,,
cork,kɔːk,,软木，软木塞 (n.)；用瓶塞塞住 (vt.),,,
tremendous,trə'mendəs,,极大的， 非常的； 精彩的， 了不起的 (adj.),,,
norm,nɔːm,,标准， 规范； 准则 (n.),,,
condense,kən'dens,,使冷凝， 使凝结； 浓缩， 压缩， 简缩 (vt.),,,
impetus,'ɪmpɪtəs,,推动， 促进， 刺激； 推动力 (n.),,,
indignation,ˌɪndɪg'neɪʃn,,愤怒， 愤慨， 义愤 (n.),,,
barrier,'bæriə,,栅栏； 检票口； 屏障； 障碍， 隔阂 (n.),,,
realistic,ˌrɪːə'lɪstɪk,,现实的； 实际可行的； 现实主义的， 逼真的 (adj.),,,
divert,daɪ'vɜːt,,使转向， 使改道； 转移， 转移…的注意力； 使娱乐， 使消遣 (vt.),,,
conspicuous,kən'spɪkjuəs,,显眼的， 明显的 (adj.),,,
verse,vɜːs,,诗， 诗句 (n.),,,
criminal,'krɪmɪnl,,犯罪的， 刑事的 (adj.)；犯人，罪犯，刑事犯 (n.),,,
furious,'fjuəriəs,,狂怒的， 暴怒的； 强烈的， 激烈的 (adj.),,,
obesity,əu'biːsəti,,过度肥胖 (n.),,,
tan,tæn,,晒成棕褐色 (vi.)；使晒成棕褐色；硝制 (vt.)；棕褐色， 棕黄色； 晒成棕褐色， 晒黑 (n.),,,
individual,ˌɪndɪ'vɪdʒuəl,,个别的；独特的 (adj.)；个人， 个体 (n.),,,
briefcase,'briːfkeɪs,,公文包， 公事包 (n.),,,
nuisance,'njuːsns,,讨厌的人； 麻烦事 (n.),,,
brace,breɪs,,做好准备；振作精神 (vi.)；使防备，使受锻炼；支住，撑牢，使绷紧 (vt.)；支架， 托架 (n.),,,
constrain,kən'streɪn,,限制， 约束； 克制， 抑制 (vt.),,,
brisk,brɪsk,,轻快的， 生气勃勃的； 兴隆的， 繁忙活跃的； 寒冷而清新的 (adj.),,,
prestige,pre'stiːʒ,,威信， 威望 (n.),,,
insulation,ˌɪnsju'leɪʃn,,绝缘 (n.),,,
cord,kɔːd,,细绳， 粗线， 索； 灯芯绒裤 (n.),,,
startle,'stɑːtl,,使惊吓， 使吃惊 (vt.),,,
interim,'ɪntərɪm,,暂时的，临时的 (adj.)；间歇， 过渡期间 (n.),,,
fraud,frɔːd,,欺诈， 诈骗； 骗子 (n.),,,
testimony,'testɪməni,,证词； 见证， 证明 (n.),,,
council,'kaunsl,,理事会， 委员会 (n.),,,
reaffirm,ˌriːə'fɜːm,,重申； 再确认 (vt.),,,
enforce,ɪn'fɔːs,,实施， 执行； 强制， 强迫， 迫使 (vt.),,,
glitter,'glɪtə,,闪闪发光，闪耀 (vi.)；闪光， 灿烂的光辉； 耀眼， 辉煌 (n.),,,
destined,'destɪnd,,命中注定的， 预定的； 以…为目的地的 (adj.),,,
repression,rɪ'preʃn,,压抑， 压制， 镇压 (n.),,,
fragile,'frædʒaɪl,,易碎的， 脆的， 易损坏的； 虚弱的， 脆弱的 (adj.),,,
penalty,'penəlti,,处罚， 惩罚； 罚金 (n.),,,
sociology,ˌsəusi'ɒlədʒi,,社会学 (n.),,,
exile,'eksaɪl,,流放，流亡；被流放者，流亡国外者 (n.)；流放， 放逐， 使流亡 (vt.),,,
scale,skeɪl,,大小，规模；等级，级别；天平，磅秤；比例；刻度，标度；鳞 (n.)；攀登， 爬越 (vt.),,,
gigantic,dʒaɪ'gæntɪk,,巨大的， 庞大的 (adj.),,,
distinct,dɪ'stɪŋkt,,与其他不同的； 清楚的， 明确的 (adj.),,,
vegetation,ˌvedʒə'teɪʃn,,植物， 草木 (n.),,,
recovery,rɪ'kʌvəri,,恢复， 痊愈； 追回， 寻回， 收复 (n.),,,
geology,dʒi'ɒlədʒi,,地质学； 地质情况 (n.),,,
hoist,hɔɪst,,举起，升起，吊起 (vt.)；起重器械； 举起， 升起， 吊起 (n.),,,
aware,ə'weə,,知道的， 意识到的 (adj.),,,
quart,kwɔːt,,夸脱 (n.),,,
numerical,njuː'merɪkl,,数字的； 用数字表示的； 数值的 (adj.),,,
limp,lɪmp,,一瘸一拐地走，蹒跚 (vi.)；软弱的，无生气的，无精神的；软的，松沓的 (adj.)；跛行 (n.),,,
security,sɪ'kjuərəti,,安全， 保障； 抵押品； 证券 (n.),,,
award,ə'wɔːd,,奖，奖品；判定 (n.)；授予， 给予； 判给， 裁定 (vt.),,,
buck,bʌk,,猛然弓背跃起 (vi.)；美元，澳元；雄鹿，雄兔 (n.),,,
eligible,'elɪdʒəbl,,有条件被选中的； 合适的， 合意的 (adj.),,,
alarm,ə'lɑːm,,惊恐，忧虑，警报 (n.)；使惊恐， 使担心 (vt.),,,
feeble,'fiːbl,,虚弱的， 衰弱的， 无力的； 无效的， 无益的 (adj.),,,
appraisal,ə'preɪzl,,估计， 估量； 评价 (n.),,,
continual,kən'tɪnjuəl,,连续的； 频频的 (adj.),,,
herb,hɜːb,,药草， 香草； 草本植物 (n.),,,
prose,prəuz,,散文 (n.),,,
limb,lɪm,,肢， 臂， 腿； 树枝 (n.),,,
orientation,ˌɔːriən'teɪʃn,,方向， 目标， 方位； 熟悉情况， 适应， 情况介绍 (n.),,,
refreshment,rɪ'freʃmənt,,茶点， 点心； 恢复， 精神爽快 (n.),,,
confidence,'kɒnfɪdəns,,信任， 信赖； 信心， 自信 (n.),,,
arbitrary,'ɑːbɪtrəri,,随心所欲的； 专断的 (adj.),,,
intent,ɪn'tent,,专心的， 专注的； 急切的 (adj.)；意图，意向，目的 (n.),,,
passive,'pæsɪv,,被动的， 消极的 (adj.),,,
fertilizer,'fɜːtəlaɪzə,,肥料 (n.),,,
corresponding,ˌkɒrə'spɒndɪŋ,,相应的， 符合的 (adj.),,,
oath,əuθ,,誓言， 誓约； 咒骂， 诅咒语 (n.),,,
response,rɪ'spɒns,,回答， 答复； 反应， 响应 (n.),,,
treaty,'triːti,,条约， 协议， 协定 (n.),,,
dignity,'dɪgnəti,,庄严， 端庄； 尊严， 高贵 (n.),,,
challenge,'tʃælɪndʒ,,挑战，邀请比赛；艰巨的任务；怀疑，质问 (n.)；反对， 公然反抗； 向…挑战； 对…质疑 (vt.),,,
rival,'raɪvl,,竞争的，对抗的 (adj.)；竞争对手，敌手；可与匹敌的人 (n.)；与…竞争； 与…匹敌， 比得上 (vt.),,,
