word,phonetic,pos,meaning,example,example_trans,image_url
embrace,ɪmˈbreɪs,v.,v. 拥抱，抱；欣然接受，乐于接受；包含，包括；n. 拥抱,,,
embed,ɪmˈbed,v.,v. 嵌入，埋入；使深深印入（记忆、头脑等）；使（某人）成为（组织的）一部分,,,
embody,ɪmˈbɒdi,v.,v. 体现，使具体化；包含，包括；使personified,,,
embryo,ˈembriəʊ,n.,n. 胚胎，胚芽；事物的萌芽阶段,,,
elicit,ɪˈlɪsɪt,v.,v. 引出，探出，诱出（回答、反应等）,,,
elite,ɪˈliːt,n.,n. 精英，精华，上层人物；adj. 精英的，优秀的，卓越的,,,
elsewhere,ˌels'weə,adv.,adv. 在别处，到别处,,,
thirst,θɜːst,n.,n. 口渴，渴；渴望，热望；v. 渴望，热望,,,
thorough,ˈθʌrə,adj.,adj. 彻底的，完全的；细致的，周密的,,,
though,ðəʊ,conj.,conj. 尽管，虽然；adv. 然而，不过,,,
thought,θɔːt,n.,n. 想法，思想；思考，思维；关心，考虑；意图，打算；v. think的过去式和过去分词,,,
thoughtful,ˈθɔːtfl,adj.,adj. 体贴的，关心他人的；深思熟虑的，考虑周到的；沉思的，陷入沉思的；若有所思的,,,
threat,θret,n.,n. 威胁，恐吓；威胁，危险,,,
threaten,ˈθretn,v.,v. 威胁，恐吓；预示（危险或不幸）；有...的危险，可能发生,,,
update,ʌpˈdeɪt,v.,v. 更新，使现代化；更新（信息、知识等），使最新；n. 更新，最新消息；更新版，升级版,,,
upgrade,ˈʌpɡreɪd,v.,v. 提升，升级；改善，提高质量；n. 升级，提升；（设备、系统等的）升级版,,,
uphold,ʌpˈhəʊld,v.,v. 支持，维护；举起，抬起；维持，确认（判决等）,,,
upset,ʌpˈset,v.,v. 使心烦意乱，使不安；打乱，扰乱；使翻倒，打翻；adj. 心烦意乱的，不安的；n. 混乱，不安,,,
up-to-date,ˌʌp tə ˈdeɪt,adj.,adj. 最新的，最近的，现代的；最新的，最近的，跟上时代的，与时俱进的,,,
ventilate,ˈventɪleɪt,v.,v. 通风，使空气流通；公开讨论，表达（想法、感受等）,,,
venture,ˈventʃə(r),n.,n. 冒险；风险；企业；商业冒险；v. 冒险；大胆行事；敢于；冒险说,,,
widespread,ˈwaɪdspred,adj.,adj. 广泛的，普遍的；分布广的，广泛存在的,,,
win,wɪn,v.,v. 赢，获胜；赢得，获得；n. 胜利，成功,,,
wit,wɪt,n.,n. 机智，聪明；幽默感；智力，才智；机智的人,,,
withdraw,wɪðˈdrɔː,v.,v. 撤回，收回；取钱，提款；退出，离开；撤退,,,
witness,ˈwɪtnəs,n.,n. 目击者，证人；见证人，连署人；证据，证明；v. 目击，看到；证明，为...作证,,,
inaugurate,ɪˈnɔːɡjəreɪt,v.,v. 开始，开创；为...举行就职典礼，使就职；为...举行落成典礼，为...举行开幕式,,,
incentive,ɪnˈsentɪv,n.,n. 激励；刺激；动机,,,
incidence,ˈɪnsɪdəns,n.,n. 发生率，发病率；影响范围；入射角,,,
incident,ˈɪnsɪdənt,n.,n. 事件，事故；插曲，插话；军事冲突,,,
incidentally,ˌɪnsɪˈdentəli,adv.,adv. 顺便说一句，附带地,,,
incline,ɪnˈklaɪn,v.,v. 倾向于，易于；使倾斜，使倾向；n. 斜坡，倾斜；倾向，意向,,,
academic,ˌækəˈdemɪk,adj.,adj. 学术的，教学的；理论的，学院派的；n. 大学教师，学者,,,
academy,əˈkædəmi,n.,n. 学院，研究院；专科学校；学会，协会,,,
accelerate,əkˈseləreɪt,v.,v. 加速，加快；促进，加速(过程、变化等),,,
accept,əkˈsept,v.,v. 接受，同意；承认，认可；容忍，忍受,,,
acceptance,əkˈseptəns,n.,n. 接受，接纳；承认，认可；同意，赞同；接受（邀请、提议等）；（票据等的）承兑,,,
access,ˈækses,n.,n. 通道，入口；使用权，接近的机会；接近；获取；使用；v. 接近；进入；使用；访问（计算机文件）,,,
accessory,əkˈses.ər.i,n.,n. 配件，附件；装饰品；从犯，同谋；adj. 附属的，辅助的,,,
begin,bɪˈɡɪn,v.,v. 开始，开端；着手，开始从事；开始存在；起源于,,,
beginning,bɪˈɡɪnɪŋ,n.,n. 开始，开端；起源，开端；adj. 初级的，初始的,,,
behalf,bɪˈhɑːf,n.,n. 利益，好处；代表，名义,,,
behave,bɪˈheɪv,v.,v. 表现，举止；运转，运行（指机器等）,,,
behavior,bɪˈheɪvjə(r),n.,n. 行为，举止；表现，举止；(动物的)习性；(事物的)特性，性能；(群体的)行为方式,,,
behaviour,bɪˈheɪvjə(r),n.,n. 行为，举止；态度，表现,,,
belief,bɪˈliːf,n.,n. 信念，信仰；观点，看法；信念体系,,,
believe,bɪˈliːv,v.,v. 相信，认为是真的；认为，以为；信任，相信；相信（宗教等）,,,
belong,bɪˈlɒŋ,v.,v. 属于；应归入；适合；应该在某处；归属；是…的成员；与…有关系,,,
beneficial,ˌbenɪˈfɪʃl,adj.,adj. 有益的，有利的,,,
benefit,ˈbenɪfɪt,n.,n. 好处，益处，优势；救济金，保险金，津贴；v. 有益于，使受益,,,
benevolent,bɪˈnevələnt,adj.,adj. 仁慈的，善良的，乐善好施的,,,
benign,bɪˈnaɪn,adj.,adj. 良性的，无害的；和蔼的，温和的；良性的，无害的；和蔼的，温和的；有利的，有益的,,,
challenge,ˈtʃælɪndʒ,n.,n. 挑战，难题；质疑，异议；v. 向...挑战，质疑；考验，刺激,,,
chance,tʃɑːns,n.,n. 机会，可能性；运气，偶然；v. 冒险，碰运气,,,
change,tʃeɪndʒ,n.,n. 变化，改变；零钱；替换物；v. 改变，使变化；更换，交换；换乘（交通工具）,,,
channel,ˈtʃænl,n.,n. 海峡，水道；电视频道；途径，渠道；通道，管道；频道，波段；v. 引导，传送；集中（思想、精力等）,,,
character,ˈkærəktə(r),n.,n. 人物，角色；特点，特征；品质，品格；文字，字符；（小说、戏剧中的）人物；性格，个性；名誉，声望,,,
characterise,ˈkærəktəraɪz,v.,v. 描述...的特征；刻画；表征,,,
characterize,ˈkærəktəraɪz,v.,v. 描述，刻画；成为...的特征，是...的典型,,,
characteristic,ˌkærəktəˈrɪstɪk,adj.,adj. 典型的，特有的；n. 特征，特点,,,
defend,dɪˈfend,v.,v. 保护，防卫；为...辩护，为...辩解；防守（在体育运动中）,,,
define,dɪˈfaɪn,v.,v. 下定义，解释；规定，确定；使明确，阐明；描述，刻画,,,
definite,ˈdefɪnət,adj.,adj. 明确的，清楚的；肯定的，确定的；有限的，限定的；精确的，确切的,,,
definition,ˌdefɪˈnɪʃn,n.,n. 定义，释义；清晰度，明确性；界限，边界,,,
defy,dɪˈfaɪ,v.,v. 公然反抗，违抗；蔑视，藐视；使不可能，使难以做到；经受住，顶住,,,
degree,dɪˈɡriː,n.,n. 程度，度数；学位；等级，级别；角度；度（温度、经纬度等单位）,,,
delay,dɪˈleɪ,n.,n. 延迟，耽搁；延期，拖延；v. 延迟，推迟；使延期，使延迟,,,
deliberate,dɪˈlɪbərət,adj.,adj. 故意的，蓄意的；深思熟虑的，慎重的；v. 仔细考虑，深思；商议，讨论,,,
delicate,ˈdelɪkət,adj.,adj. 易碎的，脆弱的；精致的，精巧的；微妙的，棘手的；娇嫩的，纤弱的；敏感的，易受影响的,,,
deliver,dɪˈlɪvə(r),v.,v. 递送，传送；发表（演讲），宣布（判决）；实现，履行（诺言等）；接生，助产,,,
delivery,dɪˈlɪvəri,n.,n. 递送，投递；分娩，生产；演讲方式，表达方式；交付，传送；发表，表达,,,
fiction,ˈfɪkʃn,n.,n. 小说，虚构的故事；虚构，杜撰；想象,,,
field,fiːld,n.,n. 田地，场地；领域，范围；运动场；(作战)战场；专业，学科；磁场，电场；视野，视场；v. 接球，处理；应对，处理（问题等）,,,
fierce,fɪəs,adj.,adj. 凶猛的，猛烈的；激烈的，强烈的；热情的，强烈的；非常好的，出色的,,,
fight,faɪt,v.,v. 打架，争斗；战斗，作战；抗争，反抗；竞争，争夺；克服，战胜（困难等）；n. 打架，斗殴；战斗，战争；争论，争吵；比赛，竞赛,,,
figure,ˈfɪɡə(r),n.,n. 数字；人物；身材；图形；数据；数值；人物；角色；体型；身材；v. 认为；计算；推断；出现,,,
finance,faɪˈnæns,n.,n. 财政，金融；资金，财务；v. 为...提供资金，筹措资金,,,
financial,faɪˈnænʃl,adj.,adj. 财政的，金融的；财务的，财经的,,,
finding,ˈfaɪndɪŋ,n.,n. 发现，发现物；调查结果，研究结论；裁决，判决,,,
finite,ˈfaɪnaɪt,adj.,adj. 有限的，有限制的；有穷的，可数的,,,
firm,fɜːm,adj.,adj. 坚固的，结实的；坚定的，坚决的；稳固的，稳定的；坚决的，严格的；n. 公司，商行；adv. 稳固地，坚定地；v. 使坚固，使稳固,,,
first,fɜːst,adj.,adj. 第一的，最初的；首要的，最重要的；adv. 首先，第一；n. 第一，开始；第一名，第一流的人或物,,,
fit,fɪt,v.,v. 适合，合身；安装，装配；使适合，使适应；adj. 健康的，健全的；适合的，恰当的,,,
global,ˈɡləʊbl,adj.,adj. 全球的，全世界的；全面的，总体的；整体的，全局的,,,
globe,ɡləʊb,n.,n. 地球；地球仪；球体；球状物,,,
radiate,ˈreɪdieɪt,v.,v. 辐射，发出（光、热等）；流露，散发（感情、气质等）；从中心向四周伸展或散开,,,
radiant,ˈreɪdiənt,adj.,adj. 发光的，光芒四射的；容光焕发的，喜气洋洋的；辐射的，放射的,,,
radical,ˈrædɪkl,adj.,adj. 根本的，基本的；彻底的，完全的；激进的，极端的；n. 激进分子；根号；词根,,,
object,ˈɒbdʒɪkt,n.,n. 物体，实物；目标，对象；目的，宗旨；对象，客体；反对的理由；v. 反对，不赞成,,,
objective,əbˈdʒektɪv,adj.,adj. 客观的，如实的；客观存在的，实际的；n. 目标，目的；（望远镜、显微镜等的）物镜,,,
objection,əbˈdʒekʃn,n.,n. 反对，异议；反对的理由，异议的缘由；（法律）异议，反对,,,
obligation,ˌɒblɪˈɡeɪʃn,n.,n. 义务，责任；债务，欠款；恩义，人情,,,
oblige,əˈblaɪdʒ,v.,v. 迫使，强制；使感激，施恩于；帮助，效劳,,,
obscure,əbˈskjʊə(r),adj.,adj. 不清楚的，模糊的；鲜为人知的，默默无闻的；难以理解的，晦涩的；v. 使模糊，使难以理解；遮掩，掩盖,,,
observation,ɒbzəˈveɪʃn,n.,n. 观察，观测；观察结果，观察所得；言论，评论；遵守，奉行,,,
observe,əbˈzɜːv,v.,v. 观察，注意到；遵守，奉行；评论，说,,,
obsession,əbˈseʃn,n.,n. 痴迷，着魔；挥之不去的想法，强迫观念,,,
obsolete,ˈɒbsəliːt,adj.,adj. 过时的，废弃的，淘汰的；v. 使过时，使废弃,,,
obtain,əbˈteɪn,v.,v. 获得，得到；存在，流行,,,
obvious,ˈɒbviəs,adj.,adj. 明显的，显而易见的；显而易见的，昭然若揭的；不加掩饰的，公然的,,,
ideal,aɪˈdɪəl,adj.,adj. 理想的，完美的；想象的，空想的；n. 理想，完美的典范,,,
ideology,ˌaɪdɪˈɒlədʒi,n.,n. 意识形态，思想体系；观念学，思想体系；意识形态学,,,
identical,aɪˈden.tɪ.kəl,adj.,adj. 完全相同的，一模一样的,,,
identification,aɪˌdentɪfɪˈkeɪʃn,n.,n. 识别，鉴定；身份证明；认同，共鸣；等同,,,
identify,aɪˈdentɪfaɪ,v.,v. 认出，识别；确认，鉴定；找出，发现；把...等同于，认为...等同于；认同，感同身受,,,
identity,aɪˈden.tə.ti,n.,n. 身份，特性；同一性，一致；身份认同；个性，个人特征,,,
journal,ˈdʒɜːnl,n.,n. 日记，日志；期刊，杂志；分类账；v. 记日记，写日志,,,
journalist,ˈdʒɜːnəlɪst,n.,n. 新闻记者，新闻工作者,,,
journey,ˈdʒɜːni,n.,n. 旅行，旅程；历程，过程；v. 旅行，长途跋涉,,,
judge,dʒʌdʒ,n.,n. 法官；裁判员；评判员；鉴定人；v. 判断；评判；审判；判决,,,
judgment,ˈdʒʌdʒmənt,n.,n. 判断，判断力；意见，看法；判决，裁决；审判；判断力；识别力；鉴赏力；见解,,,
judgement,ˈdʒʌdʒmənt,n.,n. 判断，判断力；意见，看法；判决，裁决,,,
judicial,dʒuːˈdɪʃl,adj.,adj. 司法的，法律的；审判的，判决的；公正的，明智的,,,
jury,ˈdʒʊəri,n.,n. 陪审团；评审团,,,
jurisdiction,ˌdʒʊərɪsˈdɪkʃən,n.,n. 管辖权，司法权；管辖范围，司法管辖区；权限，权力,,,
justice,ˈdʒʌstɪs,n.,n. 公正，正义；司法，法律制度；法官，司法官,,,
justify,ˈdʒʌstɪfaɪ,v.,v. 证明...是正当的，为...辩护；证明...是正确的，证实；调整版面使...左右对齐,,,
label,ˈleɪbl,n.,n. 标签，标记；（商品的）商标，标识；（公司的）品牌；v. 贴标签于，标记；把…称为，把…归类为,,,
lag,læɡ,v.,v. 落后，滞后；延迟，拖延；n. 滞后，延迟,,,
largely,ˈlɑːdʒli,adv.,adv. 大部分地，主要地；很大程度上，基本上,,,
lateral,ˈlætərəl,adj.,adj. 侧面的，横向的；旁边的，侧面的；n. 侧枝，侧根,,,
latter,ˈlætə(r),adj.,adj. 后者的，后面的；n. 后者,,,
law,lɔː,n.,n. 法律，法规；规律，定律；法学，法律学,,,
lawsuit,ˈlɔːsuːt,n.,n. 诉讼，法律诉讼,,,
magnitude,ˈmæɡnɪtjuːd,n.,n. 大小，规模；重要性，重大；量级；星等（天文学）,,,
magnify,ˈmæɡnɪfaɪ,v.,v. 放大，扩大；夸大，夸张；使加强，使增强,,,
magnificent,mæɡˈnɪfɪsnt,adj.,adj. 壮丽的，宏伟的；令人印象深刻的；极好的，极出色的；华丽的，豪华的,,,
maintain,meɪnˈteɪn,v.,v. 保持，维持；维修，保养；坚持（观点等）；抚养，赡养；维护，保卫,,,
maintenance,ˈmeɪntənəns,n.,n. 维护，保养；维持，保持；生活费用，赡养费,,,
major,ˈmeɪdʒə(r),adj.,adj. 主要的，重要的；较大的，主要的；n. 主修科目，专业；少校；v. 主修，专攻,,,
majority,məˈdʒɒrəti,n.,n. 大多数，多数；多数票，大部分；成年，法定年龄,,,
make,meɪk,v.,v. 制造，做；使成为，使变得；赚(钱)；使产生，引起；组成，构成；准备，制定；认为，相信；达到，获得；迫使，强迫；n. 品牌，型号,,,
theme,θiːm,n.,n. 主题，主旨；主题曲，主旋律；主题公园，主题餐厅等；v. 以…为主题，使有特色,,,
theory,ˈθɪəri,n.,n. 理论，学说；推测，猜想；原理，原则,,,
theoretical,θɪəˈretɪkl,adj.,adj. 理论的，理论上的；假设的，假定的；纯理论的，不切实际的,,,
therapy,ˈθerəpi,n.,n. 治疗，疗法,,,
qualification,ˌkwɒlɪfɪˈkeɪʃn,n.,n. 资格，资历；条件，资格；限定，限制；学历，文凭；资质，能力；限制性说明，保留意见,,,
qualify,ˈkwɒlɪfaɪ,v.,v. 使具有资格，使合格；限定，修饰；证明…合格；使具有资格；限制，约束；使减轻,,,
quality,ˈkwɒləti,n.,n. 质量，品质；特性，特质；adj. 优质的，高品质的,,,
qualitative,ˈkwɒlɪtətɪv,adj.,adj. 质的，性质的；定性的,,,
safeguard,ˈseɪfɡɑːd,n.,n. 保护措施，安全措施；v. 保护，捍卫,,,
safety,ˈseɪfti,n.,n. 安全，安全性；平安，无危险；保险装置，安全设备,,,
savage,ˈsævɪdʒ,adj.,adj. 野蛮的，未开化的；凶猛的，残暴的；严厉的，尖刻的；n. 野蛮人，未开化的人；v. 凶猛攻击，激烈抨击,,,
save,seɪv,v.,v. 保存，储存；节省；拯救，挽救；避免，防止；保护，保留；prep. 除...之外；conj. 除非，不然,,,
saving,ˈseɪvɪŋ,n.,n. 节省，节约；储蓄，存款；adj. 节省的，节约的；挽救的，拯救的；prep. 除...之外；要不是,,,
scale,skeɪl,n.,n. 鳞片；刻度；比例；天平；规模；音阶；v. 攀登；称重；缩放；按比例变化；扩大规模,,,
scene,siːn,n.,n. 场景，景象；舞台，布景；事件，情景；场面，镜头；圈子，界，领域,,,
scenery,ˈsiːnəri,n.,n. 风景，景色；舞台布景,,,
pace,peɪs,n.,n. 步伐，步速；速度，进度；一步的距离；v. 踱步；以一定步调行走；prep. 不同于，违背,,,
panel,ˈpænl,n.,n. 嵌板，镶板；仪表盘，控制面板；专门小组，专家组；v. 嵌镶板，镶嵌板；组成专门小组,,,
panorama,pænəˈrɑːmə,n.,n. 全景，全景图；概观，综述,,,
prove,pruːv,v.,v. 证明，证实；证明是，结果是；检验，考验,,,
provide,prəˈvaɪd,v.,v. 提供，供给；规定，约定；为...作准备,,,
provided,prəˈvaɪdɪd,v.,v. 提供，供给；规定，约定；conj. 如果，假如,,,
tow,təʊ,v.,v. 拖引，拉动（尤指车辆）；n. 拖引，牵引；被拖引的物体,,,
toward,təˈwɔːd,prep.,prep. 朝，向；对...的；接近，将近；为了；关于；对...有助于,,,
towards,təˈwɔːdz,prep.,prep. 朝，向，面对；对，关于；接近，将近；有助于，为了；对...的态度，关于,,,
take,teɪk,v.,v. 拿，取；花费（时间、金钱等）；服用（药物）；乘坐（交通工具）；带，携带；接受，承担；占据（空间、时间）；选择，采取（行动、措施）；认为，相信；拍摄，拍照；夺取，占领；承受，忍受；n. 收入，进款；观点，看法,,,
talent,ˈtælənt,n.,n. 天赋，才能；人才，有才能的人；天资，才华,,,
target,ˈtɑːɡɪt,n.,n. 目标，靶子；目的，对象；v. 把...作为目标，瞄准；针对，面向,,,
taste,teɪst,n.,n. 味道，滋味；品味，鉴赏力；爱好，倾向；v. 品尝，尝；体验，经历,,,
technical,ˈteknɪkl,adj.,adj. 技术的；专业的；工艺的；专门的；专业性的；技术性的；专业术语的,,,
technician,tekˈnɪʃn,n.,n. 技术员，技师,,,
technique,tekˈniːk,n.,n. 技巧，技术，方法；技法，技艺；技术性操作,,,
technology,tekˈnɒlədʒi,n.,n. 技术，科技；技术学，工艺学；（某种）技术,,,
tech,tek,n.,n. 技术；科技；adj. 技术的；科技的,,,
teenager,ˈtiːneɪdʒə(r),n.,n. 青少年，十几岁的人,,,
temper,ˈtempə(r),n.,n. 脾气，性情；心情，情绪；韧度，回火度（金属）；v. 调和，缓和；使回火（金属）,,,
temperature,ˈtemprətʃə(r),n.,n. 温度，体温；气温，温度；情绪，氛围,,,
temporal,ˈtempərəl,adj.,adj. 时间的，暂时的；世俗的，尘世的；太阳穴的,,,
temporary,ˈtempərəri,adj.,adj. 暂时的，临时的；短暂的，暂时的；临时的，暂代的,,,
tempt,tempt,v.,v. 诱惑，引诱；吸引，使感兴趣；使想要，使忍不住,,,
temptation,tempˈteɪʃn,n.,n. 诱惑，引诱；诱惑物，诱人的事物,,,
tend,tend,v.,v. 倾向于，易于；照料，照顾；负责，管理,,,
tendency,ˈtendənsi,n.,n. 倾向，趋势；倾向性，偏好；趋势，动向,,,
tentative,ˈtentətɪv,adj.,adj. 试探性的，暂定的；不确定的，犹豫的,,,
term,tɜːm,n.,n. 学期；术语，专门用语；期限，期间；条款，条件；任期；v. 把...称为，把...叫做,,,
terminal,ˈtɜːmɪnl,n.,n. 终点站，末端；终端机，计算机终端；航站楼，客运站；电线接头，端子；adj. 终点的，末端的；晚期的，不治的；终端的，最后的,,,
terminate,ˈtɜːmɪneɪt,v.,v. 结束，终止；解雇，终止（合同等）,,,
testify,ˈtestɪfaɪ,v.,v. 作证，证明；证实，表明,,,
trace,treɪs,n.,n. 痕迹，踪迹；微量；描绘，轮廓；v. 追踪，追溯；描绘，勾画；探索，查究,,,
track,træk,n.,n. 轨道；跑道；小径；足迹；踪迹；车辙；音轨；歌曲；曲目；v. 追踪；跟踪；监测；记录,,,
tradition,trəˈdɪʃn,n.,n. 传统，习俗；传统观念，传统做法；惯例，常规,,,
ultimate,ˈʌltɪmət,adj.,adj. 最终的，最后的；最重要的，根本的；最好的，极致的；n. 最终目标，极致,,,
underestimate,ˌʌndərˈestɪmeɪt,v.,v. 低估，对...估计不足；n. 低估，对...估计不足,,,
undergo,ˌʌndəˈɡəʊ,v.,v. 经历，经受；接受（治疗等）；经历（变化等）,,,
underlie,ˌʌndəˈlaɪ,v.,v. 构成...的基础；成为...的原因；位于...之下,,,
underlying,ˌʌndəˈlaɪɪŋ,adj.,adj. 潜在的，深层的，根本的；基本的，基础的，作为基础的,,,
underline,ˈʌndəlaɪn,v.,v. 在...下面划线，强调；n. 下划线,,,
understand,ˌʌndəˈstænd,v.,v. 理解，懂得；明白，了解；得知，获悉；推断，认为；同情，体谅；意会，领会,,,
understanding,ˌʌndəˈstændɪŋ,n.,n. 理解，领悟；谅解，同情；协议，默契；adj. 善解人意的，体谅的,,,
undertake,ˌʌndəˈteɪk,v.,v. 承担，从事；保证，担保；承诺，答应,,,
uneasy,ʌnˈiːzi,adj.,adj. 不安的，担心的；不舒服的，不自在的；不稳定的，不安定的,,,
unemployment,ʌnɪmˈplɔɪmənt,n.,n. 失业；失业率；失业人数,,,
unexpected,ˌʌnɪkˈspektɪd,adj.,adj. 意料之外的，想不到的,,,
unify,ˈjuːnɪfaɪ,v.,v. 使统一，使一致；使成一体，使联合,,,
union,ˈjuːniən,n.,n. 联盟，工会；结合，联合；婚姻；协会，联合会,,,
unique,juːˈniːk,adj.,adj. 独特的，独一无二的；独特的，罕见的；独有的，专有的,,,
universal,ˌjuːnɪˈvɜːsl,adj.,adj. 普遍的，全体的，全世界的；通用的，普遍适用的；n. 普遍原则，通用规律,,,
universe,ˈjuːnɪvɜːs,n.,n. 宇宙，天地万物；领域，范围；（统计学）总体,,,
unlike,ʌnˈlaɪk,prep.,prep. 不像，与...不同；adj. 不同的，不相似的；conj. 与...不同，不像,,,
unlikely,ʌnˈlaɪkli,adj.,adj. 不太可能的，未必会发生的；不可能的，不太可能的；出乎意料的，不太适合的,,,
unusual,ʌnˈjuːʒuəl,adj.,adj. 不寻常的，罕见的，异常的,,,
vague,veɪɡ,adj.,adj. 模糊的，不清楚的；含糊的，不明确的；茫然的，心不在焉的,,,
vain,veɪn,adj.,adj. 自负的，爱虚荣的；徒劳的，无效的；空虚的，无价值的,,,
valid,ˈvæl.ɪd,adj.,adj. 有效的，有法律效力的；正确的，合理的，符合逻辑的,,,
valuable,ˈvæljuəbl,adj.,adj. 贵重的，有价值的；宝贵的，重要的；有用的，有益的,,,
value,ˈvæljuː,n.,n. 价值，重要性；价格，估价；（数学中的）值；（音乐中的）音值；（绘画中的）明暗度；v. 重视，珍惜；评估，估价,,,
vanish,ˈvænɪʃ,v.,v. 消失，突然不见；消失，消散；消退，消亡,,,
variable,ˈveəriəbl,adj.,adj. 可变的，易变的；变化的，多变的；n. 变量；可变因素，变数,,,
variance,ˈveəriəns,n.,n. 变化，差异；方差（统计学术语）,,,
variation,ˌveəriˈeɪʃn,n.,n. 变化，变动；变异，变种；变奏曲,,,
variety,vəˈraɪəti,n.,n. 多样性，变化；种类，品种；变种，变体；综艺节目，杂耍表演,,,
various,ˈveəriəs,adj.,adj. 不同的，各种各样的；多方面的，多种的,,,
vary,ˈveəri,v.,v. 变化，改变；使不同，使多样化；变更，修改,,,
vast,vɑːst,adj.,adj. 巨大的，广阔的，辽阔的；数量庞大的，范围广泛的,,,
wage,weɪdʒ,n.,n. 工资，薪水；v. 发动，进行（战争、运动等）,,,
wander,ˈwɒndə(r),v.,v. 漫步，闲逛；走神，走失；偏离，漂泊,,,
want,wɒnt,v.,v. 想要，希望；需要；缺乏，缺少；n. 缺乏，不足；需要，需求,,,
way,weɪ,n.,n. 方法，方式；道路，路线；方向；习惯，特点；距离；方面；进程，过程；状态，处境；adv. 很远；非常,,,
weak,wiːk,adj.,adj. 虚弱的，无力的；软弱的，懦弱的；微弱的，淡的；差的，不好的；薄弱的，脆弱的；不擅长的,,,
wear,weə(r),v.,v. 穿，戴；磨损，耗损；表现出，呈现；n. 穿着，衣着,,,
weary,ˈwɪəri,adj.,adj. 疲倦的，厌烦的；使人疲劳的，令人厌倦的；v. 使疲劳，使厌烦,,,
weigh,weɪ,v.,v. 称重量；有...重；权衡，考虑；影响，对...有影响,,,
weight,weɪt,n.,n. 重量，分量；重要性，分量；压力，负担；v. 加重量于，使...重；权衡，考虑,,,
weird,wɪəd,adj.,adj. 奇怪的，不寻常的；怪异的，超自然的；不可思议的，离奇的,,,
welfare,ˈwelfeə(r),n.,n. 福利，福祉；幸福，安康；社会福利,,,
whirl,wɜːl,v.,v. 旋转，急转；使旋转，使回旋；使眩晕，使混乱；n. 旋转，急转；一连串的活动，混乱,,,
whisper,ˈwɪspə(r),v.,v. 低语，耳语，小声说；谣传，暗中流传；n. 耳语，低语，私语,,,
yield,jiːld,v.,v. 屈服，让步；产生，提供；放弃，让出；n. 产量，收益,,,
youth,juːθ,n.,n. 青年时期，年轻；青年人，年轻人；青年（统称）；年轻的特征，青春气息,,,
zigzag,ˈzɪɡzæɡ,n.,n. 之字形，锯齿形；adj. 之字形的，锯齿形的；v. 沿之字形移动，曲折前进；adv. 呈之字形地，曲折地,,,
zone,zəʊn,n.,n. 地带，区域；时区；区域，范围；v. 划分区域,,,
zoom,zuːm,v.,v. 快速移动，急速前进；急剧上升或增长；（摄影）变焦，调焦；n. 嗡嗡声，嗖嗖声；快速上升，急剧增长,,,
key,kiː,n.,n. 钥匙；关键，要诀；答案；键（尤指钢琴或电脑键盘上的）；音调，调子；adj. 主要的，关键的；v. 用钥匙开启；调整...以配合,,,
knit,nɪt,v.,v. 编织，针织；使紧密结合，使连接；n. 针织物，编织物,,,
mediate,ˈmiːdieɪt,v.,v. 调解，斡旋；居中，作为中介；adj. 居中的，中间的,,,
meditation,ˌmedɪˈteɪʃn,n.,n. 冥想，沉思；深思，静思,,,
medium,ˈmiːdiəm,n.,n. 媒介，手段；介质，媒质；灵媒，巫师；adj. 中等的，适中的；平均的，中间的,,,
media,ˈmiːdiə,n.,n. 媒体，传播媒介；新闻媒体，新闻界；adj. 媒体的，传媒的,,,
elaborate,ɪˈlæbərət,adj.,adj. 复杂的，详尽的，精心制作的；v. 详细说明，阐述；精心制作，详细制定,,,
elegant,ˈelɪɡənt,adj.,adj. 优雅的，雅致的；精美的，讲究的；简洁的，巧妙的,,,
element,ˈelɪmənt,n.,n. 要素，成分；元素；自然环境；基本原理；少量；适合的环境,,,
elementary,ˌelɪˈmentəri,adj.,adj. 基本的，初级的，入门的；简单的，容易的；基础的，基本的；初等的,,,
eliminate,ɪˈlɪmɪneɪt,v.,v. 消除，排除；淘汰，剔除；杀死，干掉,,,
abolish,əˈbɒlɪʃ,v.,v. 废除，废止（法律、制度等）,,,
absence,ˈæbsəns,n.,n. 缺席，不在场；缺乏，不存在；缺席期间,,,
absent,ˈæbsənt,adj.,adj. 缺席的，不在场的；心不在焉的，出神的；缺乏的，不存在的；v. 使缺席，使不在场,,,
abroad,əˈbrɔːd,adv.,adv. 在国外，到国外；广为流传，到处,,,
absolute,ˈæbsəluːt,adj.,adj. 完全的，绝对的；无条件的；专制的，独裁的；绝对的，完全的（用于强调）；n. 绝对真理，绝对原则,,,
absorb,əbˈzɔːb,v.,v. 吸收，吸纳（液体、气体等）；使全神贯注，吸引全部注意力；理解，领会；承受，忍受（冲击、打击等）；吸收，合并（组织、企业等）,,,
abstract,ˈæbstrækt,adj.,adj. 抽象的，理论上的；抽象派的；n. 摘要，概要；抽象派艺术；v. 提取；抽象化；概括,,,
ban,bæn,v.,v. 禁止，取缔；n. 禁令，禁止,,,
bar,bɑː(r),n.,n. 酒吧，酒馆；长条，条状物；栅栏，横木；法庭，律师职业；障碍，阻碍；（音乐）小节；（图表中的）条形；v. 阻拦，阻挡；禁止，排斥,,,
bare,beə(r),adj.,adj. 赤裸的，光秃秃的；空的，无遮蔽的；仅仅的，勉强的；简单的，基本的；v. 使赤裸，暴露,,,
barely,ˈbeəli,adv.,adv. 勉强地，仅仅，几乎不；刚刚，仅仅,,,
bargain,ˈbɑːɡən,n.,n. 便宜货，物美价廉的商品；协议，交易；v. 讨价还价，商议；adj. 廉价的，便宜的,,,
capable,ˈkeɪpəbl,adj.,adj. 有能力的，能干的；有潜力的，可以胜任的,,,
capacity,kəˈpæsəti,n.,n. 容量；能力；职位；身份；资格,,,
capital,ˈkæpɪtl,n.,n. 首都；省会；资本；资金；大写字母；adj. 首要的；主要的；重要的；极好的；一流的,,,
captive,ˈkæptɪv,adj.,adj. 被俘虏的，被监禁的；受控制的，受限制的；n. 俘虏，被监禁的人；受控制的人或动物,,,
capture,ˈkæptʃə(r),v.,v. 捕获，俘获；夺取，占领；捕捉（图像、声音等）；吸引（注意力、想象力等）；准确描述，表达；n. 捕获，俘获；捕捉（图像、声音等）,,,
career,kəˈrɪə(r),n.,n. 职业，事业；生涯，职业生涯；adj. 职业的；vi. 快速移动，飞奔,,,
careful,ˈkeəfl,adj.,adj. 小心的，谨慎的；仔细的，细心的；周到的，考虑周全的；慎重的，审慎的,,,
case,keɪs,n.,n. 情况，事例；箱子，盒子；病例；案件，案例；论点，理由；格（语法）,,,
cast,kɑːst,v.,v. 投、掷；抛（锚）；（光、影）投射；浇铸；为…选派演员；投（票）；丢弃；脱落；n. 演员表；全体演员；铸件；模子；石膏绷带,,,
casual,ˈkæʒuəl,adj.,adj. 随意的，非正式的；偶然的，碰巧的；漫不经心的，不在意的；临时的，非固定的；n. 便装，休闲装,,,
casualty,ˈkæʒuəlti,n.,n. 伤亡人员，受害者；事故，灾难；意外损失，损耗,,,
catch,kætʃ,v.,v. 抓住，捉住；赶上，追上；感染（疾病）；听清楚，听懂；理解，领会；陷入，遭遇；着火；n. 捕获物，捕获量；扣子，锁扣；圈套，陷阱；难题，缺陷,,,
category,ˈkætəɡəri,n.,n. 类别，种类；范畴，类型,,,
cater,ˈkeɪtə(r),v.,v. 提供饮食，承办宴席；迎合，满足,,,
cause,kɔːz,n.,n. 原因，起因；事业，目标；v. 引起，导致；使发生,,,
caution,ˈkɔːʃn,n.,n. 谨慎，小心；警告，告诫；v. 警告，告诫,,,
cautious,ˈkɔːʃəs,adj.,adj. 谨慎的，小心的；警惕的，提防的,,,
cease,siːs,v.,v. 停止，终止；n. 停止，终止,,,
celebrate,ˈselɪbreɪt,v.,v. 庆祝，庆贺；颂扬，赞美；举行宗教仪式,,,
celebrity,səˈlebrəti,n.,n. 名人，名流；著名；名声,,,
ceremony,ˈserəməni,n.,n. 仪式，典礼；礼节，礼仪,,,
certain,ˈsɜːtn,adj.,adj. 确定的，肯定的；某个，某些；必然的，必定的；特定的，特别的；pron. 某些人，某些事物,,,
certainty,ˈsɜːtənti,n.,n. 确定性，确实性；必然发生的事，确定的事物,,,
certificate,səˈtɪfɪkət,n.,n. 证书，证明书；文凭，学位证书；v. 证明，鉴定,,,
certify,ˈsɜːtɪfaɪ,v.,v. 证明，证实；颁发证书，发证；正式宣布，正式证明；认证，鉴定,,,
decline,dɪˈklaɪn,v.,v. 拒绝，谢绝；下降，衰退；n. 下降，衰退；倾斜，斜面,,,
decrease,dɪˈkriːs,v.,v. 减少，降低；递减，逐渐减少；n. 减少，减小,,,
decree,dɪˈkriː,n.,n. 法令，命令，政令；v. 命令，颁布，宣告,,,
deem,diːm,v.,v. 认为，视为，相信,,,
dedicate,ˈdedɪkeɪt,v.,v. 奉献，献身；把…用于；献给；为…举行落成典礼；为…举行奉献仪式,,,
deduce,dɪˈdjuːs,v.,v. 推断，推理,,,
deduct,dɪˈdʌkt,v.,v. 减去，扣除；推断，演绎,,,
fashion,ˈfæʃn,n.,n. 时尚，流行款式；方式，方法；v. 制作，塑造,,,
fashionable,ˈfæʃənəbl,adj.,adj. 时髦的，流行的；受欢迎的，流行的（指事物、想法等）,,,
favor,ˈfeɪvə(r),n.,n. 好意，恩惠；偏爱，青睐；赞同，支持；人情，帮助；v. 偏爱，喜欢；赞同，支持；有利于，有助于；优待，帮助,,,
favour,ˈfeɪvə(r),n.,n. 好意，善意；恩惠，帮助；偏爱，青睐；v. 偏爱，青睐；支持，赞成,,,
favorable,ˈfeɪvərəbl,adj.,adj. 有利的，有助于的；赞同的，赞成的；顺利的，良好的,,,
favourable,ˈfeɪvərəbl,adj.,adj. 有利的，有帮助的；赞同的，赞成的；良好的，有希望的,,,
favorite,ˈfeɪvərɪt,adj.,adj. 最喜爱的，最受欢迎的；n. 特别喜爱的人或物,,,
favourite,ˈfeɪvərɪt,adj.,adj. 最喜爱的，中意的；n. 特别喜爱的人或物,,,
sit,sɪt,v.,v. 坐，就座；停留，逗留；开会，举行会议；担任，任职,,,
site,saɪt,n.,n. 地点，位置；网站；v. 为...选址，使...坐落于,,,
situate,ˈsɪtʃueɪt,v.,v. 使坐落于，使位于；使处于（某种情况或环境中）,,,
situation,ˌsɪtʃuˈeɪʃn,n.,n. 情况，形势；处境，状况；地点，位置,,,
skeleton,ˈskelɪtən,n.,n. 骨骼，骨架；框架，纲要；骨瘦如柴的人或动物；adj. 骨骼的，骨架的；最基本的,,,
skeptical,ˈskeptɪkl,adj.,adj. 怀疑的，持怀疑态度的,,,
sceptical,ˈskeptɪkl,adj.,adj. 怀疑的，持怀疑态度的,,,
sketch,sketʃ,n.,n. 素描，草图；简述，概要；v. 素描，画素描；简述，概述,,,
patch,pætʃ,n.,n. 小块，小片；补丁，补片；一小片土地；一小段时间；眼罩；v. 修补，缝补；勉强应付；暂时解决；连接，接通,,,
patent,ˈpætnt,n.,n. 专利；专利权；adj. 专利的；明显的，公开的；v. 取得...的专利权,,,
pattern,ˈpætn,n.,n. 图案，花样；模式，方式；榜样，典范；v. 仿造，模仿,,,
pay,peɪ,v.,v. 支付，付款；给予（注意等）；值得；n. 工资，薪水,,,
payment,ˈpeɪmənt,n.,n. 支付，付款；支付的金额，付款额；报酬，酬劳,,,
peculiar,pɪˈkjuːliə(r),adj.,adj. 奇怪的，古怪的，不寻常的；特有的，独特的,,,
peer,pɪə(r),n.,n. 同龄人，同辈；贵族，同等地位的人；v. 仔细看，端详；隐约出现，露出,,,
per,pɜː(r),prep.,prep. 每，每一；按，按照,,,
perceive,pəˈsiːv,v.,v. 察觉，感觉到；理解，领悟；认为，视为,,,
percentage,pəˈsentɪdʒ,n.,n. 百分比，百分率；部分，份额,,,
perfect,ˈpɜːfɪkt,adj.,adj. 完美的，无瑕疵的；理想的，最合适的；完全的，彻底的；精确的，精准的；v. 使完善，使完美；n. 完成时（语法）,,,
rail,reɪl,n.,n. 铁轨，轨道；栏杆，扶手；秧鸡（一种水鸟）；v. 抱怨，斥责,,,
railroad,ˈreɪlrəʊd,n.,n. 铁路，铁道；v. 强迫（某人仓促行事），迫使（某人做某事）；用铁路运输,,,
railway,ˈreɪlweɪ,n.,n. 铁路，铁道,,,
raise,reɪz,v.,v. 举起，抬高；提高，增加；饲养，培育；筹集（资金）；提出（问题、异议等）；唤起，引起；n. 加薪，涨工资,,,
rally,ˈræli,n.,n. 集会，群众大会；（网球等）连续对打；v. 集合，召集；重新振作，恢复；反弹，回升（尤指股票价格、汇率等）,,,
random,ˈrændəm,adj.,adj. 随机的，任意的；胡乱的，无目的的；n. 随机选择；随意；adv. 胡乱地，随意地,,,
range,reɪndʒ,n.,n. 范围；幅度；区域；山脉；山峰；射程；距离；种类；系列；炉灶；灶具；v. 变动；变化；漫游；四处移动,,,
rank,ræŋk,n.,n. 等级，军衔；地位，身份；行列，队伍；adj. 茂盛的，疯长的；恶臭的，讨厌的；v. 排列，分等级；被列入...等级，被评为,,,
master,ˈmɑːstə(r),n.,n. 主人，雇主；男教师；能手，大师；硕士学位；主人，所有者；原件；v. 精通，掌握；克服，控制；adj. 主要的，主控的,,,
masterpiece,ˈmɑːstəpiːs,n.,n. 杰作，名著，代表作,,,
mate,meɪt,n.,n. 朋友，伙伴；配偶，伴侣；(动物的)配偶；配对物；v. 使配对，使交配；相配，相称,,,
material,məˈtɪəriəl,n.,n. 材料，原料；布料，织物；资料，素材；adj. 物质的，实体的；重要的，关键的,,,
mathematical,ˌmæθəˈmætɪkl,adj.,adj. 数学的，数学上的；精确的，严谨的,,,
mature,məˈtʃʊə(r),adj.,adj. 成熟的，长成的；成熟的，理智的；到期的，应支付的；v. 成熟，长成；到期,,,
maximum,ˈmæksɪməm,adj.,adj. 最大的，最高的；n. 最大量，最大限度，最大值,,,
mean,miːn,v.,v. 意味着，表示；打算，意欲；adj. 刻薄的，卑鄙的；吝啬的；平均的；n. 平均数；中庸；中间,,,
meaning,ˈmiːnɪŋ,n.,n. 含义，意思；重要性，意义；adj. 意味深长的，意义重大的,,,
means,miːnz,n.,n. 方法，手段；财富，经济能力；v. 意味着，表示,,,
meantime,ˈmiːntaɪm,n.,n. 期间，同时；adv. 同时，在此期间,,,
meanwhile,ˈmiːnwaɪl,adv.,adv. 同时，与此同时；在此期间，在这个时候；n. 其间，期间,,,
measure,ˈmeʒə(r),n.,n. 措施，办法；程度，范围；尺寸，量度；韵律，拍子；v. 测量，度量；估量，评估,,,
opening,ˈəʊpənɪŋ,n.,n. 开口，孔；空缺，职位空缺；开始，开端；开幕式；机会；adj. 开始的，开幕的；首次的,,,
opera,ˈɒpərə,n.,n. 歌剧；歌剧院；歌剧团,,,
operate,ˈɒpəreɪt,v.,v. 操作，运转；动手术；经营，管理；起作用，产生影响；运行，开展（业务）,,,
operation,ˌɒpəˈreɪʃn,n.,n. 手术；操作；运算；经营，运营；行动，活动；运作，运行；操作，运转,,,
operational,ˌɒpəˈreɪʃənl,adj.,adj. 可操作的，可运转的；可使用的，可运行的；运营的，经营的；操作性的，实际可行的,,,
operator,ˈɒpəreɪtə(r),n.,n. 操作员；接线员；经营者；运营商；算子；运算符,,,
opinion,əˈpɪnjən,n.,n. 意见，看法；观点，主张；舆论，民意,,,
opportunity,ˌɒpəˈtjuːnəti,n.,n. 机会，时机；良机，有利条件,,,
opponent,əˈpəʊnənt,n.,n. 对手，竞争者；反对者，敌手,,,
oppose,əˈpəʊz,v.,v. 反对，抵制；与...相对，与...对立,,,
opposite,ˈɒpəzɪt,adj.,adj. 相反的，对面的；n. 对立面，相反；prep. 在...对面；adv. 在对面,,,
oppress,əˈpres,v.,v. 压迫，压制；使感到沉重或压抑,,,
scope,skəʊp,n.,n. 范围，规模；机会，余地；眼界，视野；（望远镜等的）视野范围；v. 仔细看，审视,,,
score,skɔː,n.,n. 分数，得分；二十；乐谱；理由，缘由；账目；v. 得分，记分；为...配乐,,,
scorn,skɔːn,n.,n. 轻蔑，鄙视；v. 轻蔑，蔑视；拒绝，不屑做,,,
secure,sɪˈkjʊə(r),adj.,adj. 安全的，可靠的；有把握的，有信心的；v. 使安全，保护；获得，得到,,,
security,sɪˈkjʊərəti,n.,n. 安全，保障；证券，债券；担保物，抵押品；安全部门，保安人员,,,
see,siː,v.,v. 看见，看到；理解，明白；拜访，会见；看出，发现；确保，设法；考虑，思考；陪同，护送,,,
seek,siːk,v.,v. 寻找，搜寻；寻求，请求；企图，试图,,,
seem,siːm,v.,v. 似乎，好像；看来好像,,,
seemingly,ˈsiːmɪŋli,adv.,adv. 表面上看来，看似,,,
thrift,θrɪft,n.,n. 节俭；节约；节省；繁荣；兴旺；海石竹（植物）,,,
thrill,θrɪl,n.,n. 兴奋，激动；刺激，快感；v. 使兴奋，使激动；使颤抖，使毛骨悚然,,,
thrive,θraɪv,v.,v. 茁壮成长，兴旺发达；繁荣，兴盛；茁壮成长，蓬勃发展,,,
through,θruː,prep.,prep. 穿过，通过；从头到尾，自始至终；凭借，借助；adv. 从头到尾，完全地；adj. 直通的，贯穿的,,,
throughout,θruːˈaʊt,prep.,prep. 遍及，贯穿；adv. 到处，始终，自始至终,,,
tip,tɪp,n.,n. 尖端，末端；小费；提示，忠告；垃圾场；倾倒；v. 轻触，轻击；倾斜，倾倒；给小费；预言，预测,,,
title,ˈtaɪtl,n.,n. 标题；题目；头衔；职称；所有权；产权；v. 给...加标题；把...称为,,,
urban,ˈɜːbən,adj.,adj. 城市的，都市的；都市化的，城市化的,,,
urge,ɜːdʒ,v.,v. 敦促，催促；力劝，极力主张；n. 冲动，欲望,,,
urgent,ˈɜːdʒənt,adj.,adj. 紧急的，急迫的；迫切的，急需的,,,
utilize,ˈjuːtəlaɪz,v.,v. 利用，使用,,,
utilise,ˈjuːtəlaɪz,v.,v. 使用，利用,,,
utter,ˈʌtə(r),adj.,adj. 完全的，彻底的；v. 说，讲；发出（声音）,,,
wonder,ˈwʌndə(r),n.,n. 惊奇，惊讶；奇迹，奇观；v. 感到惊讶；想知道，琢磨；adj. 奇妙的，非凡的,,,
worship,ˈwɜːʃɪp,n.,n. 崇拜，敬仰；礼拜，做礼拜；v. 崇拜，敬仰；做礼拜,,,
worth,wɜːθ,adj.,adj. 值...的；相当于...的价值；n. 价值；重要性；prep. 值得；值...钱,,,
worthwhile,ˈwɜːθwaɪl,adj.,adj. 值得的，有价值的,,,
worthy,ˈwɜːði,adj.,adj. 值得的，应得的；有价值的，可敬的,,,
write,raɪt,v.,v. 写，书写；写作，创作；写信，写作；写下，记录；写作，创作（文学作品等）；撰写（正式文件）；开（支票、处方等）,,,
writer,ˈraɪtə(r),n.,n. 作家，写作者；作者,,,
abandon,əˈbændən,v.,v. 放弃，抛弃；放纵，沉湎于,,,
abide,əˈbaɪd,v.,v. 忍受，容忍；遵守，服从；持续，继续存在,,,
ability,əˈbɪləti,n.,n. 能力，才能；能力，才能；技能，本领,,,
able,ˈeɪbl,adj.,adj. 有能力的，能够的,,,
abnormal,æbˈnɔːml,adj.,adj. 不正常的，反常的；异常的，变态的；畸形的，反常的,,,
background,ˈbækɡraʊnd,n.,n. 背景；底色；衬托；出身；背景；经历；背景资料；背景知识；幕后；次要位置,,,
balance,ˈbæləns,n.,n. 平衡；均衡；余额；天平；秤；平衡能力；v. 使平衡；使均衡；权衡；结平；使收支平衡,,,
base,beɪs,n.,n. 基础，底部；根据地，基地；基本，基础；基数，基底；adj. 卑鄙的，下流的；v. 以...为基地；把...设在；以...为根据,,,
basement,ˈbeɪsmənt,n.,n. 地下室，地窖,,,
basic,ˈbeɪsɪk,adj.,adj. 基本的，基础的；最重要的，主要的；初级的，入门的；n. 基础，基本；要素，原理,,,
basis,ˈbeɪsɪs,n.,n. 基础，根据；基本原则，基本方法；根据，理由；基准,,,
calculate,ˈkælkjuleɪt,v.,v. 计算，核算；预测，推测；认为，考虑,,,
call,kɔːl,v.,v. 称呼；打电话；呼叫；召集；宣布；n. 电话；呼叫；号召；要求,,,
calm,kɑːm,adj.,adj. 平静的，镇定的；风平浪静的；n. 平静，镇定；v. 使平静，使镇定,,,
campaign,kæmˈpeɪn,n.,n. 运动，活动；战役，军事行动；竞选活动；v. 发起运动，参加竞选,,,
candidate,ˈkændɪdət,n.,n. 候选人，申请人；考生,,,
data,ˈdeɪtə,n.,n. 数据，资料；事实，信息,,,
database,ˈdeɪtəbeɪs,n.,n. 数据库,,,
date,deɪt,n.,n. 日期；约会；枣；v. 约会；确定...的年代,,,
dazzle,ˈdæz.əl,v.,v. 使眼花缭乱，使目眩；使印象深刻，使赞叹不已；n. 耀眼的光，炫目,,,
deal,diːl,n.,n. 数量；交易；协议；待遇；关系；v. 处理；应付；经营；发牌；分配,,,
dealer,ˈdiːlə(r),n.,n. 经销商，交易商；发牌人，庄家,,,
debate,dɪˈbeɪt,n.,n. 辩论，争论；讨论；（正式的）辩论会；v. 辩论，争论；仔细考虑,,,
decade,ˈdekeɪd,n.,n. 十年，十年期,,,
decide,dɪˈsaɪd,v.,v. 决定，下决心；裁决，判决；判定，决定,,,
decision,dɪˈsɪʒn,n.,n. 决定，决心；判断，裁决；果断，决断力,,,
decisive,dɪˈsaɪsɪv,adj.,adj. 果断的，决断的；决定性的，关键的,,,
decorate,ˈdekəreɪt,v.,v. 装饰，装点；布置；授予...荣誉；授勋给,,,
economic,ˌiːkəˈnɒmɪk,adj.,adj. 经济的，经济学的；经济上合算的，节约的,,,
economical,ˌiːkəˈnɒmɪkl,adj.,adj. 经济的，节约的；经济实惠的，划算的,,,
economics,ˌiːkəˈnɒmɪks,n.,n. 经济学；经济情况，经济因素,,,
economy,ɪˈkɒnəmi,n.,n. 经济；节约；经济体系；经济状况；节约；节省,,,
educate,ˈedʒukeɪt,v.,v. 教育，培养；教导，启发,,,
education,ˌedjuˈkeɪʃn,n.,n. 教育，教育事业；教育学；培养；训练,,,
effect,ɪˈfekt,n.,n. 结果，效果；影响；印象；效果（指电影、戏剧等）；v. 使发生，实现,,,
effective,ɪˈfektɪv,adj.,adj. 有效的，起作用的；实际的，事实上的；给人深刻印象的，有效率的,,,
efficient,ɪˈfɪʃnt,adj.,adj. 有效率的，高效的；（人）有能力的，能胜任的,,,
efficiency,ɪˈfɪʃnsi,n.,n. 效率，效能；效率，生产力；（机器、装置等的）效能，功效,,,
effort,ˈefət,n.,n. 努力，尽力；力气，精力；努力的结果，成就；尝试，企图,,,
fabric,ˈfæbrɪk,n.,n. 布料，织物；结构，构造；体系，体制,,,
fabricate,ˈfæbrɪkeɪt,v.,v. 制造，生产；编造，捏造,,,
face,feɪs,n.,n. 脸，面孔；表情；面子，颜面；表面；正面；v. 面对，面向；面临，遭遇；正视，勇敢面对；承认,,,
facet,ˈfæsɪt,n.,n. 方面，侧面；（宝石的）小平面,,,
factor,ˈfæktə(r),n.,n. 因素，要素；因子，系数；v. 把...因素包括进去；将...分解成因子,,,
fade,feɪd,v.,v. 逐渐消失，褪色；（声音）逐渐变弱；（记忆、希望等）逐渐消失；n. 淡出，渐弱,,,
fail,feɪl,v.,v. 失败，没做到；未通过（考试等）；（机器等）出故障，停止工作；衰退，减弱；n. 不及格；失败，倒闭,,,
failure,ˈfeɪljə,n.,n. 失败，失误；失败的人或事物；故障，失灵；不履行，不作为,,,
fair,feə(r),adj.,adj. 公平的，合理的；美好的，晴朗的；相当好的，尚可的；白皙的，金发碧眼的；n. 集市，游乐会；adv. 公平地，正当地,,,
fairly,ˈfeəli,adv.,adv. 相当地，还算；公平地，公正地；完全地，彻底地,,,
fall,fɔːl,n.,n. 秋天；落下，跌落；下降，衰落；v. 落下，跌倒；下降，减少；陷入（某种状态）,,,
fan,fæn,n.,n. 风扇，电扇；扇子；爱好者，迷；v. 煽动，激起；扇（风）,,,
fancy,ˈfænsi,adj.,adj. 华丽的，精致的；昂贵的，豪华的；喜欢的，想要的；v. 喜欢，想要；认为，想象；n. 幻想，想象；爱好，迷恋,,,
fascinate,ˈfæsɪneɪt,v.,v. 使着迷，使入迷；强烈吸引，使产生兴趣,,,
gain,ɡeɪn,v.,v. 获得，赢得；增加，提高；n. 增加，增益；利益，好处,,,
gamble,ˈɡæmbl,v.,v. 赌博，打赌；冒险，拿...冒险；n. 赌博，赌局；冒险行为，风险,,,
gap,ɡæp,n.,n. 缺口，空隙，间隙；差距，分歧；缺陷，不足；v. 使形成缺口，使分离,,,
gene,dʒiːn,n.,n. 基因；遗传因子,,,
general,ˈdʒenrəl,adj.,adj. 普遍的，一般的；总的，整体的；大体的，大概的；普通的，通常的；总的，全面的；首要的，主要的；n. 将军，上将；总论，概况,,,
generalize,ˈdʒenərəlaɪz,v.,v. 概括，归纳；使普遍化，推广；泛泛而谈，笼统地说,,,
generalise,ˈdʒenrəlaɪz,v.,v. 概括，归纳；推广，普及,,,
habit,ˈhæbɪt,n.,n. 习惯，习性；习俗，惯例；（修女或修士的）长袍,,,
habitat,ˈhæbɪtæt,n.,n. 栖息地，生境，生活环境,,,
hamper,ˈhæmpə(r),v.,v. 阻碍，妨碍；n. 大篮子，食品篮,,,
handicap,ˈhændikæp,n.,n. 障碍，不利条件；残疾，缺陷；（高尔夫球等运动中的）让分；v. 妨碍，阻碍,,,
shield,ʃiːld,n.,n. 盾牌，防护物；保护，防护；v. 保护，掩护；遮蔽，隔离,,,
shift,ʃɪft,n.,n. 轮班，班次；转变，改变；（计算机键盘上的）shift键；v. 转移，移动；改变，转变,,,
shoulder,ˈʃəʊldə(r),n.,n. 肩膀；肩部；路肩；（山的）肩部；v. 用肩膀推；承担；担负,,,
show,ʃəʊ,v.,v. 展示，显示；表明，证明；带领，指引；上演，放映；教导，指导；n. 表演，节目；展览，展示会；姿态，表现；迹象，痕迹,,,
shower,ˈʃaʊə(r),n.,n. 淋浴，淋浴器；阵雨，骤雨；一阵，一大批；v. 淋浴；倾注，倾泻；大量地给予,,,
glamour,ˈɡlæmə(r),n.,n. 魅力，吸引力；迷人的特质；魔法，幻术,,,
glamor,ˈɡlæmə(r),n.,n. 魅力，吸引力；迷人的特质；富有刺激的或令人兴奋的特质,,,
generate,ˈdʒenəreɪt,v.,v. 产生，引起；生成，创造,,,
generation,ˌdʒenəˈreɪʃn,n.,n. 一代人，一代；产生，发生；一代（人）的寿命；代；世代,,,
generator,ˈdʒenəreɪtə(r),n.,n. 发电机，发生器；生成器，产生器；创造者，创始者,,,
generous,ˈdʒenərəs,adj.,adj. 慷慨的，大方的；宽宏大量的，宽厚的；丰富的，充足的；慷慨的，大量的,,,
genius,ˈdʒiːniəs,n.,n. 天才，天赋异禀的人；天才，杰出的才能；精神，特质，气质,,,
gift,ɡɪft,n.,n. 礼物，赠品；天赋，才能；v. 赠送，赋予,,,
genre,ˈʒɒnrə,n.,n. 类型，流派，体裁,,,
giant,ˈdʒaɪənt,n.,n. 巨人，大个子；巨头，大企业；adj. 巨大的，庞大的,,,
gigantic,dʒaɪˈɡæntɪk,adj.,adj. 巨大的，庞大的,,,
give,ɡɪv,v.,v. 给予，赠送；传递，递给；产生，引起；举行，举办；发表（演讲等）；献出，贡献；n. 弹性，伸缩性,,,
happen,ˈhæpən,v.,v. 发生，出现；碰巧，恰好,,,
harm,hɑːm,n.,n. 伤害，损害；v. 伤害，损害,,,
harmony,ˈhɑːməni,n.,n. 和谐，协调；和声，和音；一致，和睦；和谐的结合，协调的安排,,,
harsh,hɑːʃ,adj.,adj. 严厉的，苛刻的；刺耳的，刺激的；恶劣的，艰难的；粗糙的，粗糙不平的,,,
ignorance,ˈɪɡnərəns,n.,n. 无知，愚昧；不知，不懂,,,
ignorant,ˈɪɡnərənt,adj.,adj. 无知的，不了解的；愚昧的，无知识的；不懂的，不熟悉的,,,
ignore,ɪɡˈnɔː(r),v.,v. 忽视，不理会；对...置之不理，不顾；故意不理睬，有意忽视,,,
ill,ɪl,adj.,adj. 生病的，不舒服的；坏的，不良的；有害的，不利的；adv. 不利地，糟糕地；n. 不幸，灾难,,,
illness,ˈɪlnəs,n.,n. 疾病，病；生病,,,
illusion,ɪˈluːʒn,n.,n. 错觉，幻觉；幻想，错误的观念；假象，错误的印象,,,
illustrate,ˈɪləstreɪt,v.,v. 用图画解释；图解；说明；阐明；举例说明,,,
illustration,ˌɪləˈstreɪʃn,n.,n. 图解，插图；说明，例证；例证，实例；图解，插图；阐明，说明,,,
image,ˈɪmɪdʒ,n.,n. 图像；影像；照片；形象；印象；比喻；意象；v. 想象；反映,,,
imagine,ɪˈmædʒɪn,v.,v. 想象，设想；料想，认为；臆测，胡思乱想,,,
imaginary,ɪˈmædʒɪnəri,adj.,adj. 想象的，虚构的，不真实的；（数学）虚数的,,,
imagination,ɪˌmædʒɪˈneɪʃn,n.,n. 想象力，创造力；想象，幻想；想象力，创造力；想象中的事物,,,
imaginative,ɪˈmædʒɪnətɪv,adj.,adj. 富有想象力的，有创造力的；想象的，虚构的,,,
imitate,ˈɪmɪteɪt,v.,v. 模仿，效仿；仿制，仿造,,,
imitation,ˌɪmɪˈteɪʃn,n.,n. 模仿，仿效；仿制品，仿造物；仿制品，仿造物；模仿艺术,,,
lead,liːd,v.,v. 带领，引导；处于领先地位；导致，引起；n. 领导，领导地位；线索，提示；铅；adj. 最重要的，主要的,,,
leadership,ˈliːdəʃɪp,n.,n. 领导力，领导能力；领导地位，领导职位；领导层，领导人员,,,
leading,ˈliːdɪŋ,adj.,adj. 主要的，最重要的；领先的，最佳的；领导的，指导的；n. 领导，指导；铅板，铅条；v. 领导，引导；在…中占首位,,,
legal,ˈliːɡl,adj.,adj. 法律的，法定的；合法的，正当的；法律上的，与法律有关的；司法的；n. 法定权利；合法性,,,
legislation,ˌledʒɪsˈleɪʃn,n.,n. 法律；法规；立法,,,
legitimate,lɪˈdʒɪtɪmət,adj.,adj. 合法的，正当的；合理的，正当的；合法婚生的；v. 使合法化，认可,,,
leisure,ˈleʒə(r),n.,n. 闲暇，空闲时间；悠闲，安逸；adj. 空闲的，休闲的,,,
level,ˈlevl,n.,n. 水平面；水平；级别；层次；水平仪；水准仪；adj. 平的；水平的；v. 使平坦；使相等；瞄准,,,
lever,ˈliːvə(r),n.,n. 杠杆，撬棍；v. 撬动，撬起,,,
levy,ˈlevi,n.,n. 征税，征收；征募兵员；v. 征收（税款等）；征募（兵员）；发动（战争）,,,
manage,ˈmænɪdʒ,v.,v. 管理，经营；控制，处理；设法做到，完成；应付，对付；设法腾出（时间）；勉强维持,,,
management,ˈmænɪdʒmənt,n.,n. 管理，经营；管理层，经营者；管理学,,,
mandate,ˈmændeɪt,n.,n. 授权，委托；命令，指令；委任统治权；授权统治；v. 授权，委托；强制执行，命令,,,
manifest,ˈmænɪfest,adj.,adj. 明显的，显而易见的；v. 显示，表明；证明，证实；n. 货单，旅客名单,,,
manipulate,məˈnɪpjuleɪt,v.,v. 操纵，控制；巧妙地处理；操纵，控制；巧妙地处理；篡改，伪造；熟练地操作,,,
manner,ˈmænə(r),n.,n. 方式，方法；举止，态度；风格，样式；礼貌，礼仪,,,
margin,ˈmɑːdʒɪn,n.,n. 边缘，页边空白；差额，余地，利润；保证金,,,
marginal,ˈmɑːdʒɪnl,adj.,adj. 边缘的，周边的；微小的，不重要的；边际的，临界的,,,
mass,mæs,n.,n. 大量，众多；团，块；群众，民众；质量；（物理学）质量；弥撒；adj. 大规模的，群众的；v. 聚集，集中,,,
massive,ˈmæsɪv,adj.,adj. 巨大的，大规模的；大量的，大规模的；非常严重的，极其重要的,,,
massacre,ˈmæsəkə(r),n.,n. 大屠杀，残杀；v. 屠杀，残杀,,,
occupation,ˌɒkjuˈpeɪʃn,n.,n. 职业，工作；占用，占领；占据，占有；从事的活动,,,
occupy,ˈɒkjupaɪ,v.,v. 占据，占用；占领，占据（地方）；使忙碌，占用（时间）；担任，从事（职业）,,,
occur,əˈkɜː(r),v.,v. 发生，出现；被想到，出现在脑海中,,,
occurrence,əˈkʌrəns,n.,n. 发生，出现；事件，事故；存在，出现,,,
offend,əˈfend,v.,v. 冒犯，触怒；违反，触犯（法律等）,,,
offer,ˈɒfə(r),n.,n. 提议，建议；报价，出价；机会，提供的事物；v. 提供，给予；提议，建议；愿意，主动提出；出价，报价,,,
offset,ˈɒfset,n.,n. 抵消，补偿；（印刷）偏移；分支，旁系；v. 抵消，补偿；（印刷）用偏移印刷；平衡；adj. 偏离的，偏移的,,,
offspring,ˈɒfsprɪŋ,n.,n. 子女，后代；产物，结果,,,
paragraph,ˈpærəɡrɑːf,n.,n. 段落，小节；短评，短文,,,
paralyse,ˈpærəlaɪz,v.,v. 使麻痹；使瘫痪；使无法行动；使瘫痪（比喻义）,,,
paralyze,ˈpærəlaɪz,v.,v. 使瘫痪，使麻痹；使丧失能力，使无法行动；使震惊，使惊呆,,,
parallel,ˈpærəlel,adj.,adj. 平行的，并行的；相似的，相当的；n. 平行线，平行面；相似物，对比；v. 与...平行，与...相似,,,
part,pɑːt,n.,n. 部分，一部分；角色，分；零件，配件；部位，身体部位；才能，天赋；v. 分开，分离；道别，离开,,,
partial,ˈpɑːʃl,adj.,adj. 部分的，不完全的；偏袒的，不公平的；偏爱的，特别喜欢的,,,
participant,pɑːˈtɪsɪpənt,n.,n. 参与者，参加者,,,
participate,pɑːˈtɪsɪpeɪt,v.,v. 参与，参加；分享，分担,,,
particle,ˈpɑːtɪkl,n.,n. 粒子，微粒；小品词，虚词；极小量，微量,,,
particular,pəˈtɪkjələ(r),adj.,adj. 特定的，特别的；独特的，与众不同的；挑剔的，讲究的；详细的，精确的；n. 详情，细节,,,
partly,ˈpɑːtli,adv.,adv. 部分地，在某种程度上,,,
partner,ˈpɑːtnə(r),n.,n. 伙伴，搭档；配偶，伴侣；合伙人，合作伙伴；v. 与...合作，结成伙伴关系,,,
passion,ˈpæʃn,n.,n. 热情，激情；热爱，酷爱；强烈的感情，热切；激情，欲望,,,
passive,ˈpæsɪv,adj.,adj. 被动的，消极的；被动语态的；n. 被动语态,,,
quick,kwɪk,adj.,adj. 快的，迅速的；敏捷的，灵活的；急躁的，性急的；adv. 快速地，迅速地；undefined 敏感的部位，痛处,,,
quit,kwɪt,v.,v. 停止，戒除；离开，退出；辞职，辞去,,,
quest,kwest,n.,n. 探索，探求；寻找；v. 探索，寻找,,,
questionnaire,ˌkwestʃəˈneə(r),n.,n. 问卷，调查表,,,
quote,kwəʊt,n.,n. 引用，引述；报价，估价；引号；行情；语录；v. 引用，援引；报价，开价,,,
span,spæn,n.,n. 跨度；范围；时期；v. 跨越；横跨；贯穿,,,
spare,speə(r),adj.,adj. 额外的，备用的；空闲的，闲置的；瘦的，瘦削的；v. 节省，舍得；饶恕，宽恕；n. 备用品，备件,,,
schedule,ˈʃedjuːl,n.,n. 日程表，时间表；计划，安排；v. 安排，计划；预定，排定,,,
scheme,skiːm,n.,n. 计划，方案；阴谋，诡计；体系，体制；v. 策划，图谋,,,
science,ˈsaɪəns,n.,n. 科学；自然科学；学科；科目；系统的知识；科学知识,,,
scientific,ˌsaɪənˈtɪfɪk,adj.,adj. 科学的，关于科学的；系统的，精确的，有科学方法的,,,
scientist,ˈsaɪəntɪst,n.,n. 科学家,,,
addict,ˈædɪkt,n.,n. 瘾君子，有瘾的人；v. 使沉溺；使上瘾,,,
add,æd,v.,v. 加，增加；添加；总计；补充说；增添；n. 加法，加法运算,,,
addition,əˈdɪʃn,n.,n. 加法；添加；增加；附加物；增添的人或物；附加说明,,,
additional,əˈdɪʃənl,adj.,adj. 额外的，附加的；另外的，追加的,,,
address,əˈdres,n.,n. 地址；住址；演讲；致辞；v. 称呼；称谓；写姓名地址；演说；致辞；处理；应对；解决,,,
adequate,ˈædɪkwət,adj.,adj. 足够的，充足的；适当的，恰当的；合格的，差强人意的,,,
adjust,əˈdʒʌst,v.,v. 调整，调节；适应；使...适合；校正；解决（分歧）,,,
administration,ədˌmɪnɪˈstreɪʃn,n.,n. 管理，行政；政府，行政机构；实施，执行；（药物等的）施用，给予,,,
admire,ədˈmaɪə(r),v.,v. 欣赏，赞美；钦佩，仰慕,,,
admission,ədˈmɪʃn,n.,n. 入场费，入场券；准许进入，允许加入；承认，供认；录取，接纳,,,
admit,ədˈmɪt,v.,v. 承认，供认；准许进入，接纳；容许，允许,,,
adapt,əˈdæpt,v.,v. 适应，调整；改编，改写,,,
adopt,əˈdɒpt,v.,v. 收养（孩子）；采用，采纳；采取（态度、方法等）；正式通过或接受,,,
adult,ˈædʌlt,n.,n. 成年人，成人；adj. 成年的，成熟的；适合成年人的,,,
brace,breɪs,n.,n. 支架，固定器；一对，两个；吊带；大括号；v. 支撑，加固；使（自己）准备好，振作,,,
brain,breɪn,n.,n. 大脑，脑袋；智力，才智；聪明人，智囊；（计算机的）中央处理器,,,
branch,brɑːntʃ,n.,n. 树枝；分支，分局；学科分支；分部，支行；（政府或其他大型组织的）部门；v. 分叉；分支；扩展,,,
brand,brænd,n.,n. 商标，品牌；烙印，标记；v. 给...打烙印，标记；称...为，把...称为,,,
toss,tɒs,v.,v. 投掷，扔；猛抛，使快速移动；摇摆，颠簸；n. 投掷，抛掷,,,
total,ˈtəʊtl,adj.,adj. 全部的，总的；完全的，彻底的；n. 总数，合计；v. 总计，合计,,,
touch,tʌtʃ,v.,v. 接触，触摸；达到，碰到；触动，感动；涉及，谈及；n. 触摸，接触；少量；风格，手法；联系,,,
tough,tʌf,adj.,adj. 坚韧的，结实的；艰难的，困难的；强硬的，不妥协的；棘手的，难对付的；n. 粗暴的人，恶棍；adv. 以强硬的方式，顽强地,,,
treat,triːt,v.,v. 对待，看待；处理，治疗；款待，招待；n. 特殊的乐趣，难得的享受；治疗，疗法,,,
treaty,ˈtriːti,n.,n. 条约，协定,,,
trend,trend,n.,n. 趋势，倾向；流行，时尚；v. 趋向，倾向,,,
vice,vaɪs,n.,n. 恶习，坏习惯；罪行，邪恶；缺点，毛病；（工具）台钳；prep. 代替，取代；adj. 副的，次的,,,
vicious,ˈvɪʃəs,adj.,adj. 恶毒的，凶恶的；残酷的，凶猛的；严重的，剧烈的,,,
victim,ˈvɪktɪm,n.,n. 受害者，牺牲品；遇难者,,,
click,klɪk,v.,v. 发出喀嗒声；突然明白；n. 喀嗒声；点击（计算机用语）,,,
client,ˈklaɪənt,n.,n. 顾客，客户；委托人，当事人；客户端（计算机）,,,
cling,klɪŋ,v.,v. 紧紧抓住，紧贴；依恋，坚持,,,
close,kləʊs,adj.,adj. 近的，靠近的；亲密的，亲近的；仔细的，细致的；严密的，周密的；相似的，几乎一样的；v. 关闭，合上；结束，终止；使接近，缩小（差距）；adv. 接近地，靠近地；n. 结束，终止,,,
closet,ˈklɒzɪt,n.,n. 壁橱，衣柜；adj. 隐蔽的，秘密的；v. 把...关在小房间里,,,
code,kəʊd,n.,n. 密码，编码；法典，法规；行为准则，道德规范；（计算机）代码，程序代码；v. 编码，将...编码,,,
personal,ˈpɜːsənl,adj.,adj. 个人的，私人的；本人的，亲自的；针对个人的，直接的；个性的，具有个人特色的,,,
personality,ˌpɜːsəˈnæləti,n.,n. 个性，性格；人格，个人品质；名人，知名人士,,,
personnel,ˌpɜːsəˈnel,n.,n. 人员，员工；人事部门,,,
form,fɔːm,n.,n. 形式，外形；表格；类型，种类；形态，状态；年级，班级；惯例，格式；体育训练状态；v. 形成，构成；建立，创立；使形成，使成形；养成，培养,,,
formal,ˈfɔːml,adj.,adj. 正式的，正规的；形式的，外表的；正式的，礼仪性的；n. 正式场合，正式舞会,,,
format,ˈfɔːmæt,n.,n. 格式，形式；规格，版式；v. 格式化（计算机）；安排，设计,,,
formation,fɔːˈmeɪʃn,n.,n. 形成，构成；编队，队形；组织，团体；形成过程，形成物,,,
former,ˈfɔːmə(r),adj.,adj. 以前的，从前的；前任的，前...；n. 前者,,,
formidable,ˈfɔːmɪdəbl,adj.,adj. 令人敬畏的，可怕的；强大的，难以应付的；艰巨的，难以克服的,,,
formula,ˈfɔːmjələ,n.,n. 公式；配方；方法；配方奶粉；方程式赛车,,,
formulate,ˈfɔːmjʊleɪt,v.,v. 制定，规划；表达，阐述；系统地阐述；精确表达；构想出,,,
fortunate,ˈfɔːtʃənət,adj.,adj. 幸运的，侥幸的；幸福的，有利的,,,
fortune,ˈfɔːtʃuːn,n.,n. 财富，钱财；运气，命运；机会，前途；大量的钱，巨款,,,
guide,ɡaɪd,n.,n. 向导，导游；指南，手册；指导者，顾问；准则，指导原则；v. 引导，指导；带领，为...导游,,,
guidance,ˈɡaɪdns,n.,n. 指导，引导；指导意见，建议；指引，方向,,,
guideline,ˈɡaɪdlaɪn,n.,n. 指导方针；准则；指南,,,
guild,ɡɪld,n.,n. 行会，协会，同业公会,,,
guilt,ɡɪlt,n.,n. 内疚，罪恶感；有罪，犯罪,,,
guilty,ˈɡɪlti,adj.,adj. 有罪的，犯罪的；内疚的，愧疚的；对...负有责任的,,,
recognition,ˌrekəɡˈnɪʃn,n.,n. 认出，识别；承认，认可；表彰，褒奖；认知，识别,,,
recognize,ˈrekəɡnaɪz,v.,v. 认出，识别；承认，认可；表彰，嘉奖；意识到，认识到,,,
recognise,ˈrekəɡnaɪz,v.,v. 认出，识别；承认，认可；表彰，嘉奖；接受，认可（某事物的合法性或重要性）,,,
recommend,ˌrekəˈmend,v.,v. 建议，推荐；推荐，举荐；劝告，建议,,,
recover,rɪˈkʌvə(r),v.,v. 恢复健康；康复；重新获得；恢复；收回；找回；弥补；补偿；重新获得（控制权）；重新找到（平衡等）,,,
recovery,rɪˈkʌvəri,n.,n. 恢复，康复；复原，重新获得；经济复苏；追回，寻回,,,
recruit,rɪˈkruːt,v.,v. 招募，吸收(新成员)；招聘，雇用；n. 新兵，新成员,,,
sell,sel,v.,v. 出售，销售；说服，推销；n. 销售，销路,,,
send,send,v.,v. 发送，寄送；派遣，打发；使进入（某种状态）；传达（信息等）；n. 推力，冲力,,,
senior,ˈsiːniə(r),adj.,adj. 年长的，较年长的；地位较高的，资历较深的；高年级的；高级的，高等的；n. 年长者，长者；大学四年级学生；高年级学生,,,
smart,smɑːt,adj.,adj. 聪明的，机灵的；时髦的，漂亮的；整洁的，干净的；敏捷的，迅速的；尖锐的，剧烈的（疼痛）；v. 感到刺痛，感到疼痛；n. 聪明人，时髦人士,,,
smell,smel,n.,n. 气味，臭味；v. 闻，嗅；发出...气味；察觉，觉察,,,
soak,səʊk,v.,v. 浸泡，湿透；吸收，吸入；n. 浸泡，湿透,,,
soar,sɔː(r),v.,v. 飞翔，高飞；猛增，急剧上升；高涨，高昂,,,
sociable,ˈsəʊʃəbl,adj.,adj. 友好的，合群的；爱交际的，好社交的；善于交际的；喜欢社交的,,,
social,ˈsəʊʃl,adj.,adj. 社会的，社交的；爱交际的，善于社交的；群居的；n. 联谊会，联欢会,,,
socialism,ˈsəʊʃəlɪzəm,n.,n. 社会主义；社会主义制度；社会主义学说,,,
society,səˈsaɪəti,n.,n. 社会；社团，协会；上流社会；交际圈,,,
sociology,ˌsəʊsiˈɒlədʒi,n.,n. 社会学,,,
soluble,ˈsɒljəbl,adj.,adj. 可溶解的，可溶的；可解决的，可解的,,,
solution,səˈluːʃn,n.,n. 解决方法，办法；溶液，溶解液；解答，解决办法,,,
solve,sɒlv,v.,v. 解决（问题）；解答（难题）；破解（谜题、密码等）；解释（疑问）；解开（谜团）,,,
detach,dɪˈtætʃ,v.,v. 分离，拆开；使脱离，使分开；使不带感情，使超然,,,
detail,ˈdiːteɪl,n.,n. 细节，详情；零件，部件；v. 详细说明，详述,,,
detain,dɪˈteɪn,v.,v. 扣留，拘留；耽搁，延误,,,
perform,pəˈfɔːm,v.,v. 执行，完成；表演，演出；运转，工作；表现，实施,,,
performance,pəˈfɔːməns,n.,n. 表演，演出；性能，表现；业绩，绩效；履行，执行,,,
period,ˈpɪəriəd,n.,n. 时期，阶段；句号；课时；月经；时代；周期；adj. 时代的，历史的；adv. 句号，到此为止,,,
periodical,ˌpɪəriˈɒdɪkl,n.,n. 期刊，杂志；adj. 定期的，周期性的,,,
perish,ˈperɪʃ,v.,v. 死亡，丧生；毁灭，消亡；腐烂，枯萎,,,
perpetual,pəˈpetʃuəl,adj.,adj. 永久的，永恒的；不间断的，持续的；永久的，永恒的；不间断的，持续的；终身的，终生的,,,
perplex,pəˈpleks,v.,v. 使困惑，使费解，使复杂化,,,
perspective,pəˈspektɪv,n.,n. 观点，看法；远景，景观；透视法；透视画法,,,
pessimistic,ˌpesɪˈmɪstɪk,adj.,adj. 悲观的，不乐观的,,,
optimistic,ˌɒptɪˈmɪstɪk,adj.,adj. 乐观的，充满希望的；乐观的，积极乐观的；对...乐观的，对...抱有希望的,,,
optimum,ˈɒptɪməm,adj.,adj. 最佳的，最理想的；n. 最佳状态，最佳选择,,,
option,ˈɒpʃn,n.,n. 选择，选项；选择权；期权,,,
optional,ˈɒpʃənl,adj.,adj. 可选择的，非强制性的；随意的，自由选择的,,,
organ,ˈɔːɡən,n.,n. 器官；（管风）琴，风琴；机关，机构；报刊，杂志,,,
organic,ɔːˈɡænɪk,adj.,adj. 有机的，有机体的；有机栽培的，不使用化学制品的；有组织的，系统的；自然发生的，渐进的,,,
organism,ˈɔːɡənɪzəm,n.,n. 有机体，生物体；生物机体（尤指简单或原始的）,,,
organization,ˌɔːɡənaɪˈzeɪʃn,n.,n. 组织，机构；团体；组织，安排；体系，结构,,,
organisation,ˌɔːɡənaɪˈzeɪʃn,n.,n. 组织，机构；组织方式，安排,,,
organize,ˈɔːɡənaɪz,v.,v. 组织，安排；使有条理，整理；组建，成立（组织）,,,
organise,ˈɔːɡənaɪz,v.,v. 组织，安排；筹划，组织（活动等）；使有条理，整理；组织成立（工会等）,,,
enhance,ɪnˈhɑːns,v.,v. 提高，增强，改善；增进，加强，提升,,,
enlarge,ɪnˈlɑːdʒ,v.,v. 使扩大，使增大；详述，阐述,,,
enlighten,ɪnˈlaɪtn,v.,v. 启发，开导；给...以知识，教导；解释，说明,,,
rake,reɪk,n.,n. 耙子；耙；浪荡子；放荡的人；v. 耙；搜索；收集,,,
rare,reə(r),adj.,adj. 罕见的，稀有的；稀薄的，稀疏的；珍贵的，非常好的；半熟的（指肉类）,,,
rarely,ˈreəli,adv.,adv. 很少地，难得地；罕见地，不常地,,,
rate,reɪt,n.,n. 比率，速度；费用，价格；等级，级别；v. 评估，评价；认为，把...评为,,,
ratio,ˈreɪʃiəʊ,n.,n. 比率，比例,,,
rational,ˈræʃənl,adj.,adj. 理性的，合理的；理智的，明智的；可理解的，合乎逻辑的；n. 有理数,,,
reach,riːtʃ,v.,v. 到达，抵达；伸手，够到；达到（某个水平、阶段等）；联系到，与...取得联系；影响，波及；达成（协议等）；n. 范围，影响范围；可及的范围，达到的范围,,,
react,riˈækt,v.,v. 反应，作出反应；起化学反应；（对…）起反应，（与…）发生相互作用,,,
realistic,rɪəˈlɪstɪk,adj.,adj. 实际的，现实的，切合实际的；逼真的，写实的,,,
reality,riˈæləti,n.,n. 现实，实际；真实性，事实,,,
realize,ˈrɪəlaɪz,v.,v. 意识到，认识到；实现，使...成为现实；变卖（财产），套现,,,
realise,ˈrɪəlaɪz,v.,v. 意识到，认识到；实现，使...成为现实；变卖，出售；将...变现,,,
select,sɪˈlekt,v.,v. 选择，挑选；精选，筛选；adj. 精选的，优等的,,,
selection,sɪˈlekʃn,n.,n. 选择，挑选；选集，精选；选择过程，选拔；自然选择，天择,,,
sense,sens,n.,n. 感官；感觉；理智；意识；意义；道理；见识；判断力；v. 感觉到；意识到；理解,,,
sensation,senˈseɪʃn,n.,n. 感觉，知觉；轰动，轰动事件；感觉，感受,,,
sensible,ˈsensəbl,adj.,adj. 明智的，理智的，合理的；意识到的，能感觉到的,,,
sensitive,ˈsensətɪv,adj.,adj. 敏感的，易受伤害的；灵敏的，感觉敏锐的；敏感的，易怒的；善解人意的，体贴的；机密的，严格保密的,,,
separate,ˈseprət,adj.,adj. 分开的，单独的；不同的，各自的；v. 分开，隔开；区分，区别；分离，分解,,,
sequence,ˈsiːkwəns,n.,n. 顺序，次序；一连串，一系列；连续，序列；（电影）片段，（音乐）乐段；v. 按顺序排列，使按顺序发生,,,
serial,ˈsɪəriəl,adj.,adj. 连续的，顺序的；连载的，分期的；串行的；n. 连续剧，连载故事；串行通信,,,
series,ˈsɪəriːz,n.,n. 系列，连续；连续剧，系列节目；丛书，系列丛书；级数，数列,,,
serious,ˈsɪəriəs,adj.,adj. 严肃的，认真的；重要的，严重的；严峻的，严重的；真诚的，诚恳的,,,
toast,təʊst,n.,n. 烤面包；祝酒；受敬酒的人；成功的人或事物；v. 烤（面包等）；为...祝酒,,,
together,təˈɡeðə(r),adv.,adv. 在一起，共同；同时，一起；相互，彼此；adj. 镇定的，条理清楚的,,,
token,ˈtəʊkən,n.,n. 标志，象征；代币，筹码；表示，标志；少量；令牌，通证；adj. 象征性的，敷衍的,,,
tolerance,ˈtɒlərəns,n.,n. 宽容，容忍；耐受性，忍耐力；容许误差，公差,,,
tolerant,ˈtɒlərənt,adj.,adj. 宽容的，容忍的；能容忍的，耐受的,,,
tolerate,ˈtɒləreɪt,v.,v. 容忍，忍受；允许，认可；耐受,,,
accumulate,əˈkjuːmjəleɪt,v.,v. 积累，积聚；累积，增加,,,
accuracy,ˈækjərəsi,n.,n. 准确性，精确性；正确性,,,
accurate,ˈækjərət,adj.,adj. 准确的，精确的；正确无误的，精确的；（尤指在细节上）准确的,,,
accuse,əˈkjuːz,v.,v. 指责，控告；归咎于，指控,,,
achieve,əˈtʃiːv,v.,v. 完成，实现；达到（目标、地位等）；取得（成就），获得（成功等）,,,
acknowledge,əkˈnɒlɪdʒ,v.,v. 承认，认可；确认收到，告知收悉；表示感谢，答谢,,,
cheer,tʃɪə(r),n.,n. 欢呼，喝彩；高兴，愉快；v. 欢呼，喝彩；使高兴，使振奋；鼓励，支持,,,
chemical,ˈkemɪkl,n.,n. 化学品，化学制品；adj. 化学的，化学制品的,,,
cherish,ˈtʃerɪʃ,v.,v. 珍爱，珍惜；怀有（希望、想法等）；抱有，怀有（感情）；爱护，照顾,,,
chip,tʃɪp,n.,n. 薯片；碎片；缺口；芯片；集成电路；v. 削，凿；打碎，碎裂；捐助，捐赠（通常指少量）,,,
choice,tʃɔɪs,n.,n. 选择，挑选；选择权；可供选择的东西；选择范围；上等品，精品；adj. 上等的，优质的,,,
choose,tʃuːz,v.,v. 选择，挑选；决定，选定,,,
board,bɔːd,n.,n. 木板；木板做的东西（如黑板、告示板等）；董事会，理事会；伙食；膳宿费；部门，委员会；v. 上（船、飞机等）；寄宿；用木板覆盖,,,
boast,bəʊst,v.,v. 自夸，吹嘘；拥有（引以为豪的东西）；n. 自夸，吹牛,,,
bonus,ˈbəʊnəs,n.,n. 奖金，红利；额外津贴，意外收获；adj. 额外的，意外的,,,
boom,buːm,n.,n. 轰响，隆隆声；繁荣，兴旺；帆桁，吊杆；v. 发出轰响；迅速发展，繁荣；大声说，洪亮地说,,,
boost,buːst,v.,v. 提高，增加，促进；推动，激励；n. 提高，增加；推动力；激励，鼓舞；助推器,,,
verbal,ˈvɜːbəl,adj.,adj. 口头的，言语的；文字的，用词的；动词的，动词性的；n. 词语部分（尤指动词部分）,,,
verdict,ˈvɜːdɪkt,n.,n. 裁决，判决；定论，结论,,,
verify,ˈverɪfaɪ,v.,v. 证实，核实；验证，证明,,,
verse,vɜːs,n.,n. 诗句，韵文；（诗歌或歌曲的）节，段；（《圣经》的）节；v. 使精通，使熟悉,,,
version,ˈvɜːʃn,n.,n. 版本，形式；说法，描述；翻译；改编；v. 创作...的版本,,,
vessel,ˈvesl,n.,n. 容器，器皿；船，舰；血管,,,
acclaim,əˈkleɪm,v.,v. 赞扬，称赞；欢呼，欢迎；n. 赞扬，称赞；欢呼，欢迎,,,
accommodate,əˈkɒmədeɪt,v.,v. 容纳，为...提供住宿；适应，调节；迎合，顺应,,,
accommodation,əˌkɒməˈdeɪʃn,n.,n. 住处，住宿；适应，调节；和解，协调,,,
accommodations,əˌkɒməˈdeɪʃnz,n.,n. 住宿，住处；便利设施，设备；调节，适应,,,
accompany,əˈkʌmpəni,v.,v. 陪伴，陪同；伴随，与...同时发生；为...伴奏，为...伴唱,,,
accomplish,əˈkʌmplɪʃ,v.,v. 完成，实现；达到（目标），完成（任务）；取得成就，获得成功,,,
account,əˈkaʊnt,n.,n. 账户，账号；叙述，报告；解释，说明；v. 解释，说明；占（比例），是...的原因,,,
accountant,əˈkaʊntənt,n.,n. 会计师，会计员,,,
bias,ˈbaɪəs,n.,n. 偏见，成见；偏差，偏向；倾向性；v. 使有偏见；影响；使倾向于,,,
bid,bɪd,n.,n. 出价，投标；努力，尝试；v. 出价，投标；命令，吩咐；祝愿,,,
bill,bɪl,n.,n. 账单；法案，议案；钞票，纸币；鸟嘴，喙；海报，广告；v. 开账单，把...列入账单,,,
billion,ˈbɪljən,n.,n. 十亿；adj. 十亿的,,,
birth,bɜːθ,n.,n. 出生，诞生；出身，血统；起源，开端；v. 生（孩子），产（仔）,,,
charge,tʃɑːdʒ,n.,n. 费用，价钱；责任，职责；指控，控告；照管，看管；电荷；冲锋，进攻；v. 收费；充电；指控，控告；委托，交付；冲锋，冲向,,,
charm,tʃɑːm,n.,n. 魅力，吸引力；咒语，符咒；小饰物；v. 吸引，迷住；施魔法，念咒语,,,
chase,tʃeɪs,v.,v. 追赶，追逐；驱赶，赶走；追求，寻求；n. 追赶，追逐,,,
demand,dɪˈmɑːnd,n.,n. 要求，需要；需求，需要；v. 要求，索要；需要，必需,,,
democracy,dɪˈmɒkrəsi,n.,n. 民主；民主制；民主政体；民主国家；民主社会；民主精神；民主作风,,,
democratic,ˌdeməˈkrætɪk,adj.,adj. 民主的，民主制度的；平等的，大众的,,,
demographic,ˌdeməˈɡræfɪk,adj.,adj. 人口统计的，人口学的；n. 人口统计学；人口统计资料,,,
demonstrate,ˈdemənstreɪt,v.,v. 证明，表明；展示，演示；示威，抗议,,,
denote,dɪˈnəʊt,v.,v. 表示，指示；代表，象征,,,
denial,dɪˈnaɪəl,n.,n. 否认，否定；拒绝，拒绝承认；克制，自制,,,
deny,dɪˈnaɪ,v.,v. 否认，否定；拒绝；拒绝给予，不给；克制，抑制,,,
department,dɪˈpɑːtmənt,n.,n. 部门，科室；（政府的）部；系，院（大学里的学院）；（大商店的）部,,,
depend,dɪˈpend,vi.,vi. 取决于，依赖于；信赖，相信,,,
dependent,dɪˈpendənt,adj.,adj. 依赖的，依靠的；附属的，从属的；n. 受赡养者，受扶养者,,,
deposit,dɪˈpɒzɪt,n.,n. 存款，押金；沉淀物，沉积物；矿床，矿藏；v. 存放，存储；使沉淀，使沉积,,,
depress,dɪˈpres,v.,v. 使沮丧，使消沉；使降低，压低；压制，镇压；使萧条,,,
emerge,ɪˈmɜːdʒ,v.,v. 浮现，出现；显露，暴露；兴起，形成,,,
emergency,ɪˈmɜːdʒənsi,n.,n. 紧急情况，突发事件；adj. 紧急的，应急的,,,
eminent,ˈemɪnənt,adj.,adj. 杰出的，著名的；突出的，显著的,,,
emotion,ɪˈməʊʃn,n.,n. 情感，感情；激动，激情,,,
fear,fɪə(r),n.,n. 恐惧，害怕；担心，忧虑；v. 害怕，畏惧；担心，忧虑,,,
fearful,ˈfɪəfl,adj.,adj. 害怕的，恐惧的；可怕的，令人害怕的；极度的，非常的,,,
feature,ˈfiːtʃə(r),n.,n. 特征，特点；容貌的一部分，五官；特写，专题报道；v. 以...为特色，以...为特征；起重要作用，占重要地位,,,
federal,ˈfedərəl,adj.,adj. 联邦的，联邦政府的；（国家或组织）联邦制的，联邦政体的,,,
federation,ˌfedəˈreɪʃn,n.,n. 联邦；联盟；联合会,,,
feed,fiːd,v.,v. 给...喂食；饲养；供给；提供；满足；填补；n. 饲料；食物；新闻来源；信息源,,,
feedback,ˈfiːdbæk,n.,n. 反馈，意见；回授，反馈作用,,,
feeling,ˈfiːlɪŋ,n.,n. 感觉，感受；情感，心情；直觉，直感；态度，观点；adj. 有感觉的，敏感的；富有同情心的；v. 感觉，触摸,,,
fertile,ˈfɜːtaɪl,adj.,adj. 肥沃的，富饶的；多产的，富有成效的；富有想象力的，创造性的,,,
goal,ɡəʊl,n.,n. 目标，目的；进球，得分；球门,,,
goods,ɡʊdz,n.,n. 商品，货物；财物，动产,,,
govern,ˈɡʌvən,v.,v. 统治，管理；支配，控制；决定，左右；规定，确定,,,
government,ˈɡʌvənmənt,n.,n. 政府；政体；管理；统治；管辖；政权,,,
governor,ˈɡʌvənə(r),n.,n. 州长，省长；总督，地方长官；管理者，主管；调节器，控制器,,,
gradual,ˈɡrædʒuəl,adj.,adj. 逐渐的，渐进的,,,
graduate,ˈɡrædʒueɪt,n.,n. 毕业生；v. 毕业；逐渐变化，逐渐过渡；adj. 研究生的，毕业的,,,
grand,ɡrænd,adj.,adj. 宏伟的，壮丽的；重要的，主要的；豪华的，高贵的；令人愉快的，极好的；n. 一千美元，一千英镑；（钢琴）大钢琴,,,
grant,ɡrɑːnt,v.,v. 授予，给予；承认，同意；n. 补助金，拨款,,,
heap,hiːp,n.,n. 堆，大量；杂乱的一堆，混乱；v. 堆积，堆放；大量给予，堆积（称赞、责备等）,,,
heal,hiːl,v.,v. (使)痊愈，(使)康复；消除分歧，化解矛盾,,,
health,helθ,n.,n. 健康，身体状况；卫生，保健,,,
healthy,ˈhelθi,adj.,adj. 健康的，身体好的；有益健康的；正常的，良好的；健全的，强壮的；繁荣的，兴旺的,,,
hesitate,ˈhezɪteɪt,v.,v. 犹豫，踌躇；迟疑，顾虑,,,
highlight,ˈhaɪlaɪt,n.,n. 最精彩的部分，最突出的事件；突出显示的文字；v. 突出，强调；用荧光笔等标出重点,,,
highly,ˈhaɪli,adv.,adv. 非常，很；高度地，非常地,,,
immediate,ɪˈmiːdiət,adj.,adj. 立即的，即刻的；直接的，最接近的；紧迫的，急需处理的；当前的，目前的；最近的，最接近的（在时间或空间上）,,,
immense,ɪˈmens,adj.,adj. 巨大的，极大的；无限的，无边无际的；极好的，非常棒的,,,
immerse,ɪˈmɜːs,v.,v. 使浸入，使沉浸；使专心投入，使全神贯注,,,
immigrant,ˈɪmɪɡrənt,n.,n. 移民，外来移民；adj. 移民的，外来移民的,,,
imminent,ˈɪmɪnənt,adj.,adj. 即将发生的，逼近的,,,
immune,ɪˈmjuːn,adj.,adj. 免疫的，有免疫力的；不受影响的，豁免的；免除的，免于……的,,,
likely,ˈlaɪkli,adj.,adj. 可能的，有希望的；合适的，恰当的；adv. 可能，大概,,,
likelihood,ˈlaɪklihʊd,n.,n. 可能性，可能；可能性，概率,,,
likewise,ˈlaɪkwaɪz,adv.,adv. 同样地，也；同样地，类似地,,,
self,self,n.,n. 自我，自己；pron. 自己，本人；adj. 同一的，相同的,,,
selfish,ˈselfɪʃ,adj.,adj. 自私的，利己的，只顾自己的,,,
beam,biːm,n.,n. 梁，横梁；光线，光束；笑容，喜悦的表情；v. 发出光线，发射；笑容满面，喜形于色,,,
become,bɪˈkʌm,v.,v. 变成，成为；开始是，变得；适合，相称,,,
deprive,dɪˈpraɪv,v.,v. 剥夺，使丧失,,,
derive,dɪˈraɪv,v.,v. 得到，获得；起源于，源于；推断，演绎,,,
describe,dɪˈskraɪb,v.,v. 描述，描写；表述，阐明；画出…的图形,,,
description,dɪˈskrɪpʃn,n.,n. 描述，叙述；描写，形容；说明，解释,,,
deserve,dɪˈzɜːv,v.,v. 应得，值得,,,
design,dɪˈzaɪn,n.,n. 设计，设计图；图案，花样；计划，目的，意图；v. 设计，绘制；计划，打算,,,
designate,ˈdezɪɡneɪt,v.,v. 指定，指派，任命；标示，表明，象征；adj. 指定的，被任命的,,,
desirable,dɪˈzaɪərəbl,adj.,adj. 令人向往的，值得拥有的；可取的，适宜的,,,
desire,dɪˈzaɪə(r),n.,n. 欲望，渴望；愿望，心愿；v. 渴望，想要；希望得到，要求,,,
flaw,flɔː,n.,n. 缺点，瑕疵；裂缝，裂痕；v. 使有缺陷，使有瑕疵,,,
flexible,ˈfleksəbl,adj.,adj. 易弯曲的，柔韧的；灵活的，可变通的,,,
fling,flɪŋ,v.,v. 猛扔，用力抛掷；急冲，快速移动；n. 短暂的尽情欢乐；放纵；(苏格兰舞蹈中的)快步舞,,,
flourish,ˈflʌrɪʃ,v.,v. 繁荣，兴旺；茁壮成长；挥舞，夸耀地展示；n. 华丽的装饰，花样；繁荣，兴旺,,,
grow,ɡrəʊ,v.,v. 生长，发育；种植，栽培；变得，成为；增长，增加；逐渐形成，产生,,,
grown-up,ˈɡrəʊn ʌp,adj.,adj. 成年的，成熟的；n. 成年人，大人,,,
growth,grəʊθ,n.,n. 增长，生长；发展；增长物，生长物；肿瘤,,,
hinder,ˈhɪndə(r),v.,v. 阻碍，妨碍；adj. 后面的，后部的,,,
hint,hɪnt,n.,n. 暗示，提示；v. 暗示，示意,,,
hitherto,ˌhɪðəˈtuː,adv.,adv. 迄今为止，至今,,,
impact,ˈɪmpækt,n.,n. 影响，作用；冲击，撞击；v. 影响；对...产生影响；撞击；冲击,,,
impair,ɪmˈpeə(r),v.,v. 损害，削弱，降低,,,
impart,ɪmˈpɑːt,v.,v. 传授，给予（知识、信息等）；赋予，给予（特性、品质等）,,,
implement,ˈɪmplɪment,v.,v. 实施，执行；贯彻，落实；n. 工具，器具,,,
implication,ˌɪmplɪˈkeɪʃn,n.,n. 暗示，含意；可能的后果，影响；牵连，涉及；推论，推理,,,
implicit,ɪmˈplɪsɪt,adj.,adj. 含蓄的，隐含的，未明确说明的,,,
imply,ɪmˈplaɪ,v.,v. 暗示，暗指；意味着，说明,,,
import,ɪmˈpɔːt,v.,v. 进口，输入；引进，引入；n. 进口，输入；进口商品；重要性，意义,,,
importance,ɪmˈpɔːtns,n.,n. 重要性，重大；重要的事物，要务,,,
important,ɪmˈpɔːtnt,adj.,adj. 重要的，重大的；有影响力的，显要的,,,
impose,ɪmˈpəʊz,v.,v. 强加，强制实行；征收（税款等）；利用（影响力等）；欺骗，利用,,,
impress,ɪmˈpres,v.,v. 给...留下深刻印象，使钦佩；印，盖印；使铭记；征用；强征,,,
impression,ɪmˈpreʃn,n.,n. 印象，感想；印记，压痕；影响，效果；印数，印张,,,
impressive,ɪmˈpresɪv,adj.,adj. 令人印象深刻的，使人赞叹的；令人敬畏的，令人敬佩的,,,
improve,ɪmˈpruːv,v.,v. 改善，改进，提高；改良（土地等），使更有价值,,,
impulse,ˈɪmpʌls,n.,n. 冲动，冲力；突然的欲望；推动力；刺激；脉冲,,,
limit,ˈlɪmɪt,n.,n. 限制，限度；界限，边界；极限；限量；v. 限制，限定,,,
limitation,ˌlɪmɪˈteɪʃn,n.,n. 限制，局限性；限制因素，限度；缺点，弱点；法律限制，法定期限,,,
limited,ˈlɪmɪtɪd,adj.,adj. 有限的，不多的；受限制的，被限定的；v. 限制，限定（limit的过去式和过去分词）,,,
origin,ˈɒrɪdʒɪn,n.,n. 起源，由来；出身，血统；起点，原点；源头，根源,,,
original,əˈrɪdʒənl,adj.,adj. 原始的，最初的；原创的，独创的；独特的，新颖的；原版的，正品的；n. 原件，原作；原型，模型；（人的）怪人，奇才,,,
originate,əˈrɪdʒɪneɪt,v.,v. 起源于，发源于；创始，创造,,,
petition,pəˈtɪʃn,n.,n. 请愿书，申请书；请愿，申请；v. 请愿，请求,,,
phase,feɪz,n.,n. 阶段，时期；月相，相位；v. 分阶段进行，逐步实施,,,
phenomenon,fəˈnɒmɪnən,n.,n. 现象；奇观；特殊事物,,,
philosopher,fɪˈlɒsəfə(r),n.,n. 哲学家；思想家；善于思考的人,,,
philosophy,fɪˈlɒsəfi,n.,n. 哲学；人生哲学，处世态度；（某一学科或活动的）原理，方法；冷静，镇定,,,
phrase,freɪz,n.,n. 短语，词组；乐句，乐节；v. 措辞，用语言表达,,,
physical,ˈfɪzɪkl,adj.,adj. 身体的，肉体的；物质的，有形的；物理的；自然的，自然界的；暴力的，粗暴的,,,
physician,fɪˈzɪʃn,n.,n. 医生，内科医生,,,
pierce,pɪəs,v.,v. 刺穿，穿透；洞察，看透；刺痛，使...心痛,,,
corporate,ˈkɔːpərət,adj.,adj. 公司的，企业的；法人的，社团的；共同的，全体的,,,
corporation,ˌkɔːpəˈreɪʃn,n.,n. 公司，法人团体；大型企业；企业集团,,,
reason,ˈriːzn,n.,n. 理由，原因；道理，情理；理性，理智；v. 推理，思考,,,
reasonable,ˈriːznəbl,adj.,adj. 合理的，有道理的；公道的，公平的；明智的，理智的；适度的，不过分的,,,
recent,ˈriːsnt,adj.,adj. 最近的，近期的；新近的，新出现的,,,
serve,sɜːv,v.,v. 服务，为...服务；供应（食物、饮料等）；担任，服役；适合，满足...的需要；发球（网球等运动中）；（食物）足够...人吃；服刑；送达（法律文书）；有用，有益；n. （网球等运动中的）发球,,,
servant,ˈsɜːvənt,n.,n. 仆人，佣人；公务员，政府雇员,,,
service,ˈsɜːvɪs,n.,n. 服务；服务业；公共设施；公共事业；维修，保养；部门，机构；军队，兵役；v. 维修，保养；为...提供服务,,,
set,set,v.,v. 放置，安置；使处于某种状态；设置，调整；落山（指太阳）；凝固，凝结；n. 一套，一组；装置，设备；背景，布景；集合；adj. 固定的，规定的；准备好的，处于某种状态的,,,
setback,ˈsetbæk,n.,n. 挫折，阻碍；倒退，退步；建筑物的后退距离,,,
setting,ˈsetɪŋ,n.,n. 环境，背景；设置，调整；场景，布景；镶嵌，固定物；v. 设置，调整；安排，布置,,,
settle,ˈsetl,v.,v. 安顿，定居；解决，处理；平静下来；安置，安排；支付，结算；沉降，沉淀；n. 长凳,,,
settlement,ˈsetlmənt,n.,n. 解决，和解；协议，协定；定居点，聚居地；结算，清算；殖民地,,,
several,ˈsevrəl,adj.,adj. 几个的，数个的；各自的，分别的；pron. 几个，数个,,,
severe,sɪˈvɪə(r),adj.,adj. 严重的，严峻的；严厉的，严格的；剧烈的，猛烈的；朴素的，简朴的,,,
shape,ʃeɪp,n.,n. 形状，外形；状态，情况；体型，身材；v. 塑造，使成形；影响，决定；使适合，使符合,,,
share,ʃeə(r),n.,n. 份额，股份；一份，一部分；股票；v. 分享，共享；分配，分摊；共同承担,,,
sharp,ʃɑːp,adj.,adj. 锋利的，尖锐的；清晰的，明确的；敏锐的，机智的；突然的，急剧的；刺耳的，尖厉的；严厉的，刻薄的；adv. 准时地；突然地；锐利地；n. 尖锐的声音；升半音；v. 使锋利；使敏锐；变得尖锐,,,
shelter,ˈʃeltə(r),n.,n. 庇护所，避难所；遮蔽物，掩蔽处；庇护，保护；v. 庇护，保护；躲避，避难,,,
sophisticated,səˈfɪstɪkeɪtɪd,adj.,adj. 复杂的，先进的；见多识广的，老练的；精致的，考究的；深奥的，高级的,,,
sovereign,ˈsɒvrɪn,adj.,adj. 最高的，至高无上的；独立自主的；n. 君主，元首；金币,,,
sow,səʊ,v.,v. 播种，种植；散布，传播（谣言、恐惧等）；n. 母猪,,,
toll,təʊl,n.,n. 通行费，过路费；伤亡人数，损失；钟声；v. 敲响，鸣（钟）；征收（费用）,,,
tone,təʊn,n.,n. 音调；语气；色调；基调；风格；气氛；音色；音质；腔调；v. 使色调协调；使更健康；增强,,,
topic,ˈtɒpɪk,n.,n. 主题，话题；论题，议题,,,
brisk,brɪsk,adj.,adj. 轻快的，生气勃勃的；（天气）清新的，凉爽的；（生意）兴隆的，繁忙的；（行动）敏捷的，干脆利落的；v. 使...活跃，使...生机勃勃,,,
brief,briːf,adj.,adj. 简短的，简洁的；短暂的，暂时的；n. 摘要，简报；指示，命令；v. 向...简要介绍，向...简报,,,
browse,braʊz,v.,v. 浏览，随意翻阅；(动物)吃(草等)；n. 浏览，随意翻阅,,,
aggravate,ˈæɡrəveɪt,v.,v. 使恶化，使加重；激怒，惹恼,,,
aggregate,ˈæɡrɪɡət,n.,n. 总计，合计；集合体；adj. 总计的，合计的；集合的；v. 集合，聚集；总计，合计,,,
aggressive,əˈɡresɪv,adj.,adj. 好斗的，挑衅的；气势汹汹的；积极进取的，有进取心的；强有力的，强烈的,,,
agitate,ˈædʒɪteɪt,v.,v. 使焦虑不安，使烦恼；煽动，鼓动；搅动，震动,,,
agreeable,əˈɡriːəbl,adj.,adj. 令人愉快的，宜人的；赞同的，同意的；和蔼可亲的，随和的,,,
aid,eɪd,n.,n. 帮助，援助；辅助物，辅助手段；v. 帮助，援助；促进，有助于,,,
aim,eɪm,n.,n. 目标；目的；意图；v. 瞄准；对准；把...对准；致力于；力求；旨在,,,
alarm,əˈlɑːm,n.,n. 警报，警报器；惊恐，担忧；闹钟；v. 使惊恐，使担忧,,,
alien,ˈeɪliən,adj.,adj. 外国的，异国的；陌生的，不熟悉的；不相容的，格格不入的；n. 外国人，外侨；外星人；v. 疏远，离间,,,
alienate,ˈeɪliəneɪt,v.,v. 使疏远，使离间；使异化，使脱离,,,
allocate,ˈæləkeɪt,v.,v. 分配，分派；拨给，划拨（资金、时间等）,,,
allow,əˈlaʊ,v.,v. 允许，准许；承认，认可；给予，提供,,,
alter,ˈɔːltə(r),v.,v. 改变，更改；改变，修改（尤指衣服使更合身）,,,
alternate,ˈɔːltəneɪt,adj.,adj. 交替的，轮流的；间隔的，每隔...的；v. 交替，轮流；交替使用，交替出现；n. 替代品，备用物,,,
alternative,ɔːlˈtɜːnətɪv,adj.,adj. 可供选择的，备选的；非传统的，另类的；n. 选择，替代品；另类选择，非传统选择,,,
comparable,ˈkɒmpərəbl,adj.,adj. 可比较的，类似的；可相比的，相当的，可比拟的,,,
comparative,kəmˈpærətɪv,adj.,adj. 比较的，相对的；比较级的；n. 比较级,,,
compare,kəmˈpeə(r),v.,v. 比较，对比；相比，比得上；n. 比较，对比,,,
comparison,kəmˈpærɪsn,n.,n. 比较，对比；比较结果，相似之处；比喻，类比,,,
compel,kəmˈpel,v.,v. 强迫，迫使；促使，引起,,,
compensate,ˈkɒmpenseɪt,v.,v. 补偿，赔偿；弥补；补偿，抵消,,,
compete,kəmˈpiːt,v.,v. 竞争，比赛；争夺，对抗；参与竞争,,,
competition,ˌkɒmpəˈtɪʃn,n.,n. 竞争，比赛；竞争对手，竞争者,,,
competitive,kəmˈpetətɪv,adj.,adj. 竞争的，比赛的；有竞争力的，能竞争的；competitive销售的，价格等有竞争力的,,,
competent,ˈkɒmpɪtənt,adj.,adj. 有能力的，称职的；胜任的，有资格的；足够好的，尚可的,,,
compile,kəmˈpaɪl,v.,v. 编译，编制，汇编；收集并整理（信息、统计数据等）,,,
complain,kəmˈpleɪn,v.,v. 抱怨，发牢骚；投诉，控告,,,
complaint,kəmˈpleɪnt,n.,n. 抱怨，诉苦；投诉，控告；疾病，病痛,,,
complement,ˈkɒmplɪment,n.,n. 补充物，补足物；全套，全体；补角；余角；v. 补充，补足；使完美，使完整,,,
complete,kəmˈpliːt,adj.,adj. 完整的，完全的；彻底的，十足的；v. 完成，结束；使完善，使完备,,,
complex,ˈkɒmpleks,adj.,adj. 复杂的，错综复杂的；复合的，综合的；n. 复合体，综合体；情结，情绪障碍,,,
complicate,ˈkɒmplɪkeɪt,v.,v. 使复杂化，使难懂；使复杂化，使难懂；使(情况)恶化，使(问题)更难解决,,,
complicated,ˈkɒmplɪkeɪtɪd,adj.,adj. 复杂的，难懂的；错综复杂的，难处理的,,,
comply,kəmˈplaɪ,v.,v. 遵守，服从；同意，顺从,,,
compliment,ˈkɒmplɪmənt,n.,n. 赞美，称赞；敬意，问候；v. 赞美，称赞；恭维，奉承,,,
differ,ˈdɪfə(r),vi.,vi. 不同，相异；持不同意见，不同意,,,
difference,ˈdɪfərəns,n.,n. 不同，差异；差额，差距；分歧，争议；特点，特征,,,
diffuse,dɪˈfjuːs,v.,v. 传播，散布；使扩散，使弥漫；adj. 弥漫的，分散的；冗长的，啰嗦的,,,
emphasis,ˈemfəsɪs,n.,n. 强调，重视；重点，重要性；（说话时的）强调，重读,,,
emphasize,ˈemfəsaɪz,v.,v. 强调，着重；重视，突出,,,
emphasise,ˈemfəsaɪz,v.,v. 强调，着重；加强，使突出,,,
employ,ɪmˈplɔɪ,v.,v. 雇用，聘用；使用，利用；运用（技能、方法等）,,,
employee,ɪmˈplɔɪiː,n.,n. 雇员，职工,,,
employer,ɪmˈplɔɪə(r),n.,n. 雇主，老板,,,
employment,ɪmˈplɔɪmənt,n.,n. 雇用，就业；使用，运用,,,
enable,ɪˈneɪbl,v.,v. 使能够，使可能；授权，赋予权力；启用，激活,,,
encounter,ɪnˈkaʊntə(r),v.,v. 遇到，遭遇；遭遇（困难、问题等）；n. 相遇，邂逅；冲突，遭遇战,,,
encourage,ɪnˈkʌrɪdʒ,v.,v. 鼓励，激励；支持，促进；鼓励，促进（某事发生）；增进，助长,,,
end,end,n.,n. 末端，尽头；结束，终点；v. 结束，终止；adj. 最后的，末端的,,,
endeavour,ɪnˈdevə(r),n.,n. 努力，尝试；v. 努力，尽力,,,
endeavor,ɪnˈdevə(r),n.,n. 努力，尝试；v. 努力，尽力；试图，力图,,,
endorse,ɪnˈdɔːs,v.,v. 赞同，支持；在支票背面签名；为...作宣传，代言；在文件上签名（表示正式批准）,,,
indicate,ˈɪndɪkeɪt,v.,v. 表明，暗示；指出，指示；显示，标示；预示，预兆,,,
indication,ˌɪndɪˈkeɪʃn,n.,n. 迹象，表示；标示，指示；暗示，暗示性的东西,,,
indicative,ɪnˈdɪkətɪv,adj.,adj. 表明的，指示的；标示的，象征性的；预示的，暗示的,,,
outrage,ˈaʊtreɪdʒ,n.,n. 暴行，骇人听闻的事；愤怒，义愤；v. 激怒，触犯,,,
outset,ˈaʊtset,n.,n. 开始，起初,,,
outside,ˌaʊtˈsaɪd,n.,n. 外面，外部；adj. 外面的，外部的；adv. 在外面，向外面；prep. 在...外面,,,
outward,ˈaʊtwəd,adj.,adj. 外表的，表面的；向外的，外出的；adv. 向外地，在外；表面上,,,
special,ˈspeʃl,adj.,adj. 特别的，特殊的；专门的，特设的；特派的，特命的；格外的，额外的；专门的，特定的；特有的，独特的；n. 特别的人（或事物）；特价商品，特色菜,,,
specialist,ˈspeʃəlɪst,n.,n. 专家，专科医生；adj. 专门的，专科的,,,
specialize,ˈspeʃəlaɪz,v.,v. 专攻，专门研究；专门从事，专门生产,,,
specialise,ˈspeʃəlaɪz,v.,v. 专攻，专门研究；专门从事,,,
specialty,ˈspeʃəlti,n.,n. 专长，特长；专业；特产,,,
speciality,ˌspeʃiˈæləti,n.,n. 专长，特长；特产，特色菜；专门领域，专业,,,
species,ˈspiːʃiːz,n.,n. 物种，种；种类，类型,,,
specific,spəˈsɪfɪk,adj.,adj. 具体的，明确的；特定的，特有的；特殊的，独特的；明确的，详细的,,,
specification,ˌspesɪfɪˈkeɪʃn,n.,n. 规格，说明书；详细说明，具体要求,,,
specify,ˈspesɪfaɪ,v.,v. 明确说明，具体指定；详细说明，详述,,,
speculate,ˈspekjuleɪt,v.,v. 推测，猜测；投机；炒作,,,
shadow,ˈʃædəʊ,n.,n. 阴影；影子；阴暗处；荫；跟踪者；形影不离的人；v. 跟踪；尾随；遮蔽；使阴暗,,,
shade,ʃeɪd,n.,n. 阴凉处；阴影；遮阳物；色度；浓淡；细微差别；幽灵；鬼魂；v. 遮蔽；遮挡；为...遮阳；使阴暗；使微妙地变化；略微改变,,,
sort,sɔːt,n.,n. 种类，类型；v. 分类，整理；排序；处理，解决,,,
soul,səʊl,n.,n. 灵魂，心灵；人，个人；精神，品质；灵魂乐,,,
sound,saʊnd,n.,n. 声音；响声；v. 发出声音；听起来；adj. 健全的；合理的；深沉的（睡眠）；adv. 彻底地；深深地,,,
sour,saʊə(r),adj.,adj. 酸的，有酸味的；酸涩的，不愉快的；脾气坏的，愠怒的；失败的，不成功的；v. 变酸，使变酸；变坏，恶化；n. 酸味，酸的东西,,,
source,sɔːs,n.,n. 来源，源头；原因，根源；资料来源，消息来源；水源，电源；v. 获得，采购,,,
advance,ədˈvɑːns,n.,n. 前进，进展；预付款，预支；进步，发展；预付款，预支；预告，预报；v. 前进，向前移动；促进，推进；提出，提供；预付，预支；adj. 预先的，事先的,,,
advanced,ədˈvɑːnst,adj.,adj. 先进的，高级的；高度发展的，高等的；（时间）提前的，早的；v. 推进，促进；前进，向前移动,,,
advantage,ədˈvɑːntɪdʒ,n.,n. 优势，有利条件；优势，有利条件；利益，好处,,,
advice,ədˈvaɪs,n.,n. 建议，忠告，意见,,,
advise,ədˈvaɪz,v.,v. 建议，劝告；通知，告知；提供咨询,,,
advisable,ədˈvaɪzəbl,adj.,adj. 明智的，可取的，适当的,,,
advocate,ˈædvəkət,n.,n. 支持者，拥护者，提倡者；辩护律师，辩护人；v. 支持，提倡，主张,,,
aesthetic,esˈθetɪk,adj.,adj. 美学的，审美的；具有审美价值的，美观的；n. 美学，审美观,,,
esthetic,esˈθetɪk,adj.,adj. 审美的，美学的；美的，优美的；n. 美学，审美观,,,
affair,əˈfeə(r),n.,n. 事情，事务；事件，事变；私通关系，婚外情,,,
affect,əˈfekt,v.,v. 影响，作用于；感染，使患病；使感动，打动；假装，装作；n. 情感，感情,,,
affection,əˈfekʃn,n.,n. 喜爱，钟爱；感情，情感；疾病，病症,,,
affiliate,əˈfɪliət,n.,n. 附属机构，分支机构；会员，成员；v. 使附属于，使成为会员；加入，加盟；adj. 附属的，从属的,,,
affirm,əˈfɜːm,v.,v. 肯定，断言；确认，证实；申明，宣称；支持，赞同,,,
afford,əˈfɔːd,v.,v. 负担得起，买得起；提供，给予；承担得起（后果等）,,,
breach,briːtʃ,n.,n. 违反，违背；缺口，裂缝；破裂，决口；破坏（关系等）；v. 违反，违背；破坏，攻破,,,
break,breɪk,v.,v. 打破，折断；中断，打断；违反，违背；打碎（常指心灵或精神）；破坏，粉碎；n. 休息，间歇；裂缝，裂口,,,
breakdown,ˈbreɪkdaʊn,n.,n. 故障，损坏；崩溃，衰弱；分类，细目；分解，分析,,,
breed,briːd,n.,n. 品种，种类；血统，家族；v. 繁殖，生育；培育，饲养；引起，产生,,,
brevity,ˈbrevəti,n.,n. 简洁，简短，简明,,,
coincide,ˌkəʊɪnˈsaɪd,v.,v. 同时发生，同时存在；一致，符合；重叠，相吻合,,,
collapse,kəˈlæps,v.,v. 倒塌，崩溃；突然失败，垮台；（价格、货币等）暴跌；n. 倒塌，崩溃；突然失败，垮台,,,
colleague,ˈkɒliːɡ,n.,n. 同事，同僚，同行,,,
collect,kəˈlekt,v.,v. 收集，搜集；聚集，集合；领取，接收；镇定，使平静,,,
collection,kəˈlekʃn,n.,n. 收藏品，收藏物；收集，采集；收藏，收集品；募捐，募集；收款，收账；聚集，聚集物,,,
collective,kəˈlektɪv,adj.,adj. 集体的，共同的；集合的，聚集的；n. 集体，集团,,,
collide,kəˈlaɪd,v.,v. （移动的物体）相撞，碰撞；（观点、利益等）冲突，抵触,,,
column,ˈkɒləm,n.,n. 柱，圆柱；列，纵行；专栏，专栏文章；纵队，纵列,,,
combat,ˈkɒmbæt,n.,n. 战斗，格斗；v. 与…战斗，与…斗争；adj. 战斗的，战斗用的,,,
combine,kəmˈbaɪn,v.,v. 结合，联合；混合，组合；兼有，兼备；n. 联合收割机,,,
command,kəˈmɑːnd,n.,n. 命令，指令；控制，支配；掌握，精通；v. 命令，指挥；控制，支配；值得，应得,,,
commend,kəˈmend,v.,v. 称赞，表扬；推荐，举荐；托付，委托,,,
comment,ˈkɒment,n.,n. 评论，意见；v. 评论，发表意见,,,
commerce,ˈkɒmɜːs,n.,n. 商业，贸易；商业活动,,,
commercial,kəˈmɜːʃl,adj.,adj. 商业的，贸易的；商业化的，营利性的；商品化的，以营利为目的的；n. 商业广告；商业节目,,,
commission,kəˈmɪʃn,n.,n. 佣金，手续费；委员会；委任，委任状；委托；犯罪行为；v. 委任，委托；使服役,,,
commit,kəˈmɪt,v.,v. 犯（罪）、做（错事）；承诺，保证；把...交托给，委托；使...承担义务，使...受约束,,,
committee,kəˈmɪti,n.,n. 委员会，全体委员,,,
commodity,kəˈmɒdəti,n.,n. 商品，货物；日用品，必需品；有价值或有用的东西,,,
common,ˈkɒmən,adj.,adj. 普通的，常见的；共同的，共有的；普遍的，一般的；平凡的，普通的；n. 公地，公共场所,,,
communicate,kəˈmjuːnɪkeɪt,v.,v. 传达，传递（信息、想法等）；交流，沟通；传播，传染（疾病等）；连接，相通,,,
communication,kəˌmjuːnɪˈkeɪʃn,n.,n. 交流，沟通；通讯，通信；传达，传播；交通，通行；（正式的）通知，公告,,,
communism,ˈkɒmjʊnɪzəm,n.,n. 共产主义，共产主义制度,,,
community,kəˈmjuːnəti,n.,n. 社区，社会；团体，界；共同体，共同性；群落，群体,,,
detect,dɪˈtekt,v.,v. 发现，察觉；检测，探测,,,
deter,dɪˈtɜː(r),v.,v. 阻止，制止；威慑，使望而却步,,,
deteriorate,dɪˈtɪəriəreɪt,v.,v. 恶化，变坏,,,
determine,dɪˈtɜːmɪn,v.,v. 确定，查明；决定，决心；决定，控制；查明，确定；使下定决心,,,
develop,dɪˈveləp,v.,v. 发展，形成；开发，研制；患(病)；显现，呈现；使...显影；冲洗(照片)；详细阐述,,,
device,dɪˈvaɪs,n.,n. 装置，设备；方法，手段，计谋,,,
devise,dɪˈvaɪz,v.,v. 设计，发明，策划,,,
ensure,ɪnˈʃɔː(r),v.,v. 确保，保证；确保，保证；使确实发生,,,
entail,ɪnˈteɪl,v.,v. 使必要；需要；牵涉；包含,,,
indeed,ɪnˈdiːd,adv.,adv. 确实，的确，实在；事实上，实际上；interj. 真的吗？，是吗？（表示惊讶或询问）,,,
independence,ˌɪndɪˈpendəns,n.,n. 独立，自主；独立性，自主性；独立国家，独立地位,,,
independent,ˌɪndɪˈpendənt,adj.,adj. 独立的，自主的；不受影响的，不相关的；独立思考的，有主见的；n. 独立自主的人，独立派,,,
index,ˈɪndeks,n.,n. 索引，目录；指数，指标；v. 为...编索引；使...指数化,,,
mere,mɪə(r),adj.,adj. 仅仅的，只不过的；纯粹的，完全的,,,
merely,ˈmɪəli,adv.,adv. 仅仅，只不过,,,
plausible,ˈplɔːzəbl,adj.,adj. 貌似真实的，貌似有理的，似乎可信的,,,
plea,pliː,n.,n. 恳求，请求；辩护，抗辩；借口，理由,,,
plead,pliːd,v.,v. 恳求，请求；辩护，申辩；提出（理由）作为借口或辩解,,,
plot,plɒt,n.,n. 情节；故事情节；阴谋；密谋；小块土地；地块；图表；曲线图；v. 密谋；策划；绘制...图表；标绘；标出...的位置；绘制...的平面图,,,
policy,ˈpɒləsi,n.,n. 政策，方针；保险单,,,
polite,pəˈlaɪt,adj.,adj. 有礼貌的，客气的，文明的；礼节性的，客套的,,,
political,pəˈlɪtɪkl,adj.,adj. 政治的，政治上的；政党的，党派的；政治性的，涉及政治的；权力斗争的，谋略的,,,
politician,ˌpɒlɪˈtɪʃn,n.,n. 政治家，政客,,,
politics,ˈpɒlətɪks,n.,n. 政治，政治学；政治活动，政治生涯；政见，政纲；权术，手腕,,,
poll,pəʊl,n.,n. 民意测验，民意调查；投票，选举；v. 进行民意调查；获得（票数）,,,
ponder,ˈpɒndə(r),v.,v. 仔细考虑，沉思，思索,,,
choke,tʃəʊk,v.,v. 窒息，噎住；阻塞，堵塞；抑制，压制；使…失败；n. 窒息，噎住；阻塞物,,,
chop,tʃɒp,v.,v. 砍，劈，切碎；突然改变，突然转向；n. 排骨，肉排,,,
circumstance,ˈsɜːkəmstəns,n.,n. 情况，环境；条件，状况；(尤指)经济状况；事件，事实,,,
cite,saɪt,v.,v. 引用，引证；提及，举例；传唤，传讯,,,
claim,kleɪm,n.,n. 声称，断言；要求，索赔；权利，所有权；v. 声称，断言；要求，索取；夺取，获得；引起（注意、兴趣等）,,,
clear,klɪə(r),adj.,adj. 清楚的，明白的；清晰的，透明的；晴朗的；清白的，无辜的；畅通的，无阻碍的；v. 清除，清理；澄清，使明白；adv. 清楚地，完全地,,,
border,ˈbɔːdə(r),n.,n. 边境，国界；边缘，边界；装饰边，边饰；v. 与...接壤，毗邻,,,
bore,bɔː(r),v.,v. 使厌烦，使烦恼；钻孔，挖洞；n. 令人厌烦的人或事物；孔，洞；内径，口径,,,
born,bɔːn,adj.,adj. 出生的，天生的；v. 出生，诞生（be born的过去分词）,,,
bother,ˈbɒðə(r),v.,v. 打扰，烦扰；麻烦，费心；n. 麻烦，烦恼,,,
acquire,əˈkwaɪə(r),v.,v. 获得，取得；习得，学到（知识、技能等）；购置，收购（公司等）,,,
acquisition,ˌækwɪˈzɪʃn,n.,n. 获得，习得；收购，购置,,,
act,ækt,n.,n. 行为，行动；法令，法案；（戏剧的）幕，段；v. 行动，表现；起作用，有效；表演，演出,,,
action,ˈækʃn,n.,n. 行动，行为；作用，影响；诉讼，起诉；情节，剧情；行动，战斗；股票，证券,,,
activate,ˈæktɪveɪt,v.,v. 激活，启动；使活跃，使开始作用；使（化学反应）开始；使（军队等）动员，调动,,,
active,ˈæktɪv,adj.,adj. 活跃的，积极的；在活动中的，运转的；主动的，起作用的；现役的；活跃的，繁忙的（指火山、市场等）；（化学）活性的；n. 主动语态,,,
activity,ækˈtɪvəti,n.,n. 活动，行动；（某种）活动；活跃，活动状态；（某个地方或组织的）活动，运作,,,
actual,ˈæktʃuəl,adj.,adj. 真实的，实际的；现存的，目前的；（强调）确实的，实在的,,,
acute,əˈkjuːt,adj.,adj. 尖锐的，锐角的；敏锐的，灵敏的；严重的，剧烈的；敏锐的，有洞察力的；急性的,,,
despise,dɪˈspaɪz,v.,v. 鄙视，蔑视，看不起,,,
despite,dɪˈspaɪt,prep.,prep. 尽管，不管,,,
energetic,ˌenəˈdʒetɪk,adj.,adj. 精力充沛的，充满活力的；精力旺盛的，积极的,,,
energy,ˈenədʒi,n.,n. 能量，精力；活力，干劲；能源；劲头，力量,,,
enforce,ɪnˈfɔːs,v.,v. 强制执行，实施；强迫，迫使,,,
engage,ɪnˈɡeɪdʒ,v.,v. 雇用，聘请；吸引，引起兴趣；参与，从事；使忙碌，占用（时间、注意力等）；与...交战，开战；使啮合，使接合；订婚，与...订婚,,,
engagement,ɪnˈɡeɪdʒmənt,n.,n. 订婚；婚约；约会；约定；参与；投入；从事；交战；战斗；顾客参与度；员工敬业度,,,
fold,fəʊld,v.,v. 折叠，对折；包裹，裹入；倒闭，关闭（企业等）；n. 褶皱，折痕；羊圈，畜栏,,,
folk,fəʊk,n.,n. 人们，民众；亲属，家属；adj. 民间的，民俗的,,,
follow,ˈfɒləʊ,v.,v. 跟随，跟着；遵循，遵守；接着发生，跟在...之后；理解，听懂；关注，追踪；从事，遵循（职业等）；效仿，模仿；n. 跟随，追随,,,
following,ˈfɒləʊɪŋ,adj.,adj. 接下来的，下列的；n. 追随者，拥护者；prep. 在...之后，随后；adv. 在下面，如下；v. 跟随，遵循；从事，做,,,
force,fɔːs,n.,n. 力量，力；武力，暴力；（军队）部队，兵力；影响力，作用；（自然）力；v. 强迫，迫使；用力推，挤；强行；强求,,,
fore,fɔː(r),adj.,adj. 前面的，在前的；adv. 在前面，向前；n. 前部，船头,,,
forecast,ˈfɔːkɑːst,n.,n. 预报，预测；v. 预报，预测,,,
foresee,fɔːˈsiː,v.,v. 预见，预料,,,
forge,fɔːdʒ,v.,v. 锻造，打制；伪造，假冒；形成，建立（关系、联盟等）；n. 锻工车间，锻造厂,,,
grim,ɡrɪm,adj.,adj. 严峻的，令人沮丧的；严厉的，冷酷的；可怕的，阴森的；坚定的，坚决的,,,
grasp,ɡrɑːsp,v.,v. 抓住，握住；理解，领会；n. 掌握，理解；握法，抓握,,,
grip,ɡrɪp,n.,n. 抓握；握把；控制；理解；把握；v. 紧握；抓牢；吸引；引起...的注意,,,
gross,ɡrəʊs,adj.,adj. 总的，毛的（未扣除的）；粗俗的，令人不快的；明显的，严重的；n. 总额，毛利；v. 总共赚得,,,
ground,ɡraʊnd,n.,n. 地面，地；理由，根据；场地，场所；v. 使接地；禁止...离开；使搁浅,,,
group,gruːp,n.,n. 群，组；团体，小组；集团，公司；v. 把...分组，把...归类,,,
guarantee,ˌɡær.ənˈtiː,n.,n. 保证，担保；保证书，担保书；保证人；保证金；v. 保证，担保；确保，必定发生,,,
guard,ɡɑːd,n.,n. 警卫，守卫；防护装置；警戒，警惕；v. 保卫，守卫；看守，监视；谨慎，小心,,,
include,ɪnˈkluːd,v.,v. 包括，包含；把...列入，使成为...的一部分,,,
inclusive,ɪnˈkluːsɪv,adj.,adj. 包括的，包含的；包容的，不排斥的,,,
income,ˈɪnkʌm,n.,n. 收入，所得；进款，收益,,,
incorporate,ɪnˈkɔːpəreɪt,v.,v. 包含，吸收；合并，合为一体；注册成立（公司）；使具体化，体现；adj. 合并的，组成公司的,,,
increase,ɪnˈkriːs,v.,v. 增加，增长；加强，加剧；n. 增加，增长；增加量，增长量,,,
increasingly,ɪnˈkriːsɪŋli,adv.,adv. 越来越多地，日益,,,
incredible,ɪnˈkredəbl,adj.,adj. 难以置信的，不可思议的；极好的，惊人的,,,
incur,ɪnˈkɜː(r),v.,v. 招致，引起（不愉快的事）；承担（责任、债务等）,,,
link,lɪŋk,n.,n. 环节，链接；联系，关系；链接，超链接；v. 连接，联系,,,
list,lɪst,n.,n. 清单，目录，名单；v. 列出，列举；登记，把...列入名单,,,
literally,ˈlɪtərəli,adv.,adv. 按字面意思地，逐字地；确实地，真正地；事实上，实际上,,,
literary,ˈlɪtərəri,adj.,adj. 文学的，文学上的；精通文学的，有文学修养的,,,
literature,ˈlɪtərətʃə(r),n.,n. 文学；文学作品；资料；文献；（某一学科的）著作；（某一主题的）出版物,,,
memo,ˈmeməʊ,n.,n. 备忘录，便条,,,
memorandum,ˌmeməˈrændəm,n.,n. 备忘录；备忘注意事项；非正式外交文件,,,
memorial,məˈmɔːriəl,n.,n. 纪念碑，纪念物；纪念仪式，追悼会；adj. 纪念的，追悼的,,,
memory,ˈmeməri,n.,n. 记忆力，记性；回忆，记忆；纪念，纪念物；存储器，内存,,,
mental,ˈmentl,adj.,adj. 精神的，心理的；智力的，智能的；精神病的，疯狂的,,,
mention,ˈmenʃn,v.,v. 提到，说起；提及，谈及；简略提及；n. 提及，说起,,,
mentor,ˈmentɔː(r),n.,n. 导师，良师益友；v. 指导，辅导,,,
other,ˈʌðə(r),adj.,adj. 另外的，其他的；另一方的，对方的；pron. 另一个人，其他人；n. 其他，其他人,,,
otherwise,ˈʌðəwaɪz,adv.,adv. 否则，要不然；除此以外，在其他方面；adj. 不同的，相异的,,,
outcome,ˈaʊtkʌm,n.,n. 结果，后果；结局，最终结果；产物，成果,,,
sign,saɪn,n.,n. 标志，指示牌；迹象，征兆；手势，信号；符号，记号；v. 签名，签字；做手势，示意,,,
signature,ˈsɪɡnətʃə(r),n.,n. 签名，签字；特征，标志；（音乐）调号,,,
signal,ˈsɪɡnəl,n.,n. 信号；暗号；标志；信号灯；交通信号；v. 发信号；示意；表示；adj. 显著的；重大的,,,
significance,sɪɡˈnɪfɪkəns,n.,n. 重要性，意义；重要性，意义；意义，含义；重大，重要,,,
significant,sɪɡˈnɪfɪkənt,adj.,adj. 重要的，显著的，有意义的；意义深远的，值得注意的；具有统计学意义的,,,
signify,ˈsɪɡnɪfaɪ,v.,v. 表示，意味着；预示，表明；具有重要性，意义重大,,,
similar,ˈsɪmələ(r),adj.,adj. 相似的，类似的,,,
simple,ˈsɪmpl,adj.,adj. 简单的，容易的；朴素的，简朴的；单纯的，纯粹的；头脑简单的，愚蠢的,,,
simplicity,sɪmˈplɪsəti,n.,n. 简单，简易；朴素，质朴；单纯，天真,,,
simplify,ˈsɪmplɪfaɪ,v.,v. 使简单化，简化；简化（数学表达式）,,,
simply,ˈsɪmpli,adv.,adv. 简单地，容易地；仅仅，只不过；完全地，绝对地；朴素地，简朴地,,,
slack,slæk,adj.,adj. 松弛的，不紧的；懈怠的，懒散的；n. 松弛，懈怠；淡季，萧条期；v. 放松，松懈；减少，放缓,,,
holy,ˈhəʊli,adj.,adj. 神圣的，圣洁的；虔诚的，献身于宗教的；令人惊讶的，非常的（用于强调）,,,
honor,ˈɒnə(r),n.,n. 荣誉，光荣；尊敬，敬意；荣誉称号；道德义务，道德准则；v. 尊敬，给予荣誉；履行（义务），遵守（诺言）,,,
honour,ˈɒnə(r),n.,n. 荣誉，光荣；尊敬，敬意；荣誉称号；荣誉课程；v. 尊重，给予荣誉；履行（义务），兑现（诺言）,,,
honorable,ˈɒnərəbl,adj.,adj. 值得尊敬的，可敬的；正直的，诚实的；光荣的，荣誉的；体面的，体面地,,,
honourable,ˈɒnərəbl,adj.,adj. 值得尊敬的，可敬的；正直的，诚实的；光荣的，荣誉的,,,
horizon,həˈraɪzn,n.,n. 地平线，视野；眼界，见识；（事物发展的）前景，可能性,,,
horizontal,ˌhɒrɪˈzɒntl,adj.,adj. 水平的，平行的；与地平线平行的；横向的，水平方向的；n. 水平线，水平面,,,
ingenious,ɪnˈdʒiːniəs,adj.,adj. 巧妙的，聪明的，富有创造力的；精巧的，设计巧妙的,,,
ingredient,ɪnˈɡriːdiənt,n.,n. 成分，原料；要素，因素,,,
initial,ɪˈnɪʃl,adj.,adj. 最初的，开始的；首字母的；n. 首字母；开头，开端,,,
initiate,ɪˈnɪʃieɪt,v.,v. 开始，创始；使初步了解，使加入；发起，开创；使入会，使了解内情；n. 新加入者，入会者,,,
initiative,ɪˈnɪʃətɪv,n.,n. 主动性；积极性；倡议；新方案；主动权；先机；adj. 主动的；自发的,,,
local,ˈləʊkl,adj.,adj. 当地的，本地的；地方的；局部的，局限性的；n. 当地居民；本地人,,,
locality,ləʊˈkæləti,n.,n. 地区，地方；地点，位置；当地特色，地方性,,,
locate,ləʊˈkeɪt,v.,v. 找到，查明...的位置；使...坐落于，把...设置于,,,
location,ləʊˈkeɪʃn,n.,n. 地点，位置；场所，地方；定位，测位,,,
neglect,nɪˈglekt,v.,v. 忽视，忽略，疏忽；疏于照顾，疏于管理；n. 忽视，疏忽，疏于照顾,,,
negligible,ˈneɡlɪdʒəbl,adj.,adj. 微不足道的，可以忽略的,,,
prescribe,prɪˈskraɪb,v.,v. 开处方；开药方；规定；命令；指示,,,
prescription,prɪˈskrɪpʃn,n.,n. 处方，药方；规定，命令；建议，忠告；时效取得；法定时效,,,
presence,ˈprezns,n.,n. 出席，到场；存在，有；仪态，风度；影响力，声望,,,
present,ˈpreznt,adj.,adj. 现在的，目前的；出席的，在场的；n. 礼物；现在，目前；v. 赠送，呈现；介绍，陈述；表现，呈现；提出，呈递；使发生，引起,,,
presently,ˈprezntli,adv.,adv. 现在，目前；不久，马上,,,
preserve,prɪˈzɜːv,v.,v. 保存，保护，维护；保持，维持；n. 保护区，禁猎区；果酱，蜜饯,,,
preside,prɪˈzaɪd,v.,v. 主持，主管；担任主席,,,
press,pres,v.,v. 按，压；挤，榨；催促，敦促；紧迫，急需；压榨，压迫；强迫，逼迫；n. 新闻界，报刊；报道，新闻报道；压力，压迫；压榨机，印刷机,,,
pressure,ˈpreʃə(r),n.,n. 压力，压强；压迫，压榨；紧迫，压力；影响力，压力；v. 施加压力，迫使,,,
prestige,preˈstiːʒ,n.,n. 声望，威望，威信,,,
presumably,prɪˈzjuːməbli,adv.,adv. 大概，可能，据推测,,,
presume,prɪˈzjuːm,v.,v. 假定，推测；擅自行为，冒昧；认为...有资格,,,
prevent,prɪˈvent,v.,v. 阻止，防止；预防，防范,,,
previous,ˈpriːviəs,adj.,adj. 先前的，以前的,,,
prey,preɪ,n.,n. 猎物，被捕食的动物；受害者，牺牲品；v. 捕食；折磨，困扰,,,
reliable,rɪˈlaɪəbl,adj.,adj. 可靠的，可信赖的；可依赖的，稳定的,,,
reliance,rɪˈlaɪəns,n.,n. 依赖，依靠；信赖，信心,,,
religion,rɪˈlɪdʒən,n.,n. 宗教，信仰；宗教信仰，宗教活动；虔诚，信念,,,
religious,rɪˈlɪdʒəs,adj.,adj. 宗教的，信仰的；虔诚的，笃信的；严谨的，认真的；n. 修士，修女,,,
rely,rɪˈlaɪ,v.,v. 依靠，依赖；信赖，相信,,,
straight,streɪt,adj.,adj. 直的，笔直的；正直的，诚实的；连续的，不间断的；整齐的，有序的；纯粹的，不掺杂的；adv. 直接地，径直地；立即，马上；n. 直线，直道,,,
straightforward,ˌstreɪtˈfɔːwəd,adj.,adj. 简单的，易懂的；直截了当的，坦率的；直线的，笔直的；正直的，诚实的；adv. 直接地，坦率地；笔直地,,,
strain,streɪn,n.,n. 压力，负担；拉伤，扭伤；种类，品种；旋律，曲调；v. 使紧张，拉紧；扭伤，拉伤；竭力，尽力；滤，过滤,,,
strategy,ˈstrætədʒi,n.,n. 策略；战略；战术,,,
strength,streŋθ,n.,n. 力量，体力；优点，长处；实力，力量；强度，浓度,,,
strengthen,ˈstreŋθən,v.,v. 加强，增强，巩固,,,
strenuous,ˈstrenjuəs,adj.,adj. 费力的，艰巨的；紧张的，激烈的,,,
transaction,trænˈzækʃn,n.,n. 交易；处理；事务；交易记录,,,
transfer,trænsˈfɜː(r),v.,v. 转移，调动；转让，转交；转学，转系；转换（车辆等）；n. 转移，调动；转让，转交；转学生；转账；（运动员的）转会,,,
transform,trænsˈfɔːm,v.,v. 使改变，使变形；彻底改变，使改观；n. 彻底的改变，变形,,,
transient,ˈtrænziənt,adj.,adj. 短暂的，临时的；短期居留的；n. 短暂的事物；临时居民,,,
translation,trænsˈleɪʃn,n.,n. 翻译；译文；转化；转换；解释；平移；位移,,,
architect,ˈɑːkɪtekt,n.,n. 建筑师；设计师；缔造者；创造者；v. 设计；策划；精心制订,,,
architecture,ˈɑːkɪtektʃə,n.,n. 建筑学；建筑风格；建筑设计；结构；体系结构,,,
archive,ˈɑːkaɪv,n.,n. 档案，档案室；存档文件，归档资料；v. 把...存档，把...归档,,,
area,ˈeəriə,n.,n. 区域，地区；面积；范围，领域；区，界,,,
arena,əˈriːnə,n.,n. 竞技场，体育场；活动场所，领域,,,
argue,ˈɑːɡjuː,v.,v. 争论，争辩；论证，提出理由,,,
argument,ˈɑːɡjumənt,n.,n. 争论，争吵；理由，论据；论点，论证；争论的主题，争论的对象,,,
arise,əˈraɪz,vi.,vi. 出现，产生；起身，起立；起源，由…引起,,,
arouse,əˈraʊz,v.,v. 唤醒，叫醒；引起，激起（感情、兴趣等）；激起（反应），引发（好奇心等）；唤起（回忆等）,,,
array,əˈreɪ,n.,n. 排列，阵列；大量，大群；数组（计算机科学）；v. 排列，布置,,,
visible,ˈvɪzəbl,adj.,adj. 可见的，肉眼可见的；明显的，显而易见的；引人注目的,,,
vision,ˈvɪʒn,n.,n. 视力，视觉；想象力，幻想；远见，眼光；愿景，展望,,,
visual,ˈvɪʒuəl,adj.,adj. 视觉的，视力的；可见的，看得见的；n. 视觉资料，视觉效果,,,
vital,ˈvaɪtl,adj.,adj. 至关重要的，必不可少的；充满活力的，有生气的；维持生命所必需的,,,
vivid,ˈvɪvɪd,adj.,adj. 生动的，逼真的；鲜明的，清晰的；强烈的，深刻的；充满活力的，活泼的,,,
void,vɔɪd,adj.,adj. 空的，无效的；无用的，缺乏的；n. 空虚，空白；空间，真空；v. 使无效，取消,,,
volume,ˈvɒljuːm,n.,n. 音量，响度；体积，容积；卷，册；大量，数量；音量；交易量,,,
consequence,ˈkɒnsɪkwəns,n.,n. 结果，后果；重要性，重大；推论，结论,,,
consequently,ˈkɒnsɪkwəntli,adv.,adv. 因此，所以，因而,,,
conservation,ˌkɒnsəˈveɪʃn,n.,n. 保护，保存；节约，节省,,,
conservative,kənˈsɜːvətɪv,adj.,adj. 保守的，守旧的；谨慎的，保守估计的；保守派的，保守主义的；n. 保守派人士，保守主义者,,,
consider,kənˈsɪdə(r),v.,v. 考虑，思考；认为，视为；考虑到，把...考虑进去；审议，细想,,,
considerable,kənˈsɪd(ə)rəb(ə)l,adj.,adj. 相当大的，可观的；值得考虑的，重要的,,,
considerate,kənˈsɪdərət,adj.,adj. 体贴的，考虑周到的；体谅的，替人着想的；深思熟虑的，慎重的,,,
consume,kənˈsjuːm,v.,v. 消耗，消费；吃光，喝光；毁灭，烧毁；使全神贯注，占据（时间）,,,
consumption,kənˈsʌmpʃən,n.,n. 消费，消耗；(旧)肺结核,,,
dispute,dɪˈspjuːt,n.,n. 争论，争端；争议，纠纷；v. 争论，争辩；质疑，否认,,,
dissolve,dɪˈzɒlv,v.,v. 使溶解，使融化；解散，终止；消失，消散,,,
exchange,ɪksˈtʃeɪndʒ,n.,n. 交换，交流；交易所；兑换；(意见、信息等的)交换，交流；v. 交换，交流；兑换(钱币)；互换，交换(意见、信息等),,,
exclude,ɪkˈskluːd,v.,v. 排除，不包括；拒绝接纳，把...排斥在外,,,
exclusive,ɪkˈskluːsɪv,adj.,adj. 独家的，专有的；排外的，专用的；高档的，豪华的；独家的，排他的；不包括的，不计入的；n. 独家新闻，独家报道,,,
confine,kənˈfaɪn,v.,v. 限制，局限；监禁，禁闭,,,
confirm,kənˈfɜːm,v.,v. 证实，确认；批准，确认；使巩固，使确立,,,
conflict,ˈkɒnflɪkt,n.,n. 冲突，争执；战争，战斗；矛盾，不一致；v. 冲突，抵触；不一致，相矛盾,,,
confidence,ˈkɒnfɪdəns,n.,n. 信心，自信；信任，信赖；秘密，机密,,,
confident,ˈkɒnfɪdənt,adj.,adj. 自信的，有信心的；确信的，肯定的,,,
confidential,ˌkɒnfɪˈdenʃl,adj.,adj. 保密的，机密的；隐私的，秘密的,,,
configuration,kənˌfɪɡəˈreɪʃn,n.,n. 配置，构造；布局，排列；外形，轮廓,,,
trail,treɪl,n.,n. 小径，踪迹；一系列，一连串；v. 跟踪，追踪；拖，拖曳；落后，输,,,
train,treɪn,n.,n. 火车；列车；一系列；队伍；拖裾；系列；连续；v. 训练；培训；锻炼；瞄准,,,
training,ˈtreɪnɪŋ,n.,n. 训练，培训；锻炼，体能训练；教育，培养,,,
trait,treɪt,n.,n. 特征，特点，特质,,,
view,vjuː,n.,n. 景色，风景；看法，观点；视野；视线；态度；v. 看，观看；考虑，看待,,,
viewpoint,ˈvjuːpɔɪnt,n.,n. 观点，看法；角度，立场,,,
violence,ˈvaɪələns,n.,n. 暴力，暴力行为；激烈，猛烈,,,
violent,ˈvaɪələnt,adj.,adj. 暴力的，凶暴的；猛烈的，强烈的；激烈的，剧烈的；色彩强烈的,,,
virtual,ˈvɜːtʃuəl,adj.,adj. 几乎...的，实质上的；虚拟的，模拟的,,,
virtue,ˈvɜːtʃuː,n.,n. 美德，德行；优点，长处；贞操，贞德,,,
apparent,əˈpærənt,adj.,adj. 明显的，显而易见的；表面上的，貌似的,,,
appeal,əˈpiːl,n.,n. 吸引力，魅力；呼吁，请求；上诉，申诉；v. 吸引，有吸引力；呼吁，恳求；上诉，申诉,,,
appear,əˈpɪə(r),v.,v. 出现，显现；看起来，似乎；出庭，出场,,,
appearance,əˈpɪərəns,n.,n. 外表，外貌；出现，到来；外观，样子；出庭，露面,,,
appliance,əˈplaɪəns,n.,n. 家用电器，家用器具；器械，装置，用具,,,
applicable,əˈplɪkəbl,adj.,adj. 可适用的，相关的；可应用的，可实施的,,,
application,ˌæplɪˈkeɪʃn,n.,n. 申请；申请书；应用；使用；应用程序；应用软件；应用；运用；实施,,,
appoint,əˈpɔɪnt,v.,v. 任命，委任；指定，约定（时间、地点）,,,
appointment,əˈpɔɪntmənt,n.,n. 约会，预约；任命，任职；约定，约会（时间）；职位，职务,,,
apply,əˈplaɪ,v.,v. 申请；应用；使用；涂，敷；适用于；专心致力；努力；运用（规则、理论等）,,,
appreciate,əˈpriːʃieɪt,v.,v. 感谢，欣赏；理解，明白；增值，升值,,,
discriminate,dɪˈskrɪmɪneɪt,v.,v. 区别，辨别；歧视，区别对待,,,
discuss,dɪˈskʌs,v.,v. 讨论，商讨；详细描述，论述,,,
disease,dɪˈziːz,n.,n. 疾病，病,,,
escape,ɪˈskeɪp,v.,v. 逃跑，逃脱；避开，躲避；泄露，逸出；n. 逃跑，逃脱；逃避现实的方式,,,
especially,ɪˈspeʃəli,adv.,adv. 特别地，尤其；尤其是，特别是,,,
essay,ˈeseɪ,n.,n. 短文，散文；论说文，小品文；v. 尝试，企图,,,
essence,ˈesns,n.,n. 本质，要素；精华，精髓；香精，精油,,,
essential,ɪˈsenʃl,adj.,adj. 必要的，必不可少的；本质的，根本的；n. 要素，必需品,,,
establish,ɪˈstæblɪʃ,v.,v. 建立，创立；设立，开办；确立，制定；证实，证明；使定居，使安置；使人相信，使接受,,,
estimate,ˈestɪmət,v.,v. 估计，估算；评估，判断；n. 估计，估算；评估，估价,,,
ethic,ˈeθɪk,n.,n. 道德规范，伦理；道德观念，伦理观,,,
ethnic,ˈeθnɪk,adj.,adj. 种族的，民族的；具有民族特色的,,,
evaluate,ɪˈvæljueɪt,v.,v. 评估，评价；评估，评价；估计，估算,,,
industrial,ɪnˈdʌstriəl,adj.,adj. 工业的，产业的；大规模生产的，工业化的；工业用的,,,
industrialize,ɪnˈdʌstriəlaɪz,v.,v. 使工业化，使工业现代化,,,
industrialise,ɪnˈdʌstriəlaɪz,v.,v. 使工业化，使产业化,,,
industry,ˈɪndəstri,n.,n. 工业，产业；行业，产业界；勤奋，勤劳,,,
inevitable,ɪnˈevɪtəbl,adj.,adj. 不可避免的，必然发生的,,,
miserable,ˈmɪzrəbl,adj.,adj. 极其痛苦的，悲惨的；令人难受的，使人不愉快的；可怜的，糟糕的,,,
misery,ˈmɪzəri,n.,n. 痛苦，苦难；悲惨的处境，极度不幸,,,
mislead,ˌmɪsˈliːd,v.,v. 误导，引入歧途；误导，使产生错误印象,,,
mix,mɪks,v.,v. 混合，搅拌；混杂，掺杂；交往，交际；配制，调制；n. 混合物，混合式,,,
mixture,ˈmɪkstʃə(r),n.,n. 混合物；混合；混杂；混合体,,,
necessary,ˈnesəsəri,adj.,adj. 必要的，必需的；必然的，无法避免的；n. 必需品,,,
necessitate,nəˈsesɪteɪt,v.,v. 使成为必需，需要,,,
necessity,nəˈsesəti,n.,n. 必需品，必需物；必要性，必需；必然性；迫切需要,,,
negative,ˈneɡətɪv,adj.,adj. 否定的，消极的；负面的，不好的；否定的，拒绝的；阴性的，阴电的；n. 负数，负值；底片，负片；否定词，否定语,,,
negotiate,nɪˈɡəʊʃieɪt,v.,v. 谈判，协商；通过，越过；议价；转让，转移（票据等）,,,
outer,ˈaʊtə(r),adj.,adj. 外面的，外部的；外层的，外围的,,,
outlet,ˈaʊtlet,n.,n. 出口，出路；发泄方式，宣泄渠道；经销店，专卖店；插座，电源插座,,,
outline,ˈaʊtlaɪn,n.,n. 轮廓，外形；大纲，梗概；概要，提纲；轮廓线；v. 概述，简述；勾勒，描绘...的轮廓,,,
outlook,ˈaʊtlʊk,n.,n. 观点，看法；前景，展望；世界观，人生观；景色，景观,,,
output,ˈaʊtpʊt,n.,n. 产量，输出量；输出，产出；v. 输出，产生,,,
poverty,ˈpɒvəti,n.,n. 贫穷，贫困；匮乏，缺乏,,,
power,ˈpaʊə(r),n.,n. 力量，能力；权力，权势；电力，能源；国家，强国；势力，影响力；幂，乘方；v. 为...提供动力，驱动；adj. 电力的，发电的,,,
practical,ˈpræktɪkl,adj.,adj. 实际的，实用的；实践的，实际操作的；切实可行的，明智的,,,
practice,ˈpræktɪs,n.,n. 练习，实践；习惯，惯例；（医生、律师等的）业务，执业；v. 练习，实践；从事（职业），执业,,,
practise,ˈpræktɪs,v.,v. 练习，实践；从事（职业）；经常做，习惯性做,,,
practitioner,præk'tɪʃənə(r),n.,n. 从业者，实践者；（尤指医生、律师等）执业者,,,
preach,priːtʃ,v.,v. 讲道，布道；宣讲，宣传；说教，唠叨；鼓吹，倡导,,,
precede,prɪˈsiːd,v.,v. 先于...发生，在...之前；走在...前面，领先于,,,
precaution,prɪˈkɔːʃn,n.,n. 预防措施；防范；预先警惕,,,
precedent,ˈpresɪdənt,n.,n. 先例，前例；惯例，常规；adj. 先前的，在前的,,,
preceding,prɪˈsiːdɪŋ,adj.,adj. 在前的，在先的；前面的，上述的,,,
precious,ˈpreʃəs,adj.,adj. 珍贵的，宝贵的；珍爱的，心爱的；矫揉造作的，过分讲究的,,,
precise,prɪˈsaɪs,adj.,adj. 精确的，准确的；明确的，清楚的；严谨的，一丝不苟的,,,
precision,prɪˈsɪʒ(ə)n,n.,n. 精确度，准确性；精密，精确,,,
stress,stres,n.,n. 压力，紧张；重音，重读；强调，重视；v. 强调，着重；使紧张，使焦虑,,,
stretch,stretʃ,v.,v. 伸展，延伸；使延长，使伸展；延续，持续；使足够用；n. 一段时间，一段距离；伸展，延伸；adj. 可伸缩的，有弹性的,,,
pose,pəʊz,v.,v. 摆姿势；造成，引起；提出（问题等）；假装，冒充；n. 姿势，姿态,,,
position,pəˈzɪʃn,n.,n. 位置，地点；职位，工作；立场，观点；状况，处境；姿势，体位；v. 安置，放置,,,
positive,ˈpɒzətɪv,adj.,adj. 积极的，乐观的；肯定的，确定的；实际的，真实的；正面的，正数的；【商业】盈利的；n. 正面，优点；【语法】肯定式，【数学】正数，【摄影】正片,,,
possess,pəˈzes,v.,v. 拥有，具有；控制，支配；占有，占据,,,
possession,pəˈzeʃn,n.,n. 拥有，占有；所有物，财产；控制，掌握；着魔，中邪,,,
dilute,daɪˈluːt,v.,v. 稀释，冲淡；削弱，降低；adj. 稀释的，冲淡的,,,
dim,dɪm,adj.,adj. 昏暗的，暗淡的；模糊的，不清楚的；愚笨的，迟钝的；v. 使变暗，变昏暗；使变模糊；(使)变得暗淡，(使)变得模糊,,,
diminish,dɪˈmɪnɪʃ,v.,v. 减少，减小；降低（价值、重要性等）；贬低，轻视,,,
amateur,ˈæmətə(r),n.,n. 业余爱好者，非职业选手；adj. 业余的，非职业的,,,
amaze,əˈmeɪz,v.,v. 使惊奇，使吃惊,,,
ambiguous,æmˈbɪɡjuəs,adj.,adj. 模棱两可的，不明确的；含糊不清的，意义不明确的；可作多种解释的,,,
ambition,æmˈbɪʃn,n.,n. 野心，雄心；抱负，志向；渴望得到的东西,,,
ambitious,æmˈbɪʃəs,adj.,adj. 有抱负的，野心勃勃的；雄心勃勃的，有野心的；规模宏大的，目标远大的,,,
bubble,ˈbʌbl,n.,n. 气泡，泡沫；泡沫经济；脱离现实的幻想世界；v. 冒泡，起泡；沸腾，汹涌澎湃,,,
budget,ˈbʌdʒɪt,n.,n. 预算，财政预算；(个人或家庭的)收支预算；adj. 廉价的，经济的；v. 做预算，安排预算,,,
build,bɪld,v.,v. 建造，建筑；创建，建立；增强，加强；逐步增加；n. 体型，体格,,,
business,ˈbɪznəs,n.,n. 商业，生意；工作，职业；事务，事情；公司，企业；商界；责任，职责；权利，权力,,,
compress,kəmˈpres,v.,v. 压缩，压紧；压缩（信息、文件等）；浓缩，简化,,,
comprise,kəmˈpraɪz,v.,v. 包括，由...组成；构成，组成；包含，包括；构成，组成,,,
compromise,ˈkɒmprəmaɪz,n.,n. 妥协，和解；折中方案，中间立场；v. 妥协，让步；损害，危及,,,
conceive,kənˈsiːv,v.,v. 构想，设想；怀孕；理解，领会；想象，设想,,,
concentrate,ˈkɒnsəntreɪt,v.,v. 集中注意力；专心；聚集；集中；浓缩；使浓缩；n. 浓缩物；浓缩液,,,
concept,ˈkɒnsept,n.,n. 概念，观念；构想，设想；概念，观念,,,
conception,kənˈsepʃn,n.,n. 概念，观念；构思，设想；受孕，怀孕,,,
concern,kənˈsɜːn,n.,n. 担心，忧虑；关心，关注；事关重要的事，要紧事；公司，企业；关系，关联；v. 使担心，使烦恼；涉及，影响；关心，关注；与...有关,,,
concise,kənˈsaɪs,adj.,adj. 简明的，简洁的，简练的,,,
concrete,ˈkɒŋkriːt,n.,n. 混凝土；adj. 具体的，实在的；有形的，实物的；v. 使凝固，使实在化,,,
conclude,kənˈkluːd,v.,v. 结束，终止；推断出，断定；达成，缔结（协议等）,,,
conclusion,kənˈkluːʒən,n.,n. 结论，结果；结束，终结；推论，推定,,,
concurrent,kənˈkʌrənt,adj.,adj. 同时发生的，并发的；同时存在的，并存的；n. 同时发生的事物,,,
confer,kənˈfɜː(r),v.,v. 授予，赋予；商讨，协商；给予（尤指荣誉、学位等）,,,
conference,ˈkɒnfərəns,n.,n. 会议，讨论会；协商，商谈；联盟，协会,,,
confess,kənˈfes,v.,v. 承认（错误、罪行等）；坦白，供认；承认（信仰、感受等）；告解（宗教）,,,
epic,ˈepɪk,adj.,adj. 宏大的，史诗般的；英雄的，英勇的；n. 史诗，叙事诗；壮举，伟业,,,
epidemic,ˌepɪˈdemɪk,n.,n. 流行病，传染病；adj. 流行性的，传染性的,,,
episode,ˈepɪsəʊd,n.,n. （电视连续剧或广播剧的）一集，一期；（一连串事件中的）一个事件，插曲；（疾病的）发作，发病期,,,
epoch,ˈiːpɒk,n.,n. 时代，纪元；划时代的事件，重要时期；（地质学）世，纪,,,
indifferent,ɪnˈdɪf.ər.ənt,adj.,adj. 不感兴趣的，漠不关心的；中等的，一般的，平庸的；无关紧要的，不重要的,,,
indignant,ɪnˈdɪɡnənt,adj.,adj. 愤怒的，义愤的，感到被冒犯的,,,
indignation,ˌɪndɪɡˈneɪʃn,n.,n. 愤怒，愤慨,,,
indispensable,ˌɪndɪˈspensəbl,adj.,adj. 不可或缺的，必不可少的；绝对必要的,,,
individual,ˌɪndɪˈvɪdʒuəl,adj.,adj. 单独的，个别的；个人的，独特的；n. 个人，个体；与众不同的人，特殊人物,,,
mess,mes,n.,n. 混乱，杂乱；脏乱；困境，麻烦；（军队、学校等的）食堂，餐厅；v. 弄乱，弄脏；搞糟,,,
message,ˈmesɪdʒ,n.,n. 信息，消息；要传达的信息，寓意；启示，教训；v. 发短信，传递信息,,,
messenger,ˈmesɪndʒə(r),n.,n. 信使，送信人；使者，传令官；信息传递者,,,
method,ˈmeθəd,n.,n. 方法，办法；方式，程序；系统，条理；教学法,,,
militant,ˈmɪlɪtənt,adj.,adj. 好战的，好斗的；激进的，强硬的；n. 激进分子，好战分子,,,
military,ˈmɪlɪtəri,adj.,adj. 军事的，军用的；军人的，军队的；n. 军队，武装力量,,,
mind,maɪnd,n.,n. 头脑，智力；想法，意见；记忆力；思想，思维方式；注意力，关注；v. 介意，在意；注意，当心；照看，照料；留心，记住；服从，听从,,,
redeem,rɪˈdiːm,v.,v. 赎回，兑换（票券等）；履行（诺言等）；实现，达成；挽回，弥补；拯救，救赎,,,
reduce,rɪˈdjuːs,v.,v. 减少，缩减；降低，使下降；简化，使简单；归纳，还原；使变为，使成为（某种状态）,,,
reduction,rɪˈdʌkʃn,n.,n. 减少，缩减；降低，下降；折扣；简化，浓缩；还原（化学）,,,
refer,rɪˈfɜː(r),v.,v. 提到，谈及；指的是，涉及；参考，查阅；把...提交（某人）处理；称呼，把...称作；归因于,,,
reference,ˈref.ər.əns,n.,n. 参考，参考资料；提及，涉及；推荐信；参考人；引用；参照；v. 参考，查阅；提到，谈及,,,
subject,ˈsʌbdʒɪkt,n.,n. 主题，话题；科目，学科；主语；臣民，国民；adj. 受...支配的，服从于...的；v. 使臣服，使遭受,,,
subjective,səbˈdʒektɪv,adj.,adj. 主观的，个人的；主观的，个人的；主观存在的，内在的,,,
spoil,spɔɪl,v.,v. 损坏，破坏；宠坏，溺爱；变质，腐烂；破坏（计划、机会等）；毁掉（乐趣、愉快等）；n. 战利品，掠夺物,,,
sponsor,ˈspɒnsə(r),n.,n. 赞助者，赞助商；发起人，主办者；v. 赞助，资助；发起，主办,,,
spread,spred,v.,v. 展开；伸展；铺开；传播；散布；蔓延；涂抹；敷；涂；n. 传播；蔓延；扩散；范围；幅度；涨跌幅度；宴席；盛宴；大餐,,,
spur,spɜː(r),n.,n. 马刺；刺激物，激励；支脉，分支；突然的冲动；v. 刺激，激励，鼓励,,,
spy,spaɪ,n.,n. 间谍，密探；v. 侦察，刺探；发现，看见,,,
stability,stəˈbɪləti,n.,n. 稳定性，稳固；稳定状态，平衡；坚固性，牢固性；（政治、经济等的）稳定，安定,,,
stable,ˈsteɪbl,adj.,adj. 稳定的，稳固的；坚定的，持久的；稳定的，不变的（指价格、状态等）；n. 马厩，牛棚；（同一老板或组织管理的）一群赛马；v. 把（马等）安置在马厩里,,,
staff,stɑːf,n.,n. 全体职员，全体工作人员；长杆，棍子；五线谱；v. 配备员工,,,
stage,steɪdʒ,n.,n. 舞台；阶段；时期；步骤；程度；时期；v. 上演；举行；策划,,,
console,kənˈsəʊl,v.,v. 安慰，抚慰；n. 操控台，控制台；落地台，壁橱,,,
consist,kənˈsɪst,vi.,vi. 由...组成，包含；在于，存在于,,,
consistent,kənˈsɪstənt,adj.,adj. 始终如一的，一贯的；前后一致的，连贯的；符合的，一致的,,,
constant,ˈkɒnstənt,adj.,adj. 持续的，不断的；始终如一的，不变的；坚定的，忠实的；n. 常数，恒量,,,
constituent,kənˈstɪtjuənt,n.,n. 选民；成分，构成要素；adj. 构成的，组成的；有选举权的,,,
constitute,ˈkɒnstɪtjuːt,v.,v. 构成，组成；设立，任命；被视为，被认为是,,,
constitution,ˌkɒnstɪˈtjuːʃn,n.,n. 宪法，章程；体质，体格；构成，组成；制定，设立,,,
constrain,kənˈstreɪn,v.,v. 限制，约束；强迫，强制,,,
construct,kənˈstrʌkt,v.,v. 建造，构筑；构建（理论、论点等）；n. 构想，概念,,,
distinct,dɪˈstɪŋkt,adj.,adj. 明显的，清晰的；不同的，有区别的；独特的，与众不同的,,,
distinction,dɪˈstɪŋkʃn,n.,n. 区别，差别；优秀，杰出；荣誉，殊荣；特征，特点,,,
distinguish,dɪˈstɪŋɡwɪʃ,v.,v. 区分，辨别；使有区别；使杰出，使显著；看清，认出,,,
fruitful,ˈfruːtfʊl,adj.,adj. 富有成效的，卓有成效的；富有成果的，多产的，丰富的,,,
frustrate,frʌˈstreɪt,v.,v. 使沮丧，使灰心；阻挠，挫败；使无效，使不能实现；使受挫,,,
fulfil,fʊlˈfɪl,v.,v. 实现，履行，完成；满足，符合；使满意，使满足,,,
fulfill,fʊlˈfɪl,v.,v. 实现，履行（承诺、义务等）；满足（要求、需要等）；使完整，使圆满,,,
function,ˈfʌŋkʃn,n.,n. 功能，作用；职责，职能；函数；社交活动，宴会；v. 运转，起作用,,,
fund,fʌnd,n.,n. 资金，基金；储备，存款；v. 为...提供资金，资助,,,
fundamental,ˌfʌndəˈmentl,adj.,adj. 基本的，基础的，最重要的；根本的，关键的；不可或缺的；n. 基本原理，基础；基音,,,
evidence,ˈevɪdəns,n.,n. 证据，证明；迹象，表现；证词,,,
evident,ˈevɪdənt,adj.,adj. 明显的，清楚的，显而易见的；明显的，显而易见的；显然的，明白的,,,
evil,ˈiːvl,adj.,adj. 邪恶的，坏的；有害的，有危害的；n. 邪恶，罪恶,,,
environment,ɪnˈvaɪrənmənt,n.,n. 环境，周围环境；自然环境，生态环境；工作或生活环境；计算机操作环境,,,
enterprise,ˈentəpraɪz,n.,n. 企业，公司；事业，事业心；进取心，创业精神；项目，计划,,,
entertain,ˌentəˈteɪn,v.,v. 招待，款待；使快乐，使娱乐；考虑，思考；容纳，容忍,,,
entertainment,ˌentəˈteɪnmənt,n.,n. 娱乐，消遣；娱乐活动，表演；款待，招待,,,
monopoly,məˈnɒpəli,n.,n. 垄断；专卖权；独占；专利权；垄断企业；专利商品；独占优势；大富翁（一种棋盘游戏）,,,
monotonous,məˈnɒtənəs,adj.,adj. 单调的，无变化的；枯燥乏味的，无聊的,,,
mood,muːd,n.,n. 心情，情绪；氛围，气氛；语气（语法术语）,,,
transmission,trænzˈmɪʃn,n.,n. 传播，传送；传染；传动装置，变速器；传输，发送；广播，电视节目,,,
transmit,trænzˈmɪt,v.,v. 传送，传输；传播，传递；传播（疾病、思想等）；遗传,,,
transplant,trænsˈplɑːnt,n.,n. 移植；移植的器官；v. 移植（器官、植物等）；迁移，移居,,,
transport,trænˈspɔːt,n.,n. 运输，运送；运输工具；运输系统；运输业；v. 运输，运送；使狂喜；使激动；流放；放逐,,,
stock,stɒk,n.,n. 存货，库存；原料，汤料；股票，公司资本；家畜，牲畜；种族，血统；adj. 常备的，常用的；v. 储备，储存,,,
store,stɔː(r),n.,n. 商店，店铺；储存，贮藏；储备，储存量；仓库；v. 储存，贮藏；存储（信息）,,,
storage,ˈstɔːrɪdʒ,n.,n. 存储，贮藏；存储设备，存储空间,,,
stride,straɪd,n.,n. 步幅，步伐；进展，进步；v. 大步走，阔步行走；跨越，跨过,,,
strike,straɪk,v.,v. 打击，撞击；罢工；突然想到，使感到；打动，使有某种印象；n. 罢工；打击，袭击,,,
striking,ˈstraɪkɪŋ,adj.,adj. 引人注目的，显著的；惊人的，令人吃惊的；醒目的，明显的；v. 打击，撞击（strike的现在分词）,,,
string,strɪŋ,n.,n. 细绳，线；一串，一列；弦，琴弦；字符串；v. 悬挂，系；串起,,,
structure,ˈstrʌktʃə(r),n.,n. 结构，构造；建筑物；体系，结构；组织方式；v. 构造，组织,,,
stun,stʌn,v.,v. 使震惊，使目瞪口呆；使昏迷，使失去知觉；使打击，使震撼,,,
primary,ˈpraɪməri,adj.,adj. 主要的，首要的；基本的，初级的；原始的，初级的；最初的，最早的；n. 要素；主要者；首要地位,,,
prime,praɪm,adj.,adj. 主要的，首要的；最好的，最重要的；全盛的，盛年的；n. 鼎盛时期，全盛时期；素数，质数；v. 使准备就绪，使作好准备,,,
primitive,ˈprɪmətɪv,adj.,adj. 原始的，远古的；简单的，粗糙的；原始的，基本的；原生的，不是派生的；n. 原始人，未开化的人；原型，基本要素,,,
principal,ˈprɪnsəpl,adj.,adj. 主要的，首要的；n. 校长，学院院长；本金，资本,,,
principle,ˈprɪnsəpl,n.,n. 原则，原理；道德准则，行为规范；基本法则，基本信念；本质，根本,,,
psychiatry,saɪˈkaɪətri,n.,n. 精神病学；精神医学,,,
psychology,saɪˈkɒlədʒi,n.,n. 心理学；心理状态，心理特征,,,
liability,ˌlaɪəˈbɪləti,n.,n. 负债，债务；责任，义务；累赘，负担；法律责任,,,
liable,ˈlaɪəbl,adj.,adj. 可能的，很有可能的；有法律责任的，应负责任的；易于...的，有...倾向的,,,
liberal,ˈlɪbərəl,adj.,adj. 慷慨的，大方的；思想开明的，宽容的；自由主义的；丰富的，充足的；n. 自由主义者；开明人士,,,
liberate,ˈlɪbəreɪt,v.,v. 解放，使自由；使摆脱束缚，使不受约束；释放（化学物质等）,,,
license,ˈlaɪsns,n.,n. 许可证，执照；特许，准许；特许权，专营权；v. 许可，批准；发许可证，特许,,,
licence,ˈlaɪsns,n.,n. 许可证，执照；特许权，批准；v. 颁发许可证，特许,,,
innocent,ˈɪnəsnt,adj.,adj. 无辜的，清白的；天真的，单纯的；无害的，无恶意的；不谙世事的，幼稚的；n. 无辜的人，天真的人,,,
innovation,ˌɪnəˈveɪʃn,n.,n. 创新，革新；新事物，新发明,,,
anguish,ˈæŋɡwɪʃ,n.,n. 极度的痛苦，苦恼；v. 使极度痛苦，使苦恼,,,
annoy,əˈnɔɪ,v.,v. 使恼怒，使生气；打扰，骚扰,,,
annual,ˈænjuəl,adj.,adj. 每年的，年度的；一年生的（指植物）；n. 年刊，年鉴；一年生植物,,,
anchor,ˈæŋkə(r),n.,n. 锚；（电视新闻等的）主持人；（精神上的）支柱，靠山；v. 抛锚，停泊；固定，使固定,,,
stand,stænd,v.,v. 站立，起立；位于，坐落；忍受，经受；保持（特定状态或位置）；代表，象征；主张，坚持；n. 立场，态度；摊位，售货台,,,
standard,ˈstændəd,n.,n. 标准，规格；水平，水准；旗帜，军旗；adj. 标准的，正常的；普通的，一般的,,,
standpoint,ˈstændpɔɪnt,n.,n. 观点，立场,,,
stance,stɑːns,n.,n. 立场，态度；姿势，站姿,,,
start,stɑːt,v.,v. 开始，启动；出发；创立，创办；n. 开始，开端；起点；突然的移动,,,
startle,ˈstɑːtl,v.,v. 使吃惊，使惊吓,,,
starve,stɑːv,v.,v. 挨饿，饿死；使缺乏，使匮乏,,,
state,steɪt,n.,n. 状态，情况；州，邦；国家，政府；adj. 国家的，政府的；v. 陈述，说明,,,
statement,ˈsteɪtmənt,n.,n. 陈述，声明；报表，清单；表态，立场,,,
statesman,ˈsteɪtsmən,n.,n. 政治家，国务活动家,,,
statistics,stəˈtɪstɪks,n.,n. 统计学；统计数据；统计资料,,,
statue,ˈstætʃuː,n.,n. 雕像，塑像,,,
status,ˈsteɪtəs,n.,n. 地位，身份；情况，状态；法律地位，法律上的身份,,,
statute,ˈstætʃuːt,n.,n. 法令，法规；成文法,,,
stay,steɪ,v.,v. 停留，逗留；保持（某种状态）；继续存在；保持不变；暂缓，推迟；n. 逗留，停留,,,
steady,ˈstedi,adj.,adj. 稳定的，稳固的；持续的，恒定的；镇定的，沉着的；可靠的，稳重的；v. 使稳定，使平稳；adv. 稳定地，持续地,,,
steer,stɪə(r),v.,v. 驾驶，操纵（车辆、船只等）；引导，指引；控制，掌控；n. 公牛，阉牛,,,
stem,stem,n.,n. 茎，干；词干；船首，船头；主干部分；起源，根源；v. 阻止，遏制；起源于，源于,,,
step,step,n.,n. 脚步；台阶；步骤；措施；行动；进展；v. 走；踏；迈步,,,
stern,stɜːn,adj.,adj. 严厉的，严格的；坚定的，坚决的；n. 船尾，船stern,,,
anonymous,əˈnɒnɪməs,adj.,adj. 匿名的，无名的；无特色的，不知名的；不具名的，不署名的,,,
answer,ˈɑːnsə(r),n.,n. 回答，答复；答案；解决方法，办法；v. 回答，答复；符合，满足,,,
anticipate,ænˈtɪsɪpeɪt,v.,v. 预期，预料；预先采取行动，抢先；期待，盼望,,,
anxiety,æŋˈzaɪəti,n.,n. 焦虑，忧虑；焦急，渴望,,,
anxious,ˈæŋkʃəs,adj.,adj. 焦虑的，担心的；渴望的，急切的,,,
apart,əˈpɑːt,adv.,adv. 分开地，隔开地；除...之外；成为碎片，破碎,,,
assassinate,əˈsæsɪneɪt,v.,v. 暗杀，刺杀（尤指重要人物）,,,
assault,əˈsɔːlt,n.,n. 攻击，袭击；抨击，严厉批评；v. 攻击，袭击；抨击，严厉批评,,,
assemble,əˈsembl,v.,v. 集合，聚集；装配，组装；收集，整理（信息、证据等）,,,
assembly,əˈsembli,n.,n. 集会，集合；装配，组装；议会，立法机构；装配体，组件,,,
assert,əˈsɜːt,v.,v. 断言，声称；坚持，维护（权利等）；表现出，显示,,,
component,kəmˈpəʊnənt,n.,n. 组成部分，成分，构件；要素，因素,,,
compose,kəmˈpəʊz,v.,v. 组成，构成；创作，作曲；使平静，使镇定；撰写，写作,,,
composition,ˌkɒmpəˈzɪʃn,n.,n. 作文，文章；构图，布局；成分，构成；创作，作曲；和解，协议,,,
comprehend,ˌkɒmprɪˈhend,v.,v. 理解，领会；包含，包括,,,
comprehension,ˌkɒmprɪˈhenʃn,n.,n. 理解(力)，领悟(力)；理解力测试，阅读理解(练习)；(语言学习中的)理解训练,,,
comprehensive,ˌkɒmprɪˈhensɪv,adj.,adj. 全面的，综合的；详尽的，包罗万象的,,,
condemn,kənˈdem,v.,v. 谴责，严厉指责；判刑，宣告有罪；宣布...不适于使用；注定，使...终止,,,
condense,kənˈdens,v.,v. 浓缩，使浓缩；压缩，使缩短；凝结，凝聚,,,
condition,kənˈdɪʃn,n.,n. 状况，情况；条件；健康状况；疾病；（社会、工作等的）条件，环境；v. 训练，使习惯于；护理（头发等）；影响，制约,,,
conduct,kənˈdʌkt,v.,v. 引导，带领；实施，进行；指挥（乐队、合唱团等）；传导（热、电等）；n. 行为，举止；管理方式，经营方式,,,
conductor,kənˈdʌktə(r),n.,n. 指挥家；售票员；导体；导管；传导体,,,
disable,dɪsˈeɪbl,v.,v. 使失去能力，使残废；使无效，使不能运转,,,
disappear,ˌdɪsəˈpɪə(r),v.,v. 消失，不见；消失，消散；消亡，灭绝,,,
disappoint,ˌdɪsəˈpɔɪnt,v.,v. 使失望，使扫兴；辜负，使落空,,,
discipline,ˈdɪsəplɪn,n.,n. 纪律；学科，专业；自制力；训练；v. 管教，惩戒,,,
disclose,dɪsˈkləʊz,v.,v. 揭露，公开；泄露（秘密），透露（信息）,,,
discover,dɪˈskʌvə(r),v.,v. 发现，找到；了解到，查明；发觉，察觉,,,
discovery,dɪˈskʌv.ər.i,n.,n. 发现，发觉；被发现的事物；（法律）披露，证据开示,,,
hoist,hɔɪst,v.,v. 升起，举起，吊起；n. 起重机，升降机,,,
hold,həʊld,v.,v. 握住，拿着；保持，维持；举行，举办；容纳，装得下；保留，保存；认为，相信；延迟，推迟；n. 控制，掌握；支撑物，把手；保留地，据点,,,
holder,ˈhəʊldə(r),n.,n. 持有人，所有人；容器，支架；持有者，拥有者；支架，托架,,,
household,ˈhaʊshəʊld,n.,n. 家庭，家人；家务；adj. 家庭的，家用的；家喻户晓的，众所周知的,,,
however,haʊˈevə(r),adv.,adv. 无论如何，不管怎样；conj. 然而，但是,,,
huddle,ˈhʌd.əl,n.,n. 一群人聚在一起（尤指为了讨论）；v. 挤在一起；蜷缩；聚集在一起（尤指为了讨论）,,,
narrative,ˈnærətɪv,n.,n. 叙述，记叙文；故事，叙事；adj. 叙事的，叙述的,,,
narrow,ˈnærəʊ,adj.,adj. 狭窄的，窄的；有限的，局限的；勉强的，刚刚的；狭隘的，心胸狭窄的；v. 使变窄，缩小；减少（差距、分歧等）,,,
nasty,ˈnɑːsti,adj.,adj. 令人不快的，讨厌的；恶劣的，糟糕的；危险的，严重的；（人）脾气坏的，刻薄的,,,
nation,ˈneɪʃn,n.,n. 国家，民族；国民，全体居民,,,
national,ˈnæʃnəl,adj.,adj. 国家的，全国性的；民族的，国民的；n. 国民，公民,,,
nationality,ˌnæʃəˈnæləti,n.,n. 国籍；民族，族裔,,,
native,ˈneɪtɪv,adj.,adj. 本地的，土生土长的；母语的，本族语的；天生的，固有的；n. 本地人，土著居民,,,
natural,ˈnætʃrəl,adj.,adj. 自然的，天然的；正常的，自然而然的；本能的，天生的；自然科学的；n. 自然的事物，天生的才能,,,
nature,ˈneɪtʃə(r),n.,n. 自然，大自然；本性，天性；种类，性质；本质，实质；自然界；天然特性,,,
overall,ˌəʊvərˈɔːl,adj.,adj. 全面的，总的；adv. 总的来说，全面地；n. 工作服，罩衫,,,
overcome,ˌəʊvəˈkʌm,v.,v. 战胜，克服（困难、问题等）；压倒，制服；使受不了，使不知所措,,,
overlap,ˈəʊvəlæp,n.,n. 重叠，交叉；重叠部分，交叉点；相同或相似之处；v. 部分重叠，交叉,,,
portion,ˈpɔːʃn,n.,n. 一部分，一份；一份食物，一客；v. 分配，分派,,,
possibility,ˌpɒsəˈbɪləti,n.,n. 可能性，可能；可能发生的事，可能性,,,
possible,ˈpɒsəbl,adj.,adj. 可能的，可能发生的；可行的，做得到的；n. 可能的事，可能性,,,
potential,pəˈtenʃl,adj.,adj. 潜在的，可能的；潜在的，可能的；有潜力的；n. 潜力，可能性；潜力，可能性；潜在价值；潜在能力,,,
pour,pɔː(r),v.,v. 倒，注；倾泻，流出；大量涌入，蜂拥而至；n. 倾倒，倾泻,,,
remote,rɪˈməʊt,adj.,adj. 遥远的，偏僻的；远程的，遥控的；微小的，细微的；n. 遥控器,,,
remove,rɪˈmuːv,v.,v. 移开，搬走；脱掉（衣物等）；去除，去掉；免职，解雇；消除（障碍等）；清除，删除,,,
removal,rɪˈmuːvl,n.,n. 移除，去除；搬迁，迁移；免职，解雇；清除，清理,,,
remain,rɪˈmeɪn,v.,v. 继续存在，保持；逗留，停留；剩下，遗留；n. 残余，遗迹,,,
remainder,rɪˈmeɪndə(r),n.,n. 剩余物，余数；剩余部分，其余部分,,,
remains,rɪˈmeɪnz,n.,n. 遗体，遗骸；遗迹，遗存；剩余物，残余；v. 仍然是，依然是；留下，剩下,,,
remedy,ˈremədi,n.,n. 治疗方法，药物；补救办法，解决方案；v. 纠正，补救，治疗,,,
remember,rɪˈmembə(r),v.,v. 记得，记住；回想起，想起；记住，铭记；记起，回忆起；记得做某事；纪念，缅怀,,,
remind,rɪˈmaɪnd,v.,v. 提醒，使想起；使想起，使联想到,,,
render,ˈrendə(r),v.,v. 提供，给予；使成为，使变得；表达，呈现；翻译；演绎，表演；粉刷，涂抹；递交，呈递；回报，报答,,,
contemporary,kənˈtempərəri,adj.,adj. 当代的，现代的；同时代的，同时期的；当代的，现代的；同时代的，同时期的；当前的，同时发生的；n. 同代人，同辈人,,,
contempt,kənˈtempt,n.,n. 蔑视，轻蔑；藐视法庭,,,
content,kənˈtent,adj.,adj. 满意的，满足的；n. 内容，目录；容量，容积；v. 使满足，使满意,,,
contend,kənˈtend,v.,v. 争论，争辩；竞争，争夺；声称，主张；应对，处理,,,
contest,kənˈtest,n.,n. 比赛，竞赛；争论，争辩；v. 争夺，竞争；对...提出异议，争辩,,,
context,ˈkɒntekst,n.,n. 上下文；语境；背景；环境；前后关系,,,
contract,ˈkɒntrækt,n.,n. 合同，契约；协议，合约；v. 订立合同，签约；收缩，缩小；感染，染上（疾病）,,,
contradict,ˌkɒntrəˈdɪkt,v.,v. 反驳，否定；与…相矛盾，不一致；否认（某事）；与…相抵触，相冲突,,,
contrary,ˈkɒntrəri,adj.,adj. 相反的，对立的；倔强的，爱唱反调的；n. 相反，对立面,,,
contrast,ˈkɒntrɑːst,n.,n. 对比，对照；差异，差别；v. 对比，对照；形成对比，显出明显的差异,,,
diverse,daɪˈvɜːs,adj.,adj. 不同的，各式各样的；多样化的，多元化的,,,
diversion,daɪˈvɜːʃn,n.,n. 转移，转向；消遣，娱乐；分流，改道；偏离；转移注意力的事物,,,
divert,daɪˈvɜːt,v.,v. 转移（注意力、资金等）；使转向，使改道；使娱乐，使消遣,,,
divide,dɪˈvaɪd,v.,v. 分开，分割；分配，分发；使产生分歧，使不和；n. 分歧，差异；分水岭，分界线,,,
dividend,ˈdɪvɪdend,n.,n. 股息，红利；（数学）被除数；好处，益处,,,
division,dɪˈvɪʒn,n.,n. 分割，划分；除法；部门，科室；分歧，分裂；师（军队单位）,,,
document,ˈdɒkjumənt,n.,n. 文件，公文；证件，证书；v. 记录，记载,,,
documentary,ˌdɒkjuˈmentri,n.,n. 纪录片；adj. 纪录的，记录的,,,
execute,ˈeksɪkjuːt,v.,v. 执行，实施；实现，完成；处决，处死；签署并使生效,,,
executive,ɪɡˈzekjʊtɪv,n.,n. 经理，主管；行政部门，执行机构；adj. 执行的，行政的；高级的，决策的,,,
exemplify,ɪɡˈzemplɪfaɪ,v.,v. 作为…的典型例子；示范；例证,,,
exert,ɪɡˈzɜːt,v.,v. 运用，施加（力量、影响等）；尽（力），努力,,,
exhaust,ɪɡˈzɔːst,v.,v. 使精疲力尽，使筋疲力尽；用尽，耗尽；n. 排气装置，排气管,,,
exist,ɪɡˈzɪst,v.,v. 存在，生存；继续存在，持续,,,
existence,ɪɡˈzɪstəns,n.,n. 存在，生存；实在，实有；生活方式,,,
exotic,ɪɡˈzɒtɪk,adj.,adj. 来自异国的，外来的；奇异的，异国情调的；稀有的，珍奇的；异国风情的，富有异域特色的,,,
moral,ˈmɒrəl,adj.,adj. 道德的，有关道德的；精神上的，心理上的；n. 道德，品行；寓意，教训,,,
morality,məˈræləti,n.,n. 道德，道德观念；道德规范，道德准则,,,
moreover,mɔːrˈəʊvə(r),adv.,adv. 此外，而且，再者,,,
mostly,ˈməʊstli,adv.,adv. 主要地，大部分地；通常，一般来说,,,
prior,ˈpraɪə(r),adj.,adj. 先前的，在前的；优先的，更重要的；n. 修道院长，小修道院院长,,,
priority,praɪˈɒrəti,n.,n. 优先权，优先；重要事项，优先考虑的事；优先顺序；优先考虑的事物,,,
privacy,ˈprɪvəsi,n.,n. 隐私，私密性；独处，清静,,,
private,ˈpraɪvət,adj.,adj. 私人的，个人的；私立的，民营的；秘密的，机密的；隐蔽的，僻静的；n. 士兵，列兵,,,
privilege,ˈprɪvəlɪdʒ,n.,n. 特权，优待；荣幸，光荣；v. 给予...特权，特别优待,,,
prudent,ˈpruːdnt,adj.,adj. 谨慎的，小心的；明智的，精明的,,,
submit,səbˈmɪt,v.,v. 提交，呈递；屈服，顺从；主张，建议,,,
subordinate,səˈbɔːdɪnət,adj.,adj. 下级的，次要的，从属的；n. 下级，部下；v. 使处于次要地位，使从属于,,,
subscribe,səbˈskraɪb,v.,v. 订阅，订购；同意，赞同；捐献，捐赠,,,
subsequent,ˈsʌbsɪkwənt,adj.,adj. 随后的，后来的；接着发生的,,,
substance,ˈsʌbstəns,n.,n. 物质，材料；实质，本质；重要性，价值；财产，资产,,,
substantial,səbˈstænʃl,adj.,adj. 大量的，可观的；坚固的，结实的；重要的，主要的；实质的，本质的,,,
substitute,ˈsʌbstɪtjuːt,n.,n. 替代品，代替物；替补队员；v. 替代，代替；adj. 代替的，替代的,,,
subtle,ˈsʌtl,adj.,adj. 微妙的，细微的；不易察觉的；精巧的，巧妙的；敏锐的，敏感的,,,
associate,əˈsəʊʃieɪt,v.,v. 联系，联想；交往，结交；关联，联系；n. 同事，伙伴；准会员，副手；adj. 副的，联系的,,,
association,əˌsəʊsiˈeɪʃn,n.,n. 协会，团体；联想，联系；交往，来往；结合，联合,,,
amend,əˈmend,v.,v. 修改，修正，改进,,,
among,əˈmʌŋ,prep.,prep. 在...之中，在...之间；为...所共有，为...所共同；在...之一，属于,,,
amongst,əˈmʌŋst,prep.,prep. 在...之中，在...当中,,,
amount,əˈmaʊnt,n.,n. 数量；总数；总额；v. 总计；合计；达到,,,
ample,ˈæmpl,adj.,adj. 充足的，富余的；宽敞的，宽大的,,,
amuse,əˈmjuːz,v.,v. 使愉快，使娱乐；逗乐，使发笑,,,
stick,stɪk,n.,n. 棍子，棒；枝条，树枝；v. 粘贴，贴；插入，戳进；坚持，固守,,,
stimulate,ˈstɪmjuleɪt,v.,v. 刺激，激励，鼓舞；促进，激发；刺激，使兴奋,,,
stir,stɜː(r),v.,v. 搅拌，搅动；激起，引起（感情、兴趣等）；轻轻移动，微动；唤醒，叫醒；煽动，鼓动；n. 搅动，搅拌；骚动，激动,,,
stipulate,ˈstɪpjuleɪt,v.,v. 规定，约定；明确说明，阐明,,,
infer,ɪnˈfɜː(r),v.,v. 推断，推理；暗示，意味,,,
inference,ˈɪnfərəns,n.,n. 推理，推断；推论；推理过程；推论结果,,,
inferior,ɪnˈfɪəriə(r),adj.,adj. 较差的，次等的；下级的，下等的；较低的，低于；n. 下级，下属,,,
influence,ˈɪnfluəns,n.,n. 影响，作用；影响力，权势；v. 影响，对...起作用；左右，支配,,,
influential,ˌɪnfluˈenʃl,adj.,adj. 有影响力的，有势力的,,,
inform,ɪnˈfɔːm,v.,v. 通知，告知；影响，塑造,,,
information,ˌɪnfəˈmeɪʃn,n.,n. 信息，资料；情报，消息；知识，学问；通知，告知,,,
approach,əˈprəʊtʃ,v.,v. 接近，靠近；接洽，与...联系；对待，处理；n. 方法，态度；接近，靠近,,,
appropriate,əˈprəʊpriət,adj.,adj. 适当的，恰当的；专用的，特定的；v. 拨款，占用；盗用，侵占,,,
approval,əˈpruːvl,n.,n. 赞同，同意；批准，认可；好评，称许；（正式的）许可，批准,,,
approve,əˈpruːv,v.,v. 赞成，同意，批准；证明...是对的，证实,,,
apt,æpt,adj.,adj. 恰当的，适当的；聪明的，灵巧的；易于...的，有...倾向的,,,
conform,kənˈfɔːm,v.,v. 遵守，符合；使适应，使一致,,,
confront,kənˈfrʌnt,v.,v. 面对，正视；遭遇，遇到（困难、危险等）；对质，质问；使面对面,,,
confuse,kənˈfjuːz,v.,v. 使困惑，使糊涂；混淆，弄错,,,
confusion,kənˈfjuːʒn,n.,n. 混乱，困惑；混淆，弄错；困惑不解；糊涂,,,
congress,ˈkɒŋɡres,n.,n. 国会，议会（尤指美国国会）；代表大会，会议,,,
connect,kəˈnekt,v.,v. 连接，连结；使互相联系；接通（电话等）；联想到，联系起来；使有联系，使发生关系,,,
connection,kəˈnekʃn,n.,n. 联系，关系；连接，接通；人际关系，人脉；（交通）连接，转车,,,
connexion,kəˈnekʃn,n.,n. 联系，关联；人际关系；家族关系,,,
conscious,ˈkɒnʃəs,adj.,adj. 意识到的，察觉到的；有意识的，清醒的；有意的，刻意的；神志清醒的，有知觉的；自觉的，有自我意识的,,,
continual,kənˈtɪnjuəl,adj.,adj. 连续的，持续的；频繁的，经常发生的,,,
continue,kənˈtɪnjuː,v.,v. 继续，持续；延伸，延续；保持（某种状态）,,,
continuous,kənˈtɪnjuəs,adj.,adj. 连续的，持续的；连续不断的，不间断的；连贯的，一致的,,,
dismiss,dɪsˈmɪs,v.,v. 解雇，开除；不予考虑，摒弃；驳回，不受理；解散，遣散,,,
disorder,dɪsˈɔːdə(r),n.,n. 混乱，杂乱；失调，紊乱；疾病，病症；v. 扰乱，使混乱,,,
disperse,dɪˈspɜːs,v.,v. 分散，驱散；散布，传播；adj. 分散的，分布广的,,,
displace,dɪsˈpleɪs,v.,v. 迫使...离开，使离开原位；取代，替代；使退出，排挤,,,
display,dɪˈspleɪ,v.,v. 展示，陈列；显示，表现；展现（特质、情感等）；n. 展示，陈列；显示，表现；展示品；（电子设备的）显示屏,,,
distribute,dɪˈstrɪbjuːt,v.,v. 分发，分配；分布，散布；分类，归类,,,
distort,dɪˈstɔːt,v.,v. 扭曲，歪曲；曲解，误传,,,
distract,dɪˈstrækt,v.,v. 使分心，使转移注意力；使困惑，使迷惑,,,
evolution,ˌiːvəˈluːʃn,n.,n. 进化，演变；发展，演化；进程，过程,,,
evolve,ɪˈvɒlv,v.,v. (使)发展，(使)进化；(使)逐渐形成；(使)演变，(使)发展；(使)逐步发展，(使)逐渐形成,,,
exaggerate,ɪɡˈzædʒəreɪt,v.,v. 夸大，夸张；言过其实，夸大其词,,,
examine,ɪɡˈzæmɪn,v.,v. 检查，仔细观察；审查，调查；考试，测验,,,
mock,mɒk,v.,v. 嘲笑，取笑；模仿，模拟；adj. 模拟的，仿制的；n. 模拟考试,,,
mode,məʊd,n.,n. 方式，模式；众数（统计学）；方法，风格；时尚，流行,,,
model,ˈmɒdl,n.,n. 模型，样品；模范，榜样；模特儿；（汽车等的）型号；v. 模仿，以...为榜样；当模特；adj. 模范的，典型的,,,
moderate,ˈmɒdərət,adj.,adj. 适度的，中等的；温和的，稳健的；v. 缓和，使适中；主持，调解,,,
modern,ˈmɒdn,adj.,adj. 现代的，当代的；新式的，摩登的；现代主义的,,,
modernization,ˌmɒdənaɪˈzeɪʃn,n.,n. 现代化，使现代化,,,
modernisation,ˌmɒdənaɪˈzeɪʃən,n.,n. 现代化，使现代化,,,
modest,ˈmɒdɪst,adj.,adj. 谦虚的，谦逊的；适度的，不过分的；中等的，一般的；朴素的，简朴的,,,
modify,ˈmɒdɪfaɪ,v.,v. 修改，更改；调整，修正；限定，限制,,,
predecessor,ˈpriːdəsesə(r),n.,n. 前任，前辈；（事物的）前身，先前存在的事物,,,
predict,prɪˈdɪkt,v.,v. 预言，预测；预示，预兆,,,
preface,ˈprefəs,n.,n. 序言，前言；v. 为...作序，写前言；作为...的开端，以...为开头,,,
preferable,ˈprefərəbl,adj.,adj. 更好的，更可取的，更合意的,,,
preference,ˈprefrəns,n.,n. 偏爱，喜爱；优先权，优先选择,,,
prejudice,ˈpredʒudɪs,n.,n. 偏见，成见；偏见，成见；损害，侵害；v. 使有偏见；损害，危害,,,
preliminary,prɪˈlɪmɪnəri,adj.,adj. 初步的，预备的；初步的，预赛的；n. 预备性事项，初步行动,,,
premier,ˈpremiə(r),adj.,adj. 首要的，最重要的；最早的，最先的；n. 总理，首相,,,
premise,ˈpremɪs,n.,n. 前提；假设；假定；房屋；经营场所；建筑物及其附属场地,,,
premium,ˈpriːmiəm,n.,n. 额外费用，保险费；奖金，奖励；溢价；adj. 高级的，优质的；溢价的,,,
preparation,ˌprepəˈreɪʃn,n.,n. 准备，预备；准备工作，筹备；制剂，配制品,,,
reflect,rɪˈflekt,v.,v. 反射（光、热等）；映出（影像）；反映，表现；表示，显示；深思，反省；仔细考虑；给…带来好处或坏处；使…蒙上污名,,,
reflection,rɪˈflekʃn,n.,n. 反射，倒影；深思，考虑；映象，映像；反映，折射；批评，指责,,,
reflexion,rɪˈflekʃn,n.,n. 反射；映像；深思，沉思；反省，考虑,,,
reform,rɪˈfɔːm,n.,n. 改革，改良；改革措施，改革方案；v. 改革，改造，改良；改过自新，洗心革面,,,
reject,rɪˈdʒekt,v.,v. 拒绝，回绝；抵制，抗拒；否决，不接受；排斥，摒弃；n. 被拒绝的人或物,,,
rejoice,rɪˈdʒɔɪs,v.,v. 欣喜，高兴，庆祝,,,
relate,rɪˈleɪt,v.,v. 讲述，叙述；使有联系，有关联；理解，认同；建立或展示联系,,,
relation,rɪˈleɪʃn,n.,n. 关系，联系；亲属，亲戚；叙述，讲述；关联，联系,,,
relationship,rɪˈleɪʃnʃɪp,n.,n. 关系，联系；关系，交往；亲属关系；关系，联系；相互关系，相关性,,,
relative,ˈrelətɪv,adj.,adj. 相对的，比较的；相关的，有关系的；n. 亲戚，亲属；相关物，关系词,,,
relativity,ˌrelə'tɪvəti,n.,n. 相对性，相关性；相对论,,,
relevant,ˈreləvənt,adj.,adj. 相关的，有关的；重要的，切题的，适当的,,,
overlook,ˌəʊvəˈlʊk,v.,v. 忽视，忽略；俯瞰，眺望；宽恕，不追究,,,
overseas,ˌəʊvəˈsiːz,adv.,adv. 在国外，在海外；adj. 海外的，国外的；n. 海外，国外（尤指欧洲以外的国家）,,,
curious,ˈkjʊəriəs,adj.,adj. 好奇的，求知欲强的；奇怪的，异常的；稀奇的，珍奇的,,,
curiosity,ˌkjʊəriˈɒsəti,n.,n. 好奇心，求知欲；稀奇的事物，古玩，珍品,,,
currency,ˈkʌrənsi,n.,n. 货币，通货；流通，通用，流行,,,
current,ˈkʌrənt,adj.,adj. 现在的，当前的；流通的，通用的；n. 水流，气流；电流；趋势，潮流,,,
cut,kʌt,v.,v. 切，割，剪；削减，缩短；割伤，划伤；n. 切口，伤口；削减，缩短；adj. 切割的，割下的,,,
cumulative,ˈkjuːmjələtɪv,adj.,adj. 累积的，渐增的；累计的，总计的；累加的，聚积的,,,
average,ˈæv(ə)rɪdʒ,adj.,adj. 平均的，一般的，普通的；n. 平均数，平均水平；v. 平均为，平均是,,,
avoid,əˈvɔɪd,v.,v. 避免，躲避；防止，避免（不愉快的事情发生）,,,
awake,əˈweɪk,adj.,adj. 醒着的，清醒的；v. 唤醒，使醒来；唤起，引起（感情、记忆等）,,,
award,əˈwɔːd,n.,n. 奖，奖励，奖项；判决，裁决；v. 授予，给予；判给，裁定给予,,,
aware,əˈweə(r),adj.,adj. 知道的，意识到的；察觉到的，意识到的，警觉的,,,
awkward,ˈɔːkwəd,adj.,adj. 尴尬的，令人不自在的；笨拙的，不灵巧的；难处理的，棘手的,,,
extravagant,ɪkˈstrævəɡənt,adj.,adj. 奢侈的，挥霍的；过度的，不切实际的；铺张的，浮夸的；过分的，过度的,,,
extreme,ɪkˈstriːm,adj.,adj. 极度的，极端的；极限的，尽头的；激进的，过分的；n. 极端，极限,,,
invisible,ɪnˈvɪzəbl,adj.,adj. 看不见的，无形的；无形的，难以察觉的；被忽视的，不引人注意的,,,
invoke,ɪnˈvəʊk,v.,v. 召唤，祈求；引用，援引（法律、规则等）；唤起，引起（感情、记忆等）,,,
involve,ɪnˈvɒlv,v.,v. 包含，需要；使参与，牵涉；使陷入，使卷入,,,
issue,ˈɪʃuː,n.,n. 问题，争论点；期刊，刊物；发行，发布；发行物；v. 发布，发行；颁布，公布,,,
item,ˈaɪtəm,n.,n. 物品，条目；项目，细目,,,
overturn,ˌəʊvəˈtɜːn,v.,v. 推翻，打翻；推翻，废除（法律、判决等）,,,
overwhelm,ˌəʊvəˈwelm,v.,v. 压倒，制服；使不知所措，使应接不暇；使感情强烈，使深受感动,,,
purchase,ˈpɜːtʃəs,n.,n. 购买；采购；购买的东西；采购品；v. 购买；采购；获得；赢得,,,
pursue,pəˈsjuː,v.,v. 追赶，追求；从事，继续；执行，贯彻,,,
pursuit,pəˈsjuːt,n.,n. 追求，寻求；追赶，追捕；职业，事业；爱好，消遣,,,
puzzle,ˈpʌzl,n.,n. 谜题，难题；令人费解的事物；拼图游戏；v. 使困惑，使迷惑；苦思；迷惑不解,,,
reverse,rɪˈvɜːs,v.,v. 颠倒，倒转；撤销，废除；扭转，逆转；adj. 相反的，反面的；n. 相反，反面；倒挡，倒档,,,
review,rɪˈvjuː,n.,n. 复习，温习；评论，评价；审查，检查；回顾，复习；v. 复习，温习；评论，评价；审查，检查；回顾，复习,,,
revise,rɪˈvaɪz,v.,v. 修改，修订；复习，温习,,,
revive,rɪˈvaɪv,v.,v. 使复苏，使苏醒；重新使用，使复兴；重新激起，唤起,,,
reward,rɪˈwɔːd,n.,n. 报酬，奖赏；回报，酬谢；v. 奖励，奖赏,,,
rich,rɪtʃ,adj.,adj. 富有的，有钱的；丰富的，充足的；浓郁的，醇厚的；肥沃的，富饶的；珍贵的，宝贵的；n. 富人，有钱人,,,
rise,raɪz,v.,v. 上升，升起；起床；增加，上涨；起义，反抗；产生，出现；升职，提高地位；n. 上升，增加；斜坡，上坡；起源，开始；提高，增长,,,
risk,rɪsk,n.,n. 风险，危险；冒险，冒险行为；v. 冒...的危险；使...冒风险,,,
rival,ˈraɪvl,n.,n. 对手，竞争者；v. 与...竞争，比得上；adj. 竞争的，对抗的,,,
role,rəʊl,n.,n. 角色，作用；职责，任务；地位，身份,,,
roll,rəʊl,v.,v. 滚动，翻滚；卷起，卷曲；(车辆等)平稳行驶；发出隆隆声；摇晃，摇动；起伏，波动；n. 面包卷，小圆面包；卷，卷状物；名单，名册；滚动，翻滚,,,
root,ruːt,n.,n. 根，根部；根源，起源；词根；v. 生根，扎根；支持，欢呼,,,
route,ruːt,n.,n. 路线，路途；固定线路，常规路线；v. 为...规划路线，安排...的路线,,,
routine,ruːˈtiːn,n.,n. 常规，惯例；例行公事，日常工作；adj. 常规的，例行的,,,
row,rəʊ,n.,n. (一)排，行；吵架，争吵；v. 划(船)；争吵，吵架,,,
rule,ruːl,n.,n. 规则，规定；统治，管理；习惯，惯例；尺子；规律，法则；v. 统治，管理；支配，控制；裁定，判决；划线,,,
ruler,ˈruːlə(r),n.,n. 统治者，君主；尺子，直尺；统治阶级,,,
surname,ˈsɜːneɪm,n.,n. 姓，姓氏,,,
surpass,səˈpɑːs,v.,v. 超过，胜过，优于,,,
surplus,ˈsɜːpləs,n.,n. 剩余，过剩，盈余；adj. 过剩的，剩余的，多余的,,,
surprise,səˈpraɪz,n.,n. 意外，惊奇；使人吃惊的事物；突然袭击；v. 使惊讶，使吃惊；出其不意地攻击，偷袭,,,
survey,ˈsɜːveɪ,n.,n. 调查，民意测验；测量，勘测；概述，综述；v. 调查，勘察；环顾，审视,,,
surveillance,səˈveɪləns,n.,n. 监视，监督，监控,,,
survival,səˈvaɪvl,n.,n. 生存；存活；幸存,,,
survive,səˈvaɪv,v.,v. 继续存活，幸存；经受住，度过（困难等）；比...活得长,,,
susceptible,səˈseptəbl,adj.,adj. 易受影响的，敏感的；易受伤害的，易患病的；易受影响的，容易接受的,,,
suspend,səˈspend,v.,v. 悬挂，吊；暂停，中止；推迟，延期；使暂时停职，使停学,,,
suspect,səˈspekt,v.,v. 怀疑，猜想；推测，认为；n. 嫌疑犯，可疑分子；adj. 可疑的，不可信的,,,
suspicion,səˈspɪʃn,n.,n. 怀疑，疑心；猜疑，嫌疑,,,
suspicious,səˈspɪʃəs,adj.,adj. 怀疑的，疑心的；可疑的，令人怀疑的,,,
sustain,səˈsteɪn,v.,v. 维持，支撑；遭受，经受；证实，支持,,,
swarm,swɔːm,n.,n. 一大群（昆虫或小动物）；一大群（人）；v. 成群地移动，蜂拥而至；挤满，群集,,,
swear,sweə(r),v.,v. 发誓，宣誓；咒骂，诅咒；n. 宣誓，誓言,,,
swell,swel,v.,v. 膨胀，肿胀；增加，增大；使鼓起，使隆起；增强，加剧；n. 肿胀；海浪，波浪；adj. 极好的，极棒的；时髦的，漂亮的,,,
swing,swɪŋ,v.,v. 摇摆，摇荡；挥动；转向，改变；影响（局势、结果等）；获胜，成功；n. 秋千；摇摆，摇荡；摇摆乐；情绪或观点的突然变化,,,
switch,swɪtʃ,n.,n. 开关，电闸；转换，转变；鞭子，藤条；v. 转换，交换；改变，转变,,,
polish,ˈpɒlɪʃ,v.,v. 擦亮，磨光；改进，使完美；n. 擦光剂，上光剂；优雅，精致,,,
point,pɔɪnt,n.,n. 点，小数点；要点，观点；分数；地点，位置；时刻，阶段；目的，意图；v. 指向，指出；强调，表明；adj. 尖的，锐利的,,,
propel,prəˈpel,v.,v. 推进，推动；驱使，激励,,,
proper,ˈprɒpə(r),adj.,adj. 恰当的，适当的；正确的，合适的；固有的，特有的；真正的，名副其实的,,,
property,ˈprɒpəti,n.,n. 财产，所有物；特性，性质；房地产，不动产；所有权,,,
proportion,prəˈpɔːʃn,n.,n. 比例；部分；均衡；相称；比例关系；v. 使成比例；使均衡；使相称,,,
proposal,prəˈpəʊzl,n.,n. 提议，建议；方案，提案；求婚,,,
propose,prəˈpəʊz,v.,v. 提议，建议；求婚；打算，计划,,,
proposition,ˌprɒpəˈzɪʃən,n.,n. 提议，建议；主张，观点；命题，陈述；问题，课题；v. 向...提议，向...求婚,,,
prospect,ˈprɒspekt,n.,n. 前景，展望；可能性；潜在顾客，有望的候选人；景色，景象；v. 勘探，勘察；寻找,,,
prospective,prəˈspektɪv,adj.,adj. 可能的，预期的；未来的，预期的；潜在的，有望的,,,
protocol,ˈprəʊtəkɒl,n.,n. 礼仪，外交礼节；协议，条约；通信协议；实验方案，科研规程,,,
proximate,ˈprɒksɪmət,adj.,adj. 最接近的，紧邻的；直接的，最接近的（原因）,,,
restore,rɪˈstɔː(r),v.,v. 恢复，使恢复原状；修复，修理；归还，交还；重新采用，重新实施,,,
restrain,rɪˈstreɪn,v.,v. 阻止，制止；抑制，控制；约束，限制；管制，拘留,,,
restraint,rɪˈstreɪnt,n.,n. 克制，自制；约束，限制；抑制，控制；拘束，束缚；节制，适度,,,
restrict,rɪˈstrɪkt,v.,v. 限制，约束；限定，规定,,,
attach,əˈtætʃ,v.,v. 连接，附加；归属，隶属；附上（信件等）；使依恋，使喜爱,,,
attack,əˈtæk,n.,n. 攻击，进攻；（疾病的）发作；v. 攻击，进攻；抨击，非难,,,
attain,əˈteɪn,v.,v. 达到，获得；实现，达成（目标）,,,
attempt,əˈtempt,n.,n. 尝试，试图；企图，努力；v. 尝试，试图；企图，努力,,,
attend,əˈtend,v.,v. 出席，参加；照料，看护；注意，留心；伴随，随同,,,
attention,əˈtenʃn,n.,n. 注意力；关注；照顾；关心,,,
attitude,ˈætɪtjuːd,n.,n. 态度，看法；姿态，姿势；倾向，立场,,,
attribute,ˈætrɪbjuːt,n.,n. 特征，特性；属性，品质；v. 把...归因于，认为...是...的原因,,,
court,kɔːt,n.,n. 法院；球场；宫廷；朝廷；院子；庭院；v. 追求；求爱；招致,,,
courtesy,ˈkɜːtəsi,n.,n. 礼貌；客气；谦恭有礼；优待；好意；恩惠；adj. 免费提供的；礼节性的,,,
cover,ˈkʌvə(r),v.,v. 覆盖；遮盖；掩盖；包含；涉及；报道；n. 盖子；罩子；封面；掩护；借口；保护,,,
create,kriˈeɪt,v.,v. 创造，创作，制作；引起，产生；建立，创建；创造性地使用；任命，授予,,,
creative,kriˈeɪtɪv,adj.,adj. 有创造力的，创新的；富有想象力的，有独创性的；n. 创意人员，创造性工作者,,,
credit,ˈkredɪt,n.,n. 信用，信誉；赊账；学分；功劳，荣誉；信贷，贷款；v. 相信，信任；把...归功于；贷记；adj. 信用的,,,
crisis,ˈkraɪsɪs,n.,n. 危机，紧急关头；转折点，关键时刻；病情的危险期,,,
drive,draɪv,v.,v. 驾驶，开（车）；驱使，驱赶；迫使，强迫；驱动，推动；猛击，打；开车送（人）；钉入，打入；n. 驾驶，行车；驱车旅行；驱动器；动力，推动力；努力，奋斗,,,
drug,drʌɡ,n.,n. 药，药物；毒品，麻醉品；v. 使服麻醉药；使服兴奋剂,,,
export,ɪkˈspɔːt,v.,v. 出口，输出（货物或服务）；传播（思想、文化等）；n. 出口，输出；出口商品,,,
expose,ɪkˈspəʊz,v.,v. 使暴露，揭露；使面临（危险等）；使曝光（照相）；揭露，揭发,,,
exposure,ɪkˈspəʊʒə(r),n.,n. 暴露，接触；曝光（摄影术语）；揭露，揭发；面临（风险等）；（在媒体上的）曝光度，知名度,,,
express,ɪkˈspres,v.,v. 表达，表示；表达（感情、想法等）；快递，急送；adj. 快速的，特快的；n. 快车，快递，专递,,,
expression,ɪkˈspreʃn,n.,n. 表情，神色；表达，表示；表达方式，词语；表现，体现；数学表达式；压榨，榨出,,,
extend,ɪkˈstend,v.,v. 延伸，伸展；延长（时间）；扩大，扩展；提供，给予；适用，涉及,,,
extension,ɪkˈsten.ʃən,n.,n. 延长，延期；扩展，扩大；延伸部分，延伸物；电话分机；文件扩展名；大学推广部；推广，推行,,,
extensive,ɪkˈstensɪv,adj.,adj. 广大的，广阔的；大量的，广泛的；全面的，综合的；深入的，详尽的,,,
extent,ɪkˈstent,n.,n. 程度，范围，规模；广度，长度，面积,,,
human,ˈhjuːmən,adj.,adj. 人的，人类的；n. 人，人类,,,
humanity,hjuːˈmænəti,n.,n. 人类，人性；人文学科，人文教育；仁慈，博爱,,,
humble,ˈhʌmbl,adj.,adj. 谦逊的，谦虚的；地位低下的，卑微的；简陋的，朴素的；v. 使谦卑，使感到羞愧,,,
intend,ɪnˈtend,v.,v. 打算，计划；意指，意思是；打算做（某事）,,,
intention,ɪnˈtenʃn,n.,n. 意图，打算；目的；意向；意图；目的；打算,,,
intense,ɪnˈtens,adj.,adj. 强烈的，剧烈的；热烈的，热情的；紧张的，激烈的；集中的，专注的,,,
intensity,ɪnˈtensəti,n.,n. 强度，烈度；强烈程度，剧烈程度；专注度，热切程度,,,
intensive,ɪnˈtensɪv,adj.,adj. 密集的，集中的；深入的，彻底的；精耕细作的，集约的,,,
interact,ˌɪntərˈækt,v.,v. 互相作用，相互影响；交流，交往；相互配合,,,
intercourse,ˈɪntəkɔːs,n.,n. 交往，交流；性交,,,
interest,ˈɪntrəst,n.,n. 兴趣，爱好；利息；利益，好处；重要性，意义；股份，权益；v. 使感兴趣，引起...的兴趣,,,
interior,ɪnˈtɪəriə(r),n.,n. 内部，里面；内地，内陆；adj. 内部的，里面的；内地的，内陆的,,,
internal,ɪnˈtɜːnl,adj.,adj. 内部的，里面的；国内的，内政的；体内的，内在的；内部的，公司内部的,,,
international,ˌɪntəˈnæʃənl,adj.,adj. 国际的，跨国的；世界性的，全球性的；国际化的，涉及多国的；国际标准的；n. 国际比赛，国际新闻,,,
interpret,ɪnˈtɜːprɪt,v.,v. 解释，说明；口译，翻译；理解，领会；诠释，演绎,,,
lose,luːz,v.,v. 丢失，遗失；输掉，失去；减少，降低；错过，赶不上；迷失，迷路；使...失去,,,
loss,lɒs,n.,n. 失去，丧失；损失，亏损；损耗，减少；失败，失利,,,
low,ləʊ,adj.,adj. 低的，矮的；（声音）低沉的；（数量、程度等）少的，低的；（情绪）低落的，沮丧的；（能量、电池电量等）低的；下等的，卑贱的；（质量）劣质的；adv. 低，靠近地面；n. 低点，最低水平,,,
lower,ˈləʊə(r),adj.,adj. 较低的，更低的；下级的，下等的；v. 降低，减少；放下，使下降,,,
lucrative,ˈluːkrətɪv,adj.,adj. 赚钱的，有利可图的,,,
nerve,nɜːv,n.,n. 神经；勇气，胆量；厚脸皮，肆无忌惮；镇定，自制力；中心，核心；v. 鼓起勇气；使紧张,,,
nervous,ˈnɜːvəs,adj.,adj. 紧张的，不安的；神经质的，易激动的；神经系统的，神经的,,,
nevertheless,ˌnevəðəˈles,adv.,adv. 尽管如此，然而，不过,,,
rescue,ˈreskjuː,n.,n. 营救，援救；v. 营救，援救,,,
research,rɪˈsɜːtʃ,n.,n. 研究，调查；研究成果，研究报告；v. 研究，调查,,,
resent,rɪˈzent,v.,v. 对...感到愤怒或不满；厌恶，憎恨,,,
refresh,rɪˈfreʃ,v.,v. 使清新，使恢复活力；使凉爽；更新，刷新；复习，重温；补充，添加,,,
refute,rɪˈfjuːt,v.,v. 反驳，驳斥，证明…是错误的,,,
region,ˈriːdʒən,n.,n. 地区，区域；范围，领域,,,
regular,ˈreɡjələ(r),adj.,adj. 常规的，固定的；有规律的，定期的；正规的，正式的；普通的，平常的；整齐的，匀称的；正常的，健康的；n. 常客，老主顾；正式队员；正价商品,,,
regulate,ˈreɡjuleɪt,v.,v. 管理，控制；调节，调整；规范，规定,,,
regulation,ˌreɡjuˈleɪʃn,n.,n. 规则，规章；管理，控制；adj. 规定的，正规的,,,
replace,rɪˈpleɪs,v.,v. 取代，替换；更换，替换；代替，接替,,,
reply,rɪˈplaɪ,n.,n. 回答，答复；v. 回答，答复,,,
report,rɪˈpɔːt,n.,n. 报告，汇报；成绩单；传闻，谣言；v. 报告，汇报；报道，报导；举报，告发,,,
reporter,rɪˈpɔːtə(r),n.,n. 记者，新闻工作者,,,
reputation,ˌrepjuˈteɪʃn,n.,n. 名誉，声誉；名声，名气,,,
request,rɪˈkwest,n.,n. 请求，要求；申请，请求书；v. 请求，要求；正式请求，申请,,,
require,rɪˈkwaɪə(r),v.,v. 需要，要求；命令，规定；使必要，需要,,,
requirement,rɪˈkwaɪəmənt,n.,n. 要求，必要条件；需求，需要；规定，要求,,,
assess,əˈses,v.,v. 评估，评定；估算（数量、价值等）；评价（情况、性质等）,,,
assimilate,əˈsɪmɪleɪt,v.,v. 吸收，消化（知识等）；同化，使相似；（使）融入，（使）同化,,,
assist,əˈsɪst,v.,v. 帮助，援助；协助，辅助；n. 助攻，助攻得分,,,
assistance,əˈsɪstəns,n.,n. 帮助，援助，支持,,,
assistant,əˈsɪstənt,n.,n. 助手，助理；助教，助理教授,,,
assume,əˈsjuːm,v.,v. 假定，假设；承担，担任；呈现，具有；僭取，篡夺,,,
assumption,əˈsʌmpʃn,n.,n. 假设，假定；承担，担任；傲慢，自以为是,,,
contribute,kənˈtrɪbjuːt,v.,v. 贡献，捐献；促成，有助于；投稿,,,
contribution,ˌkɒntrɪˈbjuːʃn,n.,n. 贡献，捐献；贡献（物），稿件，文章；影响，作用,,,
controversial,ˌkɒntrəˈvɜːʃl,adj.,adj. 有争议的，引起争论的；有争议的，引起争论的；容易引起争议的；有争议性的,,,
controversy,ˈkɒntrəvɜːsi,n.,n. 争议，争论，论战,,,
control,kənˈtrəʊl,n.,n. 控制，管理；控制权，支配权；自制力，克制；控制装置，开关；v. 控制，管理；抑制，约束；操纵，支配,,,
convene,kənˈviːn,v.,v. 召集，集合；召开，举行（会议等）；聚集，集合,,,
convention,kənˈvenʃn,n.,n. 习俗，惯例；大会，会议；公约，协定,,,
converge,kənˈvɜːdʒ,v.,v. 汇聚，集中于一点；趋同，趋于一致；相交，会合,,,
convey,kənˈveɪ,v.,v. 传达，表达（想法、感情等）；运送，传送，输送；转让（财产）,,,
domain,dəˈmeɪn,n.,n. 领域，范围；领地，势力范围；(互联网)域名,,,
domestic,dəˈmestɪk,adj.,adj. 家庭的，家用的；国内的，本国的；驯养的，家养的；n. 家仆，佣人,,,
dominant,ˈdɒmɪnənt,adj.,adj. 主要的，占优势的；占支配地位的，统治的；显著的，突出的；(基因)显性的；n. (音乐)主音,,,
dominate,ˈdɒmɪneɪt,v.,v. 支配，统治；占主导地位，占优势；控制，主宰；俯视，高耸于,,,
doom,duːm,n.,n. 厄运，劫数；毁灭，死亡；v. 注定，命定；判定,,,
double,ˈdʌbl,adj.,adj. 两倍的，双重的；双人的，双份的；n. 两倍，双份；v. 使加倍，使翻番；adv. 双重地，两倍地,,,
doubt,daʊt,n.,n. 怀疑，疑问；不确定，犹豫；v. 怀疑，不相信；不确定，对...表示怀疑,,,
probe,prəʊb,n.,n. 探测器；探针；调查；探究；v. 探测；探查；调查,,,
procedure,prəˈsiːdʒə(r),n.,n. 程序，步骤；手续，流程；手术，医疗程序,,,
proceed,prəˈsiːd,v.,v. 继续进行，继续做；前进，行进；起诉，对...采取法律行动；源于，由...引起,,,
proceeding,prəˈsiːdɪŋ,n.,n. 会议记录；诉讼；程序；进程；行为；事态发展；v. 进行；前进；继续,,,
process,ˈprəʊses,n.,n. 过程，进程；方法，程序；（自然或化学的）变化过程；v. 处理，加工；理解，领会,,,
procession,prəˈseʃn,n.,n. 队伍，行列；一系列，连续；队伍行进，游行,,,
proclaim,prəˈkleɪm,v.,v. 宣布，声明；正式宣告，公开声明,,,
produce,prəˈdjuːs,v.,v. 生产，制造；出产，产生；导致，引起；提供，出示；n. 农产品，产品,,,
product,ˈprɒdʌkt,n.,n. 产品，制品；产物，结果；乘积；（经济学）产量,,,
production,prəˈdʌkʃn,n.,n. 生产；制造；产品；作品；产品；产量；产出；（戏剧、电影等的）制作；演出；上演,,,
productive,prəˈdʌktɪv,adj.,adj. 多产的，富有成效的；生产性的，创造性的,,,
productivity,ˌprɒdʌkˈtɪvəti,n.,n. 生产力，生产率；效率，生产效率,,,
profession,prəˈfeʃn,n.,n. 职业，行业；专业，职业群体,,,
professional,prəˈfeʃənl,adj.,adj. 专业的，职业的；专业的，内行的；n. 专业人士，职业选手；专家，内行,,,
expand,ɪkˈspænd,v.,v. 扩大，扩展；详细阐述，展开论述；膨胀，变大,,,
expansion,ɪkˈspænʃn,n.,n. 扩张，扩大；扩展，发展；膨胀；展开，详述,,,
expect,ɪkˈspekt,v.,v. 预期，期望；认为，猜想；要求，指望,,,
expectation,ˌekspekˈteɪʃn,n.,n. 期望，预期；预料，预期的事物；期望值，预期值,,,
experience,ɪkˈspɪəriəns,n.,n. 经历，体验；经验，阅历；v. 经历，体验,,,
experiment,ɪkˈsper.ɪ.mənt,n.,n. 实验，试验；尝试，实践；v. 做实验，进行试验；尝试，体验,,,
expert,ˈekspɜːt,n.,n. 专家，行家；adj. 专家的，内行的,,,
expertise,ˌekspɜːˈtiːz,n.,n. 专门知识，专长，专业技能,,,
expire,ɪkˈspaɪə(r),v.,v. 到期，期满；失效，终止；死亡，断气,,,
instinct,ˈɪnstɪŋkt,n.,n. 本能，直觉；天性，天赋,,,
institute,ˈɪnstɪtjuːt,n.,n. 机构，团体；学院，研究所；v. 建立，设立；实行，开始,,,
institution,ˌɪnstɪˈtjuːʃn,n.,n. 机构，团体；制度，习俗；大型公共组织；习惯的做法；建立，设立,,,
insurance,ɪnˈʃʊərəns,n.,n. 保险；保险业；保障；保险措施,,,
insure,ɪnˈʃʊə(r),v.,v. 为...投保，给...保险；确保，保证,,,
integral,ˈɪntɪɡrəl,adj.,adj. 必需的，不可或缺的；构成整体所必需的；完整的，整体的；n. 积分,,,
integrate,ˈɪntɪɡreɪt,v.,v. 使成为一体，合并；使加入，使成为一员；使...成整体；使...融入社会；（数学）求...的积分,,,
integrity,ɪnˈteɡrəti,n.,n. 正直，诚实；完整性，完全；完好，未受损害,,,
project,ˈprɒdʒekt,n.,n. 项目，计划；课题，研究项目；v. 投射，映射；预测，推断；表现，展示（特定的形象）,,,
profit,ˈprɒfɪt,n.,n. 利润，收益；益处，好处；v. 获利，受益,,,
profitable,ˈprɒfɪtəbl,adj.,adj. 能盈利的，有利可图的；有益的，有用的,,,
profound,prəˈfaʊnd,adj.,adj. 深刻的，深切的；极度的，强烈的；深奥的，深邃的；渊博的，造诣深的,,,
program,ˈprəʊɡræm,n.,n. 节目，节目单；计划，规划；程序，程式；v. 规划，安排；编程，编写程序,,,
programme,ˈprəʊɡræm,n.,n. 节目，节目单；计划，规划；方案，计划；课程；v. 规划，编程,,,
progressive,prəˈɡresɪv,adj.,adj. 前进的，发展的；逐步的，渐进的；进步的，先进的；（政治上）进步的，改革的；n. 进步人士，改革者,,,
prohibit,prəˈhɪbɪt,v.,v. 禁止，阻止,,,
prolong,prəˈlɒŋ,v.,v. 延长，拖延，使持续,,,
prominent,ˈprɒmɪnənt,adj.,adj. 显著的，突出的；重要的，著名的；突出的，凸出的；卓越的，杰出的,,,
promise,ˈprɒmɪs,n.,n. 诺言，承诺；希望，前途；v. 承诺，许诺；预示，预兆,,,
promising,ˈprɒmɪsɪŋ,adj.,adj. 有希望的，有前途的；有前景的，有发展潜力的,,,
promote,prəˈməʊt,v.,v. 促进，推动；提升，晋升；宣传，推销；倡导，鼓吹,,,
prompt,prɒmpt,adj.,adj. 迅速的，立即的；准时的，准时到达的；v. 促使，激起，引起；提示，提醒,,,
proof,pruːf,n.,n. 证据，证明；校样，样张；防水性，耐...性；adj. 防...的，耐...的；v. 检验，试验,,,
reservation,ˌrezəˈveɪʃn,n.,n. 预订，预约；保留，保留意见；（美国的）保留地，保护区,,,
reserve,rɪˈzɜːv,n.,n. 储备，储存；保留地，自然保护区；储备金，准备金；谨慎，拘谨；v. 预订，保留；储备，保存；adj. 后备的，预备的,,,
resist,rɪˈzɪst,v.,v. 抵抗，反抗；抵制，拒绝；抵御，耐；忍住，抑制,,,
resistance,rɪˈzɪstəns,n.,n. 抵抗，反抗；阻力，阻碍；电阻；抵抗力，免疫力；地下抵抗组织,,,
resistant,rɪˈzɪstənt,adj.,adj. 抵抗的，有抵抗力的；不受影响的，耐...的；反对的，抗拒的,,,
resilient,rɪˈzɪliənt,adj.,adj. 有弹性的，能快速恢复的；适应性强的，能迅速恢复的,,,
resort,rɪˈzɔːt,n.,n. 度假胜地，旅游胜地；手段，方法，措施；v. 求助于，诉诸于,,,
resource,rɪˈsɔːs,n.,n. 资源，财力，物力；办法，方法，应对方式,,,
respect,rɪˈspekt,n.,n. 尊重，敬重；方面，respect；v. 尊重，敬重,,,
respective,rɪˈspektɪv,adj.,adj. 各自的，分别的；相应的，各自的,,,
respond,rɪˈspɒnd,v.,v. 回答，答复；反应，响应；作出反应，回应,,,
response,rɪˈspɒns,n.,n. 回答，答复；反应，响应；反应能力；感应；应答,,,
responsibility,rɪˌspɒnsəˈbɪləti,n.,n. 责任，义务；职责，工作；责任心；负责的事情，责任范围；责任，义务,,,
responsible,rɪˈspɒnsəbl,adj.,adj. 负责的，有责任的；可靠的，值得信赖的；应负责任的，应承担责任的；造成...的原因的,,,
succeed,səkˈsiːd,v.,v. 成功，做成功；继承，接替；接任，继任,,,
success,səkˈses,n.,n. 成功，成就；成功的人或事物,,,
successful,səkˈsesfəl,adj.,adj. 成功的，有成就的；有成效的，达到预期的,,,
succession,səkˈseʃən,n.,n. 连续，系列；继承，继任；继承权；演替（生态学）,,,
successive,səkˈsesɪv,adj.,adj. 连续的，相继的；接替的，继承的,,,
successor,səkˈsesə(r),n.,n. 继任者，接替者；后继物，接替的事物,,,
suck,sʌk,v.,v. 吸，吮吸；吸入；吸走，吸干,,,
sue,suː,v.,v. 起诉，控告；请求，恳求,,,
suffer,ˈsʌfə(r),v.,v. 遭受，经历（痛苦、损失等）；受苦，受难；患病；蒙受（损失等）；遭受（惩罚等）,,,
suffice,səˈfaɪs,v.,v. 足够，满足,,,
sufficient,səˈfɪʃnt,adj.,adj. 足够的，充足的,,,
suggest,səˈdʒest,v.,v. 建议，提议；暗示，表明；使人想起，使人联想到,,,
suggestion,səˈdʒestʃən,n.,n. 建议，提议；暗示，暗示的事物；微量,,,
suicide,ˈsuːɪsaɪd,n.,n. 自杀；adj. 自杀的；自杀性的；v. 自杀,,,
suit,suːt,n.,n. 西装，套装；诉讼，官司；一套（扑克牌中的）；v. 适合，相配；使适合，使满意,,,
suitable,ˈsuːtəbl,adj.,adj. 合适的，适当的；适合的，适宜的,,,
super,ˈsuːpə(r),adj.,adj. 极好的，顶级的，一流的；超级的，超常的；adv. 非常，极其；n. 特级品，优等品,,,
superb,sjuːˈpɜːb,adj.,adj. 极好的，卓越的，一流的；华丽的，宏伟的,,,
superficial,ˌsuːpəˈfɪʃl,adj.,adj. 表面的，肤浅的，浅薄的；表面的，外表的；浅显的，粗略的,,,
superfluous,suːˈpɜːfluəs,adj.,adj. 多余的，过剩的，不必要的,,,
superior,suːˈpɪəriə(r),adj.,adj. 更好的，优越的；上级的，高级的；n. 上级，长官；上标；修道院院长；上师,,,
superiority,suːˌpɪəriˈɒrəti,n.,n. 优越性，优势；优越感，高人一等的感觉,,,
supervise,ˈsuːpəvaɪz,v.,v. 监督，管理；指导，指挥,,,
trigger,ˈtrɪɡə(r),n.,n. 扳机；触发器；v. 引发，触发；激发，引起,,,
triumph,ˈtraɪʌmf,n.,n. 胜利，成功；巨大的成就，杰出成果；v. 获胜，成功；战胜，克服,,,
assure,əˈʃʊə(r),v.,v. 向…保证，使确信；确保，保证,,,
assurance,əˈʃʊərəns,n.,n. 保证，担保；自信，把握；保险；确定无疑的事物,,,
astonish,əˈstɒnɪʃ,v.,v. 使惊讶，使吃惊,,,
atmosphere,ˈætməsfɪə(r),n.,n. 大气，空气；气氛，环境；大气层,,,
council,ˈkaʊnsl,n.,n. 理事会，委员会；地方议会，市政委员会,,,
counsel,ˈkaʊnsl,n.,n. 建议，忠告；律师，法律顾问；v. 劝告，建议；提供专业咨询,,,
drama,ˈdrɑːmə,n.,n. 戏剧；话剧；戏剧性事件；戏剧性场面；戏剧艺术；戏剧创作,,,
dramatic,drəˈmætɪk,adj.,adj. 戏剧的，戏剧性的；引人注目的，激动人心的；突然的，巨大的,,,
exploit,ɪkˈsplɔɪt,v.,v. 利用，开发；剥削，压榨；n. 英勇行为，业绩,,,
explore,ɪkˈsplɔː(r),v.,v. 探索，考察；探究，研究,,,
intellectual,ˌɪntəˈlektʃuəl,adj.,adj. 智力的，脑力的；有才智的，聪明的；知识分子的；n. 知识分子，脑力劳动者,,,
intelligence,ɪnˈtelɪdʒəns,n.,n. 智力，聪明；情报，消息；智能，智慧；理解力,,,
intelligent,ɪnˈtelɪdʒənt,adj.,adj. 聪明的，智能的；有才智的，理解力强的；善于理解和学习的,,,
intelligible,ɪnˈtelɪdʒəbl,adj.,adj. 可理解的，明白易懂的,,,
twist,twɪst,v.,v. 扭转，拧；曲解，歪曲；n. 扭曲，弯曲；意外的转折，出人意料的情节,,,
trivial,ˈtrɪviəl,adj.,adj. 不重要的，琐碎的；微不足道的，无关紧要的；容易解决的，不费吹灰之力的,,,
try,traɪ,v.,v. 尝试，试图；试验，测试；审判，审理；n. 尝试，努力,,,
tumble,ˈtʌmbl,v.,v. 跌倒，摔倒；翻滚，打滚；骤降，暴跌；倒塌，坍塌；n. 跌倒，摔倒；翻筋斗，打滚；暴跌，骤降,,,
turbulent,ˈtɜːbjʊlənt,adj.,adj. 动荡的，混乱的；汹涌的，狂暴的（指天气、海洋等）,,,
turn,tɜːn,v.,v. 转动，旋转；转向，拐弯；变成，变化；翻转，翻身；使用，利用；改变（想法、态度等）；n. 轮流，顺序；转弯，拐角；变化，转变,,,
turnover,ˈtɜːnəʊvə(r),n.,n. 营业额，成交量；人员更替，流动率；翻转；失误（尤指体育比赛中）；营业额；adj. 翻转的，翻过来的,,,
type,taɪp,n.,n. 类型，种类；典型，模范；字体，铅字；v. 打字，键入,,,
typical,ˈtɪpɪkl,adj.,adj. 典型的，有代表性的；特有的，独特的；普通的，一般的；预料中的，特征性的,,,
voluntary,ˈvɒləntri,adj.,adj. 自愿的，志愿的；自发的，主动的；n. 志愿者,,,
volunteer,ˌvɒlənˈtɪə(r),n.,n. 志愿者，义工；v. 自愿做，主动提出；adj. 志愿的，义务的,,,
vote,vəʊt,n.,n. 投票；选举；表决；选票；投票权；v. 投票；表决；选举；投票决定,,,
vulgar,ˈvʌlɡə(r),adj.,adj. 粗俗的，庸俗的；通俗的，普通的；平民的，大众的,,,
vulnerable,ˈvʌlnərəbl,adj.,adj. 易受伤害的，脆弱的；易受攻击的，易受批评的；易受影响的，敏感的,,,
author,ˈɔːθə(r),n.,n. 作者，著作家；v. 写作，创作,,,
authority,ɔːˈθɒrəti,n.,n. 权力，权威；当局，官方；专家，权威人士；授权，批准,,,
auxiliary,ɔːɡˈzɪliəri,adj.,adj. 辅助的，备用的，补充的；附属的，附加的；n. 助手，辅助者；辅助设备，辅助系统；[语法]助动词,,,
avail,əˈveɪl,v.,v. 有益于，有助于；使用，利用；n. 用处，益处,,,
available,əˈveɪləbl,adj.,adj. 可获得的，可利用的；可用的，空闲的；有效的，起作用的；有空的，愿意的,,,
critic,ˈkrɪtɪk,n.,n. 批评家，评论家；批评者，爱挑剔的人,,,
critical,ˈkrɪtɪkl,adj.,adj. 重要的，关键的；批评的，批判的；危急的，紧要的；挑剔的，爱挑毛病的；临界的，临爆的,,,
criticism,ˈkrɪtɪsɪzəm,n.,n. 批评，指责；批评，评论；评论文章,,,
criticize,ˈkrɪtɪsaɪz,v.,v. 批评，指责；评论，评价；批评性地分析,,,
criticise,ˈkrɪtɪsaɪz,v.,v. 批评，指责；评论，评价,,,
crucial,ˈkruːʃəl,adj.,adj. 至关重要的，决定性的,,,
culminate,ˈkʌlmɪneɪt,v.,v. 达到顶点，告终，culminate in 以...告终,,,
culprit,ˈkʌlprɪt,n.,n. 罪犯，犯罪者；肇事者，祸首,,,
cultivate,ˈkʌltɪveɪt,v.,v. 耕作，栽培；培养，养成（习惯等）；结交，交往；培养，发展（才能、品质等）；提升，改善,,,
culture,ˈkʌltʃə(r),n.,n. 文化，文明；教养，修养；培养，栽培；企业文化；v. 培养，培育,,,
dual,ˈdjuːəl,adj.,adj. 双重的，两部分的；双的，二重的,,,
dubious,ˈdjuːbiəs,adj.,adj. 可疑的，值得怀疑的；不确定的，犹豫的,,,
due,djuː,adj.,adj. 应付的，应得的；到期的；预期的，预定的；适当的，恰当的；adv. 正向的，正对着的；n. 应得的东西，应得的权利,,,
durable,ˈdjʊərəbl,adj.,adj. 耐用的，持久的；持续的，长期的,,,
duration,djʊˈreɪʃn,n.,n. 持续时间，期间,,,
duty,ˈdjuːti,n.,n. 责任，义务；职责，工作；税，关税,,,
dynamic,daɪˈnæmɪk,adj.,adj. 充满活力的，有生气的；积极的，富有进取心的；动态的，不断变化的；强有力的，有影响力的；n. 动力，推动力；动态，变化,,,
extinct,ɪkˈstɪŋkt,adj.,adj. 灭绝的，绝种的；熄灭的，不再存在的；过时的，废弃的,,,
extinguish,ɪkˈstɪŋɡwɪʃ,v.,v. 熄灭，扑灭（火焰等）；消灭，根除；使终止，使破灭,,,
introduce,ˌɪntrəˈdjuːs,v.,v. 介绍，引见；引进，传入；推行，采用；提出，建议；使初次了解，使开始接触,,,
introduction,ˌɪntrəˈdʌkʃn,n.,n. 介绍；引进；初次见面；序言；导论；入门,,,
invest,ɪnˈvest,v.,v. 投资，投入（金钱）；投入（时间、精力等）；授予，赋予（权力、地位等）；包围，围攻,,,
investment,ɪnˈvest.mənt,n.,n. 投资，投资额；投资物，投资的东西；投入，付出,,,
investigate,ɪnˈvestɪɡeɪt,v.,v. 调查，研究；深入调查，仔细研究,,,
mutual,ˈmjuːtʃuəl,adj.,adj. 相互的，共同的；共有的，彼此的,,,
mysterious,mɪˈstɪəriəs,adj.,adj. 神秘的，不可思议的；难以理解的，令人费解的,,,
mystery,ˈmɪstri,n.,n. 谜，难解之事；神秘感；秘密；神秘小说，推理小说,,,
myth,mɪθ,n.,n. 神话，传说；虚构的事物，荒诞的说法,,,
noble,ˈnəʊbl,adj.,adj. 高尚的，崇高的；贵族的，高贵的；宏伟的，壮丽的；n. 贵族,,,
norm,nɔːm,n.,n. 标准，规范；常态，惯例,,,
normal,ˈnɔːml,adj.,adj. 正常的，普通的；标准的，规范的；垂直的，成直角的；n. 正常状态，常态,,,
normalization,ˌnɔːməlaɪˈzeɪʃn,n.,n. 标准化，常态化；正常化，规范化；归一化（数学、统计学）,,,
normalisation,ˌnɔːməlaɪˈzeɪʃən,n.,n. 标准化，正常化；规范化,,,
note,nəʊt,n.,n. 便条，纸条；音符，音调；笔记，记录；注释，批注；钞票，纸币；音色，声调；重要性，显著性；v. 注意到，察觉；记录，记下；特别提到，指出,,,
notion,ˈnəʊʃn,n.,n. 观念，概念；想法，念头；印象,,,
public,ˈpʌblɪk,adj.,adj. 公共的，公众的；公开的，公然的；政府的，国家的；n. 公众，民众,,,
publication,ˌpʌblɪˈkeɪʃn,n.,n. 出版物，刊物；出版，发行；公布，发表,,,
publicity,pʌbˈlɪsəti,n.,n. 宣传，公开，公众注意,,,
publish,ˈpʌblɪʃ,v.,v. 出版，发行；公布，发布；刊登，发表,,,
result,rɪˈzʌlt,n.,n. 结果，成果；后果，影响；（比赛、考试等的）成绩，比分；v. 导致，结果是,,,
resultant,rɪˈzʌltənt,adj.,adj. 由...造成的，因...而产生的；作为结果的，由此引起的；n. 合力，合成力；结果，后果,,,
resume,rɪˈzjuːm,v.,v. 重新开始，继续；恢复，重新担任；n. 简历，履历,,,
reveal,rɪˈviːl,v.,v. 揭示，显示；泄露，透露；表明，证明；n. 揭示，披露,,,
revelation,ˌrevəˈleɪʃn,n.,n. 揭示，披露；启示，发现；令人吃惊的发现；（宗教）启示，神谕,,,
revenge,rɪˈvendʒ,n.,n. 报复，复仇；v. 报复，替...报仇,,,
revenue,ˈrevənjuː,n.,n. 收入，收益,,,
supply,səˈplaɪ,n.,n. 供应，供给；供应量，储备量；生活用品，必需品；v. 供给，供应，提供；满足，应付,,,
support,səˈpɔːt,v.,v. 支持，拥护；支撑，承担；养活，供养；证实，支持；n. 支持，拥护；支撑物，支柱；生活来源，收入；援助，帮助；支持者，拥护者,,,
suppose,səˈpəʊz,v.,v. 假设，猜想；认为，以为；料想，推测；假定，设想,,,
suppress,səˈpres,v.,v. 镇压，压制（暴力行为等）；抑制，忍住（情感、想法等）；阻止…被公开或流传；控制，抑制（疾病、反应等）；查禁，禁止发表；阻止…的生长或发展,,,
supplement,ˈsʌplɪmənt,n.,n. 补充物，增补物；补充剂，营养剂；附录，增刊；v. 补充，增补,,,
supreme,suːˈpriːm,adj.,adj. 最高的，至高无上的；最重要的，最大的,,,
system,ˈsɪstəm,n.,n. 系统，体系；制度，体制；方法，方式；（人体等的）系统；（电脑等的）系统；（太阳等的）系统,,,
systematic,ˌsɪstəˈmætɪk,adj.,adj. 系统的，有组织的；有计划的，有条理的；有条不紊的，按部就班的；彻底的，完整的,,,
logic,ˈlɒdʒɪk,n.,n. 逻辑，逻辑学；逻辑性，合理性；推理方式；(计算机)逻辑电路,,,
logical,ˈlɒdʒɪkl,adj.,adj. 合乎逻辑的，符合逻辑的；合理的，有理的；必然的，顺理成章的,,,
chat,tʃæt,n.,n. 闲谈，聊天；网络聊天；v. 聊天，闲谈；网上聊天,,,
chain,tʃeɪn,n.,n. 链子，链条；一系列，一连串；连锁店，连锁企业；v. 用链子拴住，束缚,,,
chair,tʃeə(r),n.,n. 椅子；主席，会长；系主任；v. 主持，担任...主席,,,
chairman,ˈtʃeəmən,n.,n. 主席；董事长；委员长；会长,,,
chairwoman,ˈtʃeəwʊmən,n.,n. 女主席，女会长，女董事长,,,
chairperson,ˈtʃeəpɜːsən,n.,n. 主席，会议主持人,,,
chamber,ˈtʃeɪmbə(r),n.,n. 房间，室；议院，会议厅；腔，室（尤指心脏或枪的）；v. 把...关在室内；装填（子弹）,,,
champagne,ʃæmˈpeɪn,n.,n. 香槟酒；香槟色；adj. 香槟色的,,,
champion,ˈtʃæmpiən,n.,n. 冠军；优胜者；拥护者；捍卫者；支持者；v. 支持；拥护；为...而斗争,,,
chancellor,ˈtʃɑːnsələ(r),n.,n. 大臣，总理（尤指德国、奥地利）；大学校长（英国某些大学）；财政大臣（英国）,,,
chaos,ˈkeɪɒs,n.,n. 混乱，杂乱；混沌，紊乱状态,,,
chapter,ˈtʃæptə(r),n.,n. 章节，回；(人生或历史的)阶段，时期；(组织的)分会，支部；v. 把...分成章节,,,
charity,ˈtʃærəti,n.,n. 慈善，慈善事业；慈善机构；宽容，仁慈,,,
chart,tʃɑːt,n.,n. 图表，图；海图，航海图；v. 绘制...的图表；制定...的计划,,,
charter,ˈtʃɑːtə(r),n.,n. 特许状，许可证；章程，规章；租船，包机；v. 特许，发给特许执照；包租（船、车、飞机等）,,,
deck,dek,n.,n. 甲板；（房子的）平台；一副纸牌；层，楼层（尤指车辆或飞机）；v. 装饰，装扮,,,
declaration,ˌdekləˈreɪʃn,n.,n. 声明，宣告；宣言，公告；申报，申明,,,
declare,dɪˈkleə(r),v.,v. 宣布，声明；申报（纳税物品等）；断言，宣称,,,
deed,diːd,n.,n. 行为，事迹；契约，证书,,,
default,dɪˈfɔːlt,n.,n. 违约；不履行义务；默认值；预设值；v. 拖欠；不履行；adj. 默认的；预设的,,,
defeat,dɪˈfiːt,v.,v. 击败，战胜；挫败，使落空；n. 失败，战败,,,
defer,dɪˈfɜː(r),v.,v. 推迟，延期；听从，服从；遵从,,,
defect,dɪˈfekt,n.,n. 缺点，缺陷，毛病；叛逃，背叛；v. 叛逃，背叛,,,
deficiency,dɪˈfɪʃənsi,n.,n. 缺乏，不足；缺陷，瑕疵,,,
deficit,ˈdefɪsɪt,n.,n. 赤字，亏损；不足，缺乏,,,
degenerate,dɪˈdʒenərət,adj.,adj. 堕落的，退化的；变质的，恶化的；n. 堕落者，退化的人或物；v. 退化，堕落；衰退，恶化,,,
either,ˈaɪðə(r),adj.,adj. 两者之一的；pron. 两者之一；adv. 也，同样；conj. 或者,,,
eject,ɪˈdʒekt,v.,v. 驱逐，赶出；弹出，喷出；弹射（飞行员）,,,
elapse,ɪˈlæps,v.,v. (时间)流逝，过去,,,
elastic,ɪˈlæstɪk,adj.,adj. 有弹性的，橡皮的；灵活的，可改变的；n. 橡皮筋，松紧带,,,
elbow,ˈelbəʊ,n.,n. 肘，肘部；v. 用肘推挤，挤,,,
feasible,ˈfiːzəbl,adj.,adj. 可行的，可能的；切实可行的，可实施的,,,
feast,fiːst,n.,n. 盛宴，宴会；盛事，享受；v. 尽情享用，大吃大喝,,,
feat,fiːt,n.,n. 功绩，壮举，技艺,,,
feather,ˈfeðə(r),n.,n. 羽毛；v. 用羽毛装饰；长出羽毛,,,
glide,ɡlaɪd,v.,v. 滑行，滑动；悄悄地移动，悄然滑过；n. 滑行，滑动,,,
gloomy,ˈɡluːmi,adj.,adj. 阴暗的，昏暗的；忧郁的，沮丧的；前景暗淡的，悲观的,,,
glory,ˈɡlɔːri,n.,n. 光荣，荣誉；辉煌，壮丽；赞颂，颂扬；荣耀，荣光；v. 自豪，自夸；欣喜，欢欣鼓舞,,,
glorious,ˈɡlɔːriəs,adj.,adj. 光荣的，荣耀的；辉煌的，壮丽的；值得赞颂的，令人赞叹的；极好的，非常愉快的,,,
glue,ɡluː,n.,n. 胶水，粘合剂；v. 粘合，胶合,,,
headline,ˈhedlaɪn,n.,n. （报纸的）大标题，头条新闻；v. 成为头条新闻；用大标题报道,,,
headquarters,ˈhedˌkwɔːtəz,n.,n. 总部，总署；司令部，指挥部,,,
hearing,ˈhɪərɪŋ,n.,n. 听力；听觉；听证会；审讯；adj. 听力的；有听觉的,,,
heart,hɑːt,n.,n. 心脏；心（形状）；中心，核心；内心，感情；勇气，热情；v. 记在心里；铭记,,,
heat,hiːt,n.,n. 热，热度；热量；热度，激烈程度；压力；发情期；v. 加热；使变热,,,
member,ˈmembə(r),n.,n. 成员，会员,,,
membership,ˈmembəʃɪp,n.,n. 成员资格；会员身份；全体成员；会员,,,
menace,ˈmenəs,n.,n. 威胁，危险；讨厌的人或事物；v. 威胁，恐吓,,,
mend,mend,v.,v. 修理，修补；改善，改进；n. 修补处，补丁,,,
persecute,ˈpɜːsɪkjuːt,v.,v. 迫害，压迫，骚扰,,,
persevere,ˌpɜːsɪˈvɪə(r),v.,v. 坚持不懈，持续努力,,,
persist,pəˈsɪst,v.,v. 坚持，执意；持续存在；继续存在，持续；固执己见，坚持不懈,,,
persuade,pəˈsweɪd,v.,v. 说服，劝说；使相信，使信服,,,
persuasion,pəˈsweɪʒn,n.,n. 说服，劝说；信念，信仰；派别，宗派,,,
pest,pest,n.,n. 害虫，有害动物；讨厌的人或事物,,,
petrol,ˈpetrəl,n.,n. 汽油,,,
petroleum,pəˈtrəʊliəm,n.,n. 石油,,,
petty,ˈpeti,adj.,adj. 小的，琐碎的，不重要的；小气的，狭隘的；次要的，不重要的（指职位或身份）,,,
pharmacy,ˈfɑːməsi,n.,n. 药房，药店；制药学，配药学,,,
phone,fəʊn,n.,n. 电话；电话机；v. 打电话,,,
pile,paɪl,n.,n. 堆，堆积物；大量，许多；v. 堆积，堆放,,,
pilgrim,ˈpɪlɡrɪm,n.,n. 朝圣者，香客；旅行者，游客,,,
pill,pɪl,n.,n. 药丸，药片；v. 把...制成药丸,,,
pillar,ˈpɪlə(r),n.,n. 柱子，支柱；栋梁，中流砥柱；基础，根本,,,
pilot,ˈpaɪlət,n.,n. 飞行员；驾驶员；领航员；引航员；试播节目；试验计划；v. 驾驶；试验；引导；adj. 试验性的；初步的,,,
quarrel,ˈkwɒrəl,n.,n. 争吵，口角；争吵的原因，争端；v. 争吵，争论；不同意，有异议,,,
quart,kwɔːt,n.,n. 夸脱（液体或干货的容量单位，约等于1.14升或2品脱）,,,
quarter,ˈkwɔːtə(r),n.,n. 四分之一；25美分硬币；季度；一刻钟；方向；地区；区域；v. 把...四等分；给...提供住处；adj. 四分之一的,,,
quarantine,ˈkwɒrəntiːn,n.,n. 隔离期；检疫；隔离；v. 隔离；使隔离,,,
slip,slɪp,v.,v. 滑动，滑行；溜走，悄悄地走；滑倒，跌倒；下降，下滑；错误地说或做；把...塞入；穿上或脱下（衣物）；n. 滑动；小错误；纸条，字条；衬裙；船台；码头,,,
slipper,ˈslɪpə(r),n.,n. 拖鞋，便鞋,,,
slippery,ˈslɪpəri,adj.,adj. 光滑的，滑的；狡猾的，不可靠的；难以处理的，棘手的,,,
slogan,ˈsləʊɡən,n.,n. 口号，标语；广告语,,,
slope,sləʊp,n.,n. 斜坡，山坡；倾斜，斜度；v. 倾斜，有斜度,,,
slot,slɒt,n.,n. 狭缝，缝隙；投币口，投放口；时段，档期；位置，空位；v. 把...放入狭缝；安排，安置,,,
slum,slʌm,n.,n. 贫民窟，棚户区；v. 住在贫民窟,,,
slump,slʌmp,n.,n. 突然下降，暴跌；萧条期，不景气；v. 突然下降，暴跌；无精打采地坐下或倚靠,,,
sly,slaɪ,adj.,adj. 狡猾的，狡诈的；诡秘的，暗中的,,,
smash,smæʃ,v.,v. 猛撞，打碎，粉碎；打破（纪录等）；n. 猛撞，打碎；巨大成功，轰动一时的作品,,,
smog,smɒɡ,n.,n. 烟雾；雾霾,,,
smooth,smuːð,adj.,adj. 平滑的，光滑的；顺利的，流畅的；圆滑的，老练的；温和的，柔和的；v. 使平滑，使光滑；使顺利，消除（障碍）；adv. 顺利地，平稳地,,,
smuggle,ˈsmʌɡl,v.,v. 走私，私运；偷运，偷带,,,
bear,beə(r),n.,n. 熊；v. 忍受，容忍；承担，负担；结果实；生（孩子）,,,
beard,bɪəd,n.,n. 胡子；络腮胡；v. 公开反对；勇敢地面对,,,
bearing,ˈbeərɪŋ,n.,n. 方位；关系；姿态；举止；轴承；承受力；意义；关联；影响；adj. 有关的；相关的,,,
rap,ræp,n.,n. 说唱音乐；轻敲，叩击声；v. 说唱；轻敲，轻叩,,,
rape,reɪp,n.,n. 强奸，性侵犯；掠夺，蹂躏；油菜；v. 强奸，性侵犯,,,
rapid,ˈræpɪd,adj.,adj. 快速的，迅速的；n. 急流，湍流,,,
rash,ræʃ,adj.,adj. 鲁莽的，轻率的；突然的，仓促的；n. 皮疹，疹子,,,
raw,rɔː,adj.,adj. 未经加工的，生的；未经处理的，原始的；生疏的，未经训练的；赤裸裸的，露骨的；（天气）阴冷而潮湿的；（伤口）新鲜的，未愈合的；n. 原材料，未加工的东西,,,
ray,reɪ,n.,n. 光线，射线；少量，一丝；鳐鱼；v. 放射，发出（光线）,,,
reader,ˈriːdə(r),n.,n. 读者；读物，读本；阅读器,,,
reading,ˈriːdɪŋ,n.,n. 阅读；读物；读数，指数；朗读；朗诵；v. 阅读，读；adj. 阅读的；读书的,,,
readily,ˈredəli,adv.,adv. 轻易地，容易地；迅速地，立即地；乐意地，欣然地,,,
realm,relm,n.,n. 领域，范围；王国，国度,,,
reap,riːp,v.,v. 收割，收获（庄稼）；获得（好处、结果等）,,,
rear,rɪə(r),adj.,adj. 后面的，后部的；n. 后部，尾部；v. 抚养，培养；饲养（动物）；竖起，直立,,,
skate,skeɪt,n.,n. 冰鞋，滑冰鞋；滑板；鳐鱼，鳐科鱼类；v. 滑冰，滑板,,,
ski,skiː,n.,n. 滑雪板；v. 滑雪,,,
skill,skɪl,n.,n. 技能，技巧；才能，本领,,,
skilled,skɪld,adj.,adj. 技术熟练的，有技能的；精通的，娴熟的,,,
skillful,ˈskɪlfl,adj.,adj. 技艺高超的，熟练的；灵巧的，巧妙的,,,
skilful,ˈskɪlfl,adj.,adj. 技巧熟练的，有技能的；灵巧的，巧妙的,,,
skim,skɪm,v.,v. 浏览，略读；撇去（液体表面的浮物）；n. 浏览，略读；脱脂奶；adj. 脱脂的,,,
skin,skɪn,n.,n. 皮肤，皮；兽皮，皮革；外皮，外层；v. 剥皮，削皮,,,
skip,skɪp,v.,v. 跳过，略过；跳跃；n. 跳跃，蹦跳,,,
skull,skʌl,n.,n. 头骨，颅骨,,,
skyscraper,ˈskaɪˌskreɪpə(r),n.,n. 摩天大楼,,,
slam,slæm,v.,v. 猛力关上（门等）；猛烈抨击，严厉批评；猛力撞击，猛力冲撞；猛投（篮球）；n. 猛烈的撞击；猛烈的抨击，严厉的批评,,,
slap,slæp,v.,v. 掌击，拍击；啪的一声放下；n. 掌击，拍打；侮辱，打击,,,
slaughter,ˈslɔːtə(r),n.,n. 屠杀，杀戮；v. 屠杀，宰杀；彻底击败,,,
sleeve,sliːv,n.,n. 袖子，衣袖,,,
slender,ˈslendə(r),adj.,adj. 细长的，苗条的，纤细的；微小的，微薄的，不足的,,,
slice,slaɪs,n.,n. 薄片，切片；部分，份额；v. 切，割；切开，划破,,,
slide,slaɪd,v.,v. 滑动，滑行；悄悄地移动；下滑，下降；n. 滑梯；幻灯片；滑坡，下滑,,,
slight,slaɪt,adj.,adj. 轻微的，微小的；纤细的，瘦小的；微不足道的，不重要的；v. 轻视，怠慢；n. 轻视，怠慢,,,
slim,slɪm,adj.,adj. 瘦的，苗条的；微小的，少量的；v. 使苗条，减肥,,,
climate,ˈklaɪmət,n.,n. 气候；环境，氛围,,,
climax,ˈklaɪmæks,n.,n. 高潮，顶点；高潮，最精彩的部分；高潮（修辞学）；v. 达到顶点，达到高潮,,,
climb,klaɪm,v.,v. 攀登，爬；上升，增长；n. 攀登，爬行,,,
clip,klɪp,n.,n. 夹子，回形针；短片，片段；v. 剪，修剪；夹住，固定；adv. 快速地，敏捷地,,,
cloak,kləʊk,n.,n. 斗篷，披风；掩饰，掩盖；v. 遮掩，掩盖,,,
clockwise,ˈklɒkwaɪz,adv.,adv. 顺时针方向地；adj. 顺时针方向的,,,
clone,kləʊn,n.,n. 克隆体，无性繁殖的个体；复制品，复制体；v. 克隆，无性繁殖；复制,,,
descend,dɪˈsend,v.,v. 下降，下来；降临，来临；遗传，传下来；贬低自己，屈尊；起源于，世代相传,,,
descendant,dɪˈsendənt,n.,n. 后代，后裔,,,
descent,dɪˈsent,n.,n. 下降，降落；血统，家世；下坡，斜坡；祖先，世系；堕落，衰落,,,
desert,ˈdezət,n.,n. 沙漠，荒漠；v. 遗弃，抛弃；逃跑，开小差；adj. 沙漠的，荒芜的,,,
endow,ɪnˈdaʊ,v.,v. 赋予，授予（特质、能力等）；捐赠，资助,,,
endure,ɪnˈdjʊə(r),v.,v. 忍受，容忍；持续，持久,,,
endurance,ɪnˈdjʊərəns,n.,n. 耐力，持久力；忍耐力，耐性；持续时间,,,
graph,ɡrɑːf,n.,n. 图表，图形；（数学）图形；（计算机科学）图；v. 用图表示,,,
graphic,ˈɡræfɪk,adj.,adj. 图像的，图表的；生动的，形象的；详细的，清晰的；n. 图表，图像,,,
grateful,ˈɡreɪtfʊl,adj.,adj. 感激的，感谢的；令人愉快的，宜人的,,,
gratitude,ˈɡrætɪtjuːd,n.,n. 感谢，感激之情,,,
grave,ɡreɪv,adj.,adj. 严重的，重大的；严肃的，庄重的；n. 坟墓；死亡,,,
gravity,ˈɡrævəti,n.,n. 重力；地心引力；严重性，严峻；庄重，严肃；重要性,,,
graze,ɡreɪz,v.,v. (动物)吃草；擦伤，蹭伤；轻触，擦过；n. 擦伤，擦痕,,,
grease,griːs,n.,n. 油脂，润滑油；v. 给...涂油，给...加润滑油；贿赂，行贿,,,
inhabit,ɪnˈhæbɪt,v.,v. 居住于，栖息于；占据，存在于,,,
inhabitant,ɪnˈhæbɪtənt,n.,n. 居民，住户,,,
inhale,ɪnˈheɪl,v.,v. 吸入，吸气；深深地吸入（气味等）；贪婪地吸收,,,
inherent,ɪnˈherənt,adj.,adj. 内在的，固有的，天生的,,,
inherit,ɪnˈherɪt,v.,v. 继承（财产、地位等）；经遗传获得（特征、疾病等）；继承（传统、问题等）,,,
inhibit,ɪnˈhɪbɪt,v.,v. 抑制，阻止；使拘束，使尴尬,,,
medal,ˈmedl,n.,n. 奖章，勋章,,,
medical,ˈmedɪkl,adj.,adj. 医学的，医疗的；与医学或医疗有关的,,,
medicine,ˈmeds(ə)n,n.,n. 药，药物；医学，医术；内科学,,,
medieval,ˌmediˈiːvl,adj.,adj. 中世纪的，中古的；非常古老的，过时的,,,
meet,miːt,v.,v. 遇见，碰面；满足，达到；接待，迎接；经历，遭遇；n. 体育比赛，运动会,,,
melody,ˈmelədi,n.,n. 旋律，曲调；悦耳的音调；和谐,,,
melt,melt,v.,v. 融化，熔化；消失，消散；（使）软化，（使）感动；n. 熔化；熔化物,,,
plight,plaɪt,n.,n. 困境，窘境；苦难的处境；v. 宣誓，保证,,,
plough,plaʊ,n.,n. 犁，犁型农具；v. 耕作，犁地；艰难地前进,,,
plow,plaʊ,n.,n. 犁，犁型工具；v. 耕作，犁地；费力前进，艰难地行进,,,
plug,plʌɡ,n.,n. 插头，插座；塞子，堵塞物；宣传，推销；v. 插上插头；堵塞，塞住；宣传，为...做广告,,,
plumber,ˈplʌmə(r),n.,n. 水管工,,,
plunge,plʌndʒ,v.,v. 跳入，冲进；猛地下落；陷入（某种状态）；使陷入；n. 跳水；突然下降；冒险；投入,,,
plural,ˈplʊərəl,adj.,adj. 复数的，多数的；n. 复数，复数形式,,,
plus,plʌs,prep.,prep. 加上，外加；conj. 而且，此外；n. 优点，长处；adj. 正的，加的,,,
fiber,ˈfaɪbə(r),n.,n. 纤维，纤维质；性格，品质；纤维制品,,,
fibre,ˈfaɪbə(r),n.,n. 纤维，纤维质；纤维素，纤维制品；性格，道德品质,,,
file,faɪl,n.,n. 文件夹；档案；文件；卷宗；锉刀；一列；一行；v. 把...归档；提出（申请等）；用锉刀锉；排成一列前进,,,
fill,fɪl,v.,v. 装满，填满；满足，实现；n. 填充物，填料,,,
film,fɪlm,n.,n. 电影；影片；胶卷；软片；薄层；薄膜；v. 拍摄；摄制,,,
filter,ˈfɪltə(r),n.,n. 过滤器，滤清器；滤光器；v. 过滤，滤除；筛选，过滤（信息）,,,
relax,rɪˈlæks,v.,v. 放松，松弛；休息，放松；放宽，使...缓和；（使）松懈，变得不严格,,,
relay,rɪˈleɪ,n.,n. 接力赛；接力队；中继站；转播设备；v. 转发；传达；接力传递,,,
release,rɪˈliːs,v.,v. 释放，放开；发布，公布；解除，免除；发行，发售；n. 释放，解除；发布，公告；新发行的东西；释放感，解脱感,,,
relief,rɪˈliːf,n.,n. 解脱；宽慰；缓解；救济；援助；浮雕；凸起；替换；接替；地形起伏；地势,,,
relieve,rɪˈliːv,v.,v. 减轻，解除（痛苦、压力等）；缓解，减轻（症状）；使解脱，使摆脱；减轻负担；替换，接替；使轻松，使宽慰；使得到缓解；救济，援助,,,
relish,ˈrelɪʃ,n.,n. 享受，乐趣；调味品，佐料；v. 享受，喜欢,,,
reluctant,rɪˈlʌktənt,adj.,adj. 不情愿的，勉强的,,,
treasure,ˈtreʒə(r),n.,n. 财宝，珍宝；珍贵的人或物；v. 珍惜，珍爱；珍藏,,,
tremble,ˈtrembl,v.,v. 颤抖，发抖；摇晃，摇动；担心，害怕；n. 颤抖，发抖,,,
tremendous,trɪˈmendəs,adj.,adj. 巨大的，极大的；惊人的，了不起的,,,
trench,trentʃ,n.,n. 沟渠，壕沟；战壕；海沟；v. 挖沟，掘沟,,,
usage,ˈjuːsɪdʒ,n.,n. 使用，用法；用法，习惯用法；使用量，用量,,,
useful,ˈjuːsfəl,adj.,adj. 有用的，实用的，有益的,,,
utmost,ˈʌtməʊst,adj.,adj. 最大的，最高的；n. 最大限度，极限,,,
bold,bəʊld,adj.,adj. 大胆的，勇敢的；冒失的，鲁莽的；醒目的，显眼的；v. 使...加粗,,,
bolt,bəʊlt,n.,n. 插销，门闩；螺栓，螺钉；闪电；一道闪电；布匹，一卷布；突然的动作；v. 闩上，锁上；突然逃走，脱离；快速移动，飞奔；囫囵吞枣般地吃；adv. 笔直地，垂直地,,,
bolster,ˈbəʊlstə(r),v.,v. 加强，巩固；支持，鼓励；n. 长枕，垫枕,,,
bomb,bɒm,n.,n. 炸弹，爆炸装置；轰动性新闻，意外事件；v. 轰炸，投弹；失败，惨败,,,
bond,bɒnd,n.,n. 纽带，联系；债券；保证金，押金；v. 建立牢固关系；使黏合,,,
bone,bəʊn,n.,n. 骨头，骨骼；骨制品；v. 除去...的骨头,,,
shabby,ˈʃæbi,adj.,adj. 破旧的，破烂的；衣着邋遢的，衣衫褴褛的；卑鄙的，可耻的,,,
shaft,ʃɑːft,n.,n. 轴，杆，柄；竖井，矿井；光束，光线；v. 欺骗，敷衍,,,
shake,ʃeɪk,v.,v. 摇动，抖动；握手；动摇，震动；摆脱，甩掉；n. 摇动，抖动；奶昔,,,
shallow,ˈʃæləʊ,adj.,adj. 浅的，不深的；肤浅的，浅薄的，缺乏深度的；n. 浅滩，浅水区,,,
shame,ʃeɪm,n.,n. 羞耻，羞愧；耻辱，丢脸的事；v. 使羞愧，使蒙羞,,,
shampoo,ʃæmˈpuː,n.,n. 洗发液，洗发香波；v. 用洗发液洗（头发）,,,
shatter,ˈʃætə(r),v.,v. 打碎，击碎；破坏，粉碎（希望、梦想等）；n. 碎片，破片,,,
shave,ʃeɪv,v.,v. 剃，刮（胡子等）；削减，降低；n. 剃须，刮脸,,,
shear,ʃɪə(r),v.,v. 剪（羊毛）；剪（头发）；剪切；切断；使分离；n. 剪切；剪力；大剪刀,,,
shed,ʃed,n.,n. 小屋，棚子；v. 脱落，掉落；摆脱，去除；流出，流下；散发，发出,,,
terrible,ˈterəbl,adj.,adj. 很糟糕的，极坏的；可怕的，令人恐惧的；极度的，非常的,,,
terrific,təˈrɪfɪk,adj.,adj. 极好的，非常棒的；极大的，非常的,,,
terrify,ˈterɪfaɪ,v.,v. 使恐惧，使害怕,,,
territory,ˈterətri,n.,n. 领土，版图；领地，地盘；(动物的)领地；(某人或群体的)势力范围；(销售或业务的)区域,,,
terror,ˈterə,n.,n. 恐怖，惊恐；恐怖行为，恐怖活动；令人惊恐的人或事,,,
textile,ˈtekstaɪl,n.,n. 纺织品，布料；adj. 纺织的，纺织业的,,,
texture,ˈtekstʃə(r),n.,n. 质地，纹理；结构，构造；v. 赋予...特定质地,,,
wash,wɒʃ,v.,v. 洗，清洗；洗涤，冲洗；冲刷，冲走；n. 洗涤，清洗；洗的衣物,,,
waste,weɪst,n.,n. 浪费；废物；垃圾；v. 浪费；白费；adj. 废弃的；荒芜的,,,
watch,wɒtʃ,n.,n. 手表，怀表；守望，监视，看守；v. 观看，注视；留意，小心，当心,,,
ahead,əˈhed,adv.,adv. 在前面，向前；提前，事先；领先，占优势,,,
air-conditioning,ˈeə kənˌdɪʃənɪŋ,n.,n. 空调；空调系统；adj. 有空调的；空调的,,,
aircraft,ˈeəkrɑːft,n.,n. 飞机，航空器,,,
aisle,aɪl,n.,n. (教堂、戏院、飞机等的)通道，过道,,,
alert,əˈlɜːt,adj.,adj. 警惕的，警觉的；机敏的，敏锐的；v. 使警惕，使意识到；n. 警报，警告,,,
align,əˈlaɪn,v.,v. 使成一直线，对齐；使一致，使联盟，使结盟,,,
alike,əˈlaɪk,adj.,adj. 相似的，相像的；adv. 同样地，以同样的方式,,,
alive,əˈlaɪv,adj.,adj. 活着的，存活的；活跃的，有生气的；敏感的，警觉的,,,
algorithm,ˈælɡərɪðəm,n.,n. 算法，运算法则,,,
cheat,tʃiːt,v.,v. 欺骗，作弊；n. 骗子，作弊者,,,
cheque,tʃek,n.,n. 支票,,,
check,tʃek,n.,n. 检查，核对；支票；制止，阻止；v. 检查，核对；制止，阻止；寄存（行李）,,,
chest,tʃest,n.,n. 胸部，胸膛；箱子，柜子,,,
chew,tʃuː,v.,v. 咀嚼，嚼；n. 咀嚼，嚼,,,
chief,tʃiːf,adj.,adj. 主要的，首要的；n. 首领，领导,,,
childhood,ˈtʃaɪldhʊd,n.,n. 童年，儿童时期,,,
chill,tʃɪl,n.,n. 寒冷，凉意；受凉，着凉；v. 使冷却，使变冷；使恐惧，使害怕；放松，休息；adj. 冷淡的，疏远的,,,
chorus,ˈkɔːrəs,n.,n. 合唱团；合唱；副歌；叠句；齐声，异口同声；v. 合唱；齐声说,,,
chronic,ˈkrɒnɪk,adj.,adj. 长期的，慢性的；经常发生的，惯常的,,,
chunk,tʃʌŋk,n.,n. 大块，厚块；相当大的部分；v. 分成大块,,,
pin,pɪn,n.,n. 别针；大头针；钉；v. 别住；钉住；固定,,,
pinch,pɪntʃ,n.,n. 少量，一撮；捏，掐；夹痛；紧急关头，危急时刻；v. 捏，掐；夹痛；使节省，勒紧；偷窃，盗取,,,
pint,paɪnt,n.,n. 品脱（液体或干量单位，约等于0.473升）,,,
delegate,ˈdelɪɡət,n.,n. 代表，代表团成员；v. 委托，授权；分配（工作、权力等）,,,
delete,dɪˈliːt,v.,v. 删除，擦除；删去，除去,,,
delicious,dɪˈlɪʃəs,adj.,adj. 美味的，可口的；令人愉快的，使人感到愉悦的,,,
delight,dɪˈlaɪt,n.,n. 快乐，高兴；令人高兴的事；乐趣，快感；v. 使高兴，使欣喜,,,
elect,ɪˈlekt,v.,v. 选举，推选；选择，决定；adj. 当选的，选出的,,,
electric,ɪˈlektrɪk,adj.,adj. 电的，电动的；令人兴奋的，激动人心的；电力的，发电的；带电的；紧张的，充满激情的,,,
electrical,ɪˈlektrɪkl,adj.,adj. 与电有关的，电的；用电的，电动的,,,
electrician,ɪˌlekˈtrɪʃən,n.,n. 电工，电气技师,,,
elevate,ˈelɪveɪt,v.,v. 提升，提高；提拔，晋升；使更高尚，使更崇高,,,
elevator,ˈelɪveɪtə(r),n.,n. 电梯；升降机，升降设备,,,
eligible,ˈelɪdʒəbl,adj.,adj. 有资格的，合格的；适合的，合适的；合乎条件的，符合要求的,,,
eloquent,ˈeləkwənt,adj.,adj. 雄辩的，有说服力的；善于表达的，口才流利的,,,
embark,ɪmˈbɑːk,v.,v. 开始从事，着手；上船，登机,,,
embarrass,ɪmˈbærəs,v.,v. 使尴尬，使窘迫；使困难，阻碍,,,
emigrate,ˈemɪɡreɪt,v.,v. 移居国外，移民,,,
emit,ɪˈmɪt,v.,v. 发出，散发（光、热、气味等）；发出（声音）；排放（气体、污染物等）,,,
empire,ˈempaɪə(r),n.,n. 帝国，大国；帝王统治，统治权；企业集团，商业帝国,,,
empirical,ɪmˈpɪrɪkl,adj.,adj. 基于经验或观察的，实证的；以实验为依据的,,,
empty,ˈempti,adj.,adj. 空的，无物的；空虚的，无意义的；v. 使清空，倒空,,,
empathy,ˈempəθi,n.,n. 同理心，共情能力,,,
fee,fiː,n.,n. 费用，酬金,,,
feeble,ˈfiːbl,adj.,adj. 虚弱的，衰弱的；微弱的，无力的；软弱的，无能的,,,
grief,ɡriːf,n.,n. 悲伤，悲痛；伤心事，悲痛的缘由；麻烦，烦恼,,,
grieve,ɡriːv,v.,v. 感到悲伤，哀悼；使伤心，使悲伤,,,
grin,ɡrɪn,n.,n. 咧嘴笑，露齿而笑；v. 咧嘴笑，露齿而笑,,,
grind,ɡraɪnd,v.,v. 磨碎，碾碎；磨擦，摩擦；使...吱吱作响；折磨，使人苦恼；n. 苦差事，苦活；日常工作,,,
office,ˈɒfɪs,n.,n. 办公室，办公场所；职务，职位；（政府的）部门，局，处；（医生、律师等的）事务所,,,
officer,ˈɒfɪsə(r),n.,n. 警官，警察；军官；官员，高级职员,,,
official,əˈfɪʃl,adj.,adj. 官方的，正式的；公务的，公职的；n. 官员，行政人员,,,
pioneer,ˌpaɪəˈnɪə(r),n.,n. 先锋，开拓者，先驱；拓荒者，开发者；v. 开创，创始，开辟；adj. 先驱的，开创性的,,,
pipe,paɪp,n.,n. 管子，导管；烟斗；管乐器；烟囱；声音；梦想，幻想；v. 用管道输送；用管乐器演奏；尖声说；传送（信息、音乐等）,,,
pirate,ˈpaɪrət,n.,n. 海盗；盗版者；v. 盗版，非法复制；劫掠，掠夺,,,
pistol,ˈpɪstl,n.,n. 手枪,,,
pit,pɪt,n.,n. 坑，洞；果核；煤矿；（剧场的）正厅；（交易所的）交易场；v. 使竞争；使对立；去除...的果核；在...上打小洞,,,
pitch,pɪtʃ,n.,n. (音乐)音高，音调；(体育)球场，场地；程度，强度；推销说辞；沥青，柏油；v. 投掷，抛；搭帐篷；突然向前倾；推销，游说,,,
plagiarism,ˈpleɪdʒərɪzəm,n.,n. 剽窃，抄袭,,,
plague,pleɪɡ,n.,n. 瘟疫，传染病；灾祸，祸患；（尤指）麻烦事，讨厌的东西；v. 困扰，折磨,,,
plain,pleɪn,adj.,adj. 简单的，朴素的；清楚的，明显的；平凡的，普通的；坦率的，直白的；n. 平原；adv. 清楚地，明白地,,,
planet,ˈplænɪt,n.,n. 行星；星球,,,
plant,plɑːnt,n.,n. 植物；工厂，制造厂；v. 种植，栽种；安插，安置,,,
plantation,plænˈteɪʃn,n.,n. 种植园；大农场；人工林；造林地,,,
lay,leɪ,v.,v. 放置，安放；铺设，敷设；下（蛋）；提出，表达（观点等）；adj. 世俗的，非专业的,,,
layer,ˈleɪə(r),n.,n. 层，层次；地层；（社会的）阶层；v. 分层，层叠,,,
layman,ˈleɪmən,n.,n. 门外汉，外行；普通人，非专业人士；（教会中的）俗人，平信徒,,,
layout,ˈleɪaʊt,n.,n. 布局，设计，安排；版面设计，排版,,,
marathon,ˈmærəθən,n.,n. 马拉松赛跑；持久的事情，长期的活动；adj. 马拉松式的，长期的，持久的,,,
marble,ˈmɑːbl,n.,n. 大理石；弹珠；adj. 大理石的，大理石制的；v. 使有大理石花纹,,,
march,mɑːtʃ,n.,n. 行进，行军；三月；进行曲；v. 行进，行军；使前进；使和谐一致,,,
marine,məˈriːn,adj.,adj. 海洋的，海产的；海军的，航海的；n. 海军陆战队员,,,
marital,ˈmærɪtl,adj.,adj. 婚姻的，夫妻间的,,,
married,ˈmærid,adj.,adj. 已婚的；结婚的；v. marry的过去式和过去分词；娶，嫁,,,
mark,mɑːk,n.,n. 标记，记号；分数，成绩；目标，标准；痕迹，斑点；特征，标志；v. 做标记，标示；打分，评分；庆祝，纪念；注意到，留意,,,
marvelous,ˈmɑːvələs,adj.,adj. 极好的，非常棒的，精彩的；不可思议的，令人惊叹的,,,
marvellous,ˈmɑːvələs,adj.,adj. 极好的，非凡的，了不起的；令人惊奇的，不可思议的,,,
Marxist,ˈmɑːksɪst,n.,n. 马克思主义者；adj. 马克思主义的,,,
mask,mɑːsk,n.,n. 面具，口罩；伪装，掩饰；v. 掩饰，掩盖,,,
naval,ˈneɪvl,adj.,adj. 海军的，军舰的,,,
navigation,ˌnævɪˈɡeɪʃn,n.,n. 航行，航海；导航；导航技术；导航系统；网页导航,,,
navy,ˈneɪvi,n.,n. 海军；海军部队；adj. 深蓝色的；海军蓝的,,,
nearby,ˈnɪəbaɪ,adj.,adj. 附近的，邻近的；adv. 在附近，在邻近,,,
nearly,ˈnɪəli,adv.,adv. 几乎，差不多；接近，将近,,,
neat,niːt,adj.,adj. 整洁的，干净的；井井有条的；简洁的，巧妙的；优雅的，漂亮的；纯粹的，不掺杂的,,,
necklace,ˈnekləs,n.,n. 项链，颈链,,,
needle,ˈniːdl,n.,n. 针；缝纫针；注射针；针头；指针；指示针；针叶；针状物；v. 刺激；激怒；不断烦扰,,,
neighbourhood,ˈneɪbəhʊd,n.,n. 邻里，街坊；某一地区，附近地区,,,
neighborhood,ˈneɪbəhʊd,n.,n. 邻里，街坊；附近地区；（数学）邻域；周围环境；大致范围,,,
queer,kwɪə(r),adj.,adj. 奇怪的，不寻常的；同性恋的，性少数群体的；n. 同性恋者，性少数群体成员；v. 使变奇怪，使难堪,,,
query,ˈkwɪəri,n.,n. 疑问，质疑；询问，质询；v. 询问，质疑；对...表示疑问,,,
queue,kjuː,n.,n. 队列，长队；v. 排队，列队,,,
quiver,ˈkwɪvə(r),v.,v. 颤抖，抖动；n. 颤抖，战栗；箭筒，箭袋,,,
quiz,kwɪz,n.,n. 小测验，问答比赛；v. 对...进行测验，盘问,,,
quota,ˈkwəʊtə,n.,n. 配额，限额；定额，份额,,,
recall,rɪˈkɔːl,v.,v. 回忆，想起；召回，收回；召回（外交官等）；回想起；使想起；n. 回忆，回想；召回，撤回,,,
recollect,ˌrekəˈlekt,v.,v. 回忆，想起；收集，重新收集,,,
reconcile,ˈrekənsaɪl,v.,v. 使和解，调解；使一致，调和；核对（账目）,,,
recur,rɪˈkɜː(r),v.,v. 再发生，重现；循环出现，重复发生,,,
recreation,ˌrekriˈeɪʃn,n.,n. 娱乐，消遣；重建，再现,,,
recycle,ˌriːˈsaɪkl,v.,v. 回收利用，再利用；循环使用，重复使用,,,
rectify,ˈrektɪfaɪ,v.,v. 纠正，改正；矫正，校正,,,
redundant,rɪˈdʌndənt,adj.,adj. 多余的，过剩的，冗余的；被裁员的，失业的,,,
reed,riːd,n.,n. 芦苇，苇草；簧片（乐器的）；芦苇做的东西；牧笛，羊角笛,,,
reel,riːl,n.,n. 卷轴，卷筒；一卷，一盘；旋转，眩晕；v. 卷，绕；蹒跚，踉跄；感到眩晕，昏头转向,,,
sheer,ʃɪə(r),adj.,adj. 完全的，十足的；陡峭的，垂直的；极薄的，透明的；纯粹的，单纯的；adv. 垂直地，陡峭地；v. 偏离，转向,,,
sheet,ʃiːt,n.,n. 床单；纸张；薄片；表格；清单；工作表；v. 覆盖；包裹,,,
shepherd,ˈʃepəd,n.,n. 牧羊人，牧羊者；v. 带领，引导；牧羊,,,
shrewd,ʃruːd,adj.,adj. 精明的，狡猾的，敏锐的,,,
shrink,ʃrɪŋk,v.,v. 收缩，缩小；退缩，畏缩；使缩水；（衣物）缩水；n. 精神病医生，心理医生,,,
shut,ʃʌt,v.,v. 关闭，关上；停止营业，关门；adj. 关闭的，关上的,,,
shutter,ˈʃʌtə(r),n.,n. 百叶窗；(相机的)快门；v. 关上窗板；停业，关闭(公司、工厂等),,,
shuttle,ˈʃʌtl,n.,n. 往返运输工具（如班车、航天飞机等）；梭子（织布用具）；v. 往返运送；来回奔波,,,
shy,ʃaɪ,adj.,adj. 害羞的，羞怯的，胆小的；畏缩的，躲避的；v. 畏缩，退缩,,,
theatre,ˈθɪətə(r),n.,n. 剧院，戏院；戏剧，戏剧艺术；手术室；战区，战场,,,
theater,ˈθɪətə(r),n.,n. 剧院，戏院；戏剧，戏剧艺术；（某种类型的）电影院；（外科手术的）手术室；战区，战场,,,
theft,θeft,n.,n. 偷窃，盗窃；被盗物品,,,
thermal,ˈθɜːml,adj.,adj. 热的，热量的；保暖的；n. 上升的热气流；保暖内衣,,,
thermometer,θəˈmɒmɪtə(r),n.,n. 温度计，体温计,,,
thesis,ˈθiːsɪs,n.,n. 论文，毕业论文；论点，命题,,,
thick,θɪk,adj.,adj. 厚的，粗的；浓的，稠的；密集的；愚钝的，迟钝的；亲密的，密切的；adv. 厚厚地，浓浓地；n. 最激烈的时候，最密集的部分,,,
thigh,θaɪ,n.,n. 大腿,,,
thorn,θɔːn,n.,n. 刺，棘刺；棘手的问题，麻烦；荆棘植物,,,
thousand,ˈθaʊznd,n.,n. 一千；千位数；adj. 一千的；成千的；pron. 许多，大量,,,
via,ˈvaɪə,prep.,prep. 通过，经由；借助，凭借,,,
viable,ˈvaɪəbl,adj.,adj. 可行的，切实可行的；能生存的，能存活的；有生命力的，能发育的,,,
vibrate,vaɪˈbreɪt,v.,v. 振动，颤动；使震动，使颤动,,,
vicinity,vəˈsɪnəti,n.,n. 附近，邻近地区,,,
video,ˈvɪdiəʊ,n.,n. 视频，录像；v. 录制视频,,,
violate,ˈvaɪəleɪt,v.,v. 违反，违背（法律、规则等）；侵犯，干扰（权利、隐私等）,,,
beg,beɡ,v.,v. 恳求，乞求；乞讨，行乞；请求，要求,,,
behind,bɪˈhaɪnd,prep.,prep. 在...后面；在...背后；落后于；adv. 在后面；落后；n. 屁股，臀部,,,
being,ˈbiːɪŋ,n.,n. 存在；生命；生物；实体；aux.v. be动词的现在分词形式,,,
all,ɔːl,adj.,adj. 全部的，所有的；pron. 全部，所有；adv. 全部地，完全地；n. 全部，整体,,,
allege,əˈledʒ,v.,v. 声称，指称（尤指无证据）,,,
allegiance,əˈliːdʒəns,n.,n. 忠诚，效忠,,,
alleviate,əˈliːvieɪt,v.,v. 减轻，缓解,,,
alliance,əˈlaɪəns,n.,n. 联盟，同盟；结盟，联姻,,,
allowance,əˈlaʊəns,n.,n. 津贴，零用钱；限额，配额；补贴，津贴；允许，容忍,,,
alloy,ˈælɔɪ,n.,n. 合金；v. 使成合金,,,
ally,ˈælaɪ,n.,n. 盟友，同盟国；支持者，援助者；v. 结盟，联合,,,
alone,əˈləʊn,adj.,adj. 独自的，单独的；孤独的，寂寞的；adv. 独自地，单独地,,,
along,əˈlɒŋ,prep.,prep. 沿着，顺着；adv. 向前，往前；一起；进行中,,,
alongside,əˈlɒŋsaɪd,prep.,prep. 在...旁边，与...并排；与...一起，与...同时；adv. 在旁边，并排；一起，同时,,,
alphabet,ˈælfəbet,n.,n. 字母表；一套符号系统,,,
denounce,dɪˈnaʊns,v.,v. 公开指责，谴责；公开宣布与...断绝关系；公开指控,,,
dense,dens,adj.,adj. 稠密的，密集的；浓密的，茂密的；愚钝的，迟钝的,,,
density,ˈdensəti,n.,n. 密度，稠密度；浓度，密集程度；人口密度,,,
fellow,ˈfeləʊ,n.,n. 家伙，小子；同事，同伴；会员，研究员；adj. 同伴的，同事的,,,
fellowship,ˈfeləʊʃɪp,n.,n. 友谊，交情；团体，协会；奖学金，研究金；团契，宗教团体,,,
female,ˈfiːmeɪl,adj.,adj. 雌性的，女性的；n. 雌性动物，女性,,,
feminine,ˈfemənɪn,adj.,adj. 女性的，女子的；柔弱的，娇柔的；阴性的（语法）；n. 阴性词,,,
fence,fens,n.,n. 栅栏，围墙；v. 用栅栏围住；击剑,,,
ferry,ˈferi,n.,n. 渡船；渡口；v. (用船)渡运，运送,,,
fetch,fetʃ,v.,v. 去拿来，取来，带来；吸引，博得；售得（价格）；n. 取物，拿来,,,
feudal,ˈfjuːdl,adj.,adj. 封建的，封建制度的；类似封建制度的，等级森严的,,,
fever,ˈfiːvə(r),n.,n. 发烧，发热；狂热，热情,,,
heave,hiːv,v.,v. 用力举起或搬动；喘息；呕吐；(船、胸部等)起伏；叹息；扔、抛；n. 举起；起伏；投掷,,,
heaven,ˈhevn,n.,n. 天堂，天国；天空；极乐之地，理想之境,,,
heavy,ˈhevi,adj.,adj. 重的，沉重的；大量的，密集的；困难的，费力的；严重的，剧烈的；厚重的，厚实的；笨重的，迟钝的；n. 重型人员，体重超重者；adv. 大量地，非常地,,,
indoor,ˈɪndɔː(r),adj.,adj. 室内的，在室内进行的,,,
induce,ɪnˈdjuːs,v.,v. 引起，导致；诱导，劝说；推论，推导,,,
indulge,ɪnˈdʌldʒ,v.,v. 放纵，沉溺于；纵容，满足,,,
kin,kɪn,n.,n. 亲属，家属，亲戚；adj. 有亲属关系的，同类的,,,
kindness,ˈkaɪndnəs,n.,n. 善良，仁慈；好意，友好行为,,,
king,kɪŋ,n.,n. 国王，君主；（纸牌中的）K；（象棋中的）王；大王，巨头，显赫的人物；v. 统治，支配,,,
kingdom,ˈkɪŋdəm,n.,n. 王国，国家；领域，界；王权，统治权,,,
kit,kɪt,n.,n. 工具箱，成套工具；成套用品，装备；套装，全套；v. 装备，配备,,,
mat,mæt,n.,n. 垫子，地毯；v. 使缠结，使杂乱,,,
match,mætʃ,n.,n. 火柴；比赛，竞赛；相配的人（或物）；匹配；v. 与...相配，与...相称；使...相配；相匹配，相当,,,
may,meɪ,aux.,aux. 可能，也许；可以，被允许；祝，愿；n. 五月,,,
mayor,meə(r),n.,n. 市长，镇长,,,
nest,nest,n.,n. 巢，窝；v. 筑巢；嵌套,,,
net,net,n.,n. 网，网状物；网络；球网；净额，纯利润；adj. 净的，最后的；v. 捕获，获得,,,
network,ˈnetwɜːk,n.,n. 网络，网状物；广播网，电视网；人际关系网；计算机网络；v. 建立关系网；进行网络连接,,,
neutral,ˈnjuːtrəl,adj.,adj. 中立的，不偏不倚的；中性的，无色的；无关紧要的，不重要的；n. 中立国；中立者；（汽车的）空档,,,
new,njuː,adj.,adj. 新的，新近的；新颖的，不同的；初次的，不熟悉的；新鲜的，新产的；刚开始的，新手的；adv. 新近，最近,,,
omit,əˈmɪt,v.,v. 省略，遗漏，删除,,,
opaque,əʊˈpeɪk,adj.,adj. 不透明的，不透光的；难懂的，晦涩的；n. 不透明物,,,
opt,ɒpt,v.,v. 选择，决定,,,
optical,ˈɒptɪkl,adj.,adj. 光学的，视觉的；眼睛的，视力的,,,
plaster,ˈplɑːstə(r),n.,n. 石膏，灰泥；膏药，创可贴；石膏像；石膏模型；v. 涂抹，粘贴；用膏药贴；厚厚地涂，抹；使布满，大量张贴,,,
plastic,ˈplæstɪk,n.,n. 塑料；adj. 塑料的；人造的；可塑的；虚假的，做作的；易受影响的,,,
plate,pleɪt,n.,n. 盘子，碟子；金属板，匾；车牌号；(棒球)本垒板；板块；(印刷用的)版材；v. 电镀；为...加设金属板,,,
plateau,plæˈtəʊ,n.,n. 高原；平稳期，停滞期；v. 达到平稳期，停滞,,,
platform,ˈplætfɔːm,n.,n. 平台，月台；讲台，舞台；平台（指计算机操作系统或应用程序运行的基础环境）；（政党的）政纲，纲领,,,
play,pleɪ,v.,v. 玩耍，游戏；演奏（乐器）；扮演（角色）；参加（运动）；播放（音乐、视频等）；表演（戏剧）；开玩笑；（机器等）运转；n. 游戏；玩耍；戏剧；比赛中的动作；发挥作用的机会,,,
refine,rɪˈfaɪn,v.,v. 提炼，精炼；改进，改善，使更精细；使文雅，使高雅,,,
refrain,rɪˈfreɪn,v.,v. 克制，忍住，戒除；n. 副歌，叠句；经常重复的话,,,
refuge,ˈrefjuːdʒ,n.,n. 避难所，庇护所；避难，庇护；慰藉，安慰,,,
refugee,ˌrefjuˈdʒiː,n.,n. 难民，逃亡者,,,
refund,ˈriːfʌnd,n.,n. 退款，退还的钱；v. 退还，偿还,,,
refusal,rɪˈfjuːzl,n.,n. 拒绝，回绝；拒绝权；优先取舍权,,,
refuse,rɪˈfjuːz,v.,v. 拒绝，不接受；n. 垃圾，废物,,,
circle,ˈsɜːkl,n.,n. 圆，圆形；圈，环；圈子，团体；界，集团；循环，周期；v. 环绕，围绕；盘旋；画圈于，圈出,,,
circuit,ˈsɜːkɪt,n.,n. 电路；线路；巡回；环行；电路系统；回路；巡回法庭；巡回审判；赛车道；赛场；v. 环绕；巡回,,,
circular,ˈsɜːkjələ(r),adj.,adj. 圆形的，环形的；循环的，周而复始的；迂回的，绕圈子的；n. 通告，通知,,,
circulate,ˈsɜːkjəleɪt,v.,v. (使)循环，(使)流通；(使)传播，(使)流传；(在社交场合)周旋，应酬,,,
citizen,ˈsɪtɪzən,n.,n. 公民，市民；居民,,,
civil,ˈsɪvl,adj.,adj. 公民的，平民的；文明的，有礼貌的；民事的，民用的；国内的（指非军事、外交或宗教事务）,,,
civilian,sɪˈvɪliən,n.,n. 平民，百姓；adj. 平民的，民用的,,,
civilize,ˈsɪvəlaɪz,v.,v. 使文明，使开化；教化，教育,,,
civilise,ˈsɪvəlaɪz,v.,v. 使文明，使开化；教化，教育,,,
civilization,ˌsɪvəlaɪˈzeɪʃən,n.,n. 文明，文明社会；文化，文明程度；开化，教化,,,
civilisation,ˌsɪvəlaɪˈzeɪʃn,n.,n. 文明，文明社会；文化，文明程度,,,
goat,ɡəʊt,n.,n. 山羊,,,
gold,ɡəʊld,n.,n. 黄金，金子；金色，金黄色；金牌，第一名；adj. 金制的，金色的；贵重的，极好的,,,
golden,ˈɡəʊldən,adj.,adj. 金色的；黄金制的；金子般的，珍贵的；美好的，极好的；黄金时期的，最佳的,,,
grab,ɡræb,v.,v. 抓住，抓紧；抢夺，攫取；引起（注意等），吸引；n. 抓取，抓握,,,
grace,ɡreɪs,n.,n. 优雅，文雅；恩典，恩惠；宽限期；v. 使优雅，使增色,,,
graceful,ˈɡreɪsfəl,adj.,adj. 优雅的，优美的，雅致的；得体的，得当的，有风度的,,,
gracious,ˈɡreɪʃəs,adj.,adj. 亲切的，和蔼的；优雅的，高雅的；仁慈的，宽厚的；有礼貌的，体面的,,,
sick,sɪk,adj.,adj. 生病的，不舒服的；恶心的，想呕吐的；厌倦的，厌恶的；病态的，不正常的；n. 生病的人们,,,
side,saɪd,n.,n. (物体的)边，侧面；(身体的)侧面；(某物的)一面，一侧；方面，方向；一方，一派；(比赛、争论等的)一方；adj. 侧面的，旁边的；v. 支持，站在...一边,,,
sideways,ˈsaɪdweɪz,adv.,adv. 侧向地，横向地；斜着，斜向地；adj. 侧面的，横向的,,,
siege,siːdʒ,n.,n. 围攻，包围；长期围困；长期处于某种状态；v. 围攻，包围,,,
sigh,saɪ,n.,n. 叹息，叹气；v. 叹息，叹气；叹息地说,,,
sight,saɪt,n.,n. 视力；视觉；景象；名胜；视线；眼界；瞄准器；v. 看见；发现；瞄准,,,
sightseeing,ˈsaɪtsiːɪŋ,n.,n. 观光，游览；adj. 观光的，游览的,,,
silence,ˈsaɪləns,n.,n. 寂静，安静；沉默，缄默；v. 使安静，使沉默,,,
silent,ˈsaɪlənt,adj.,adj. 无声的，寂静的；沉默的，不说话的；不发音的，不读出来的；默默的，不引人注意的；无声无息的，悄然的,,,
silicon,ˈsɪlɪkən,n.,n. 硅,,,
silly,ˈsɪli,adj.,adj. 愚蠢的，傻的；无聊的，无意义的；n. 傻瓜，笨蛋,,,
silver,ˈsɪlvə(r),n.,n. 银；银器；银币；adj. 银的；银色的；银制的；v. 镀银；使具有银色光泽,,,
thread,θred,n.,n. 线，线条；（计算机）线程；（故事、谈话等的）线索，脉络；螺纹；一系列，一连串；v. 穿过，穿线；小心地通过，穿行；连贯地展开（故事、论点等）,,,
threshold,ˈθreʃhəʊld,n.,n. 门槛，门口；起点，开端；临界点，阈值,,,
throne,θrəʊn,n.,n. 王座，宝座；（国王的）王位，王权；v. 使登王位,,,
throw,θrəʊ,v.,v. 投掷，扔；使突然陷入（某种状态）；举行（派对等）；n. 投掷，抛掷,,,
thrust,θrʌst,v.,v. 猛推，猛塞；刺，戳；n. 推力；要点，主旨；刺，戳；冲击力,,,
unfold,ʌnˈfəʊld,v.,v. 展开，打开；逐步发生，逐步显露；阐述，解释,,,
unfortunately,ʌnˈfɔːtʃənətli,adv.,adv. 不幸地，遗憾地,,,
uniform,ˈjuːnɪfɔːm,n.,n. 制服，校服；adj. 一致的，统一的；均匀的；v. 使一致，使统一,,,
unit,ˈjuːnɪt,n.,n. 单位；单元；部件；元件；单位；整体；小组；（军队的）部队,,,
unite,juːˈnaɪt,v.,v. 使联合，使统一；结合，联合,,,
unity,ˈjuːnəti,n.,n. 团结，统一；一致性，和谐；单一性，完整性,,,
violet,ˈvaɪələt,n.,n. 紫罗兰；紫色；adj. 紫罗兰色的；紫色的,,,
virgin,ˈvɜːdʒɪn,n.,n. 处女，童男；adj. 处女的，童贞的；纯洁的，未经利用的，未受污染的；原始的，未开发的；初次的，从未尝试过的,,,
virus,ˈvaɪrəs,n.,n. 病毒；计算机病毒,,,
vocal,ˈvəʊkl,adj.,adj. 声音的，嗓音的；口头的，有声的；直言不讳的，大声表达的；n. 声乐曲,,,
vocation,vəʊˈkeɪʃn,n.,n. 职业，行业；使命，天职；（宗教）圣召,,,
voice,vɔɪs,n.,n. 声音；嗓音；发言权；表达意见的权利；（语法）语态；v. 表达；吐露,,,
volatile,ˈvɒlətaɪl,adj.,adj. 易变的，不稳定的；易挥发的；易怒的，喜怒无常的；易爆炸的，易燃的；（计算机）易失的,,,
volcano,vɒlˈkeɪnəʊ,n.,n. 火山,,,
voyage,ˈvɔɪɪdʒ,n.,n. 航行，航海；旅行，旅程；v. 航行，航海,,,
waterfall,ˈwɔːtəfɔːl,n.,n. 瀑布,,,
waterproof,ˈwɔːtəpruːf,adj.,adj. 防水的，不透水的；v. 使防水，使不透水；n. 防水物，防水衣物,,,
wave,weɪv,n.,n. 波浪，波涛；挥手，招手；波动，起伏；浪潮，潮流；v. 挥手，招手；挥动，摇动；波动，起伏；飘动,,,
wax,wæks,n.,n. 蜡，蜂蜡；v. 给...上蜡；增加，增强；adj. 蜡制的,,,
although,ɔːlˈðəʊ,conj.,conj. 尽管，虽然,,,
altitude,ˈæltɪtjuːd,n.,n. 高度，海拔；高处，高地,,,
altogether,ˌɔːltəˈɡeðə(r),adv.,adv. 完全地，全部地；总共；总的来说，总而言之,,,
ambassador,æmˈbæsədə(r),n.,n. 大使；使节；代表,,,
amiable,ˈeɪmiəbl,adj.,adj. 和蔼可亲的，友善的，亲切的,,,
amid,əˈmɪd,prep.,prep. 在…中间；在…过程中；在…环境中；尽管；伴随着,,,
amidst,əˈmɪdst,prep.,prep. 在...中间；在...当中；被...包围,,,
belly,ˈbeli,n.,n. 腹部，肚子；v. 使鼓起，膨胀,,,
beloved,bɪˈlʌvɪd,adj.,adj. 深爱的，心爱的；受喜爱的，深受欢迎的；n. 心爱的人，挚爱,,,
below,bɪˈləʊ,adv.,adv. 在下面，到下面；prep. 在...下面，低于；adj. 下面的，下述的,,,
belt,belt,n.,n. 腰带，皮带；地带，地区；传送带；v. 系上皮带；猛击；大声唱,,,
bench,bentʃ,n.,n. 长凳，长椅；法官席；法官；替补席；工作台；v. 使坐替补席；搁置,,,
clap,klæp,v.,v. 鼓掌，拍手；n. 鼓掌声，拍手声；霹雳声，雷鸣声,,,
clarify,ˈklærɪfaɪ,v.,v. 使清晰，阐明；澄清，说明,,,
clarity,ˈklærəti,n.,n. 清晰度，明晰；清楚，明确；透明度,,,
clash,klæʃ,n.,n. 冲突，争执；抵触，不协调；v. 发生冲突，争执；不协调，不匹配,,,
clasp,klɑːsp,n.,n. 扣子，搭扣；v. 紧紧抓住，握住；搂抱，紧抱；扣住，扣紧,,,
class,klɑːs,n.,n. 班级；课程；等级；阶级；种类；品位，格调；adj. 一流的，优秀的；v. 分类，归类,,,
classic,ˈklæsɪk,adj.,adj. 经典的，典型的；传统的，古典的；最优秀的，一流的；n. 经典作品，名著；典范，典型；古典音乐,,,
classical,ˈklæsɪkl,adj.,adj. 古典的，经典的；传统的，典型的；古希腊罗马的；基础的，标准的,,,
classification,ˌklæsɪfɪˈkeɪʃn,n.,n. 分类，分级；类别，种类,,,
classify,ˈklæsɪfaɪ,v.,v. 分类，归类；界定，判定,,,
clause,klɔːz,n.,n. (语法)从句，分句；(法律文件的)条款，细则,,,
depart,dɪˈpɑːt,v.,v. 离开，出发；背离，偏离,,,
departure,dɪˈpɑːtʃə(r),n.,n. 离开，出发；偏离，背离；起程，启程,,,
depict,dɪˈpɪkt,v.,v. 描绘，描述；表现，刻画,,,
deplete,dɪˈpliːt,v.,v. 耗尽，用尽，使枯竭,,,
deplore,dɪˈplɔː(r),v.,v. 强烈谴责，痛惜，对...深感遗憾,,,
deploy,dɪˈplɔɪ,v.,v. 部署，调度（军队、武器等）；利用，调动，施展（技能、资源等）；部署，安装（软件、系统等）,,,
depth,depθ,n.,n. 深度，深浅；深奥，深刻；深厚，深切；广度，程度；深处，深渊,,,
deputy,ˈdepjuti,n.,n. 副职，副手；代表，代理人；adj. 副的，代理的,,,
enclose,ɪnˈkləʊz,v.,v. 围住，圈起；附上，随函附上；包含，包括；封闭，包围,,,
enclosure,ɪnˈkləʊʒə(r),n.,n. 围墙，栅栏；围住的场地；附件；圈地运动；封闭空间；包围,,,
gorgeous,ˈɡɔːdʒəs,adj.,adj. 非常漂亮的，美丽动人的；华丽的，灿烂的；令人愉快的，美好的,,,
gossip,ˈɡɒsɪp,n.,n. 闲话，流言蜚语；爱说长道短的人；v. 说长道短，传播流言；闲聊，闲谈,,,
gown,ɡaʊn,n.,n. 长袍，礼服；女礼服，晚礼服；（法官、大学教师等穿的）制服；v. 给...穿上礼服,,,
grade,ɡreɪd,n.,n. 年级；等级；成绩；品质；坡度；斜率；v. 评分；分等级；分级；使平坦；使有斜度,,,
grain,ɡreɪn,n.,n. 谷物；颗粒；少量；纹理；本质,,,
gram,græm,n.,n. 克（重量单位）；豆科植物（尤指鹰嘴豆）,,,
gramme,græm,n.,n. 克（重量单位）,,,
hedge,hedʒ,n.,n. 树篱，灌木篱笆；保护措施，防范措施；v. 回避，避免正面回答；保护，防范,,,
heel,hiːl,n.,n. 脚后跟；鞋后跟；(鞋、袜等的)后跟部分；无赖，卑鄙小人；v. 紧跟，尾随,,,
height,haɪt,n.,n. 高度，身高；最高点，顶点；高处，高地,,,
heighten,ˈhaɪtn,v.,v. 提高，增强；加剧，加强,,,
heir,eə(r),n.,n. 继承人，后嗣,,,
helicopter,ˈhelɪkɒptə(r),n.,n. 直升机；v. 乘直升机飞行；用直升机运送,,,
hell,hel,n.,n. 地狱；极其痛苦或不愉快的经历或处境,,,
helmet,ˈhelmɪt,n.,n. 头盔，安全帽,,,
helpful,ˈhelpfl,adj.,adj. 有帮助的，有用的；乐于助人的，友好的,,,
hemisphere,ˈhemɪsfɪə(r),n.,n. 半球，地球的半球；大脑半球,,,
hence,hens,adv.,adv. 因此，所以；从此，今后,,,
henceforth,ˌhensˈfɔːθ,adv.,adv. 从此以后，今后,,,
herald,ˈherəld,n.,n. 预兆，先兆；使者，传令官；v. 预示，预告；欢呼，宣布,,,
herb,hɜːb,n.,n. 草本植物，香草,,,
herd,hɜːd,n.,n. (牛、羊等的)群，兽群；一群(人)，人群；v. 放牧，牧放；驱赶(动物群)；把...集中在一起，使集合,,,
heritage,ˈherɪtɪdʒ,n.,n. 遗产；传统；继承物,,,
bend,bend,v.,v. 弯曲，使弯曲；屈服，顺从；n. 弯曲，弯道；趋势，倾向,,,
beneath,bɪˈniːθ,prep.,prep. 在...下面；在...底下；低于，次于；adv. 在下方，在底下,,,
beside,bɪˈsaɪd,prep.,prep. 在...旁边；比较起来；除...之外,,,
besides,bɪˈsaɪdz,prep.,prep. 除...之外（还有）；adv. 而且，此外,,,
amplify,ˈæmplɪfaɪ,v.,v. 扩大，放大，增强；详述，阐述,,,
analog,ˈænəlɒɡ,adj.,adj. 模拟的，非数字的；类似的，相似的；n. 类似物，相似物,,,
analogue,ˈænəlɒɡ,n.,n. 类似物，相似物；模拟信号；adj. 模拟的，非数字化的,,,
analogy,əˈnælədʒi,n.,n. 类比；比喻；相似(性)；类推,,,
analyse,ˈænəlaɪz,v.,v. 分析，研究；详细分析，深入研究；对...进行心理分析,,,
analyze,ˈænəlaɪz,v.,v. 分析，解析；深入分析，仔细研究,,,
analysis,əˈnæləsɪs,n.,n. 分析，解析；分析报告，分析结果；分析方法，分析体系,,,
analytic,ˌænəˈlɪtɪk,adj.,adj. 分析的；解析的；善于分析的,,,
analytical,ˌænəˈlɪtɪkl,adj.,adj. 分析的，解析的；善于分析的，擅长分析的,,,
inertia,ɪˈnɜːʃə,n.,n. 惰性，惯性；不活动，懒惰；惯性（物理学术语）,,,
infant,ˈɪnfənt,n.,n. 婴儿，幼儿；adj. 婴儿的，幼儿的；初期的，初级的,,,
infect,ɪnˈfekt,v.,v. 感染，传染；影响，感染,,,
infectious,ɪnˈfekʃəs,adj.,adj. 传染性的，有传染力的；有感染力的，有感染性的；有感染力的，容易传播的（情绪、想法等）,,,
infinite,ˈɪnfɪnət,adj.,adj. 无限的，无穷的；极大的，无数的；n. 无限，无穷大,,,
inflation,ɪnˈfleɪʃn,n.,n. 通货膨胀；（充气物的）膨胀，充气；自负，自大,,,
inflict,ɪnˈflɪkt,v.,v. 使遭受，使承受（伤害、痛苦等）；强加，施加,,,
infrared,ˌɪnfrəˈred,adj.,adj. 红外线的；使用红外线的；n. 红外线,,,
infrastructure,ˈɪnfrəˌstrʌktʃə(r),n.,n. 基础设施，基础建设；基础结构，下部结构,,,
knee,niː,n.,n. 膝盖；膝关节；v. 用膝盖顶或击,,,
kneel,niːl,v.,v. 跪下，下跪,,,
knob,nɒb,n.,n. 球形把手，旋钮；小圆突起物，小丘,,,
knot,nɒt,n.,n. 结，绳结；节（木头等上的）；难题，棘手问题；群，簇；航海中的速度单位；v. 打结，缠结；使纠缠不清,,,
knowledge,ˈnɒlɪdʒ,n.,n. 知识，学问；了解，认识；学识，见闻,,,
leaf,liːf,n.,n. 叶子，树叶；v. 翻阅，翻书页,,,
leaflet,ˈliːflət,n.,n. 小册子，传单；v. 散发传单,,,
league,liːɡ,n.,n. 联盟，同盟；联赛，体育联合会；等级，水平；里格（长度单位，约等于3英里）；v. 联合，结盟,,,
leak,liːk,n.,n. 泄漏，漏洞；泄露的信息；v. 泄漏，渗漏；泄露（信息）,,,
lean,liːn,adj.,adj. 瘦的，无脂肪的；贫瘠的，不肥沃的；精简的，高效的；v. 倾斜，倚靠；倾向于，偏向,,,
leap,liːp,v.,v. 跳跃，跃过；快速增长，激增；n. 跳跃，飞跃；巨大进步，突破,,,
lease,liːs,n.,n. 租约，租契；租期，租赁期限；v. 出租，租赁；租用，租借,,,
leather,ˈleðə(r),n.,n. 皮革，皮制品；adj. 皮革制的，皮革的,,,
mechanic,mɪˈkænɪk,n.,n. 机修工，技工；adj. 机械的，机械学的,,,
mechanical,mɪˈkænɪkl,adj.,adj. 机械的，机械制造的；自动的，无意识的；机械般的，呆板的；机械学的，力学的,,,
mechanism,ˈmekənɪzəm,n.,n. 机械装置，机构；机制，原理；方法，途径,,,
nickname,ˈnɪkneɪm,n.,n. 绰号；昵称；v. 给...起绰号；给...起昵称,,,
nightmare,ˈnaɪtmeə(r),n.,n. 噩梦，恶梦；可怕的经历，噩梦般的情况,,,
nominal,ˈnɒmɪnl,adj.,adj. 名义上的，有名无实的；象征性的，微不足道的；名词性的，名词的,,,
nominate,ˈnɒmɪneɪt,v.,v. 提名，任命；提名，推荐（为候选人）；任命，指定,,,
pleasure,ˈpleʒə(r),n.,n. 愉快，高兴，快乐；乐事，乐趣；荣幸，荣耀；v. 使高兴，使满意,,,
pledge,pledʒ,n.,n. 诺言，保证；保证金，抵押品；v. 发誓，保证；抵押，质押,,,
plentiful,ˈplentɪfl,adj.,adj. 充足的，丰富的，大量的,,,
pneumonia,njuːˈməʊniə,n.,n. 肺炎,,,
pocket,ˈpɒkɪt,n.,n. 小袋，衣袋；一小群，小块；（比赛中的）袋（台球等）；adj. 袖珍的，小型的；v. 把...装入衣袋，私吞；忍受，遭受,,,
poison,ˈpɔɪzən,n.,n. 毒药，毒物；有害的思想或影响；v. 毒害，下毒；败坏，污染,,,
poisonous,ˈpɔɪzənəs,adj.,adj. 有毒的，有害的；恶毒的，有害的（指言行等）,,,
regard,rɪˈɡɑːd,n.,n. 尊重，敬意；关心，注意；v. 看待，认为；注视，凝视,,,
regarding,rɪˈɡɑːdɪŋ,prep.,prep. 关于，至于；就...而言；对于,,,
regardless,rɪˈɡɑːdləs,adv.,adv. 不管，不顾；adj. 不留心的，不注意的,,,
regime,reɪˈʒiːm,n.,n. 政权，政体；制度，体制；管理体系，方法,,,
register,ˈredʒɪstə(r),n.,n. 登记簿，注册簿；语域，语体；音域，音区；v. 登记，注册；表达，表示；被记录，被注意到,,,
rehearse,rɪˈhɜːs,v.,v. 排练，练习（演出）；复述，重复叙述；预演，预先准备,,,
reign,reɪn,n.,n. 统治期，在位期；v. 统治，当政；盛行，占优势,,,
rein,reɪn,n.,n. 缰绳；控制，约束；v. 控制，约束；勒住（马）,,,
reinforce,ˌriːɪnˈfɔːs,v.,v. 加强，增强；强化，巩固,,,
simulate,ˈsɪmjuleɪt,v.,v. 模拟，仿真；假装，冒充,,,
simultaneous,ˌsɪməlˈteɪniəs,adj.,adj. 同时发生的，同步的,,,
sin,sɪn,n.,n. 罪，罪过；过失，过错；v. 犯罪，违反（道德或宗教规范）,,,
sincere,sɪnˈsɪə(r),adj.,adj. 真诚的，诚挚的；真实的，非伪造的,,,
single,ˈsɪŋɡl,adj.,adj. 单一的，单个的；单身的，未婚的；单程的；单打的（体育）；单层的；单声道的；n. 单身者；单程票；单曲；单打（体育）；v. 选出，挑出,,,
singular,ˈsɪŋɡjələ(r),adj.,adj. 单数的；单一的，仅有一个的；独特的，非凡的；奇特的，异常的；n. 单数，单数形式,,,
sink,sɪŋk,n.,n. 洗涤池，水槽；v. 下沉，沉没；逐渐降低，下陷；（太阳）落下,,,
sip,sɪp,v.,v. 小口喝，抿；n. 一小口（饮料）,,,
siren,ˈsaɪrən,n.,n. 警报器，警笛；妖女，妖妇；塞壬（希腊神话中的海妖）；adj. 诱人的，迷人的,,,
thumb,θʌm,n.,n. 拇指；v. 用拇指翻阅；竖起拇指搭便车,,,
thunder,ˈθʌndə(r),n.,n. 雷，雷声；轰隆声；v. 打雷；发出雷鸣般的声音；大声说,,,
tick,tɪk,n.,n. 蜱；虱子；滴答声；v. 发出滴答声；标记，打钩,,,
ticket,ˈtɪkɪt,n.,n. 票；券；入场券；罚单；交通违规罚款单；候选人名单；政党的候选人名单；v. 开罚单；处以罚款,,,
wealth,welθ,n.,n. 财富，财产；大量，丰富,,,
wealthy,ˈwelθi,adj.,adj. 富有的，有钱的,,,
weapon,ˈwepən,n.,n. 武器，兵器；手段，工具,,,
weave,wiːv,v.,v. 编织，编造；穿梭，迂回行进；编造（故事等）；n. 织法，编织方法,,,
web,web,n.,n. 网，网状物；蜘蛛网；网络，互联网；v. 织网，形成网状,,,
wedge,wedʒ,n.,n. 楔子，楔形物；楔形物；契形物；楔入物；楔形物；楔入物；楔形政策；v. 楔入；挤入；强行插入；楔入；挤入；强行插入；使陷入困境,,,
jungle,ˈdʒʌŋɡl,n.,n. 丛林，密林；复杂、混乱或危险的环境或情况,,,
junction,ˈdʒʌŋkʃən,n.,n. 连接点，交叉点；交汇处，汇合处；（电路的）连接，接合,,,
junior,ˈdʒuːniə(r),adj.,adj. 年少的，较年轻的；（职位）下级的，低层的；（学校）低年级的；n. 青少年，年少者；（美国大学）三年级学生；（职位）级别较低者,,,
juvenile,ˈdʒuːvənaɪl,adj.,adj. 青少年的，少年的；幼稚的，不成熟的；n. 青少年，少年；未成年犯罪者,,,
junk,dʒʌŋk,n.,n. 垃圾，废品；中国式帆船；v. 丢弃，抛弃；adj. 无用的，劣质的,,,
unload,ʌnˈləʊd,v.,v. 卸下，卸货；卸除（武器等）的装弹；倾诉，倾吐,,,
upper,ˈʌpə(r),adj.,adj. 上面的，上部的；上层的，较高的；n. 上部，上面；鞋帮，鞋面,,,
upright,ˈʌpraɪt,adj.,adj. 直立的，垂直的；正直的，诚实的；adv. 垂直地，直立地；正直地，诚实地；n. 直立，垂直；正直，诚实,,,
upstairs,ˌʌpˈsteəz,adv.,adv. 在楼上，往楼上；adj. 楼上的；n. 楼上,,,
upward,ˈʌpwəd,adj.,adj. 向上的，上升的；adv. 向上，往上；上升，增长,,,
apartment,əˈpɑːtmənt,n.,n. 公寓，套房,,,
ape,eɪp,n.,n. 类人猿；v. 模仿，效仿,,,
apologize,əˈpɒlədʒaɪz,v.,v. 道歉，表示歉意；为...道歉，为...表示歉意,,,
apologise,əˈpɒlədʒaɪz,v.,v. 道歉，表示歉意,,,
apology,əˈpɒlədʒi,n.,n. 道歉，歉意；辩护，辩解,,,
bleak,bliːk,adj.,adj. (景色、地方)荒凉的，阴冷的；(前景、情况)暗淡的，无希望的；(人、表情)阴郁的，沮丧的；(批评、描述)尖刻的，直白的,,,
bleed,bliːd,v.,v. 流血，出血；榨取，勒索；渗出，渗漏,,,
blend,blend,v.,v. 混合，调和；融合，协调；n. 混合物，混合；混合品牌,,,
bless,bles,v.,v. 祝福；保佑；赐福；使幸福；称颂；赞美,,,
comfort,ˈkʌmfət,n.,n. 舒适，安逸；安慰，慰藉；舒适的事物；慰藉的事物；v. 安慰，抚慰,,,
come,kʌm,v.,v. 来，来到；到达；变成；开始；发生；出现；由...引起；源于,,,
comedy,ˈkɒmədi,n.,n. 喜剧，喜剧作品；滑稽，幽默；喜剧性事物，有趣的情况,,,
comet,ˈkɒmɪt,n.,n. 彗星,,,
comic,ˈkɒmɪk,adj.,adj. 滑稽的，好笑的；n. 喜剧演员；漫画书,,,
commemorate,kəˈmeməreɪt,v.,v. 纪念，庆祝,,,
commence,kəˈmens,v.,v. 开始，着手,,,
commonplace,ˈkɒmənpleɪs,adj.,adj. 普通的，平凡的；常见的，司空见惯的；n. 老生常谈，陈词滥调,,,
commonwealth,ˈkɒmənwelθ,n.,n. 联邦，共和国；英联邦；共同利益，公共福利,,,
commute,kəˈmjuːt,v.,"v. (regularly) travel some distance between one's home and place of work；reduce (a judicial sentence, especially a sentence of death) to one less severe；n. a regular journey of some distance to and from one's place of work",,,
diabetes,ˌdaɪəˈbiːtiːz,n.,n. 糖尿病,,,
diagnose,ˈdaɪəɡnəʊz,v.,v. 诊断（疾病）；判断（问题的原因）,,,
diagram,ˈdaɪəɡræm,n.,n. 图表，图解；v. 用图解释，用图表示,,,
dial,daɪəl,n.,n. 表盘；拨号盘；v. 拨（电话号码）；调节,,,
dialect,ˈdaɪəlekt,n.,n. 方言，地方话；语言变体,,,
diameter,daɪˈæmɪtə(r),n.,n. 直径；对径线,,,
dictate,dɪkˈteɪt,v.,v. 口述，(使)记录；命令，指示；支配，决定；口述(信件等)；规定，要求,,,
dictation,dɪkˈteɪʃn,n.,n. 听写；口述；听写测验,,,
diet,ˈdaɪət,n.,n. 饮食；日常饮食；规定饮食；食谱；节食；v. 节食,,,
differentiate,dɪˈfərenʃieɪt,v.,v. 区分，辨别；使不同，使有差别；（数学）求导数,,,
dig,dɪɡ,v.,v. 挖，掘；探索，寻找；n. 挖掘，探索,,,
digest,daɪˈdʒest,v.,v. 消化，吸收（食物）；理解，领会；整理，消化（信息）；n. 文摘，摘要,,,
digital,ˈdɪdʒɪtl,adj.,adj. 数字的，数码的；数字显示的，数字化的；电子的，计算机的；n. 数字，数位,,,
dignity,ˈdɪɡnəti,n.,n. 尊严，庄重；高贵，高尚,,,
envisage,ɪnˈvɪzɪdʒ,v.,v. 想象，设想，展望,,,
envy,ˈenvi,n.,n. 妒忌，羡慕；v. 妒忌，羡慕,,,
equal,ˈiːkwəl,adj.,adj. 相等的，平等的；相当的，胜任的；n. 同等的人（或事物）；v. 等于，与...相等；比得上，相当于,,,
equality,ɪˈkwɒləti,n.,n. 平等，均等；相等，等同,,,
equivalent,ɪˈkwɪvələnt,adj.,adj. 等价的，相等的，相当的；等效的，等同的；n. 等价物，相等物；等值，等量,,,
equation,ɪˈkweɪʒən,n.,n. 等式；方程式；平衡；均衡,,,
equator,ɪˈkweɪtə(r),n.,n. 赤道,,,
float,fləʊt,v.,v. 漂浮，浮动；飘动，飘扬；提出（想法、计划等）；n. 漂浮物，浮子；小额现金，备用金,,,
flock,flɒk,n.,n. (羊、鸟等的)群，畜群；(人的)群，大群；v. 群集，成群结队而行,,,
flood,flʌd,n.,n. 洪水，水灾；大量，泛滥；v. 淹没，浸水；涌入，充满,,,
flow,fləʊ,n.,n. 流动；流量；水流；连贯；流畅；顺畅；v. 流动；涌流；流淌；产生；涌现；源源不断地出现,,,
flu,fluː,n.,n. 流感，流行性感冒,,,
influenza,ˌɪnfluˈenzə,n.,n. 流行性感冒，流感,,,
fluctuate,ˈflʌktʃueɪt,v.,v. 波动，起伏；变动，变化,,,
fluent,ˈfluːənt,adj.,adj. 流利的，流畅的；流动的，流畅的；（风格）优雅的，流畅的,,,
fluid,ˈfluːɪd,adj.,adj. 流动的，流体的；易变的，不固定的；n. 流体，液体；体液,,,
flush,flʌʃ,v.,v. 冲洗，冲走；使脸红，脸红；赶出，惊起（鸟兽）；adj. 齐平的，平齐的；富裕的，充裕的；n. 脸红，潮红；旺盛，兴旺；同花（纸牌）,,,
fly,flaɪ,v.,v. 飞，飞行；驾驶（飞机）；快速移动或经过；飘扬；经营（航线）；逃走；n. 苍蝇；裤子的拉链；adj. 机灵的，聪明的,,,
microphone,ˈmaɪkrəfəʊn,n.,n. 麦克风，扩音器,,,
microscope,ˈmaɪkrəskəʊp,n.,n. 显微镜,,,
midst,mɪdst,n.,n. 中间，中央，当中；prep. 在...中间，在...当中,,,
migrate,maɪˈɡreɪt,v.,v. 迁移，移居；迁徙（指动物）；转移（数据、系统等）,,,
mild,maɪld,adj.,adj. 温和的，和善的；不严重的，轻微的；（天气）温和的，暖和的；（味道、气味）淡的，清淡的,,,
millionaire,ˌmɪljəˈneə(r),n.,n. 百万富翁，拥有百万财富的人,,,
mill,mɪl,n.,n. 磨坊，碾磨机；工厂，制造厂；v. 碾磨，研磨；使...来回移动,,,
nostalgic,nɒˈstældʒɪk,adj.,adj. 怀旧的，思乡的；充满怀旧情绪的,,,
notable,ˈnəʊtəbl,adj.,adj. 值得注意的，显著的；著名的，卓越的；n. 名人，显要人物,,,
nothing,ˈnʌθɪŋ,n.,n. 没有东西，无；微不足道的事物；pron. 什么也不，没有任何东西；adv. 毫不，一点也不,,,
notice,ˈnəʊtɪs,n.,n. 通知，布告；注意，关注；预告，通知；v. 注意到，察觉；留意，注意到；提及，评论,,,
notify,ˈnəʊtɪfaɪ,v.,v. 通知，告知；正式通知，通报,,,
notorious,nəʊˈtɔːriəs,adj.,adj. 臭名昭著的，声名狼藉的,,,
notwithstanding,ˌnɒtwɪθˈstændɪŋ,prep.,prep. 尽管，虽然；conj. 尽管，虽然；adv. 尽管如此，还是,,,
ornament,ˈɔːnəmənt,n.,n. 装饰品，饰物；装饰，点缀；v. 装饰，点缀,,,
orthodox,ˈɔːθədɒks,adj.,adj. 正统的，传统的；东正教的；n. 正统派，东正教徒,,,
pot,pɒt,n.,n. 锅；壶；罐；v. 把...栽入盆中；将...放入罐中,,,
pound,paʊnd,n.,n. 英镑；磅（重量单位）；狗舍；动物收容所；v. 连续重击，猛击；剧烈跳动,,,
powder,ˈpaʊdə(r),n.,n. 粉末，粉；火药，炸药；v. 撒粉于，擦粉于,,,
represent,ˌreprɪˈzent,v.,v. 代表，表示；象征，体现；描绘，表现；担任...的代表；陈述，表达,,,
representative,ˌreprɪˈzentətɪv,adj.,adj. 典型的，有代表性的；代表的，代理的；n. 代表，代理人；议员，代表,,,
repression,rɪˈpreʃn,n.,n. 压制，镇压；抑制，克制；（心理学）压抑,,,
reproach,rɪˈprəʊtʃ,v.,v. 责备，指责；n. 责备，指责；耻辱，丢脸,,,
reproduce,ˌriːprəˈdjuːs,v.,v. 复制，再现；繁殖，生育；重现，再现,,,
republic,rɪˈpʌblɪk,n.,n. 共和国，共和政体,,,
republican,rɪˈpʌblɪkən,adj.,adj. 共和党的；共和政体的；n. 共和党人；共和政体支持者,,,
sore,sɔː(r),adj.,adj. 疼痛的，酸痛的；恼火的，生气的；n. 痛处，疮,,,
sorrow,ˈsɒrəʊ,n.,n. 悲伤，悲痛；伤心事，不幸；v. 感到悲伤，悲痛,,,
so-called,ˌsəʊ ˈkɔːld,adj.,adj. 所谓的，号称的；所谓的，号称的（表示怀疑或不以为然）,,,
spark,spɑːk,n.,n. 火花，火星；火花，灵感；一丝，少许；v. 引起，激发；冒火花，发出火花,,,
sparkle,ˈspɑːkl,v.,v. 闪耀，闪烁；活跃，生气勃勃；n. 闪光，闪烁；活力，生气,,,
space,speɪs,n.,n. 空间，空处；太空，宇宙；场地，地方；间隔，距离；版面，空白处；v. 隔开，留间隔,,,
spacecraft,ˈspeɪskrɑːft,n.,n. 航天器，宇宙飞船,,,
spaceship,ˈspeɪsʃɪp,n.,n. 宇宙飞船，太空船,,,
spacious,ˈspeɪʃəs,adj.,adj. 宽敞的，广阔的,,,
bloom,bluːm,n.,n. 花；开花；繁荣时期；光彩；红光（尤指健康的）；v. 开花；繁荣；发展,,,
blossom,ˈblɒsəm,n.,n. 花，花朵；v. 开花；繁荣，兴旺；发展，成长,,,
blow,bləʊ,v.,v. 吹，刮（风）；吹奏（乐器）；爆炸，炸开；浪费（机会、金钱等）；泄露（秘密）；n. 打击，挫折；强风，一阵风,,,
blueprint,ˈbluːprɪnt,n.,n. 蓝图，设计图；计划，方案；v. 制定计划，制定方案,,,
blunder,ˈblʌndə(r),n.,n. 愚蠢的错误，大错；v. 犯愚蠢的错误，笨拙地做；蹒跚而行，横冲直撞,,,
blunt,blʌnt,adj.,adj. 钝的，不锋利的；直率的，坦率的，直言不讳的；迟钝的，麻木的；v. 使变钝，减弱,,,
blur,blɜː(r),n.,n. 模糊的东西；朦胧的景象；v. 使模糊；使变糊；使朦胧；使难以区分,,,
blush,blʌʃ,v.,v. 脸红，脸上泛红；n. 脸红，羞红；红晕；adj. 淡粉红色的,,,
praise,preɪz,n.,n. 赞扬，称赞；v. 赞扬，称赞,,,
pray,preɪ,v.,v. 祈祷，祈求；恳求，请求；希望，盼望,,,
prayer,preə(r),n.,n. 祈祷，祷告；祈祷者，祷告者；祈祷文，祷告词,,,
resemblance,rɪˈzembləns,n.,n. 相似，相像,,,
resemble,rɪˈzembl,v.,v. 像，类似于,,,
reservoir,ˈrezəvwɑː(r),n.,n. 水库，蓄水池；储藏室，储存器；储备，储藏,,,
residence,ˈrezɪdəns,n.,n. 住所，住宅；居住，定居；住宅区；官邸,,,
resident,ˈrezɪdənt,n.,n. 居民，住户；住院医生；adj. 居住的，常驻的,,,
resign,rɪˈzaɪn,v.,v. 辞职，辞去；放弃，顺从,,,
resolute,ˈrezəluːt,adj.,adj. 坚定的，果断的；意志坚强的,,,
resolution,ˌrezəˈluːʃn,n.,n. 决心，决定；解决，解决方案；分辨率，清晰度；决议，正式决定,,,
resolve,rɪˈzɒlv,v.,v. 决定，下决心；解决，消除（问题、困难等）；分解，使分解；（会议等）决议，表决；n. 决心，决定；决议，决定,,,
specimen,ˈspesɪmən,n.,n. 样本，标本；典型，范例,,,
spectacle,ˈspektəkl,n.,n. 景象，场面；奇观，壮观；眼镜,,,
spectator,spekˈteɪtə(r),n.,n. 观众，旁观者,,,
spectrum,ˈspektrəm,n.,n. 光谱；范围，幅度；频谱；光谱；范围，幅度；系列，连续体,,,
sphere,sfɪə(r),n.,n. 球体；球形；范围；领域；界；v. 使成球形；包围,,,
spicy,ˈspaɪsi,adj.,adj. 辛辣的，味道刺激的；刺激的，有趣的，引人兴奋的,,,
spill,spɪl,v.,v. 溢出，洒出；泄露（秘密）；跌落，摔下；n. 溢出物，洒出的液体,,,
spin,spɪn,v.,v. 旋转，转动；纺纱；快速行驶；编造，捏造；n. 旋转，旋转运动；观点，角度,,,
spine,spaɪn,n.,n. 脊柱，脊椎；书脊；刺，刺毛；勇气，胆量；主干，中心,,,
spiral,ˈspaɪrəl,n.,n. 螺旋，螺旋形；螺旋上升，螺旋下降；持续恶化；adj. 螺旋形的；v. 螺旋上升；盘旋上升；不断恶化,,,
spirit,ˈspɪrɪt,n.,n. 精神，心灵；情绪，心情；勇气，意志；精髓，要旨；烈酒；幽灵，鬼魂；气质，风格；活力，朝气；v. 迅速带走，悄悄带走,,,
spiritual,ˈspɪrɪtʃuəl,adj.,adj. 精神的，心灵的；宗教的，信仰的；超凡脱俗的，高尚的；n. 圣歌，灵歌,,,
spit,spɪt,v.,v. 吐（唾液）；啐，吐痰；喷出；迸出；n. 唾液；痰；烤肉叉；烤肉扦,,,
spite,spaɪt,n.,n. 恶意，怨恨；prep. 不管，尽管,,,
splash,splæʃ,n.,n. 溅落声，飞溅的水；少量；引人注目的事物；v. 溅，泼；使…引人注目地登场,,,
splendid,ˈsplendɪd,adj.,adj. 华丽的，豪华的；极好的，出色的；辉煌的，壮丽的；极其优秀的,,,
split,splɪt,v.,v. 分裂，分开，裂开；分担，分摊；分解，分离；n. 裂缝，裂口；分裂，分歧；adj. 分裂的，分开的,,,
spontaneous,spɒnˈteɪniəs,adj.,adj. 自发的，自然的，非计划的；自发的，自然的，非计划的；自然流露的，真诚的,,,
spot,spɒt,n.,n. 斑点，污点；地点，场所；困境，窘境；v. 看见，认出；发现，注意到,,,
spouse,spaʊs,n.,n. 配偶，夫或妻,,,
time,taɪm,n.,n. 时间；时刻；次数；时期；倍数；时代；节拍；速度；v. 测定...的时间；为...安排时间；选择...的时机；adj. 计时的；定时的,,,
timely,ˈtaɪmli,adj.,adj. 及时的，适时的；恰到好处的，合时宜的,,,
timid,ˈtɪmɪd,adj.,adj. 胆小的，怯懦的；缺乏自信的，羞怯的,,,
tin,tɪn,n.,n. 锡；罐头，听头；adj. 锡制的；马口铁制的；v. 镀锡；把...装罐,,,
tiny,ˈtaɪni,adj.,adj. 极小的，微小的；微不足道的，极少的,,,
tower,ˈtaʊə(r),n.,n. 塔，高塔；堡垒，城堡；高耸的建筑物；v. 高耸，耸立,,,
toxic,ˈtɒksɪk,adj.,adj. 有毒的，中毒的；有害的，有毒害的（尤指对健康或环境）；有害的，有毒害的（比喻用法，指人际关系或环境）,,,
wicked,ˈwɪkɪd,adj.,adj. 邪恶的，坏的；顽皮的，淘气的；极好的，棒极了的（俚语）；adv. 非常，极其（俚语）,,,
width,wɪdθ,n.,n. 宽度，宽,,,
wild,waɪld,adj.,adj. 野生的，未驯服的；狂野的，荒蛮的；狂热的，热情的；疯狂的，失控的；荒芜的，荒凉的；狂暴的，狂怒的；n. 荒野，荒地；adv. 狂暴地，疯狂地,,,
wind,wɪnd,n.,n. 风；气息，呼吸；v. 缠绕，卷绕；使喘不过气来；蜿蜒，弯曲；上发条,,,
wink,wɪŋk,v.,v. 眨眼，使眼色；n. 眨眼，使眼色,,,
arm,ɑːm,n.,n. 手臂，胳膊；武器，军火；扶手，臂状物；部门，分支；v. 武装，配备,,,
army,ˈɑːmi,n.,n. 军队，陆军；大群，大量；军种,,,
congratulate,kənˈɡrætʃuleɪt,v.,v. 祝贺，向...道喜,,,
congratulation,kənˌɡrætʃuˈleɪʃn,n.,n. 祝贺，恭喜,,,
conjunction,kənˈdʒʌŋkʃən,n.,n. 连词；结合，连接；（事件等的）同时发生；（行星等的）合,,,
conquer,ˈkɒŋkə(r),v.,v. 征服，占领；克服，战胜；征服，战胜（困难、恐惧等）,,,
conquest,ˈkɒŋkwest,n.,n. 征服，占领；战利品，掠夺物；（爱情中的）俘虏,,,
disaster,dɪˈzɑːstə(r),n.,n. 灾难，灾害；彻底的失败，惨败,,,
disastrous,dɪˈzɑːstrəs,adj.,adj. 灾难性的，造成严重破坏的；极糟糕的，非常糟糕的,,,
discard,dɪsˈkɑːd,v.,v. 丢弃，抛弃；放弃，摒弃（想法、信念等）；n. 被丢弃的东西，废弃物,,,
discern,dɪˈsɜːn,v.,v. 识别，辨别；察觉，发现；洞察，领悟,,,
discharge,dɪsˈtʃɑːdʒ,v.,v. 释放，排放；解雇，开除；履行，完成（职责等）；放电；出院；n. 释放，排放；解雇；履行，完成；分泌物；放电,,,
era,ˈɪərə,n.,n. 时代，年代，纪元,,,
eradicate,ɪˈrædɪkeɪt,v.,v. 根除，消灭，彻底清除,,,
erase,ɪˈreɪz,v.,v. 擦掉，抹去；消除，清除,,,
erect,ɪˈrekt,adj.,adj. 直立的，垂直的；挺直的；v. 建造，竖立；创建，建立；使竖立，使直立,,,
erode,ɪˈrəʊd,v.,v. 侵蚀，腐蚀（指自然力量如水、风等造成的）；逐渐削弱，损害（指抽象概念如信心、权力等）,,,
erosion,ɪˈrəʊʒn,n.,n. 侵蚀，腐蚀；磨损，削弱,,,
erroneous,ɪˈrəʊniəs,adj.,adj. 错误的，不正确的,,,
error,ˈerə(r),n.,n. 错误，过失；误差，偏差,,,
erupt,ɪˈrʌpt,v.,v. (火山)爆发，喷发；突然发生，爆发(尤指情感、噪音等)；(皮肤)长疹子，出疹,,,
escalate,ˈeskəleɪt,v.,v. 使逐步升级，使逐步恶化；迅速增加，快速上升,,,
escort,ɪˈskɔːt,n.,n. 护送者，陪同者；护卫队，护航舰队；v. 护送，陪同,,,
foam,fəʊm,n.,n. 泡沫；泡沫状物质；泡沫塑料，泡沫橡胶；v. 起泡沫，冒泡；泛起泡沫；愤怒地说,,,
focus,ˈfəʊkəs,n.,n. 焦点，中心点；关注点，集中点；重点，核心；v. 集中，聚焦；关注，专注于,,,
fog,fɒɡ,n.,n. 雾；困惑，迷惘；v. 使模糊，使困惑,,,
nourish,ˈnʌrɪʃ,v.,v. 提供养分，滋养；培养，促进,,,
novel,ˈnɒvl,n.,n. 小说；adj. 新颖的，新奇的；独特的，与众不同的,,,
novelty,ˈnɒvəlti,n.,n. 新奇的事物；新颖性；新奇感,,,
nowadays,ˈnaʊədeɪz,adv.,adv. 现今，如今,,,
nowhere,ˈnəʊweə(r),adv.,adv. 无处，任何地方都不；毫无进展，毫无结果；n. 无人居住或不重要的地方,,,
tie,taɪ,n.,n. 领带；平局，同分；联系，关系；纽带，联系；领结；横梁；v. 系，绑；打成平局；使相等，使成平局；限制，约束,,,
tide,taɪd,n.,"n. 潮, 潮汐；潮流, 趋势；v. 渡过难关；克服困难",,,
tidy,ˈtaɪdi,adj.,adj. 整洁的，整齐的；相当大的，可观的（金额）；v. 整理，收拾；n. 整洁，整齐,,,
tight,taɪt,adj.,adj. 紧的，牢固的；紧身的，贴身的；紧张的，绷紧的；（钱）紧缺的，不宽裕的；密集的，紧凑的；严格的，严密的；adv. 紧紧地，牢固地,,,
tilt,tɪlt,v.,v. 倾斜，倾侧；使倾斜，使倾侧；n. 倾斜，倾侧；斜度；倾向，偏向,,,
weekday,ˈwiːkdeɪ,n.,n. 工作日，平日（周一至周五）,,,
weekly,ˈwiːkli,adj.,adj. 每周的，每星期的；adv. 每周一次，每星期；n. 周刊，周报,,,
weed,wiːd,n.,n. 杂草，野草；大麻（俚语）；v. 除草,,,
weep,wiːp,v.,v. 哭泣，流泪；悲叹，为...而哭泣；n. 哭泣，悲叹,,,
well-known,ˌwel ˈnəʊn,adj.,adj. 众所周知的；著名的；闻名的,,,
wet,wet,adj.,adj. 潮湿的，湿的；下雨的；v. 使湿，弄湿；n. 湿气，潮湿,,,
ancestor,ˈænsestə(r),n.,n. 祖先，先祖；原型，祖型,,,
ancient,ˈeɪnʃənt,adj.,adj. 古代的，古老的；年代久远的，古老的；古老而有价值的；n. 古人，老人,,,
and,ænd,conj.,conj. 和，与；而且，并且；那么，就,,,
anecdote,ˈænɪkdəʊt,n.,n. 轶事，趣闻，短故事,,,
angel,ˈeɪndʒəl,n.,n. 天使；善良的人；投资人；赞助人,,,
angle,ˈæŋɡl,n.,n. 角度；角；观点；角度；意图；目的；v. 斜移；斜置,,,
anger,ˈæŋɡə(r),n.,n. 愤怒，恼怒；v. 使发怒，激怒,,,
angry,ˈæŋɡri,adj.,adj. 生气的，愤怒的；（天气、海洋等）狂暴的，汹涌的,,,
ankle,ˈæŋkl,n.,n. 踝，踝关节,,,
anniversary,ænɪˈvɜːsəri,n.,n. 周年纪念日，周年；纪念日,,,
announce,əˈnaʊns,v.,v. 宣布，公布；通告，预告；宣称，声明,,,
antenna,ænˈtenə,n.,n. (昆虫的)触角；(收音机、电视等的)天线；(比喻)敏感；感应力,,,
antique,ænˈtiːk,n.,n. 古董，古玩；adj. 古老的，古董的；过时的，陈旧的,,,
bet,bet,v.,v. 打赌，赌注；敢说，确信；n. 赌注，打赌,,,
betray,bɪˈtreɪ,v.,v. 背叛，出卖；泄露，暴露；辜负，辉负；表露，显露,,,
better,ˈbetə(r),adj.,adj. 更好的，较好的；adv. 更好地，较好地；v. 改善，使...变好；n. 更好的人（或事物）,,,
between,bɪˈtwiːn,prep.,prep. 在...之间；在...中间；由...共同；通过...合作；adv. 在中间；在其间,,,
beware,bɪˈweə(r),v.,v. 当心，小心；提防，警惕,,,
bewilder,bɪˈwɪldə(r),v.,v. 使困惑，使迷惑,,,
beyond,bɪˈjɒnd,prep.,prep. 在...的那边；超出；超过；adv. 在更远处；更往前；n. 远处；来世,,,
cloth,klɒθ,n.,n. 布料，织物；桌布，台布；（特定用途的）抹布，清洁布,,,
clothe,kləʊð,v.,v. 给...穿衣服，给...提供衣服,,,
clothes,kləʊðz,n.,n. 衣服，服装,,,
clothing,ˈkləʊðɪŋ,n.,n. 衣服，服装,,,
cloud,klaʊd,n.,n. 云，云朵；一大群，一大片；阴影，阴霾；忧虑；v. 使模糊不清；使忧虑；布满云；涌现,,,
cloudy,ˈklaʊdi,adj.,adj. 多云的，阴天的；不清晰的，模糊的；忧郁的，愁闷的,,,
clue,kluː,n.,n. 线索，提示；v. 给...线索，为...提供情报,,,
clumsy,ˈklʌmzi,adj.,adj. 笨拙的，不灵巧的；粗笨的，笨重的；不得体的，不适当的,,,
cluster,ˈklʌstə(r),n.,n. 群，簇，团；（星星等的）星团，星群；v. 聚集，群集；成群生长,,,
clutch,klʌtʃ,n.,n. 离合器；控制；紧握；一群（尤指孵出的小鸡）；（重要时刻的）一系列；v. 紧抓；紧握；抓紧（机会等）；adj. 关键的；紧要关头的,,,
desolate,ˈdesələt,adj.,adj. 荒凉的，荒芜的；孤独的，凄凉的；v. 使荒凉，使孤寂,,,
despair,dɪˈspeə(r),n.,n. 绝望，失望；v. 绝望，丧失希望,,,
desperate,ˈdesp(ə)rət,adj.,adj. 绝望的，走投无路的；不顾一切的，拼命的；极度渴望的，急切需要的；情况危急的，严重的,,,
destination,ˌdestɪˈneɪʃn,n.,n. 目的地；终点,,,
destiny,ˈdestəni,n.,n. 命运，宿命；天命，预定的未来,,,
destruction,dɪˈstrʌkʃn,n.,n. 毁坏，破坏；毁灭，消灭；摧毁，破坏（抽象概念）,,,
destructive,dɪˈstrʌktɪv,adj.,adj. 破坏性的，毁灭性的；有害的，造成损害的,,,
engine,ˈendʒɪn,n.,n. 发动机，引擎；机车，火车头；工具，手段；搜索引擎,,,
engineer,ˌendʒɪˈnɪə(r),n.,n. 工程师；技师；工程兵；技工；v. 设计；策划；精心安排,,,
engineering,ˌendʒɪˈnɪərɪŋ,n.,n. 工程学，工程；工程技术，工程设计；工程工作，工程职业,,,
enormous,ɪˈnɔːməs,adj.,adj. 巨大的，庞大的；极大的，极多的；惊人的，非常的,,,
enquire,ɪnˈkwaɪə(r),v.,v. 询问，打听；调查，查究,,,
inquire,ɪnˈkwaɪə(r),v.,v. 询问，打听；调查，查究,,,
enrich,ɪnˈrɪtʃ,v.,v. 使充实，使丰富；使富裕，使肥沃,,,
enrol,ɪnˈrəʊl,v.,v. 登记，注册，入学,,,
enroll,ɪnˈrəʊl,v.,v. 登记，注册，入学；招收，吸收（成员）,,,
final,ˈfaɪnl,adj.,adj. 最后的，最终的；决定性的，最终的；n. 决赛；期末考试,,,
finally,ˈfaɪnəli,adv.,adv. 最后，终于；总之，总而言之,,,
fine,faɪn,adj.,adj. 好的，优秀的；可以的，不错的；健康的，安好的；精细的，微妙的；纤细的，薄的；晴朗的，无云的；令人满意的，美好的；adv. 很好地，出色地；n. 罚款，罚金；v. 处以罚款,,,
finish,ˈfɪnɪʃ,v.,v. 完成，结束；用完，耗尽；使完美，使完善；n. 结束，完成；表面处理，外表；最后阶段，终点,,,
fire,ˈfaɪə(r),n.,n. 火，火焰；火灾，火disaster；热情，激情；炉火，壁炉；射击，开火；解雇；v. 点火，燃烧；射击，开火；解雇；激励，鼓舞,,,
fireman,ˈfaɪəmən,n.,n. 消防员,,,
fireplace,ˈfaɪəpleɪs,n.,n. 壁炉,,,
fiscal,ˈfɪskl,adj.,adj. 财政的，国库的；会计的，财务的,,,
fish,fɪʃ,n.,n. 鱼；鱼肉；v. 钓鱼；捕鱼；搜寻；探索,,,
fisherman,ˈfɪʃəmən,n.,n. 渔民，捕鱼人,,,
inner,ˈɪnə(r),adj.,adj. 内部的，里面的；内心的，精神的；核心的，中心的；n. 内部，里面,,,
innumerable,ɪˈnjuːmərəbl,adj.,adj. 无数的，数不清的,,,
input,ˈɪnpʊt,n.,n. 输入；投入；意见；建议；v. 输入（数据）,,,
inquiry,ɪnˈkwaɪəri,n.,n. 询问，打听；调查，研究,,,
enquiry,ɪnˈkwaɪəri,n.,n. 询问；调查；查询,,,
lecture,ˈlektʃər,n.,n. 演讲，讲座；训斥，教训；v. 发表演讲，讲课；训斥，告诫,,,
legacy,ˈleɡəsi,n.,n. 遗产，遗赠；遗留物，后果；传统，遗风；adj. 遗留下来的，传统的,,,
legend,ˈledʒənd,n.,n. 传说，传奇故事；图例，地图说明；传奇人物，杰出人物,,,
lend,lend,v.,v. 借出，借给；给予，提供（帮助、支持等）；增添，使具有（某种特性）,,,
lens,lenz,n.,n. 透镜，镜片；镜头；视角，观点,,,
lest,lest,conj.,conj. 以免，免得；生怕，唯恐,,,
poke,pəʊk,v.,v. 戳，捅；伸出，突出；刺探，窥探；煽动，激起；n. 戳，捅,,,
polar,ˈpəʊlə(r),adj.,adj. 极地的，北极的或南极的；对立的，相反的；极性的，有极的,,,
pole,pəʊl,n.,n. 杆，柱；地极，磁极；两极，对立的观点或立场,,,
pollute,pəˈluːt,v.,v. 污染，弄脏；玷污，败坏,,,
pollution,pəˈluːʃn,n.,n. 污染，污染物；污染行为，污染状态,,,
pool,puːl,n.,n. 游泳池；水塘；水池；台球；桌球；共用的资金或资源；人才库；v. 集中（资金、资源等）；联营,,,
remark,rɪˈmɑːk,n.,n. 评论，言论；注意，关注；v. 评论，谈论；注意到，察觉,,,
remarkable,rɪˈmɑːkəbl,adj.,adj. 非凡的；卓越的；值得注意的；引人注目的,,,
greedy,ˈɡriːdi,adj.,adj. 贪婪的，贪心的；渴望的，渴求的,,,
green,griːn,adj.,adj. 绿色的；未成熟的，青涩的；环保的，生态的；n. 绿色；绿地，草地；v. 使变绿，使更环保,,,
greenhouse,ˈɡriːnhaʊs,n.,n. 温室，暖房；adj. 温室的；温室效应的,,,
greet,ɡriːt,v.,v. 问候，致意；迎接，欢迎,,,
greeting,ˈɡriːtɪŋ,n.,n. 问候，招呼；问候语；v. 问候，向...打招呼,,,
snap,snæp,v.,v. 突然折断，啪地断开；厉声说，怒斥；猛地关上，啪地合上；突然明白；n. 啪嗒声，断裂声；快照，轻松的事；adj. 仓促的，突然的,,,
snatch,snætʃ,v.,v. 抢夺，夺取；匆忙地做；n. 抢夺；片断；举重中的抓举动作,,,
sneak,sniːk,v.,v. 偷偷地走，悄悄地移动；偷偷地做（某事）；偷偷地拿或带；n. 鬼鬼祟祟的人；偷偷摸摸的行为；adj. 鬼鬼祟祟的；偷偷摸摸的,,,
sneeze,sniːz,n.,n. 喷嚏；v. 打喷嚏,,,
sniff,snɪf,v.,"v. 闻,嗅；发出吸鼻子的声音；嗤之以鼻,不屑一顾；n. 闻,嗅；吸鼻子的声音",,,
snobbish,ˈsnɒbɪʃ,adj.,adj. 自命不凡的，势利的,,,
detective,dɪˈtektɪv,n.,n. 侦探，警探；adj. 侦探的，探员的,,,
detector,dɪˈtektə(r),n.,n. 探测器，检测器,,,
deviate,ˈdiːvieɪt,v.,v. 偏离，背离；脱离正轨，违背,,,
devil,ˈdevl,n.,n. 魔鬼，恶魔；恶棍，恶人；困难，麻烦；v. 折磨，烦扰,,,
devote,dɪˈvəʊt,v.,v. 致力于，献身于；把...用于,,,
fix,fɪks,v.,v. 修理，修复；固定，安装；确定，安排；准备（食物）；操纵，控制；使集中于；n. 困境，窘境；定量，固定量,,,
fixture,ˈfɪkstʃə(r),n.,n. 固定装置，固定物；固定比赛，固定活动；常设物，长期存在的事物,,,
flame,fleɪm,n.,n. 火焰，火舌；热情，激情；v. 燃烧，冒火焰,,,
flap,flæp,n.,n. 拍打；拍打声；垂悬物；帘；激动；混乱；口舌；争论；v. 拍打；摆动；激动；慌张,,,
flare,fleə(r),n.,n. 闪光，火光；喇叭裤；突发；爆发；v. 闪耀，燃烧；突然发怒，突然爆发,,,
flash,flæʃ,n.,n. 闪光；闪现；一瞬间；v. 闪烁；闪现；飞快地移动；adj. 闪光的；华而不实的；浮夸的；adv. 突然；一下子,,,
flat,flæt,adj.,adj. 平的，扁平的；单调的，乏味的；(轮胎)瘪的；(电池)没电的；(价格、比率等)固定的，统一的；(音乐)降半音的；n. 公寓，单元房；adv. 平直地；断然地；完全地,,,
flatter,ˈflætə(r),v.,v. 奉承，讨好；使显得更漂亮，使显得更好,,,
flavour,ˈfleɪvə(r),n.,n. 味道，滋味；特色，风味；v. 给...调味，给...增添风味,,,
flavor,ˈfleɪvə(r),n.,n. 味道，滋味；特色，特点；v. 给...调味，给...增添风味,,,
flee,fliː,v.,v. 逃跑，逃离,,,
flesh,fleʃ,n.,n. 肉，肉体；果肉，软组织；v. 充实，使丰满,,,
flight,flaɪt,n.,n. 飞行；航班；航程；逃跑，逃避；一群（飞行的鸟、昆虫等）；一批，一组；楼梯的一段；想象力的飞跃,,,
any,ˈeni,det.,det. 任何的，任一的；pron. 任何人，任何东西；adv. 丝毫，一点儿,,,
anybody,ˈenibɒdi,pron.,pron. 任何人，谁都；任何人（在否定句和疑问句中）,,,
anyhow,ˈenihau,adv.,adv. 无论如何，不管怎样；随随便便地，马马虎虎地；以任何方式,,,
anything,ˈeniθɪŋ,pron.,pron. 任何事物；无论什么东西；adv. 在任何程度上；无论如何；n. 任何事物；一切事物,,,
anyway,ˈeniweɪ,adv.,adv. 无论如何，不管怎样；此外，另外；总之,,,
anywhere,ˈeniweə(r),adv.,adv. 在任何地方，到任何地方；在任何程度上，无论如何；pron. 任何地方,,,
asset,ˈæset,n.,n. 资产，财产；有价值的人或物；有用的品质或技能,,,
assign,əˈsaɪn,v.,v. 分配，指派；指定，选派；分配（时间、金钱等）；转让（财产、权利等）；确定，断定,,,
assignment,əˈsaɪnmənt,n.,n. 任务，作业；分配，委派；转让，让渡,,,
bibliography,ˌbɪbliˈɒɡrəfi,n.,n. 参考书目，文献目录；某一学科的文献集；书目学，文献学,,,
bin,bɪn,n.,n. 箱子，容器；垃圾箱；v. 把…放入箱内；丢弃，扔掉,,,
bind,baɪnd,v.,v. 捆绑，绑扎；约束，限制；使结合，使黏合；使有约束力，使承担义务；n. 窘境，困境,,,
biography,baɪˈɒɡrəfi,n.,n. 传记；传记作品；个人生平,,,
biology,baɪˈɒlədʒi,n.,n. 生物学；生物学特性，生物过程,,,
bit,bɪt,n.,n. 一点，一些；一小块，小片；少量；一会儿，片刻；（计算机）位，比特；钻头，钻具；v. 给（马）上嚼子；adv. 有点，稍微,,,
bite,baɪt,v.,v. 咬，叮；刺痛，蜇；上钩，咬饵；n. 咬，叮；一口；刺痛感；少量食物,,,
bitter,ˈbɪtə(r),adj.,adj. 苦的，味苦的；痛苦的，难受的；愤怒的，怨恨的；激烈的，剧烈的；寒冷刺骨的；n. 苦味，苦味剂；v. 使变苦,,,
bizarre,bɪˈzɑː(r),adj.,adj. 奇异的，奇怪的，古怪的,,,
coherent,kəʊˈhɪərənt,adj.,adj. 连贯的，有条理的；一致的，协调的；有逻辑的，清晰的,,,
cohesive,kəʊˈhiːsɪv,adj.,adj. 紧密结合的；有凝聚力的；团结一致的,,,
coin,kɔɪn,n.,n. 硬币；钱币，货币；v. 创造（新词语）；铸造（硬币）,,,
coke,kəʊk,n.,n. 可乐（碳酸饮料的一种）；焦炭；可卡因（一种毒品）,,,
collaborate,kəˈlæbəreɪt,v.,v. 合作，协作；勾结，通敌,,,
collar,ˈkɒlə(r),n.,n. 衣领，领子；颈圈，项圈；v. 抓住，逮住,,,
colonel,ˈkɜːnl,n.,n. 上校（军衔）,,,
colonial,kəˈləʊniəl,adj.,adj. 殖民地的，殖民地时期的；具有殖民地特征的,,,
colony,ˈkɒləni,n.,n. 殖民地；（动植物的）群体，集群；殖民地居民；（某一国家或职业的人聚居的）区域，聚居地,,,
combination,ˌkɒmbɪˈneɪʃn,n.,n. 结合，组合；联合，结合体；密码锁,,,
enthusiasm,ɪnˈθjuːziæzəm,n.,n. 热情，热忱；兴趣，热衷,,,
enthusiastic,ɪnˌθjuːziˈæstɪk,adj.,adj. 热情的，热心的；充满热情的，热切的,,,
entire,ɪnˈtaɪə(r),adj.,adj. 全部的，整个的；完整的，未受损害的,,,
entitle,ɪnˈtaɪtl,v.,v. 赋予...权利；给...题名；使...有资格；使...有权利,,,
entity,ˈentəti,n.,n. 实体，独立存在物；组织，机构,,,
entrepreneur,ˌɒntrəprəˈnɜː(r),n.,n. 企业家，创业者,,,
entrance,ˈentrəns,n.,n. 入口，门口；进入，入场；入学，录取；入场权，进入的机会；开始，着手；v. 使入迷，使狂喜,,,
entry,ˈentri,n.,n. 进入；入口；参加；参赛；条目；记录；登记；进入权；进入许可,,,
whale,weɪl,n.,n. 鲸，鲸鱼；v. 捕鲸,,,
whatever,wɒtˈevə(r),det.,det. 无论什么，不管什么；pron. 无论什么，不管什么；adj. 无论什么的，不管什么的；adv. 无论如何，不管怎样,,,
whenever,wenˈevə(r),conj.,conj. 无论何时，随时；每当，每次,,,
whereas,weərˈæz,conj.,conj. 然而，但是；鉴于，考虑到,,,
whereby,weəˈbaɪ,adv.,adv. 凭此，借以，由此；conj. 凭借这个，借以,,,
wherever,weərˈevə(r),conj.,conj. 无论在哪里，不管在哪里；adv. 无论在哪里，到处,,,
whichever,wɪtʃˈevə(r),det.,det. 无论哪个，不管哪个；pron. 无论哪个，不管哪个,,,
while,waɪl,conj.,conj. 当...的时候，和...同时；尽管，虽然；n. 一段时间；v. 消磨，打发（时间）,,,
whip,wɪp,n.,n. 鞭子；抽打；车夫；v. 鞭打；抽打；猛烈摆动；搅打(奶油等)；迅速移动；击败,,,
whistle,ˈwɪsl,n.,n. 哨子；口哨声；汽笛声；v. 吹口哨；鸣笛；呼啸而过,,,
whoever,huːˈevə(r),pron.,pron. 无论谁，不管谁；任何人,,,
beast,biːst,n.,n. 野兽，兽；凶残的人，残忍的人；令人不快的事物，讨厌的东西,,,
beat,biːt,v.,v. 打击，敲打；击败，战胜；超过，胜过；搅拌；n. 节拍，节奏；adj. 筋疲力尽的，疲惫不堪的,,,
before,bɪˈfɔː(r),prep.,prep. 在...之前（表示时间）；在...前面（表示位置）；adv. 以前，从前；conj. 在...之前；adj. 以前的，先前的,,,
blind,blaɪnd,adj.,adj. 失明的，看不见的；盲目的，不分青红皂白的；视而不见的，未察觉的；无窗的，不透光的；n. 百叶窗，遮光板；v. 使失明，使看不见；蒙蔽，遮掩,,,
block,blɒk,n.,n. 块；街区；障碍物；一大块；一群；一批；障碍；阻碍；v. 阻塞；堵塞；阻挠；妨碍,,,
blood,blʌd,n.,n. 血，血液；血统，家族；性情，气质；血气方刚，热血；v. 使流血，让...出血,,,
bloody,ˈblʌdi,adj.,adj. 流血的，沾有血的；血腥的，残忍的；该死的，讨厌的（英式俚语）；adv. 非常，极其（英式俚语）,,,
tomb,tuːm,n.,n. 墓，坟墓,,,
tongue,tʌŋ,n.,n. 舌头；语言；说话方式；舌状物；口音；方言；v. 舔；用舌头触碰,,,
tool,tuːl,n.,n. 工具，器具；手段，方法；v. 驾驶，开车,,,
top,tɒp,n.,n. 顶部，顶端；上面，表面；最高位置，最高点；最高级别，顶峰；上衣，上装；adj. 最高的，顶级的；最重要的，最优秀的；v. 高于，超过；位居...之首，领先,,,
torch,tɔːtʃ,n.,n. 火把，火炬；手电筒；v. 纵火烧毁,,,
torment,ˈtɔːment,n.,n. 折磨，痛苦；v. 折磨，使痛苦；烦扰，纠缠,,,
torture,ˈtɔːtʃə(r),n.,n. 折磨，痛苦；酷刑，拷问；v. 折磨，使痛苦；拷问，严刑逼供,,,
torrent,ˈtɒrənt,n.,n. 急流，湍流；大量，洪流,,,
whole,həʊl,adj.,adj. 整个的，全部的；完整的，未经分割的；健全的，完好的；n. 整体，全部；adv. 整个地，完全地,,,
wholly,ˈhəʊlli,adv.,adv. 完全地，全部地，整个地,,,
wholesome,ˈhəʊlsəm,adj.,adj. 有益健康的，有益的；健康的，有道德的，品行端正的,,,
appal,əˈpɔːl,v.,v. 使惊骇，使震惊,,,
appall,əˈpɔːl,v.,v. 使惊骇，使震惊,,,
apparatus,ˌæpəˈreɪtəs,n.,n. 装置，设备，仪器；机构，组织,,,
appendix,əˈpendɪks,n.,n. 附录，附件；阑尾；附属物，附加物,,,
appetite,ˈæpɪtaɪt,n.,n. 食欲；胃口；欲望；爱好；兴趣,,,
applaud,əˈplɔːd,v.,v. 鼓掌，拍手喝彩；赞同，称赞,,,
applause,əˈplɔːz,n.,n. 鼓掌，掌声；赞许，喝彩,,,
appraisal,əˈpreɪzl,n.,n. 评价，评估；估价，鉴定；评估报告,,,
approximate,əˈprɒksɪmət,adj.,adj. 大约的，近似的；v. 接近，近似；估计，估算,,,
arbitrary,ˈɑːbɪtrəri,adj.,adj. 任意的，随机的；专断的，武断的；专制的，独裁的,,,
arch,ɑːtʃ,n.,n. 拱门，拱形结构；adj. 调皮的，淘气的；主要的，首要的；v. 使成弓形，拱起,,,
compact,kəmˈpækt,adj.,adj. 紧凑的，小巧的；简洁的，紧密的；压缩的，压实的；n. 小型汽车；契约，合同；v. 压实，压紧,,,
companion,kəmˈpænjən,n.,n. 同伴，伙伴；配偶，伴侣；陪伴物，物伴；指南，手册,,,
company,ˈkʌmpəni,n.,n. 公司，企业；陪伴，作伴；一群人，一帮人；客人，来访者；连队（军队单位）,,,
compartment,kəmˈpɑːtmənt,n.,n. 隔间，分隔间；（车厢、船舱等的）舱室，分室；（家具等的）隔层，格子,,,
compass,ˈkʌmpəs,n.,n. 指南针，罗盘；范围，界限；圆规；v. 包围，环绕；理解，领会,,,
compassion,kəmˈpæʃən,n.,n. 同情，怜悯,,,
compatible,kəmˈpætəbl,adj.,adj. 兼容的，能共存的；和谐的，相容的；可以和睦相处的,,,
composite,ˈkɒmpəzɪt,adj.,adj. 复合的，合成的；综合的，混合的；n. 复合物，合成物,,,
compound,ˈkɒmpaʊnd,n.,n. 化合物；复合物；院子；围场；复合体；v. 使恶化；加重；混合；adj. 复合的；混合的,,,
compulsory,kəmˈpʌlsəri,adj.,adj. 强制的，义务的，必修的,,,
compute,kəmˈpjuːt,v.,v. 计算，估算；用计算机计算,,,
conceal,kənˈsiːl,v.,v. 隐藏，掩盖，遮蔽,,,
concede,kənˈsiːd,v.,v. 承认，承认...正确；让步，允许；认输，承认失败；给予，授予,,,
concert,ˈkɒnsət,n.,n. 音乐会，演奏会；一致，和谐，协调；v. 协调，协商，商议,,,
concession,kənˈseʃn,n.,n. 让步，妥协；特许权，特许经营；让步，妥协；特许权，特许经营；优惠，折扣；承认，认可,,,
dilemma,dɪˈlemə,n.,n. 困境，进退两难的局面；两难选择,,,
diligent,ˈdɪlɪdʒənt,adj.,adj. 勤奋的，刻苦的；细心的，认真的,,,
dimension,daɪˈmenʃn,n.,n. 尺寸，规模；维度，方面；空间维度,,,
dine,daɪn,v.,v. 进餐，用餐（尤指正式场合）,,,
dinosaur,ˈdaɪnəsɔː(r),n.,n. 恐龙；过时的人或事物,,,
dioxide,daɪˈɒksaɪd,n.,n. 二氧化物,,,
dip,dɪp,v.,v. 浸，蘸；下沉，下降；n. 浸；蘸酱；凹陷；短暂衰退,,,
diploma,dɪˈpləʊmə,n.,n. 毕业证书，学位证书,,,
diplomatic,ˌdɪpləˈmætɪk,adj.,adj. 外交的，外交上的；有手腕的，灵活变通的，圆滑的,,,
direction,dəˈrekʃn,n.,n. 方向，方位；指示，指令；趋势，动向；管理，指导；导演，指挥,,,
director,dəˈrektə(r),n.,n. 导演；指导者；主管；董事；理事；主任,,,
directory,dəˈrektəri,n.,n. 目录，名录；指南，通讯录；（计算机）目录，文件夹,,,
equip,ɪˈkwɪp,v.,v. 装备，配备；使具备（能力、知识等），使有准备,,,
equipment,ɪˈkwɪpmənt,n.,n. 设备，装备，器材,,,
equity,ˈekwəti,n.,n. 公平，公正；（公司的）股本，股票；（房地产中的）净值，产权；衡平法,,,
groan,ɡrəʊn,v.,v. 呻吟，叹息；发出呻吟般的声音；n. 呻吟声，叹息声,,,
grocer,ˈɡrəʊsə(r),n.,n. 食品杂货商,,,
grope,ɡrəʊp,v.,v. 摸索，探索；困惑地搜寻；n. 摸索，探索,,,
hobby,ˈhɒbi,n.,n. 业余爱好，兴趣,,,
hollow,ˈhɒləʊ,adj.,adj. 空的，中空的；凹陷的，深陷的；空洞的，无意义的；虚伪的，不诚实的；n. 洞，凹处；山谷，盆地；v. 挖空，凿空,,,
homogeneous,ˌhɒmə(ʊ)ˈdʒiːniəs,adj.,adj. 同质的，均质的；（群体）同种类的，相似的,,,
honest,ˈɒnɪst,adj.,adj. 诚实的，正直的；可信赖的，可靠的；坦率的，直率的；正派的，规矩的；（数量、规模等）相当大的，可观的,,,
install,ɪnˈstɔːl,v.,v. 安装，设置（设备、机器等）；任命，安置（某人就职）；安装，建立（制度、体系等）,,,
instal,ɪnˈstɔːl,v.,v. 安装，设置；任命，安置,,,
installation,ˌɪnstəˈleɪʃn,n.,n. 安装，设置；装置，设备；就职，就任；军事设施，军事基地,,,
instalment,ɪnˈstɔːlmənt,n.,n. 分期付款的一期；连载的一期；（成套设备等的）一部分,,,
installment,ɪnˈstɔːlmənt,n.,n. 分期付款的一期，分期付款额；（连载作品的）一集，一期,,,
instance,ˈɪnstəns,n.,n. 例子，实例；情况，场合；特例,,,
instant,ˈɪnstənt,adj.,adj. 立即的，即刻的；即食的，速溶的；紧急的，迫切的；当前的，目前的；n. 瞬间，刹那,,,
instantaneous,ˌɪnstənˈteɪniəs,adj.,adj. 瞬间的，即刻的；同时发生的,,,
limb,lɪm,n.,n. 肢，臂，腿；树枝，大树枝,,,
limp,lɪmp,adj.,adj. 软的，不僵硬的；无力的，无精打采的；n. 跛行，蹒跚；v. 跛行，一瘸一拐地走,,,
linear,ˈlɪniə(r),adj.,adj. 线性的，直线的；线性的，连续的；（思维、发展等）直线式的，循序渐进的,,,
linen,ˈlɪnɪn,n.,n. 亚麻布，亚麻织品；床单，桌布等亚麻制品；adj. 亚麻制的，亚麻布的,,,
liner,ˈlaɪnə(r),n.,n. 衬里；内衬；大型客轮；班机；定期航班；眼线笔,,,
linger,ˈlɪŋɡə(r),vi.,vi. 逗留，徘徊；继续存在，持续,,,
linguistic,lɪŋˈɡwɪstɪk,adj.,adj. 语言的，语言学的,,,
mine,maɪn,pron.,pron. 我的；n. 矿山；矿井；地雷；水雷；v. 开采；采矿；埋设地雷,,,
mineral,ˈmɪnərəl,n.,n. 矿物质，矿物；矿产，矿物资源；adj. 矿物的，无机的,,,
mingle,ˈmɪŋɡl,v.,v. 混合，交融；（人）混入，交往,,,
miniature,ˈmɪnɪtʃə(r),adj.,adj. 微型的，小型的；缩小的，微小的；n. 微型物品，小型复制品；微型画，小型肖像画,,,
minimize,ˈmɪnɪmaɪz,v.,v. 使最小化，使减到最少；轻描淡写，低估,,,
minimise,ˈmɪnɪmaɪz,v.,v. 使减到最少，使降到最低限度；轻视，贬低,,,
minimum,ˈmɪnɪməm,n.,n. 最小量，最低限度；最低点，最小值；adj. 最小的，最低的；最低限度的，最起码的,,,
minister,ˈmɪnɪstə(r),n.,n. 部长，大臣；牧师，神职人员；v. 照料，照顾；给予帮助,,,
ministry,ˈmɪnɪstri,n.,n. 政府部门，内阁；宗教事务，牧师职责；(全体)牧师，神职人员,,,
minor,ˈmaɪnə(r),adj.,adj. 较小的；次要的；不重要的；未成年的；未满法定年龄的；n. 未成年人；辅修科目；v. 辅修,,,
minority,maɪˈnɒrəti,n.,n. 少数，少数派；少数民族，少数群体；未成年；adj. 少数的，少数民族的,,,
minus,ˈmaɪnəs,prep.,prep. 减去；除去；adj. 负的；零下的；n. 减号；负号,,,
minute,ˈmɪnɪt,n.,n. 分钟；片刻，瞬间；会议记录，备忘录；adj. 微小的，细微的；v. 记录，记载,,,
sob,sɒb,v.,v. 啜泣，抽噎；n. 啜泣声，抽噎声,,,
sober,ˈsəʊbə(r),adj.,adj. 未醉的，清醒的；严肃的，冷静的；朴素的，素净的；v. 使清醒，使冷静,,,
software,ˈsɒftweə(r),n.,n. 软件，计算机程序,,,
soil,sɔɪl,n.,n. 土壤，土；国土，领土；v. 弄脏，玷污,,,
solar,ˈsəʊlə(r),adj.,adj. 太阳的，日光的；利用太阳能的,,,
sole,səʊl,adj.,adj. 唯一的，单独的；n. 鞋底；脚掌；鳎（一种比目鱼）；v. 给（鞋）换底,,,
solemn,ˈsɒləm,adj.,adj. 庄严的，严肃的；正式的，隆重的；严格的，认真的,,,
solid,ˈsɒlɪd,adj.,adj. 坚固的，结实的；固体的；可靠的，稳固的；实心的；一致的，团结的；纯粹的，完全的；n. 固体,,,
solidarity,ˌsɒlɪˈdærəti,n.,n. 团结，同心同德；统一，一致,,,
solo,ˈsəʊləʊ,adj.,adj. 单独的，独奏的，独唱的；adv. 单独地，独自地；n. 独奏，独唱，独舞；v. 单独演奏，独唱，独奏,,,
somewhat,ˈsʌmwɒt,adv.,adv. 在某种程度上，有点,,,
hierarchy,ˈhaɪərɑːki,n.,n. 等级制度，层级结构；统治集团，领导层,,,
hijack,ˈhaɪdʒæk,v.,v. 劫持，抢劫；非法控制，强占；n. 劫持，抢劫,,,
hike,haɪk,n.,n. 徒步旅行，远足；（价格、费用等的）增加，上涨；v. 徒步旅行，远足；（使）增加，提高（价格、费用等）,,,
historical,hɪˈstɒrɪkl,adj.,adj. 历史的，有关历史的；基于历史的，历史上存在的；具有历史意义的，历史性的,,,
historian,hɪˈstɔːriən,n.,n. 历史学家,,,
hinge,hɪndʒ,n.,n. 铰链，合页；v. 用铰链连接；依...而定，取决于,,,
hip,hɪp,n.,n. 臀部，髋部；adj. 时髦的，新潮的,,,
hire,ˈhaɪə(r),v.,v. 雇用，聘用；租用，租借；n. 雇用；租用；新雇员,,,
insert,ɪnˈsɜːt,v.,v. 插入，嵌入；插入（文字、评论等）；插播（广告等）；n. 插入物，插页,,,
inside,ˈɪnsaɪd,n.,n. 内部，里面；内情，内幕；adj. 内部的，里面的；adv. 在里面，向内；prep. 在...里面，在...内部,,,
insight,ˈɪnsaɪt,n.,n. 洞察力，深刻见解；顿悟，顿觉,,,
insist,ɪnˈsɪst,v.,v. 坚持，坚决要求；坚持说，坚持认为；坚决主张,,,
inspect,ɪnˈspekt,v.,v. 检查，查看；仔细检查，审视,,,
inspiration,ˌɪnspəˈreɪʃn,n.,n. 灵感，启发；鼓舞，激励；吸气，吸入,,,
inspire,ɪnˈspaɪə(r),v.,v. 激发，鼓舞；启发，引发；使产生（感情、想法等）；激励，赋予灵感,,,
lick,lɪk,v.,v. 舔；舔食；n. 舔；少量,,,
lid,lɪd,n.,n. 盖子，盖,,,
lie,laɪ,n.,n. 谎言，假话；方位，位置；v. 说谎，撒谎；躺，平躺；位于，坐落,,,
life,laɪf,n.,n. 生命；生活；人生；生物；活物；终身；一生；生气，活力；生命力；真实性；逼真；(监狱)终身监禁,,,
lifetime,ˈlaɪftaɪm,n.,n. 一生，终身；adj. 终身的，毕生的,,,
lift,lɪft,v.,v. 举起，抬起；提高，上升；消除，解除（禁令等）；偷窃；n. 电梯；免费搭车；上升，提升；振奋，鼓舞,,,
merchandise,ˈmɜːtʃəndaɪs,n.,n. 商品，货物；v. 推销，促销,,,
merchant,ˈmɜːtʃənt,n.,n. 商人，零售商；批发商；adj. 商业的，贸易的,,,
mercury,ˈmɜːkjəri,n.,n. 水银；汞；水星；温度；温度计,,,
mercy,ˈmɜːsi,n.,n. 仁慈，怜悯，宽恕；幸运，恩惠,,,
merge,mɜːdʒ,v.,v. 合并，融合；逐渐消失，淡出；（使）混合，融入,,,
merit,ˈmerɪt,n.,n. 优点，价值；功绩，功劳；v. 值得，应得,,,
merry,ˈmeri,adj.,adj. 欢乐的，愉快的；热闹的，喜气洋洋的,,,
metal,ˈmetl,n.,n. 金属；adj. 金属制的,,,
metaphor,ˈmetəfə(r),n.,n. 隐喻，暗喻,,,
metre,ˈmiːtə(r),n.,n. 米，公尺（长度单位）；韵律，格律，节奏,,,
meter,ˈmiːtə(r),n.,n. 米，公尺；仪表，计量器；韵律，格律；v. 测量,,,
metric,ˈmetrɪk,adj.,adj. 公制的，米制的；度量的；n. 度量标准；指标,,,
metropolitan,ˌmetrəˈpɒlɪtən,adj.,adj. 大都市的，大城市的；主教管区的，大主教的；n. 大都市居民；大主教,,,
none,nʌn,pron.,pron. 没有一个，一个也不；n. 无，没有；adv. 一点也不，毫不,,,
nonsense,ˈnɒnsəns,n.,n. 胡说，废话，无稽之谈；荒谬的想法或行为；无意义的话语或文字,,,
oral,ˈɔːrəl,adj.,adj. 口头的，口述的；口腔的,,,
orbit,ˈɔːbɪt,n.,n. 轨道，轨迹；势力范围，影响范围；v. 绕轨道运行，环绕,,,
order,ˈɔːdə(r),n.,n. 命令，指令；顺序，次序；秩序，有序状态；订单；等级，阶层；团体，组织；v. 命令，指示；订购，预定,,,
orderly,ˈɔːdəli,adj.,adj. 有序的，整齐的；守秩序的；有条理的，有系统的；n. 医院勤杂工，护工；adv. 有秩序地，有条理地,,,
ordinary,ˈɔːdɪnəri,adj.,adj. 普通的，平常的；平凡的，平庸的；n. 普通人，平民,,,
orient,ˈɔːriənt,v.,v. 使适应，使熟悉；确定方向，定位；使朝向，使面对；n. 东方，亚洲,,,
oriental,ˌɔːrɪˈent(ə)l,adj.,adj. 东方的，东方人的；东方文化的；n. 东方人,,,
orientation,ˌɔːrɪenˈteɪʃn,n.,n. 方向，定位；方向感；取向；倾向；新生训练，入职培训；性取向,,,
pop,pɒp,n.,n. 流行音乐；汽水，碳酸饮料；v. 突然出现；发出爆裂声；突然打开；adj. 流行的，通俗的,,,
pope,pəʊp,n.,n. 教皇，罗马天主教会的最高领袖,,,
popular,ˈpɒpjələ(r),adj.,adj. 受欢迎的，流行的；广受喜爱的；通俗的，大众的；普及的，普遍的,,,
porcelain,ˈpɔːsəlɪn,n.,n. 瓷器；瓷；adj. 瓷制的；瓷的,,,
portable,ˈpɔːtəbl,adj.,adj. 便携式的，可移动的；轻便的，手提的；可转移的，可携带的,,,
porter,ˈpɔːtə(r),n.,n. 搬运工，行李搬运工；门房，门卫,,,
portfolio,pɔːtˈfəʊliəʊ,n.,n. 投资组合；证券集合；文件夹；作品集；部长职位,,,
portrait,ˈpɔːtrət,n.,n. 肖像，画像；描述，描绘；写真照片，竖版照片,,,
portray,pɔːˈtreɪ,v.,v. 描绘，描述；扮演，饰演；刻画，表现；描述，展现,,,
post,pəʊst,n.,n. 邮件；邮政；柱子；杆子；岗位；职位；哨所；前哨；警戒地点；v. 邮寄；投递；公布；张贴；派驻；委派,,,
postage,ˈpəʊstɪdʒ,n.,n. 邮资；邮费,,,
poster,ˈpəʊstə(r),n.,n. 海报，广告画；张贴者，海报设计者,,,
postman,ˈpəʊstmən,n.,n. 邮递员，邮差,,,
mailman,ˈmeɪlmæn,n.,n. 邮递员，邮差,,,
postpone,pəʊstˈpəʊn,v.,v. 推迟，延期,,,
posture,ˈpɒstʃə(r),n.,n. 姿势，体态；态度，立场；v. 摆姿势，故作姿态,,,
remnant,ˈremnənt,n.,n. 残余物，剩余部分；遗迹，遗留物；adj. 剩余的，残存的,,,
renaissance,rəˈneɪsəns,n.,n. 文艺复兴（时期）；复兴，新生，再生,,,
renew,rɪˈnjuː,v.,v. 更新，续订；恢复，重新开始；使更强，使更新；重新表达，重申,,,
renovate,ˈrenəveɪt,v.,v. 翻新，修复，整修,,,
rent,rent,n.,n. 租金，房租；裂缝，裂口；v. 租用，租借；出租,,,
repair,rɪˈpeə(r),v.,v. 修理，修复；弥补，纠正；n. 修理，修复,,,
repay,rɪˈpeɪ,v.,v. 归还，偿还（借款等）；报答，回报,,,
repeat,rɪˈpiːt,v.,v. 重复，重说；重做，重复发生；复述，转述；重播，重新播放；n. 重复，重复发生的事；重播，重复播放,,,
repeatedly,rɪˈpiːtɪdli,adv.,adv. 反复地，多次地；一再地，再三地,,,
repel,rɪˈpel,v.,v. 击退，驱逐；使厌恶，使反感；排斥，抵制,,,
repertoire,ˈrepətwɑː,n.,n. 全部节目，剧目；（人或团体）常演节目，技能范围；全部知识，本领,,,
repetition,ˌrepəˈtɪʃn,n.,n. 重复，反复；重复的话；重复的行为；重复的事物,,,
tire,taɪə(r),n.,n. 轮胎；v. 使疲劳，使厌倦,,,
tiresome,ˈtaɪəsəm,adj.,adj. 令人厌烦的，讨厌的；使人疲倦的，累人的,,,
tissue,ˈtɪʃuː,n.,n. 组织（尤指人或动物体内的细胞组织）；薄纸，棉纸；一系列，一连串,,,
toil,tɔɪl,n.,n. 辛勤劳动，苦工；v. 辛勤劳动，苦干,,,
blade,bleɪd,n.,n. 刀片，刀刃；剑身，刀身；叶片（如草叶、桨叶）；（划船用的）桨叶；（直升机的）旋翼，螺旋桨叶,,,
blame,bleɪm,v.,v. 责备，指责；n. 责备，指责；过失，责任,,,
blast,blɑːst,n.,n. 爆炸；冲击波；一阵（强风）；猛烈抨击；痛骂；v. 炸毁；爆破；严厉批评；抨击；用高音播放；大声播放；interj. 该死！；见鬼！,,,
blaze,bleɪz,n.,n. 火焰，烈火；闪光，光芒；白斑（动物额头或胸前的）；v. 熊熊燃烧；迅速传播，快速蔓延,,,
hop,hɒp,v.,v. 跳，单脚跳；快速前往，短程旅行；n. 蹦跳，跳跃；短程旅行,,,
hook,hʊk,n.,n. 钩子；钩状物；吸引人的地方，诱饵；v. 钩住；勾住；使上瘾,,,
hormone,ˈhɔːməʊn,n.,n. 激素，荷尔蒙,,,
horn,hɔːn,n.,n. (动物的)角；号角，喇叭；(汽车等的)喇叭；(乐器)号；v. 按喇叭,,,
horrible,ˈhɒrəbl,adj.,adj. 可怕的，令人恐惧的；糟糕的，讨厌的；极坏的，令人不快的,,,
horror,ˈhɒrə(r),n.,n. 恐怖，害怕；恐怖的事物，可怕的东西；震惊，厌恶,,,
horsepower,ˈhɔːspaʊə(r),n.,n. 马力（功率单位）；发动机的功率,,,
hose,həʊz,n.,n. 软管，水管；v. 用软管冲洗，浇水,,,
instruct,ɪnˈstrʌkt,v.,v. 教导，指导；命令，指示,,,
instruction,ɪnˈstrʌkʃn,n.,n. 指示，说明；教育，教导；用法说明，操作指南；指令，命令,,,
instrument,ˈɪnstrəmənt,n.,n. 乐器；工具，器械；仪器，仪表；手段，工具；法律文件；v. 给...装测量仪器；用仪器测量,,,
instrumental,ˌɪnstrəˈmentl,adj.,adj. 起重要作用的，有帮助的；仪器的，器械的；器乐的,,,
insulate,ˈɪnsjuleɪt,v.,v. 隔离，使隔绝；使绝缘；保护，使免受影响,,,
insult,ɪnˈsʌlt,n.,n. 侮辱，辱骂；损害，伤害；v. 侮辱，辱骂,,,
liquid,ˈlɪkwɪd,n.,n. 液体；流动资产；adj. 液体的，液态的；流动的，易变的,,,
liquor,ˈlɪkə(r),n.,n. 烈酒，白酒；酒类饮品；v. 给…上光；使沾满酒,,,
litter,ˈlɪtə(r),n.,n. 垃圾，杂物；一窝（动物）；厚层（落叶）；担架；v. 乱扔；使杂乱；产（仔）,,,
miracle,ˈmɪrəkl,n.,n. 奇迹，神迹；不平凡的事；令人惊讶的成就；非凡的事例,,,
mirror,ˈmɪrə(r),n.,n. 镜子；反射面；v. 反映，映照；反射,,,
mischief,ˈmɪstʃɪf,n.,n. 淘气，恶作剧；损害，危害；捣乱，恶作剧造成的麻烦或损害,,,
misfortune,mɪsˈfɔːtʃuːn,n.,n. 不幸，厄运，灾难；不幸事故，灾祸,,,
miss,mɪs,v.,v. 错过，赶不上；未看到，未听到；未击中，未达到；想念，怀念；察觉不到，未注意到；未出席，缺席；错过机会；n. 小姐（对未婚女子的称呼）,,,
missile,ˈmɪsaɪl,n.,n. 导弹；飞弹；投掷物；抛射物；adj. 导弹的；可抛射的,,,
missing,ˈmɪsɪŋ,adj.,adj. 缺失的，不在的；失踪的；n. 缺失的人或物；v. 错过，未做到；未到场，缺席,,,
mission,ˈmɪʃn,n.,n. 任务，使命；代表团，使团；传教，布道；使命感，天职,,,
missionary,ˈmɪʃənri,n.,n. 传教士；adj. 传教的，布道的,,,
nuclear,ˈnjuːkliə(r),adj.,adj. 核的，原子能的；中心的，核心的；核能的，核武器的；核家庭的,,,
nucleus,ˈnjuːkliəs,n.,n. 核心，中心；原子核；细胞核；神经核,,,
preclude,prɪˈkluːd,v.,v. 阻止，排除，妨碍,,,
predominant,prɪˈdɒmɪnənt,adj.,adj. 主要的，占优势的，占支配地位的,,,
pregnant,ˈpreɡnənt,adj.,adj. 怀孕的；意味深长的，含义丰富的；孕育着（某事物）的,,,
rest,rest,n.,n. 休息，放松；剩余部分，其余；休止符；支撑物；v. 休息，放松；倚靠，依赖；搁置，安置；（使）静止,,,
restless,ˈrestləs,adj.,adj. 焦躁不安的，烦乁的；不平静的，动荡的；不安分的，难以安抚的,,,
spray,spreɪ,n.,n. 喷雾；喷剂；飞沫；水花；v. 喷射；喷洒；（液体）飞溅；（固体）散开,,,
spring,sprɪŋ,n.,n. 春天；泉水；弹簧；活力；v. 跳跃；突然出现；使弹起；突然提出；adj. 春天的；弹簧的,,,
sprinkle,ˈsprɪŋkl,v.,v. 撒，洒（少量液体或小颗粒物）；点缀，零星分布；n. 少量，少许,,,
sprout,spraʊt,v.,v. 发芽，萌芽；（突然）出现，产生；n. 芽，新芽；幼苗,,,
square,skweə(r),n.,n. 正方形；广场；adj. 方形的；正直的；v. 使成方形；使一致；adv. 成直角地；直接地,,,
squeeze,skwiːz,v.,v. 挤压，榨取；使挤入，塞进；压榨，勒索；挤出（时间、金钱等）；n. 挤压，榨取；拥挤的空间；经济拮据，财政紧缩,,,
stab,stæb,v.,v. 刺，戳，刺伤；突然感到（疼痛等）；n. 刺，戳；刺伤；尝试，努力,,,
stack,stæk,n.,n. 一堆，一叠；大量，许多；v. 堆叠，堆积；安排，排列,,,
stagger,ˈstæɡə(r),v.,v. 蹒跚而行，摇摇晃晃地走；使震惊，使吃惊；交错安排，错开；n. 蹒跚，踉跄；交错安排，错开,,,
stagnant,ˈstæɡnənt,adj.,adj. 停滞的，不流动的；停滞不前的，不发展的；呆滞的，缺乏活力的,,,
stagnate,stæɡˈneɪt,v.,v. 停滞，不发展；变得萎靡不振，变得迟钝,,,
trade,treɪd,n.,n. 贸易，交易；职业，行业；交易量；贸易风；v. 交易，买卖；交换；(运动员)被交易,,,
trademark,ˈtreɪdmɑːk,n.,n. 商标；标记；特征；v. 注册商标,,,
traffic,ˈtræfɪk,n.,n. 交通，车流；运输，运输量；贸易，交易；v. 做生意，买卖,,,
around,əˈraʊnd,adv.,adv. 大约，左右；在周围，四处；到处，各处；存在着，在附近；朝相反方向，掉头；prep. 在...周围；大约；遍及，各处,,,
arrange,əˈreɪndʒ,v.,v. 安排，布置；整理，排列；商定，约定；改编（乐曲）,,,
arrest,əˈrest,v.,v. 逮捕，拘留；阻止，制止；n. 逮捕，拘留,,,
arrive,əˈraɪv,v.,v. 到达，抵达；达到（某种状态），产生（某种结果）,,,
arrival,əˈraɪvl,n.,n. 到达，抵达；到达者，抵达物；出现，问世,,,
arrogant,ˈærəɡənt,adj.,adj. 傲慢的，自大的，目中无人的,,,
arrow,ˈærəʊ,n.,n. 箭，箭头；箭头符号,,,
conscience,ˈkɒnʃəns,n.,n. 良心，道德心；内疚，愧疚,,,
conscientious,ˌkɒnʃiˈenʃəs,adj.,adj. 认真负责的，尽责的；谨慎的，小心的；凭良心的，本着良心的,,,
consecutive,kənˈsekjətɪv,adj.,adj. 连续的，连贯的；连续的，不间断的,,,
consensus,kənˈsensəs,n.,n. 一致意见，共识,,,
consent,kənˈsent,n.,n. 同意，允许；v. 同意，允许,,,
consolidate,kənˈsɒlɪdeɪt,v.,v. 巩固，加强；合并，统一,,,
conspicuous,kənˈspɪkjuəs,adj.,adj. 明显的，显眼的，引人注目的；显著的，惹人注目的；显而易见的，容易被看到或注意到的,,,
conspiracy,kənˈspɪrəsi,n.,n. 阴谋，密谋；共谋，同谋,,,
consult,kənˈsʌlt,v.,v. 咨询，请教；商议，商量；查阅，参考,,,
consultant,kənˈsʌltənt,n.,n. 顾问，咨询师,,,
wipe,waɪp,v.,v. 擦，抹；擦干，擦掉；n. 擦拭，抹,,,
wire,waɪə(r),n.,n. 金属丝，导线；电报，电信；电线，有线电视；v. 给...接线，发电报；汇款,,,
wise,waɪz,adj.,adj. 聪明的，明智的，有智慧的；博学的，有见识的；v. 使明智，使醒悟,,,
wisdom,ˈwɪzdəm,n.,n. 智慧，才智；明智，聪明；箴言，格言,,,
witch,wɪtʃ,n.,n. 女巫，巫婆；迷人的女子；v. 用魔法迷惑；施魔法于,,,
withhold,wɪðˈhəʊld,v.,v. 拒绝给予，不给，扣留；隐瞒，保留，不透露,,,
within,wɪˈðɪn,prep.,prep. 在...之内，在...范围内；不超过，在...以内；adv. 在里面，在内部,,,
withstand,wɪðˈstænd,v.,v. 经受住，承受住，抵御,,,
battle,ˈbætl,n.,n. 战斗，战役；斗争，竞争；v. 战斗，交战；努力争取，奋斗,,,
battery,ˈbætəri,n.,n. 电池，蓄电池；一组，一套，一系列；炮兵连，炮台；殴打，虐待（法律术语）,,,
bay,beɪ,n.,n. 海湾；狗吠声；月桂树；深棕色；v. （狗）吠叫；adj. 深棕色的；红棕色的,,,
adhere,ədˈhɪə(r),v.,v. 粘附，附着；坚持，遵守,,,
adjacent,əˈdʒeɪsnt,adj.,adj. 相邻的，毗连的；邻近的，接近的；相关的，有关的,,,
adolescent,ˌædəˈlesnt,n.,n. 青少年；adj. 青春期的，青少年的,,,
adore,əˈdɔː(r),v.,v. 非常喜欢，热爱；崇拜，敬慕,,,
advent,ˈædvent,n.,n. 到来，出现；基督降临节（Advent）,,,
adventure,ədˈventʃə(r),n.,n. 冒险；奇遇；冒险经历；冒险活动；v. 冒险尝试,,,
adverse,ˈædvɜːs,adj.,adj. 不利的，有害的，反面的,,,
advertise,ˈædvətaɪz,v.,v. 为...做广告，宣传；公布，告知；表明，显示,,,
ceiling,ˈsiːlɪŋ,n.,n. 天花板，顶棚；上限，最高限度,,,
cell,sel,n.,n. 细胞；小房间，牢房；电池；(组织的)基层单位；蜂窝；手机信号覆盖区；(恐怖组织的)基层单位，小组,,,
cement,sɪˈment,n.,n. 水泥；胶泥；黏合剂；粘合物；v. 粘合；巩固；加强,,,
censorship,ˈsensəʃɪp,n.,n. 审查制度，言论管制,,,
census,ˈsensəs,n.,n. 人口普查；统计调查,,,
cent,sent,n.,n. 分，美分（美国货币单位，等于 1/100 美元）；（用于表示百分比）分，百分之一,,,
center,ˈsentə(r),n.,n. 中心，中央；中心点，中心位置；中心机构，中心组织；活动中心；v. 集中，使集中；adj. 中央的，中心的,,,
centre,ˈsentə(r),n.,n. 中心，中央；中心点，中心位置；中心机构，活动中心；v. 集中，使集中,,,
central,ˈsentrəl,adj.,adj. 中心的，中央的；主要的，重要的；中枢的，控制的；n. 中央电话交换台,,,
century,ˈsentʃəri,n.,n. 世纪，百年；（板球运动中的）一百分,,,
centigrade,ˈsentɪɡreɪd,adj.,adj. 摄氏的；n. 摄氏度,,,
Celsius,ˈselsiəs,n.,n. 摄氏度；adj. 摄氏的,,,
centimeter,ˈsentɪmiːtə(r),n.,n. 厘米（长度单位）,,,
centimetre,ˈsentɪmiːtə,n.,n. 厘米（长度单位，等于0.01米）,,,
cereal,ˈsɪəriəl,n.,n. 谷物，谷类食品；早餐麦片,,,
debt,det,n.,n. 债务，欠款；负债，欠债；人情债，道义上的亏欠,,,
debut,ˈdeɪbjuː,n.,n. 首次登台，首次亮相；初次演出；v. 首次登台，初次亮相,,,
decay,dɪˈkeɪ,n.,n. 腐烂，衰败，衰退；（物理）衰变，衰减；v. 腐烂，衰败，衰退；（物理）衰变，衰减,,,
deceit,dɪˈsiːt,n.,n. 欺骗，欺诈；欺骗行为,,,
deceive,dɪˈsiːv,v.,v. 欺骗，蒙蔽；误导，使产生错觉,,,
decent,ˈdiːsnt,adj.,adj. 得体的，合适的；相当好的，不错的；正派的，品行端正的；体面的，像样的,,,
decimal,ˈdesɪməl,adj.,adj. 十进制的；小数的；n. 小数,,,
ego,ˈiːɡəʊ,n.,n. 自我，自负，自尊心,,,
fare,feə(r),n.,n. 车费，船费，票价；食物，饮食；v. 过活，进展，表现,,,
farewell,ˈfeəwel,n.,n. 告别，辞行；int. 再见，再会；adj. 告别的，辞行的,,,
farther,ˈfɑːðə(r),adv.,adv. 更远地；较远地；adj. 更远的；较远的,,,
fast,fɑːst,adj.,adj. 快的，迅速的；牢固的，稳固的；不易褪色的；adv. 快地，迅速地；紧紧地，牢固地；n. 斋戒，禁食,,,
fasten,ˈfɑːsn,v.,v. 系紧，扣紧；使固定，使牢固,,,
fate,feɪt,n.,n. 命运，宿命；结局，下场；命中注定的事,,,
fatal,ˈfeɪtl,adj.,adj. 致命的，造成死亡的；灾难性的，毁灭性的；决定性的，关键的,,,
fatigue,fəˈtiːɡ,n.,n. 疲劳，疲倦；疲劳轰炸；v. 使疲劳，使疲倦；adj. 疲劳的，疲倦的,,,
fault,fɔːlt,n.,n. 错误，过失；缺点，毛病；断层；故障；v. 挑剔，找岔子,,,
faulty,ˈfɔːlti,adj.,adj. 有缺陷的，有错误的；不正确的，有误的；有问题的，不完善的,,,
fax,fæks,n.,n. 传真，传真机；v. 传真，用传真发送,,,
giggle,ˈɡɪɡl,v.,v. 咯咯地笑，傻笑；n. 咯咯笑，傻笑,,,
glacier,ˈɡlæsiə(r),n.,n. 冰川，冰河,,,
glare,ɡleə(r),n.,n. 强光，刺眼的光；怒视，瞪眼；v. 发出强光，发出刺眼的光；怒视，瞪眼,,,
glance,ɡlɑːns,n.,n. 一瞥，扫视；v. 扫视，瞥见；掠过，擦过,,,
glimpse,ɡlɪmps,n.,n. 一瞥，一看；短暂的感受；v. 瞥见，看到,,,
glitter,ˈɡlɪtə(r),v.,v. 闪烁，闪耀；n. 闪烁，闪耀；光彩,,,
glow,ɡləʊ,n.,n. 光亮，光辉；热度，红光；热情，兴奋；v. 发光，发热；容光焕发；感到兴奋,,,
harvest,ˈhɑːvɪst,n.,n. 收获，收成；收获季节；收获量；v. 收割，收获；获得，收集,,,
haste,heɪst,n.,n. 急速，匆忙；急迫；v. 赶紧，匆忙,,,
hasty,ˈheɪsti,adj.,adj. 匆忙的，仓促的；轻率的，草率的,,,
hatch,hætʃ,v.,v. 孵化；孵出；策划；密谋；用线条画；刻画；n. 舱口；小门；入口,,,
hatred,ˈheɪtrɪd,n.,n. 憎恨，仇恨,,,
haul,hɔːl,v.,v. 拖拉，拉，拖；费力地拖拉；强迫（某人去某处）；运输，运送；n. 一次运输的货物；搬运的距离；获得物,,,
hawk,hɔːk,n.,n. 鹰，隼；v. 叫卖，兜售；清嗓子，咳痰,,,
hay,heɪ,n.,n. 干草，草料,,,
hazard,ˈhæzəd,n.,n. 危险，危害；冒险，风险；v. 冒险，拿...冒险,,,
he,hi:,pron.,pron. 他（主格）,,,
jog,dʒɒɡ,v.,v. 慢跑；轻推，轻撞；唤起（记忆）；n. 慢跑；轻推，轻撞,,,
joint,dʒɔɪnt,n.,n. 关节；接头；接合处；公共场所（尤指酒吧或俱乐部）；adj. 联合的，共同的；共有的，共享的,,,
jolly,ˈdʒɒli,adj.,adj. 欢乐的，快活的；愉快的，令人愉快的；adv. 非常，很；v. 使高兴，使愉快,,,
kid,kɪd,n.,n. 儿童，小孩；年轻人；小山羊；v. 开玩笑，戏弄,,,
kidnap,ˈkɪdnæp,v.,v. 绑架，劫持,,,
kidney,ˈkɪdni,n.,n. 肾，肾脏,,,
kill,kɪl,v.,v. 杀死，致死；使停止，消除；使严重受伤；使痛苦；使疲倦；浪费（时间）；n. 杀戮，屠杀,,,
late,leɪt,adj.,adj. 迟的，晚的；已故的，已逝的；adv. 迟地，晚地；最近，近来,,,
lately,ˈleɪtli,adv.,adv. 最近，近来,,,
later,ˈleɪtə(r),adj.,adj. 较晚的，以后的；adv. 后来，随后；再见，回头见（用于告别）,,,
latent,ˈleɪtnt,adj.,adj. 潜在的，隐藏的，潜伏的,,,
latitude,ˈlætɪtjuːd,n.,n. 纬度；范围，余地；自由，自主权,,,
laughter,ˈlɑːftə(r),n.,n. 笑；笑声,,,
launch,lɔːntʃ,v.,v. 发射；启动；开始；发起；创办；推出；n. 发射；首次推出；下水；新产品的推出；创办；发射台；船坞,,,
laundry,ˈlɔːndri,n.,n. 洗衣物；待洗的衣物；洗衣房,,,
reckless,ˈreklәs,adj.,adj. 鲁莽的，不计后果的；轻率的，草率的；不顾一切的，肆无忌惮的,,,
reckon,ˈrekən,v.,v. 认为，估计，猜想；计算，数算；看待，评价,,,
reclaim,rɪˈkleɪm,v.,v. 要回；取回；收回；开垦；改造；回收利用；再利用,,,
sail,seɪl,n.,n. 帆；航行；v. 航行；驾驶(船)；启航,,,
sailor,ˈseɪlə(r),n.,n. 水手，海员,,,
saint,seɪnt,n.,n. 圣人；圣徒；adj. 神圣的；宗教性的；v. 封为圣人；尊崇为圣人,,,
sake,seɪk,n.,n. 目的，缘故；利益，好处,,,
salad,ˈsæləd,n.,n. 沙拉，色拉（一种由生的蔬菜或水果制成的凉拌菜）；混合物，大杂烩,,,
salary,ˈsæləri,n.,n. 薪水，工资,,,
salute,səˈluːt,v.,v. 敬礼，致敬；问候，致意；n. 敬礼，致敬；问候，致意,,,
salvation,sælˈveɪʃn,n.,n. 拯救，救助；救世，救赎,,,
accent,ˈæksent,n.,n. 口音，腔调；重音，强调；口音标记，重音符号；v. 强调，重读,,,
accident,ˈæksɪdənt,n.,n. 意外事故，事故；偶然的事，意外的事,,,
accord,əˈkɔːd,n.,n. 协议，条约；一致，符合；一致，和谐；v. 给予，授予；使一致，使符合,,,
accordance,əˈkɔːdəns,n.,n. 一致，符合，和谐,,,
according to,əˈkɔːdɪŋ tə,prep.,"prep. 根据,按照,依据",,,
accordingly,əˈkɔːdɪŋli,adv.,adv. 因此，所以；相应地，照着办,,,
ache,eɪk,n.,n. 疼痛，痛苦；v. 疼痛，隐痛,,,
acid,ˈæsɪd,n.,n. 酸，酸性物质；adj. 酸的，酸性的；尖刻的，刻薄的,,,
bald,bɔːld,adj.,adj. 秃头的，无毛的；光秃的，无植被的；单调的，乏味的；直白的，不加修饰的,,,
ballet,ˈbæleɪ,n.,n. 芭蕾舞；芭蕾舞剧；芭蕾舞团,,,
ballot,ˈbælət,n.,n. 选票；投票；表决；v. 对...进行投票；由...投票表决,,,
band,bænd,n.,n. 乐队；乐团；带子；箍；条；环；频带；波段；群；帮；团伙；v. 用带子绑扎；集结,,,
bandage,ˈbændɪdʒ,n.,n. 绷带，包扎用的布条；v. 用绷带包扎,,,
bang,bæŋ,n.,n. 砰的一声；爆炸声；猛击；v. 砰地撞击；猛击；发出爆炸声；adv. 突然地；正好；恰恰；adj. 突然的；猛烈的,,,
bankrupt,ˈbæŋkrʌpt,adj.,adj. 破产的，倒闭的；（在某方面）贫乏的，缺乏的；v. 使破产，使倒闭,,,
banner,ˈbænə(r),n.,n. 横幅，旗帜；标语，口号；头条新闻；广告横幅,,,
banquet,ˈbæŋkwɪt,n.,n. 宴会，盛宴；v. 宴请，设宴款待,,,
barbecue,ˈbɑːbɪkjuː,n.,n. 烧烤；烤肉；烧烤架；烤肉架；v. 烧烤；烤制,,,
bark,bɑːk,n.,n. 树皮；犬吠声；v. （狗）吠叫；厉声说,,,
barn,bɑːn,n.,n. 谷仓，畜棚,,,
barrel,ˈbærəl,n.,n. 桶，圆桶；枪管，炮管；一桶（的量）；v. 快速移动，飞驰,,,
barren,ˈbærən,adj.,adj. 贫瘠的，不毛的；不孕的，不育的；贫乏的，无价值的；空洞的，无结果的,,,
barrier,ˈbæriə(r),n.,n. 障碍物，屏障；障碍，阻碍,,,
camel,ˈkæml,n.,n. 骆驼,,,
camp,kæmp,n.,n. 营地；露营；v. 露营；宿营；adj. 做作的；夸张的；娘娘腔的,,,
campus,ˈkæmpəs,n.,n. （大学、学院的）校园,,,
can,kæn,aux.,aux. 能；会；可以；n. 罐头；金属容器；v. 把…装罐；保存,,,
cancel,ˈkæns(ə)l,v.,v. 取消，撤销；抵消，冲销,,,
cancer,ˈkænsə(r),n.,n. 癌症；巨蟹座,,,
cape,keɪp,n.,n. 斗篷，披风；岬，海角,,,
captain,ˈkæptɪn,n.,n. 船长，机长；（运动队的）队长；（军队的）上尉；v. 担任...的队长，率领,,,
carbohydrate,ˌkɑːbəʊˈhaɪdreɪt,n.,n. 碳水化合物,,,
carbon,ˈkɑːbən,n.,n. 碳；碳元素；碳原子；复写纸；碳纸,,,
cardinal,ˈkɑːdɪnəl,adj.,adj. 主要的，基本的；深红色的；n. 红衣主教；基数；北美红雀,,,
cargo,ˈkɑːɡəʊ,n.,n. 货物，船货,,,
carriage,ˈkærɪdʒ,n.,n. 马车，四轮马车；（火车的）车厢；运输，搬运；姿态，举止；婴儿车,,,
carrier,ˈkæriə(r),n.,n. 搬运工，运输工；载体，运输工具；运输公司；电信运营商；疾病携带者；航空母舰,,,
carry,ˈkæri,v.,v. 搬运，携带；传播，传送；支撑，承载；刊登，播出；携带（疾病）；导致，引起；n. 携带，运送,,,
carrot,ˈkærət,n.,n. 胡萝卜；胡萝卜色；诱惑，奖励,,,
carve,kɑːv,v.,v. 雕刻，刻；切开，切；开创，开辟,,,
eccentric,ɪkˈsentrɪk,adj.,adj. 古怪的，反常的，异乎寻常的；偏心的，偏离中心的；n. 古怪的人，怪人,,,
echo,ˈekəʊ,n.,n. 回声，回响；重复，模仿；v. 发出回声，回响；重复，模仿；附和，赞同,,,
ecology,ɪˈkɒlədʒi,n.,n. 生态学；生态；生态系统,,,
edge,edʒ,n.,n. 边缘；边；刀刃；优势；有利条件；v. 缓慢移动；谨慎前进,,,
faint,feɪnt,adj.,adj. 微弱的，模糊的；虚弱的，头晕目眩的；v. 昏厥，晕倒；n. 昏厥，晕倒,,,
faith,feɪθ,n.,n. 信任，信心；信仰，宗教信仰；忠诚，忠实；诚意，诚实,,,
faithful,ˈfeɪθfl,adj.,adj. 忠诚的，忠实的；准确的，精确的；可靠的，尽职的,,,
gentle,ˈdʒentl,adj.,adj. 温和的，轻柔的；文雅的，有教养的；出身名门的，贵族的,,,
gently,ˈdʒentli,adv.,adv. 温和地，轻轻地；和缓地，缓慢地；文雅地，优雅地,,,
genuine,ˈdʒenjuɪn,adj.,adj. 真正的，非伪造的；真诚的，诚实的,,,
geography,dʒiˈɒɡrəfi,n.,n. 地理学；地理；地理特征；地形,,,
geology,dʒiˈɒlədʒi,n.,n. 地质学；地质情况，地质构造,,,
geometry,dʒiˈɒmətri,n.,n. 几何学；几何形状，几何结构,,,
germ,dʒɜːm,n.,n. 细菌，病菌；胚芽，萌芽；起源，开端,,,
gesture,ˈdʒestʃə(r),n.,n. 手势，姿势；表示，示意；v. 做手势，用动作示意,,,
ghost,ɡəʊst,n.,n. 鬼魂，幽灵；幽灵般的东西，隐约的影子；v. 悄悄地移动，飘忽地行进；为...作影子写手,,,
majesty,ˈmædʒəsti,n.,n. 威严，庄严；雄伟，壮丽；(用作国王或女王的称呼)陛下,,,
male,meɪl,adj.,adj. 雄性的，男性的；n. 雄性动物，男子,,,
malignant,məˈlɪɡnənt,adj.,adj. 恶性的，致命的（尤指肿瘤）；恶毒的，怀恨的,,,
passage,ˈpæsɪdʒ,n.,n. 通道，走廊；通行，通过；段落，文章片段；旅程，行程；经过，流逝（时间）；（法律）通过，批准,,,
passerby,ˈpɑːsəbaɪ,n.,n. 路人，过路人,,,
passport,ˈpɑːspɔːt,n.,n. 护照；通行证；许可证,,,
paste,peɪst,n.,n. 糊状物，浆糊；面团；v. 粘贴，贴上；拷贝并粘贴（计算机用语）,,,
pastime,ˈpɑːstaɪm,n.,n. 消遣，娱乐,,,
pat,pæt,v.,v. 轻拍，轻拍；n. 轻拍，轻打；adv. 恰好地，适当地,,,
path,pɑːθ,n.,n. 小路，小径；道路，路径；途径，方法；人生道路，职业生涯,,,
pathetic,pəˈθetɪk,adj.,adj. 可怜的，令人同情的；可悲的，令人遗憾的；糟糕的，差劲的,,,
patience,ˈpeɪʃns,n.,n. 耐心，忍耐力；耐性，毅力；耐心等待；（纸牌）耐心,,,
patriotic,ˌpætriˈɒtɪk,adj.,adj. 爱国的，有爱国心的,,,
patrol,pəˈtrəʊl,n.,n. 巡逻，巡查；巡逻队；v. 巡逻，巡查,,,
patron,ˈpeɪtrən,n.,n. 顾客，常客；赞助人，资助者；保护人，守护神,,,
pause,pɔːz,n.,n. 暂停，停顿；v. 暂停，停顿,,,
pave,peɪv,v.,v. 铺设（路面）；为...铺平道路；铺砌；装饰；为...做准备,,,
pavement,ˈpeɪvmənt,n.,n. 人行道，路面；铺砌面，路面铺设材料,,,
dance,dɑːns,n.,n. 舞蹈，跳舞；舞会，舞曲；v. 跳舞，跳动；使跳跃，使摆动,,,
dash,dæʃ,n.,n. 少量，微量；短跑，冲刺；破折号；猛冲，飞奔；气魄，勇气；v. 猛冲，飞奔；泼，溅；破坏，毁掉,,,
daunting,ˈdɔːntɪŋ,adj.,adj. 令人生畏的，使人气馁的，令人望而却步的,,,
dawn,dɔːn,n.,n. 黎明，拂晓；开始，萌芽；v. 破晓，开始出现；开始意识到，逐渐明白,,,
daily,ˈdeɪli,adj.,adj. 每日的，日常的；adv. 每天，日常地；n. 日报,,,
daylight,ˈdeɪlaɪt,n.,n. 日光，白天；黎明，拂晓；公开，明朗,,,
gallery,ˈɡæləri,n.,n. 画廊，美术馆；走廊，长廊；旁听席，观众席；楼座；摄影展览室；记者席,,,
galaxy,ˈɡæləksi,n.,n. 星系，银河系；一群（杰出或著名的人物）；一系列（美好的事物）,,,
peel,piːl,n.,n. 皮，外皮（尤指水果或蔬菜的）；v. 剥皮，削皮；脱落，剥落,,,
peep,piːp,v.,v. 偷看，窥视；发出吱吱声；n. 一瞥，偷看；吱吱声,,,
penalty,ˈpen.əl.ti,n.,n. 惩罚，处罚；罚款，罚金；（体育比赛中的）点球，罚球；不利因素，障碍,,,
penetrate,ˈpenɪtreɪt,v.,v. 穿过，刺入；渗透，渗入；洞察，看透；进入，打入（市场、组织等）,,,
peninsula,pəˈnɪnsjələ,n.,n. 半岛,,,
penny,ˈpeni,n.,n. 便士（英国货币单位，1/100 英镑）；美分（美国货币单位，1/100 美元）；一小笔钱；少量；很少的钱,,,
pension,ˈpenʃn,n.,n. 退休金，养老金；v. 发给...退休金,,,
people,ˈpiːpl,n.,n. 人，人们；民族，种族；v. 居住于，充满,,,
perfume,ˈpɜːfjuːm,n.,n. 香水，香料；v. 使充满芳香，洒香水于,,,
permanent,ˈpɜːmənənt,adj.,adj. 永久的，永恒的；长期的，持久的；不变的，固定的；永不褪色的,,,
permeate,ˈpɜːmieɪt,v.,v. 渗透，弥漫，遍及,,,
permission,pəˈmɪʃn,n.,n. 许可，准许；批准，许可证,,,
permit,pəˈmɪt,v.,v. 允许，准许；使有可能，使能够；n. 许可证，执照,,,
quantify,ˈkwɒntɪfaɪ,v.,v. 量化，定量；表述数量,,,
quantitative,ˈkwɒntɪtətɪv,adj.,adj. 定量的，数量的；可以计量的,,,
quantity,ˈkwɒntəti,n.,n. 数量，量；大量，大批,,,
race,reɪs,n.,n. 种族，人种；赛跑，比赛；竞争，竞赛；v. 赛跑，竞速；迅速移动；使急速运转；争分夺秒,,,
racial,ˈreɪʃl,adj.,adj. 种族的，人种的；基于种族的，与种族有关的,,,
rack,ræk,n.,n. 架子，搁架；行李架；痛苦，折磨；v. 使痛苦，折磨；把...放在架子上,,,
racket,ˈrækɪt,n.,n. 球拍；喧闹，吵闹声；非法的赚钱勾当，诈骗；v. 喧哗，发出刺耳的声音,,,
radio,ˈreɪdiəʊ,n.,n. 收音机；无线电；v. 用无线电发送,,,
radioactive,ˌreɪdiəʊˈæktɪv,adj.,adj. 放射性的，有辐射的；由放射性物质引起的,,,
radius,ˈreɪdiəs,n.,n. 半径；半径范围；桡骨；辐射体；辐射区,,,
rag,ræɡ,n.,n. 破布，抹布；报纸（非正式用法）；v. 戏弄，开玩笑,,,
rage,reɪdʒ,n.,n. 愤怒，狂怒；狂暴，盛怒；v. 发怒，大怒；猛烈地继续，肆虐,,,
raid,reɪd,n.,n. 突袭，袭击；（警察的）突击搜查；v. 突袭，袭击；突然搜查，突击检查,,,
semester,sɪˈmestə(r),n.,n. 学期（尤指大学的学期）,,,
semiconductor,ˌsemikənˈdʌktə(r),n.,n. 半导体,,,
seminar,ˈsemɪnɑː(r),n.,n. 研讨会，讨论会；（大学的）专题讨论课,,,
senate,ˈsenət,n.,n. 参议院；上议院,,,
senator,ˈsenətə(r),n.,n. 参议员；（古罗马的）元老,,,
sentence,ˈsentəns,n.,n. 句子；判决，宣判；v. 判决，宣判,,,
sentiment,ˈsentɪmənt,n.,n. 感情，情感；观点，看法；情绪,,,
session,ˈseʃn,n.,n. 会议，会期；(课程、治疗等的)一段时间，一节；(法庭、议会等的)开庭期，会期,,,
sew,səʊ,v.,v. 缝纫，缝制,,,
shine,ʃaɪn,v.,v. 发光，发亮；照耀；擦亮；表现突出，擅长；n. 光泽，光彩；擦亮,,,
shipment,ˈʃɪpmənt,n.,n. 装运，运输；一批装运的货物,,,
shiver,ˈʃɪvə(r),v.,v. 发抖，颤抖；n. 颤抖，哆嗦,,,
shock,ʃɒk,n.,n. 震惊，惊愕；冲击，震动；休克；电击；v. 使震惊，使惊愕；使触电；使不适，使反感,,,
shoot,ʃuːt,v.,v. 射击，开枪；射门，投篮；拍摄（照片或电影）；迅速移动；射出，喷射；(植物)发芽，抽枝；突然上升；快速增长；n. 嫩枝，新芽；拍摄，摄影；int. 表示惊讶或懊恼,,,
shot,ʃɒt,n.,n. 射击；枪声；射门；投篮；尝试；机会；注射；针剂；镜头；拍摄；adj. 射击的；注射的；v. 射击；拍摄（shoot的过去式和过去分词）,,,
shortage,ˈʃɔːtɪdʒ,n.,n. 缺乏，不足，短缺,,,
shortcoming,ˈʃɔːtkʌmɪŋ,n.,n. 缺点，短处，不足之处,,,
shorthand,ˈʃɔːthænd,n.,n. 速记法；简写，缩写；简称；adj. 速记的；简略的,,,
shove,ʃʌv,v.,v. 推，挤；粗鲁地塞进，硬塞；n. 猛推，猛挤,,,
temple,ˈtempl,n.,n. 寺庙，神殿；太阳穴,,,
tempo,ˈtempəʊ,n.,n. 节奏，拍子；速度，进度,,,
tenant,ˈtenənt,n.,n. 租户，房客；佃农，承租人,,,
tender,ˈtendə(r),adj.,adj. 温柔的，柔软的，脆弱的；嫩的，易碎的，敏感的；n. 投标，投标书；v. 提交，提供，投标,,,
tense,tens,adj.,adj. 紧张的，焦虑的；绷紧的，拉紧的；n. 时态；v. 使紧张，使绷紧,,,
tension,ˈtenʃn,n.,n. 紧张，焦虑；紧张状态，紧张关系；张力，拉力；矛盾，冲突；紧张局势,,,
then,ðen,adv.,adv. 那时，当时；然后，接着；那样，因此；adj. 当时的，那时的；conj. 那么，因此,,,
thereafter,ðeərˈɑːftə(r),adv.,adv. 此后，之后,,,
thereby,ðeəˈbaɪ,adv.,adv. 因此，从而，由此,,,
therefore,ˈðeəfɔː(r),adv.,adv. 因此，所以；由此,,,
vest,vest,n.,n. 背心，马甲；v. 授予（权力、财产等）；赋予（责任、权力等）,,,
veteran,ˈvetərən,n.,n. 退伍军人，老兵；经验丰富的人，老手；adj. 经验丰富的，老练的,,,
veto,ˈviːtəʊ,n.,n. 否决权；v. 否决，拒绝,,,
walk,wɔːk,v.,v. 步行，走路；陪...散步；遛（狗等）；n. 步行，散步；步态，走路方式,,,
ward,wɔːd,n.,n. 病房；监护；保护；受监护人；被监护人；行政区；v. 保护，守卫,,,
wardrobe,ˈwɔːdrəʊb,n.,n. 衣柜，衣橱；全部衣物，服装；（剧院或电视台的）服装部，戏装部,,,
warehouse,ˈweəhaʊs,n.,n. 仓库，货栈；v. 存放，仓储,,,
warfare,ˈwɔːfeə(r),n.,n. 战争，战争状态；战争行为，战争方式；斗争，冲突,,,
warmth,wɔːmθ,n.,n. 温暖，暖和；热情，热心；温馨，亲切,,,
warn,wɔːn,v.,v. 警告，提醒；预先通知,,,
warrant,ˈwɒrənt,n.,n. 授权令，许可证；正当理由，依据；v. 保证，担保；使有必要，使正当,,,
warranty,ˈwɒrənti,n.,n. 保证，保修,,,
aerial,ˈeəriəl,adj.,adj. 空中的，航空的；空气的，大气的；n. 天线,,,
affluent,ˈæfluənt,adj.,adj. 富裕的，富足的；丰富的，充裕的,,,
afterward,ˈɑːftəwəd,adv.,adv. 之后，后来,,,
afterwards,ˈɑːftəwədz,adv.,adv. 之后，后来,,,
against,əˈɡenst,prep.,prep. 反对，违反；靠着，倚着；与...相比；防备，预防；对照，衬托；逆；以...为背景,,,
age,eɪdʒ,n.,n. 年龄；时代，时期；长时间；v. （使）变老，（使）成熟,,,
coach,kəʊtʃ,n.,n. 教练；长途公共汽车；马车，大型客车；v. 指导；训练；辅导,,,
coalition,ˌkəʊəˈlɪʃn,n.,n. 联盟，联合；结合，联合体,,,
coarse,kɔːs,adj.,adj. 粗糙的，粗糙不平的；粗俗的，粗鲁的；粗劣的，劣质的,,,
cognitive,ˈkɒɡnətɪv,adj.,adj. 认知的，认识的，认知能力的,,,
inject,ɪnˈdʒekt,v.,v. 注射，注入；注入（资金、活力等）；插入，引入（话题等）,,,
injure,ˈɪndʒə(r),v.,v. 伤害，损害（身体）；损害（名誉、感情等）,,,
injury,ˈɪndʒəri,n.,n. 伤害，损害；创伤，受伤；侵害，侮辱,,,
ink,ɪŋk,n.,n. 墨水，油墨；v. 签署，签字,,,
inland,ˈɪnlənd,adj.,adj. 内陆的，国内的；adv. 在内陆，向内陆；n. 内陆，内地,,,
blank,blæŋk,adj.,adj. 空白的；空的；无表情的；n. 空白；空白处；v. 使变空白；使成空白,,,
blanket,ˈblæŋkɪt,n.,n. 毯子，毛毯；adj. 总括的，全面的；v. 覆盖，笼罩,,,
light,laɪt,n.,n. 光；光线；灯；adj. 轻的；浅色的；明亮的；v. 点亮；照亮；adv. 轻地；轻松地,,,
lightning,ˈlaɪtnɪŋ,n.,n. 闪电；adj. 闪电般的，极快的,,,
naked,ˈneɪkɪd,adj.,adj. 裸体的，赤裸的；无遮蔽的，暴露的；赤裸裸的，明显的；单纯的，纯粹的,,,
nail,neɪl,n.,n. 指甲；钉子；v. 钉住；抓住，逮住,,,
naive,naɪˈiːv,adj.,adj. 天真的，幼稚的；缺乏经验的，轻信的,,,
namely,ˈneɪmli,adv.,adv. 也就是说，即,,,
nap,næp,n.,n. 小睡，打盹；v. 小睡，打盹,,,
naughty,ˈnɔːti,adj.,adj. 调皮的，顽皮的；不听话的，淘气的,,,
keen,kiːn,adj.,adj. 热心的，渴望的；敏锐的，灵敏的；锋利的，尖锐的；强烈的，激烈的,,,
keyboard,ˈkiːbɔːd,n.,n. 键盘；电子琴,,,
labor,ˈleɪbə,n.,n. 劳动，工作；劳工，工人；分娩，产程；劳工部门；v. 劳动，苦干；努力完成，费力做；艰难行进,,,
labour,ˈleɪbə(r),n.,n. 劳动，工作；劳工，劳动力；分娩，生产；工党（英国）；v. 劳动，苦干；努力克服，忍受,,,
lace,leɪs,n.,n. 花边，蕾丝；鞋带；v. 用带子系紧；给...加花边；掺入，添加,,,
lack,læk,n.,n. 缺乏，不足，短缺；v. 缺乏，不足，没有,,,
lad,læd,n.,n. 男孩，小伙子；伙计，家伙（非正式用法）,,,
lamb,læm,n.,n. 羊羔，小羊；羔羊肉；v. 产羊羔,,,
lame,leɪm,adj.,adj. 跛的，瘸的；无说服力的，站不住脚的；无趣的，蹩脚的；v. 使跛行，使残废,,,
machine,məˈʃiːn,n.,n. 机器，机械；机构，组织；v. 用机器制造,,,
machinery,məˈʃiːnəri,n.,n. 机器，机械装置；体制，机构；运作方式，途径,,,
mad,mæd,adj.,adj. 生气的，恼火的；疯狂的，发狂的；狂热的，痴迷的；疯狂的，不理智的,,,
madam,ˈmædəm,n.,n. 女士，夫人（对成年女性的尊称）；女老板，女主管,,,
magic,ˈmædʒɪk,n.,n. 魔法；魔术；巫术；adj. 魔法的；不可思议的；有魔力的；v. 用魔法变出；用魔术般的手法移动,,,
magistrate,ˈmædʒɪstreɪt,n.,n. 地方法官，治安官,,,
magnet,ˈmæɡnət,n.,n. 磁铁，磁石；有吸引力的人或物,,,
magnetic,mæɡˈnetɪk,adj.,adj. 有磁性的，磁的；有吸引力的，有魅力的；磁性的，磁力的,,,
maiden,ˈmeɪdn,n.,n. 少女，未婚女子；adj. 首次的，初次的；未婚的，处女的,,,
main,meɪn,adj.,adj. 主要的，最重要的；主干的，主线的；n. 主要部分，要点；（自来水、煤气等的）主管道,,,
mainland,ˈmeɪnlənd,n.,n. 大陆，陆地；adj. 大陆的，内地的,,,
oar,ɔː(r),n.,n. 桨，橹；v. 用桨划（船）,,,
oath,əʊθ,n.,n. 誓言，誓约；宣誓，誓词,,,
obedience,əˈbiːdiəns,n.,n. 顺从，服从；遵守，遵从（规则、法律等）,,,
obedient,əˈbiːdiənt,adj.,adj. 顺从的，服从的；听话的，驯服的,,,
obey,əˈbeɪ,v.,v. 服从，遵守；遵循，遵守（规律、原则等）,,,
obesity,əʊˈbiːsəti,n.,n. 肥胖，肥胖症,,,
pack,pæk,n.,n. 一包，一捆；一群，一帮；背包；v. 打包，装箱；塞满，挤满；包装,,,
package,ˈpækɪdʒ,n.,n. 包裹，小包；一套，一组；包装，包装材料；一揽子交易，整套方案；v. 包装，把...包装起来,,,
pact,pækt,n.,n. 协定，条约，公约,,,
pad,pæd,n.,n. 垫子，衬垫；便笺簿，记事本；v. 填充，加垫,,,
paddle,ˈpædl,n.,n. 桨，划桨；v. 用桨划（船）；涉水，蹚水,,,
pain,peɪn,n.,n. 痛苦，疼痛；烦恼，麻烦；v. 使痛苦，使苦恼,,,
painful,ˈpeɪnfl,adj.,adj. 引起疼痛的，疼痛的；令人不快的，痛苦的,,,
paint,peɪnt,n.,n. 油漆，涂料；v. 涂油漆；绘画；描绘,,,
painter,ˈpeɪntə(r),n.,n. 画家，油漆工,,,
pair,peə(r),n.,n. 一对，一双；一副；一套；v. 配对；使成对；使配对,,,
pale,peɪl,adj.,adj. 苍白的，灰白的；淡色的；暗淡的，无力的；v. 变苍白，失色,,,
palm,pɑːm,n.,n. 手掌；棕榈树；棕榈叶；掌状物；v. 把...藏在手掌中；偷偷地塞给,,,
pamphlet,ˈpæmflət,n.,n. 小册子，手册,,,
panic,ˈpænɪk,n.,n. 恐慌，惊慌；adj. 恐慌的，惊慌的；v. 惊慌，恐慌,,,
pant,pænt,v.,v. 喘气，喘息；渴望，热切期待；n. 喘气，喘息；裤子（常用复数）,,,
paper,ˈpeɪpə(r),n.,n. 纸；报纸；文件；试卷；论文；报告；adj. 纸制的；v. 用纸糊；用纸包装,,,
paperback,ˈpeɪpəbæk,n.,n. 平装书，简装本；adj. 平装的，简装的,,,
parachute,ˈpærəʃuːt,n.,n. 降落伞；v. 用降落伞降落；空投,,,
parade,pəˈreɪd,n.,n. 游行，阅兵；一系列，一连串；v. 游行，列队行进；炫耀，夸耀,,,
paradigm,ˈpærədaɪm,n.,n. 范例，典范；模式，范式,,,
paradise,ˈpærədaɪs,n.,n. 天堂，乐园；极乐世界，理想境界,,,
paradox,ˈpærədɒks,n.,n. 悖论，自相矛盾的说法；似非而是的论点；自相矛盾的人或事物,,,
parameter,pəˈræmɪtə(r),n.,n. 参数，参量；界限，范围；决定因素,,,
parasite,ˈpærəsaɪt,n.,n. 寄生虫；食客，寄生者,,,
parcel,ˈpɑːsl,n.,n. 包裹，小包；一块地，一片土地；v. 打包，把...分成若干部分,,,
pardon,ˈpɑːdn,n.,n. 原谅，宽恕；赦免；v. 原谅，宽恕；请再说一遍（用于礼貌地请求重复）；interj. 对不起，抱歉（用于礼貌地请求重复或引起注意）,,,
parliament,ˈpɑːləmənt,n.,n. 议会，国会；议会制度；议会会议,,,
sack,sæk,n.,n. 麻袋，袋子；解雇；v. 解雇；炒鱿鱼；洗劫，掠夺,,,
sacred,ˈseɪkrɪd,adj.,adj. 神圣的，庄严的；宗教的，宗教性的；不可侵犯的，神圣不可冒犯的,,,
sacrifice,ˈsækrɪfaɪs,n.,n. 牺牲，舍弃；祭品，供品；献祭，祭祀；v. 牺牲，舍弃；献祭，祭祀,,,
saddle,ˈsædl,n.,n. 鞍，马鞍；（自行车等的）车座；（山的）鞍部；v. 给（马等）备鞍；使负担；使承担,,,
sample,ˈsɑːmpl,n.,n. 样品，样本；试样；抽样，取样；v. 取样，抽样调查；品尝，尝试；adj. 样品的，作为样品的,,,
sanction,ˈsæŋkʃən,n.,n. 制裁，处罚；批准，认可；v. 制裁，处罚；批准，认可,,,
sandwich,ˈsænwɪdʒ,n.,n. 三明治，夹心面包；v. 夹入，挤入,,,
sane,seɪn,adj.,adj. 理智的，神志清醒的；明智的，合理的,,,
sarcastic,sɑːˈkæstɪk,adj.,adj. 讽刺的，嘲讽的,,,
satellite,ˈsætəlaɪt,n.,n. 卫星，人造卫星；卫星国，附属国；卫星城，卫星镇；adj. 卫星的，人造卫星的,,,
ugly,ˈʌɡli,adj.,adj. 丑陋的，难看的；令人不快的，糟糕的；威胁性的，危险的,,,
ultraviolet,ˌʌltrəˈvaɪələt,adj.,adj. 紫外线的，紫外的；n. 紫外线,,,
umbrella,ʌmˈbrelə,n.,n. 雨伞，阳伞；保护伞，庇护；adj. 伞形的，总括的,,,
unanimous,juːˈnænɪməs,adj.,adj. 一致的，全体同意的,,,
uncover,ʌnˈkʌvə(r),v.,v. 揭开，揭露，发现；查明，发现（秘密或隐藏的事物）,,,
vacant,ˈveɪkənt,adj.,adj. 空的，无人占用的；空虚的，茫然的；空闲的，空缺的,,,
vacation,vəˈkeɪʃn,n.,n. 假期，休假；v. 度假,,,
vaccine,ˈvæksiːn,n.,n. 疫苗,,,
vacuum,ˈvækjuəm,n.,n. 真空，真空状态；空虚，空白；吸尘器；v. 用吸尘器清洁,,,
valve,vælv,n.,n. 阀门，活门；（心脏或血管的）瓣膜；真空管，电子管,,,
wagon,ˈwæɡən,n.,n. 马车，四轮运货车；（火车的）客车厢，货车厢,,,
waggon,ˈwæɡən,n.,n. (尤指旧式的)四轮大车，货车,,,
waist,weɪst,n.,n. 腰，腰部,,,
wake,weɪk,v.,v. 醒来，唤醒；唤起，激起；n. 尾迹，航迹,,,
waken,ˈweɪkən,v.,v. 醒来；唤醒，叫醒,,,
X-ray,ˈeks reɪ,n.,n. X射线；X光；X光片；X光检查；v. 给...照X光；用X射线检查,,,
yard,jɑːd,n.,n. 院子，庭院；码（长度单位，等于0.9144米）；船坞，造船厂；车站的调车场,,,
yawn,jɔːn,n.,n. 哈欠；v. 打哈欠；张开；裂开,,,
yearly,ˈjɪəli,adj.,adj. 每年的，一年一度的；adv. 每年，一年一次,,,
yell,jel,v.,v. 大喊，叫喊；n. 叫喊声，吼叫声,,,
yet,jet,adv.,adv. 还，仍然；已经，现在；更，还；conj. 然而，但是,,,
zeal,ziːl,n.,n. 热情，热忱，热心,,,
zero,ˈzɪərəʊ,n.,n. 零，零度；零点，最低点；无，没有；num. 零；v. 调零，使归零；adj. 零的，最低的,,,
zip,zɪp,n.,n. 拉链；邮政编码；v. 迅速移动；用拉链扣上或拉上,,,
agency,ˈeɪdʒənsi,n.,n. 代理处，经销处；代理权，代理行为；政府机构，机关,,,
agenda,əˈdʒendə,n.,n. 议程，待办事项；隐藏的动机或计划,,,
agony,ˈæɡəni,n.,n. 极度的痛苦，剧痛；精神上的极度痛苦，煎熬,,,
bath,bɑːθ,n.,n. 洗澡；浴室；浴盆；沐浴；浸泡；洗涤剂；v. 给...洗澡；沐浴,,,
bathe,beɪð,v.,v. 洗澡，沐浴；浸泡，浸洗；用水清洗（尤指伤口）；覆盖，笼罩,,,
batch,bætʃ,n.,n. 一批，一组，一批次；（烘焙的）一批，一炉；v. 分批处理，批量处理,,,
acquaint,əˈkweɪnt,v.,v. 使熟悉，使了解,,,
acquaintance,əˈkweɪntəns,n.,n. 认识的人，熟人；相识，认识；了解，熟悉,,,
across,əˈkrɒs,prep.,prep. 在...的对面；横过，穿过；adv. 横过，穿过；在对面；adj. 交叉的，横过的,,,
satisfaction,ˌsætɪsˈfækʃn,n.,n. 满意，满足；满足感，愉悦感；赔偿，补偿；债务的偿还,,,
satisfactory,ˌsætɪsˈfæktəri,adj.,adj. 令人满意的，合格的；可以接受的，足够好的,,,
satisfy,ˈsætɪsfaɪ,v.,v. 满足，使满意；符合，达到（要求、标准等）；使确信，使相信,,,
satire,ˈsætaɪə(r),n.,n. 讽刺，讽刺作品,,,
saturate,ˈsætʃəreɪt,v.,v. 使充满，使饱和；使市场饱和；adj. 饱和的，浸透的,,,
sauce,sɔːs,n.,n. 调味汁，酱；v. 给...加调味汁,,,
saucer,ˈsɔːsə(r),n.,n. 茶碟，小圆碟,,,
sausage,ˈsɒsɪdʒ,n.,n. 香肠，腊肠,,,
saw,sɔː,n.,n. 锯子；v. 看见，看到；理解，明白；遇见，会见；锯，锯开,,,
scan,skæn,v.,v. 快速浏览，粗略查看；仔细检查，审视；扫描（文件等）；n. 扫描，扫描检查,,,
scandal,ˈskændl,n.,n. 丑闻，丑事；流言蜚语，谣言,,,
scar,skɑː(r),n.,n. 伤疤，疤痕；创伤，精神创伤；v. 给...留下疤痕；损害；给...留下创伤,,,
scarce,skeəs,adj.,adj. 缺乏的，不足的；稀少的，罕见的；adv. 勉强，几乎不,,,
scarcely,ˈskeəsli,adv.,adv. 几乎不，勉强，刚刚；几乎没有，几乎不存在,,,
scare,skeə(r),v.,v. 使惊恐，吓唬；n. 惊恐，恐慌,,,
scarf,skɑːf,n.,n. 围巾，头巾；v. 狼吞虎咽地吃,,,
scatter,ˈskætə(r),v.,v. 分散，散开；撒，散播；使分散；使散开；使散布；n. 分散，散播,,,
scenario,sɪˈnɑːriəʊ,n.,n. 情节；剧本；场景；设想；方案；预想的情况,,,
scent,sent,n.,n. 气味，香味；痕迹，线索；v. 闻到...的气味；察觉，发觉,,,
scholar,ˈskɒlə(r),n.,n. 学者，专家；学生，尤指获得奖学金的学生,,,
scholarship,ˈskɒlərʃɪp,n.,n. 奖学金；学问，学识；学术研究,,,
school,skuːl,n.,n. 学校；校舍；上学；学业；学院；学派；流派；群体（鱼、鲸等）；v. 教育；训练,,,
tablet,ˈtæblət,n.,n. 药片，片剂；平板电脑；石碑，碑文,,,
taboo,təˈbuː,n.,n. 禁忌，忌讳；adj. 禁忌的，忌讳的,,,
tackle,ˈtækl,v.,v. 处理，应付；阻截，擒抱（运动员）；着手处理，处理；n. 体育用具，用具；阻截，擒抱；装备，用具,,,
tactic,ˈtæktɪk,n.,n. 策略，战术，手段,,,
tag,tæɡ,n.,n. 标签，标牌；姓名牌；标语，口号；附加语；v. 贴标签于；把...称为；尾随，跟踪,,,
tailor,ˈteɪlə(r),n.,n. 裁缝；v. 使合适，使适应；专门制作，定做,,,
tale,teɪl,n.,n. 故事；传说；叙述,,,
tame,teɪm,adj.,adj. 驯服的，温顺的；乏味的，平淡的；驯化的，栽培的；v. 驯服，驯化；控制，抑制,,,
tan,tæn,n.,n. 棕褐色；晒黑的皮肤；adj. 棕褐色的；晒黑的；v. 晒黑；鞣制（皮革）,,,
tangible,ˈtændʒəbl,adj.,adj. 可触摸的，有形的；真实的，确实的；明显的，可感知的,,,
tangle,ˈtæŋɡl,n.,n. 纠缠；混乱；乱糟糟的一堆；纠纷；复杂的问题；v. 使缠结；使纠缠不清；使混乱；使陷入困境,,,
tank,tæŋk,n.,n. 坦克；水箱；罐；池；v. 失败；垮掉,,,
tanker,ˈtæŋkə(r),n.,n. 油轮，运油船；油罐车，油槽车,,,
tap,tæp,n.,n. 水龙头；轻拍，轻敲；v. 轻拍，轻敲；开发，利用；窃听；选择，挑选,,,
tape,teɪp,n.,n. 带子，条带；磁带，录音带；v. 用带子捆扎；录音，录像,,,
tariff,ˈtærɪf,n.,n. 关税，税率；v. 对...征收关税,,,
tax,tæks,n.,n. 税，税金；负担，重负；v. 征税，课税；使负重担，使承受压力；认定，指责,,,
undergraduate,ˌʌndəˈɡrædʒuət,n.,n. 本科生，大学生；adj. 本科的，大学的,,,
underground,ˈʌndəɡraʊnd,adj.,adj. 地下的，地面下的；秘密的，地下的；n. 地铁，地下铁路；地下组织，秘密组织；adv. 在地下，地面下；v. 把...置于地下，使...秘密进行,,,
undermine,ˌʌndəˈmaɪn,v.,v. 逐渐削弱，暗中破坏；挖空…的下部，侵蚀…的基础,,,
underneath,ˌʌndəˈniːθ,prep.,prep. 在...下面；在...底下；adv. 在下面；在底下；n. 下面；底下；adj. 在下面的；在底下的,,,
van,væn,n.,n. 小型货车，厢式货车,,,
vanity,ˈvænəti,n.,n. 虚荣心，自负；空虚，无价值；梳妆台，化妆台,,,
vapor,ˈveɪpə(r),n.,n. 蒸汽，水汽；（尤指有毒或有害的）气体，烟雾,,,
vapour,ˈveɪpə(r),n.,n. 蒸汽，水汽；（液体蒸发形成的）气体,,,
vegetarian,ˌvedʒəˈteəriən,n.,n. 素食者；adj. 素食的，不含肉的,,,
vegetation,ˌvedʒəˈteɪʃn,n.,n. 植物，植被,,,
vehicle,ˈviːəkl,n.,n. 车辆，交通工具；载体，媒介；手段，工具,,,
cash,kæʃ,n.,n. 现金，现款；v. 兑现，把…兑换成现金,,,
cashier,kæˈʃɪə(r),n.,n. 收银员，出纳员；v. 解雇，开除,,,
catalog,ˈkætəlɒɡ,n.,n. 目录，清单；商品目录，产品目录；v. 将...编入目录，列入目录,,,
catalogue,ˈkætəlɒɡ,n.,n. 目录，一览表；（商品）目录，产品手册；v. 将...编入目录，列入目录,,,
catastrophe,kəˈtæstrəfi,n.,n. 灾难，灾祸，大祸,,,
dead,ded,adj.,adj. 死的，无生命的；完全的，彻底的；静止的，停滞的；无味的，走味的；麻木的，无感觉的；废弃的，无用的；adv. 完全地，彻底地；n. 死者，死人,,,
deadline,ˈded.laɪn,n.,n. 最后期限，截止日期,,,
deadly,ˈdedli,adj.,adj. 致命的，要命的；非常的，极度的；adv. 非常，极其,,,
deaf,def,adj.,adj. 耳聋的，听不见的；不愿听的，不愿理会的；n. 聋人（常用复数形式 the deaf）,,,
dean,diːn,n.,n. （大学的）学院院长；系主任；（大学的）教务长；（大教堂的）主任牧师,,,
edible,ˈedɪbl,adj.,adj. 可食用的，能吃的,,,
edit,ˈedɪt,v.,v. 编辑，修改；剪辑，剪接；n. 编辑，修改,,,
edition,ɪˈdɪʃn,n.,n. 版本，版次；（报纸、杂志等的）一期，版,,,
editor,ˈedɪtə(r),n.,n. 编辑，编辑人员；主编，编辑主任；编辑程序，编辑器,,,
editorial,ˌedɪˈtɔːriəl,adj.,adj. 社论的，编辑的；n. 社论，评论性文章,,,
fake,feɪk,adj.,adj. 假的，伪造的；n. 赝品，假货；v. 伪造，假装,,,
false,fɔːls,adj.,adj. 不真实的，错误的；人造的，假的；虚伪的，不忠实的；adv. 不真实地，虚假地；n. 谎言，假话,,,
fame,feɪm,n.,n. 名声，声誉；v. 使闻名，使有名,,,
familiar,fəˈmɪliə(r),adj.,adj. 熟悉的，常见的；亲密的，随和的；n. 熟悉的人或物,,,
family,ˈfæməli,n.,n. 家庭，家人；家族，氏族；家族，种类；科（生物分类单位）；adj. 家庭的，家族的,,,
famine,ˈfæmɪn,n.,n. 饥荒，饥馑；极度缺乏，严重短缺,,,
fantastic,fænˈtæstɪk,adj.,adj. 极好的，非常棒的，了不起的；异想天开的，荒诞的，不切实际的；n. 奇幻作品,,,
fantastical,fænˈtæstɪkl,adj.,adj. 奇幻的，荒诞不经的，异想天开的,,,
fantasy,ˈfæntəsi,n.,n. 幻想，想象；奇幻小说，奇幻文学；幻想作品，虚构的故事,,,
reassure,ˌriːəˈʃʊə(r),v.,v. 使安心，使放心；重新确保，再保证,,,
rebel,ˈrebl,n.,n. 反叛者，叛逆者；v. 反抗，反叛；adj. 反叛的，造反的,,,
rebellion,rɪˈbeljən,n.,n. 反叛，叛乱，起义；反抗，抵制，违抗,,,
recede,rɪˈsiːd,v.,v. 后退，退去；逐渐减弱，消退；（头发）后移,,,
receipt,rɪˈsiːt,n.,n. 收据，发票；收到，接到；收据存根；v. 在...上签收,,,
reception,rɪˈsepʃn,n.,n. 接待，招待；接收，接受；招待会，欢迎会；接待处，前台；接收效果，接收质量,,,
recession,rɪˈseʃn,n.,n. 经济衰退，萧条；后退，撤退；凹处，凹陷,,,
recipe,ˈresəpi,n.,n. 食谱，烹饪法；配方，处方；诀窍，方法,,,
recipient,rɪˈsɪpiənt,n.,n. 接受者，收受者,,,
reciprocal,rɪˈsɪprəkl,adj.,adj. 相互的，互惠的；倒数的（数学）；n. 倒数（数学）,,,
recite,rɪˈsaɪt,v.,v. 背诵，朗诵；列举，详述,,,
telescope,ˈtelɪskəʊp,n.,n. 望远镜；v. 缩短；压缩；使套叠,,,
telegraph,ˈtelɪɡrɑːf,n.,n. 电报；电报机；v. 发电报；电告；预示；暗示,,,
tell,tel,v.,v. 告诉，说；讲述，叙述；辨别，区分；产生影响，起作用；命令，吩咐；泄露，透露,,,
tear,tɪə(r),n.,n. 眼泪；撕裂，裂口；v. 撕，扯，撕裂；（使）扯破，（使）撕开；疾驰，飞奔,,,
tease,tiːz,v.,v. 戏弄，取笑；逗弄，挑逗；梳理（羊毛等）；挑出，剥出；n. 戏弄，取笑；挑逗者,,,
tedious,ˈtiːdiəs,adj.,adj. 乏味的，单调的，冗长乏味的,,,
undo,ʌnˈduː,v.,v. 解开，打开；取消，撤销；使无效；毁掉，破坏,,,
undoubtedly,ʌnˈdaʊtɪdli,adv.,adv. 无疑地，毫无疑问地,,,
peaceful,ˈpiːsfl,adj.,adj. 和平的，平静的；安宁的，宁静的；爱好和平的，温和的,,,
peak,piːk,n.,n. 山顶，顶点；最高点，顶峰；v. 达到顶点，达到最高值；adj. 最高的，最大的,,,
pearl,pɜːl,n.,n. 珍珠；珍品，精华；adj. 珍珠的，珍珠色的,,,
pedal,ˈpedl,n.,n. 踏板，脚蹬；v. 踩踏板，骑自行车,,,
pedestrian,pəˈdestriən,n.,n. 行人，步行者；adj. 平凡的，乏味的，缺乏想象力的,,,
harassment,həˈræsmənt,n.,n. 骚扰，侵扰，烦扰,,,
harbour,ˈhɑːbə(r),n.,n. 港口，海港；v. 庇护，窝藏；心怀，怀有（想法或感觉）,,,
harbor,ˈhɑːbə(r),n.,n. 港口，海港；避难所，庇护所；v. 庇护，藏匿；怀有（想法、感情）,,,
hard,hɑːd,adj.,adj. 坚硬的，结实的；困难的，艰难的；努力的，刻苦的；严厉的，严格的；艰苦的，艰难的；强烈的，猛烈的；adv. 努力地，刻苦地；猛烈地，强烈地；n. 困难，难事,,,
harden,ˈhɑːdn,v.,v. 使变硬，使坚固；使变得坚强，使坚韧；使冷酷，使无情,,,
hardly,ˈhɑːdli,adv.,adv. 几乎不，简直不；仅仅，刚刚；严厉地，苛刻地,,,
hardship,ˈhɑːdʃɪp,n.,n. 困难；苦难；艰难,,,
hardware,ˈhɑːdweə(r),n.,n. 硬件，计算机硬件；五金制品，金属器具；军事装备，武器,,,
hero,ˈhɪərəʊ,n.,n. 英雄，勇士；男主角；偶像，榜样,,,
heroic,hɪˈrəʊɪk,adj.,adj. 英雄的，英勇的，豪迈的；巨大的，非凡的，惊人的,,,
heroin,ˈherəʊɪn,n.,n. 海洛因（一种毒品）,,,
heroine,ˈherəʊɪn,n.,n. 女英雄；女主角,,,
impatient,ɪmˈpeɪʃnt,adj.,adj. 急躁的，不耐烦的；渴望的，热切的；不能容忍的，无法忍受的,,,
imperative,ɪmˈperətɪv,adj.,adj. 必要的，极重要的；命令的，强制的；祈使的（语法）；n. 必要的事，必须做的事；祈使语气，祈使句,,,
imperial,ɪmˈpɪəriəl,adj.,adj. 帝国的，皇帝的；帝王的，威严的，宏伟的；n. 特大号纸张；帝国主义者,,,
impetus,ˈɪmpɪtəs,n.,n. 推动力，促进因素；动力，冲力,,,
lane,leɪn,n.,n. 小路，小巷；车道，行车道；泳道,,,
lantern,ˈlæntən,n.,n. 灯笼，提灯；灯笼状物,,,
lap,læp,n.,n. 大腿上的部分；一圈，一周；一圈（赛跑等）；重叠部分；v. 舔；拍打；包围；超越,,,
lapse,læps,n.,n. （时间的）流逝，经过；（记忆、注意力等的）暂时失效；（行为、信仰等的）失误，偏离；（权利、特权等的）终止，丧失；v. （时间）流逝，过去；（协议等）失效，终止；犯错，失误,,,
laser,ˈleɪzə(r),n.,n. 激光；激光器；v. 用激光处理；用激光照射,,,
lash,læʃ,n.,n. 睫毛；鞭子，鞭打；v. 鞭打，抽打；猛烈抨击，严厉批评；（风雨等）猛烈打击；将...系牢，捆绑,,,
mankind,mænˈkaɪnd,n.,n. 人类，人种,,,
manoeuvre,məˈnuːvə(r),n.,n. 巧妙的动作，策略性行动；军事演习，军事行动；v. 巧妙地移动或操纵；策略性地行动或操作,,,
maneuver,məˈnuːvə(r),n.,n. 计谋，策略；军事演习；v. 巧妙地移动或操纵；策划，操纵,,,
manual,ˈmænjuəl,adj.,adj. 手工的，手动的；体力的，靠体力的；n. 手册，指南；使用说明书,,,
manufacture,ˌmænjuˈfæktʃə(r),v.,v. 制造，生产；捏造，编造；n. 制造，生产；制造业,,,
manuscript,ˈmænjʊskrɪpt,n.,n. 手稿，原稿；手写的文件,,,
obstacle,ˈɒbstəkl,n.,n. 障碍，阻碍，妨碍,,,
obstruct,əbˈstrʌkt,v.,v. 阻塞，阻碍，妨碍,,,
obstruction,əbˈstrʌkʃn,n.,n. 阻碍物，障碍物；阻塞，堵塞；妨碍，阻挠；阻碍行为，阻挠罪,,,
occasion,əˈkeɪʒn,n.,n. 场合，时机；理由，缘由；重大事件，特殊场合；需要，必要,,,
occasional,əˈkeɪʒənl,adj.,adj. 偶尔的，间或发生的；不经常的，偶然的；特殊场合的,,,
odd,ɒd,adj.,adj. 奇数的；单数的；奇怪的；古怪的；不寻常的；零散的；不成对的；偶尔的；零星的；n. 古怪的人；怪人,,,
odds,ɒdz,n.,n. 可能性，机会；赔率；不利条件，不利因素,,,
odour,ˈəʊdə(r),n.,n. 气味，香味，臭味,,,
odor,ˈəʊdə(r),n.,n. 气味，味道；名声，声誉,,,
scold,skəʊld,v.,v. 责骂，斥责,,,
scout,skaʊt,n.,n. 侦察员；童子军；v. 侦察；搜索；物色,,,
scramble,ˈskræmbl,v.,v. 争抢，抢夺；匆忙行动；爬，攀登（尤指用手和脚）；扰乱，打乱；n. 争抢，抢夺；混乱，慌乱,,,
scrap,skræp,n.,n. 碎片，废料；少量，些许；争吵，打架；v. 废弃，抛弃；取消，放弃,,,
scrape,skreɪp,v.,v. 刮，擦，刮掉；勉强通过或完成；艰难地积累（钱财等）；n. 刮擦，擦痕；困境，险境,,,
scratch,skrætʃ,v.,v. 抓，搔；划伤，擦伤；刮擦，发出刮擦声；勉强维持，勉强通过；n. 抓痕，划痕；起跑线，起点；划痕声，刮擦声；adj. 从头开始的，白手起家的,,,
scream,skriːm,v.,v. 尖叫，大叫；（风）呼啸，尖啸；n. 尖叫声，大叫声；可笑的人或物,,,
screen,skriːn,n.,n. 屏幕，银幕；帘，屏风；屏障，掩蔽物；v. 放映，播放；筛选，审查；遮蔽，掩护,,,
screw,skruː,n.,n. 螺丝钉，螺钉；v. 拧紧，拧入；欺骗，敲诈,,,
script,skrɪpt,n.,n. 剧本，脚本；手稿，原稿；字体，书写体；脚本语言；v. 为...写剧本,,,
scrutiny,ˈskruːtəni,n.,n. 仔细的检查，细致的审查；监视，监督,,,
sculpture,ˈskʌlptʃə(r),n.,n. 雕塑；雕刻；雕塑艺术；v. 雕刻；塑造,,,
seal,siːl,n.,n. 海豹；印章，图章；密封，封条；v. 密封，封闭；盖章，盖印；确定，决定,,,
seam,siːm,n.,n. 缝，接缝；煤层，矿层；v. 缝合；使有缝隙,,,
second,ˈsekənd,adj.,adj. 第二的；次要的；n. 秒；片刻；瞬间；v. 支持；赞成；adv. 第二；其次,,,
secondary,ˈsekəndəri,adj.,adj. 次要的，第二位的；中等的，第二流的；继发的，派生的；中级的，中等教育的；n. 次要事物，次要地位,,,
secretary,ˈsekrətri,n.,n. 秘书，书记；部长，大臣；（社团、俱乐部等的）书记，秘书,,,
section,ˈsekʃn,n.,n. 部分，章节；部门，科室；截面，剖面；地区，区域；部分，部类；v. 切开，分割,,,
sector,ˈsektə(r),n.,n. 部门，行业；扇形；部分，区域；防御区域,,,
segment,ˈseɡmənt,n.,n. 部分，片段，段；（数学）弧段，线段；（生物）节，体节；v. 分割，划分,,,
segregate,ˈseɡrɪɡeɪt,v.,v. 分开，隔离；使种族隔离，使种族分离,,,
seize,siːz,v.,v. 抓住，捉住；夺取，占领；抓住（机会等），利用,,,
veil,veɪl,n.,n. 面纱，头纱；遮蔽物，掩饰物；v. 遮蔽，掩饰,,,
vein,veɪn,n.,n. 静脉；叶脉；矿脉；倾向，性情；方式，风格,,,
velocity,vəˈlɒsəti,n.,n. 速度，速率；速度（包括方向），速率向量,,,
velvet,ˈvelvɪt,n.,n. 天鹅绒，丝绒；adj. 天鹅绒制的，柔软的，丝般光滑的,,,
vertical,ˈvɜːtɪkl,adj.,adj. 垂直的，竖直的；垂直的，纵向的；直立的；垂直整合的（商业）；n. 垂直线，垂直位置,,,
verge,vɜːdʒ,n.,n. 边缘，边界；路肩，路边；v. 接近，濒临,,,
versatile,ˈvɜːsətaɪl,adj.,adj. 多才多艺的，多用途的，多功能的,,,
versus,ˈvɜːsəs,prep.,prep. 对，对抗，与...相对,,,
bake,beɪk,v.,v. 烘烤，烘焙；（使）烤熟,,,
bait,beɪt,n.,n. 诱饵，鱼饵；诱惑物，诱因；v. 用诱饵引诱；折磨，激怒,,,
bachelor,ˈbætʃələ(r),n.,n. 未婚男子，单身汉；学士，学士学位,,,
backward,ˈbækwəd,adj.,adj. 向后的，倒退的；落后的，不发达的；迟钝的，反应慢的；adv. 向后地，倒退地,,,
bacteria,bækˈtɪəriə,n.,n. 细菌（复数）；细菌（单复数同形）,,,
bad,bæd,adj.,adj. 坏的，不好的；有害的，有危险的；严重的，厉害的；不利的，不景气的；n. 坏人，坏事；adv. 非常，严重地,,,
badly,ˈbædli,adv.,adv. 糟糕地，恶劣地；非常，严重地；强烈地，迫切地,,,
badge,bædʒ,n.,n. 徽章，证章，标记；v. 给...授予徽章，标记,,,
badminton,ˈbædmɪntən,n.,n. 羽毛球运动,,,
baggage,ˈbæɡɪdʒ,n.,n. 行李，包裹；（思想、态度等的）包袱，负担,,,
bail,beɪl,n.,n. 保释金；保释；担保；把手；杓；v. 保释；帮助某人脱离困境；舀水；往外舀；跳伞逃生,,,
abdomen,ˈæbdəmən,n.,n. 腹部，肚子,,,
aboard,əˈbɔːd,adv.,adv. 在船上，在飞机上，在车上；在船上，在飞机上，在车上；加入，参与；prep. 在（船、飞机、车）上,,,
abound,əˈbaʊnd,vi.,vi. 大量存在，富于，充满,,,
above,əˈbʌv,prep.,prep. 在...上方；高于；超过；adv. 在上面，在上文；adj. 上述的，前面提到的,,,
abrupt,əˈbrʌpt,adj.,adj. 突然的，意外的；唐突的，鲁莽的；陡峭的，险峻的,,,
absurd,əbˈsɜːd,adj.,adj. 荒谬的，荒唐的，不合理的；n. 荒谬的事物，荒唐,,,
abundant,əˈbʌndənt,adj.,adj. 丰富的，大量的；充足的，富余的,,,
abuse,əˈbjuːs,n.,n. 滥用，虐待，辱骂；不当行为，违法行为；v. 滥用，虐待，辱骂；不当使用，违法使用,,,
cab,kæb,n.,n. 出租车，计程车；v. 乘出租车,,,
cabinet,ˈkæbɪnət,n.,n. 橱柜，柜子；内阁，内阁会议；（某种用途的）小柜子,,,
cable,ˈkeɪbl,n.,n. 电缆，电线；海底电报；有线电视；钢索，缆绳；v. 发电报，打电报,,,
calendar,ˈkælɪndə(r),n.,n. 日历；月历；日程表；历法,,,
calorie,ˈkæləri,n.,n. 卡路里（热量单位）；食物中的热量,,,
damage,ˈdæmɪdʒ,n.,n. 损害，损坏；损失；赔偿金，损害赔偿；v. 损害，损坏,,,
damn,dæm,adj.,adj. 该死的，讨厌的；adv. 非常，极其；v. 谴责，诅咒,,,
damp,dæmp,adj.,adj. 潮湿的，微湿的；n. 潮湿，湿气；v. 使潮湿，使沮丧，抑制,,,
eager,ˈiːɡə(r),adj.,adj. 渴望的，热切的；热衷的，急切的,,,
ear,ɪə(r),n.,n. 耳朵；听力；听觉；穗，麦穗；听辨能力，音乐感,,,
earnest,ˈɜːnɪst,adj.,adj. 认真的，诚挚的；热切的，急切的；n. 认真，诚挚；定金，保证金,,,
earth,ɜːθ,n.,n. 地球；土地，陆地；土，泥土；尘世，人间；v. 把（电气设备）接地,,,
ease,iːz,n.,n. 轻松，容易；舒适，安逸；v. 减轻，缓解；使容易，使舒适,,,
east,iːst,n.,n. 东方，东边；adj. 东方的，东部的；adv. 向东方，在东方,,,
ebb,eb,n.,n. 退潮，低潮；v. 退潮，衰退，减少,,,
fable,ˈfeɪbl,n.,n. 寓言故事；虚构的故事，谎言,,,
fabulous,ˈfæbjələs,adj.,adj. 极好的，绝妙的，非凡的；传说中的，虚构的，寓言式的,,,
facilitate,fəˈsɪlɪteɪt,v.,v. 使容易，促进，推动,,,
facility,fəˈsɪləti,n.,n. 设施，设备；场所，建筑物；才能，天赋；便利，方便,,,
faculty,ˈfæk.əl.ti,n.,n. 能力，才能；（大学的）系，院，faculty（教职员）,,,
gang,ɡæŋ,n.,n. 帮派，团伙；一群，一帮；v. 结伙，成群结队,,,
gaol,dʒeɪl,n.,n. 监狱，监牢；v. 监禁，关押,,,
jail,dʒeɪl,n.,n. 监狱，牢房；v. 把...关进监狱，监禁,,,
garage,ˈɡærɑːʒ,n.,n. 车库，汽车修理厂；v. 把...存放在车库里,,,
garbage,ˈɡɑːbɪdʒ,n.,n. 垃圾，废物；无用的东西，废话,,,
gas,ɡæs,n.,n. 气体；煤气；汽油；天然气；毒气；v. 加油；给...加油,,,
gasp,ɡɑːsp,v.,v. 喘息，倒抽气；气喘吁吁地说；n. 喘息，倒抽气,,,
gather,ˈɡæðə(r),v.,v. 收集，聚集；推断，猜测；增加，积聚,,,
gauge,ɡeɪdʒ,n.,n. 测量仪器，量规；标准，尺度；v. 测量，估计；判断，评估,,,
gay,ɡeɪ,adj.,adj. 快乐的，愉快的；同性恋的；n. 同性恋者,,,
gaze,ɡeɪz,n.,n. 凝视，注视；v. 凝视，注视,,,
gear,ɡɪə(r),n.,n. 齿轮，传动装置；装备，用具；衣服，服装；v. 调整，使适应,,,
gender,ˈdʒendə(r),n.,n. 性别；性别（社会或文化意义上的）；（语法中的）性,,,
hail,heɪl,n.,n. 冰雹；一阵（问候、赞扬等）；v. 下冰雹；欢呼，喝彩；招呼，打招呼,,,
hall,hɔːl,n.,n. 走廊，门厅；大厅，礼堂；宿舍，学生公寓；会堂，宴会厅,,,
halt,hɔːlt,v.,v. 停止，中止；使停止，使中止；n. 停止，中止,,,
hand,hænd,n.,n. 手；指针；帮助；人手；一把（用于衡量马的高度）；班；组；帮手；纸牌中的一手牌；v. 递给；交给；搀扶；adj. 手工的；手动的,,,
handbook,ˈhændbʊk,n.,n. 手册，指南,,,
handful,ˈhændfʊl,n.,n. 一把，一小撮；少量，少数；难以控制的人或事物,,,
handle,ˈhændl,n.,n. 把手；柄；v. 处理；应付；操纵；触摸；搬运；管理；控制；经营,,,
handy,ˈhændi,adj.,adj. 方便的，有用的；手边的，附近的；灵巧的，手巧的,,,
hang,hæŋ,v.,v. 悬挂，挂；吊死，绞死；悬垂，下垂；逗留，徘徊,,,
ham,hæm,n.,n. 火腿；业余无线电爱好者；v. 过分表演,,,
hammer,ˈhæmə(r),n.,n. 锤子；榔头；v. 锤打；敲打；反复强调,,,
ice,aɪs,n.,n. 冰；冰块；冰淇淋；冷饮；v. 冰镇；冷却；使冷冻；使冷淡；使疏远,,,
idiom,ˈɪdiəm,n.,n. 习语，成语；语言特征，表达方式,,,
idle,ˈaɪdl,adj.,adj. 闲置的，空闲的；懒惰的，懒散的；无用的，无价值的；v. 空转，无所事事；n. 懒散的人,,,
if,ɪf,conj.,conj. 如果，假如；是否；n. 条件，设想,,,
ignite,ɪɡˈnaɪt,v.,v. 点燃，使燃烧；激起，引起（感情、反应等）；激发，唤起（兴趣、热情等）,,,
illegal,ɪˈliːɡl,adj.,adj. 非法的，不合法的；违规的，违反规则的；n. 非法移民,,,
illiterate,ɪˈlɪtərət,adj.,adj. 不识字的，文盲的；无知的，缺乏教育的；n. 文盲，不识字的人,,,
illuminate,ɪˈluːmɪneɪt,v.,v. 照亮，照明；阐明，解释；使明白，启发,,,
jam,dʒæm,n.,n. 果酱；拥挤，堵塞；v. 塞满，挤进；卡住，夹住,,,
jargon,ˈdʒɑːɡən,n.,n. 行话，行业术语；难懂的专业用语；莫名其妙的话，胡言乱语,,,
jaw,dʒɔː,n.,n. 颌，颚；说教，唠叨；v. 唠叨，喋喋不休,,,
jealous,ˈdʒeləs,adj.,adj. 妒忌的，嫉妒的；珍惜的，小心守护的,,,
jet,dʒet,n.,n. 喷气式飞机；喷射，喷流；黑玉，煤玉；v. 乘喷气式飞机旅行；喷出，喷射；adj. 墨黑的，乌黑发亮的,,,
jewel,ˈdʒuːəl,n.,n. 宝石，珠宝；珍品，珍宝，瑰宝；v. 镶嵌宝石,,,
jewelry,ˈdʒuːəlri,n.,n. 珠宝，首饰,,,
jewellery,ˈdʒuːəlri,n.,n. 珠宝，首饰,,,
body,ˈbɒdi,n.,n. 身体；主体，主要部分；尸体；团体，组织；物体；本体，主体；正文；实质，本质；（液体、气体等的）浓度，体积；（知识、材料等的）主体，核心；adj. 体型的，体格的；整体的，全体的,,,
boot,buːt,n.,n. 靴子；（汽车后部的）行李箱；v. 启动（计算机）；踢出，开除,,,
booth,buːð,n.,n. 小隔间，售货亭；投票站，投票间,,,
boss,bɒs,n.,n. 老板，上司；v. 指挥，控制；adj. 最好的，最大的,,,
botany,ˈbɒtəni,n.,n. 植物学,,,
bottom,ˈbɒtəm,n.,n. 底部，底；臀部；最低点，底层；adj. 最底下的，底部的；adv. 在底部，在下方,,,
art,ɑːt,n.,n. 艺术；美术；技巧；技艺；人文学科,,,
artery,ˈɑːtəri,n.,n. 动脉；主干道，要道,,,
article,ˈɑːtɪkl,n.,n. 文章，论文；物品，物件；冠词；条款，条文；新闻报道,,,
articulate,ɑːˈtɪkjʊleɪt,adj.,adj. 善于表达的，口齿伶俐的；v. 清晰地表达，明确陈述；清晰地发音,,,
artifact,ˈɑːtɪfækt,n.,n. 人工制品，手工艺品；文物，古董；人为产物，副产品；（系统或过程中的）人为痕迹，假象,,,
artefact,ˈɑːtɪfækt,n.,n. 人工制品，手工艺品；文物，古董；（尤指）人为产物，非自然现象,,,
artificial,ˌɑː.tɪˈfɪʃ.əl,adj.,adj. 人造的，人工的；虚假的，矫揉造作的,,,
artist,ˈɑːtɪst,n.,n. 艺术家，艺术工作者；有艺术才能的人,,,
artistic,ɑːˈtɪstɪk,adj.,adj. 艺术的，艺术家的；富有艺术性的，有审美品位的,,,
disrupt,dɪsˈrʌpt,v.,v. 扰乱，中断；破坏，使分裂,,,
dissipate,ˈdɪsɪpeɪt,v.,v. 消散，驱散（雾、云等）；挥霍，浪费（金钱、时间等）；消除（担忧、怀疑等）,,,
distance,ˈdɪstəns,n.,n. 距离，间距；远处，远方；疏远，冷淡；v. 使疏远，与...保持距离,,,
distant,ˈdɪstənt,adj.,adj. 遥远的，远距离的；疏远的，冷淡的；远亲的，关系疏远的；模糊的，不清楚的,,,
distill,dɪˈstɪl,v.,v. 蒸馏，提炼；提取...的精华，概括,,,
distil,dɪˈstɪl,v.,v. 提炼，蒸馏；提取，概括（要点、精华）；使滴下，使渗出,,,
distress,dɪˈstres,n.,n. 痛苦，悲伤，苦恼；危难，困境；窘迫，拮据；v. 使痛苦，使苦恼；使陷入困境,,,
district,ˈdɪstrɪkt,n.,n. 地区，区域；行政区；（城市的）区，街区,,,
disturb,dɪˈstɜːb,v.,v. 打扰，干扰；使烦恼，使不安；打乱，扰乱；惊动，弄醒,,,
disturbance,dɪˈstɜːbəns,n.,n. 干扰，打扰；骚乱，动乱；失常，紊乱；心理困扰,,,
eve,iːv,n.,n. 前夜，前夕,,,
even,ˈiːvn,adj.,adj. 平坦的，平的；平稳的，均匀的；相等的，相同的；adv. 甚至，即使；更加，还要；v. 使平坦，使均匀；n. （数学中的）偶数,,,
event,ɪˈvent,n.,n. 事件，大事；活动，节目；（体育）项目；事态发展,,,
eventually,ɪˈventʃuəli,adv.,adv. 最终，终于,,,
ever,ˈevə(r),adv.,adv. 曾经，从来；总是，一直；在任何时候；越来越；愈加,,,
for,fɔː(r),prep.,prep. 表示目的；表示对象；表示时间；表示距离；表示交换；表示支持；表示原因；conj. 因为，由于,,,
forbid,fəˈbɪd,v.,v. 禁止，不许；阻止，妨碍,,,
forehead,ˈfɔːhed,n.,n. 前额，额头,,,
foreign,ˈfɒrən,adj.,adj. 外国的，来自国外的；外来的，异国的；陌生的，不熟悉的；不相关的，无关的,,,
foreigner,ˈfɒrənə(r),n.,n. 外国人，外籍人士；外地人，局外人,,,
look,lʊk,v.,v. 看，注视；看起来，似乎；寻找，寻求；朝向，面向；n. 看，瞥，一瞥；外表，样子,,,
loom,luːm,n.,n. 织布机；v. 隐约出现，若隐若现；逼近，迫近（通常指威胁或危险）,,,
loop,luːp,n.,n. 环，圈；循环；回路，环线；v. 使成环，使成圈,,,
loose,luːs,adj.,adj. 松的，宽松的；松散的，不紧的；自由的，不受约束的；不精确的，不严谨的；v. 释放，放出,,,
loosen,ˈluːsn,v.,v. 使松开，解开；放松，松弛；放宽，放松（规定等）；使自由，解放,,,
lord,lɔːd,n.,n. 贵族，勋爵；上帝，主；主人，统治者；v. 统治，支配,,,
lorry,ˈlɒri,n.,n. 卡车，货车,,,
lottery,ˈlɒtəri,n.,n. 彩票，抽奖；碰运气的事，难以预料的事,,,
moan,məʊn,v.,v. 呻吟，呜咽；抱怨，发牢骚；n. 呻吟声，呜咽声；抱怨，牢骚,,,
mob,mɒb,n.,n. 暴民，群氓；一群人；v. 成群包围，蜂拥而至,,,
mobile,ˈməʊbaɪl,adj.,adj. 可移动的，流动的；易变的，多变的；n. 移动电话，手机；可移动物体，动产,,,
mobilize,ˈməʊbəlaɪz,v.,v. 动员；调动；使...动员起来；使...流通；调动；使...可流动；使...易于利用,,,
mobilise,ˈməʊbəlaɪz,v.,v. 动员；调动；组织；使...流通；使...动员起来；使...流动；使...准备行动,,,
module,ˈmɒdjuːl,n.,n. 模块，单元；组件，模件；（航天器的）舱,,,
mould,məʊld,n.,n. 霉，霉菌；模具，铸模；模式，形式；v. 塑造，形成；影响，塑造（性格、观点等）,,,
mold,məʊld,n.,n. 霉菌；模具；模型；v. 塑造；形成；影响,,,
pretext,ˈpriːtekst,n.,n. 借口，托词；掩饰，伪装,,,
pretty,ˈprɪti,adj.,adj. 漂亮的，美丽的；adv. 相当地，颇；n. 漂亮的人或事物；v. 使漂亮，使美化,,,
prevail,prɪˈveɪl,v.,v. 占优势，盛行；说服，劝说；战胜，获胜,,,
prevalent,ˈprevələnt,adj.,adj. 普遍的，盛行的，流行的,,,
rhetoric,ˈretərɪk,n.,n. 修辞学；修辞术；华丽的词藻；花言巧语,,,
rhythm,ˈrɪðəm,n.,n. 节奏，韵律；有规律的重复或变化；生物节律,,,
rib,rɪb,n.,n. 肋骨；（船、伞等的）肋；（织物的）凸条纹；v. 开玩笑，戏弄,,,
ribbon,ˈrɪbən,n.,n. 缎带，丝带；带状物；勋带；v. 用丝带装饰；形成带状,,,
rid,rɪd,v.,v. 摆脱，除去,,,
riddle,ˈrɪdl,n.,n. 谜语，谜；难题，谜团；v. 使布满洞，把...打得千疮百孔,,,
ridge,rɪdʒ,n.,n. 山脊，山脉；屋脊，脊状物；隆起物，脊状突起,,,
ridiculous,rɪˈdɪkjələs,adj.,adj. 荒谬的，可笑的,,,
rigid,ˈrɪdʒɪd,adj.,adj. 僵硬的，固定的；严格的，严厉的；刚性的，不易弯曲的,,,
rigorous,ˈrɪɡərəs,adj.,adj. 严格的，严密的，缜密的；艰苦的，艰难的；严厉的，严酷的,,,
rim,rɪm,n.,n. 边缘，轮廓；轮辋，轮圈；v. 形成...的边缘，环绕,,,
riot,ˈraɪət,n.,n. 暴乱，骚乱；喧闹，吵闹；（色彩等的）绚丽；v. 发生骚乱；闹事；狂欢，放纵,,,
static,ˈstætɪk,adj.,adj. 静止的，固定的；静态的，不变的；静电的；n. 静电，静电干扰,,,
station,ˈsteɪʃn,n.,n. 车站，站；电台，电视台；站点，岗位；（警察或消防）局；v. 安置，驻扎,,,
stationary,ˈsteɪʃənəri,adj.,adj. 静止的，固定的；不变的，稳定的,,,
stationery,ˈsteɪʃənəri,n.,n. 文具，信纸，办公用品,,,
steak,steɪk,n.,n. 牛排，肉排,,,
steam,stiːm,n.,n. 蒸汽，水蒸气；精力，动力；v. 蒸，蒸煮；冒热气，散发蒸汽；快速前进，怒气冲冲地前进,,,
steep,stiːp,adj.,adj. 陡峭的，险峻的；急剧的，突然的（指增长、下降等）；（价格）过高的，昂贵的；v. 浸泡，泡；n. 陡坡，斜坡,,,
stereotype,ˈsteriəʊtaɪp,n.,n. 刻板印象；固有观念；老套；v. 对...形成固有看法；把...归为一类,,,
steward,ˈstjuːəd,n.,n. 管家；乘务员；服务员；管理人；v. 管理；照料,,,
transcend,trænˈsend,v.,v. 超越，超出；胜过，优于,,,
transistor,trænˈzɪstə(r),n.,n. 晶体管,,,
transit,ˈtrænsɪt,n.,n. 运输，运送；通过，经过；转变，过渡；（天体的）凌日，凌月；v. 通过，经过；运送，运输,,,
transition,trænˈzɪʃən,n.,n. 过渡，转变；过渡时期，转折阶段；v. 过渡，转变,,,
translate,trænsˈleɪt,v.,v. 翻译，转译；解释，说明；转化，转换,,,
transparent,trænˈspærənt,adj.,adj. 透明的，清澈的；显而易见的，易懂的；坦率的，诚实的,,,
intact,ɪnˈtækt,adj.,adj. 完整的，未经触动的，原封不动的,,,
interface,ˈɪntəfeɪs,n.,n. 界面，接口；交界面，分界面；交互，相互作用；v. 连接，互相连接；互动，交流,,,
interfere,ˌɪntəˈfɪə(r),v.,v. 干涉，干预，妨碍；相互抵触，互相干扰,,,
interference,ˌɪntəˈfɪərəns,n.,n. 干涉，介入；干扰，阻碍；干扰，干涉；（物理学）干涉,,,
intervene,ˌɪntəˈviːn,v.,v. 介入，干预；插话，插入；发生于...之间,,,
contemplate,ˈkɒntəmpleɪt,v.,v. 考虑，思考；注视，凝视；沉思，冥想；预期，预料,,,
contrive,kənˈtraɪv,v.,v. 设法做到，想出办法；设计，发明；精心策划，巧妙安排；捏造，虚构,,,
convenience,kənˈviːniəns,n.,n. 方便，便利；便利设施，便利商店,,,
convenient,kənˈviːniənt,adj.,adj. 方便的，便利的；便于使用的，称心的；适当的，合宜的,,,
conversation,ˌkɒnvəˈseɪʃn,n.,n. 谈话，交谈；会话，对话,,,
conversely,ˈkɒnvɜːsli,adv.,adv. 相反地，反过来说,,,
conversion,kənˈvɜːʃn,n.,n. 转变，转换；改变信仰，皈依；转化率，转换率,,,
convert,kənˈvɜːt,v.,v. 改变，转变；使改变信仰，使皈依；兑换（货币）；转换（单位）；n. 改变宗教信仰的人，皈依者,,,
convict,kənˈvɪkt,v.,v. 证明...有罪，宣判...有罪；n. 已决犯，服刑囚犯,,,
conviction,kənˈvɪkʃn,n.,n. 坚定的信念，深信；定罪，判决；确信，深信不疑,,,
convince,kənˈvɪns,v.,v. 使相信，说服；使确信，使信服,,,
stoop,stuːp,v.,v. 弯腰，俯身；堕落，屈从；n. 门廊，门阶,,,
storm,stɔːm,n.,n. 暴风雨，暴风雪；骚动，动乱；v. 猛攻，突击；怒气冲冲地说或行动,,,
strand,strænd,n.,"n. (绳、线等的)股,缕；海滩,河滩；(故事、思想等的)部分,方面；v. 使搁浅,使陷入困境",,,
strange,streɪndʒ,adj.,adj. 奇怪的，异常的；不熟悉的，陌生的；不舒服的，不自在的；陌生的，外地的,,,
stranger,ˈstreɪndʒə(r),n.,n. 陌生人，外人,,,
strap,stræp,n.,n. 带子，皮带；v. 用带子系紧，捆绑,,,
straw,strɔː,n.,n. 稻草，麦秆；吸管；一文不值的东西；最后一招；adj. 稻草制的；淡黄色的,,,
stream,striːm,n.,n. 小河，溪流；流，流动；潮流，趋势；v. 流动，涌流；飘扬；流式传输（数据）,,,
streamline,ˈstriːmlaɪn,v.,v. 使效率更高，使简化，精简；使流线型；adj. 流线型的；n. 流线型,,,
trial,ˈtraɪəl,n.,n. 试验，试用；审判，审理；考验，磨难；试用品；adj. 试验性的，试用的,,,
triangle,ˈtraɪæŋɡl,n.,n. 三角形；三角关系；三角地带,,,
tribe,traɪb,n.,n. 部落，氏族；族群，群体,,,
tribute,ˈtrɪbjuːt,n.,n. 颂词，称赞，敬意；贡品，进贡；纪念品，纪念节目,,,
trick,trɪk,n.,n. 诡计，花招；技巧，窍门；恶作剧；把戏，魔术；v. 欺骗，哄骗；adj. 狡猾的，诡计多端的,,,
trifle,ˈtraɪfl,n.,n. 小事，琐事；少量；一种英国甜点；v. 轻视，嘲弄；随意处理，玩忽,,,
trim,trɪm,adj.,adj. 整洁的，整齐的；v. 修剪，剪裁；削减，精简；n. 装饰，点缀；状态，情况,,,
trip,trɪp,n.,n. 旅行，旅程；绊倒，跌倒；v. 绊倒，绊跌；轻快地走，蹦蹦跳跳地走,,,
triple,ˈtrɪpl,adj.,adj. 三倍的，三重的；n. 三倍数，三个一组；v. 使成三倍，增至三倍,,,
worldwide,ˈwɜːldwaɪd,adj.,adj. 全世界的，世界范围的；adv. 在全世界，全球性地,,,
worm,wɜːm,n.,n. 蠕虫，软体动物；寄生虫；计算机病毒；v. 蠕动，慢慢前进,,,
worry,ˈwʌri,v.,v. 担心，忧虑；烦扰，使不安；n. 担心，忧虑；令人担忧的事,,,
worse,wɜːs,adj.,adj. 更坏的，更差的；adv. 更糟糕地；n. 更坏的事物,,,
wound,wuːnd,n.,n. 伤口，创伤；v. 使受伤，伤害；缠绕，卷绕,,,
wrap,ræp,v.,v. 包，裹；包围，环绕；n. 包装，包装纸；披肩，围巾,,,
wreck,rek,n.,n. 失事的船（或飞机等）；残骸；（人或物）严重受损的东西；v. 使失事；使遭破坏；破坏，毁掉（计划、希望等）,,,
breast,brest,n.,n. 胸部，乳房；胸脯，胸膛；鸟类或禽类的胸脯肉；v. 挺胸面对，勇敢面对,,,
breath,breθ,n.,n. 呼吸，气息；一口气；微量，少许,,,
breathe,briːð,v.,v. 呼吸；呼气，吸气；透露，吐露；散发，呈现；休息，喘息；低声说，悄悄地说,,,
breeze,briːz,n.,n. 微风，和风；轻而易举的事；v. 轻快地走，轻松地做,,,
bribe,braɪb,n.,n. 贿赂，贿赂物；v. 贿赂，收买,,,
bridge,brɪdʒ,n.,n. 桥，桥梁；桥牌；船桥，舰桥；桥接器（计算机网络）；v. 架桥，使架桥；缩小差距，消除分歧,,,
bright,braɪt,adj.,adj. 明亮的，光明的；鲜艳的，明快的；聪明的，伶俐的；快乐的，愉快的；前途光明的，有希望的；adv. 明亮地；欢快地；n. 光明；聪明人,,,
brilliant,ˈbrɪliənt,adj.,adj. 非常聪明的，才华横溢的；光彩夺目的，闪耀的；杰出的，卓越的；n. 杰出的人，才能卓越者,,,
bring,brɪŋ,v.,v. 带来，拿来；引起，导致；使处于某种状态；带领，引导；提出（诉讼等）；使想起，唤起,,,
couple,kʌpl,n.,n. 一对，双；几个，少数；v. 连接，结合；adj. 几个的，两三个的,,,
coupon,ˈkuːpɒn,n.,n. 优惠券；息票；配给券,,,
courage,ˈkʌrɪdʒ,n.,n. 勇气，胆量；勇敢，无畏,,,
course,kɔːs,n.,n. 课程；过程；路线；方向；航线；轨道；程序；一道菜；v. 跑过，流过,,,
cow,kaʊ,n.,n. 母牛，奶牛；母象、母鲸等雌性大型动物；v. 恐吓，威胁,,,
coward,ˈkaʊəd,n.,n. 懦夫，胆小鬼,,,
downtown,ˌdaʊnˈtaʊn,n.,n. 市中心，商业区；adj. 市中心的，商业区的；adv. 在市中心，往市中心,,,
down,daʊn,adv.,adv. 向下，往下；在下面，在楼下；沿着，沿...而下；在纸上，写下；prep. 沿着...向下；adj. 向下的，下降的；情绪低落的，沮丧的；n. 绒毛，软毛；(足球等运动中的)一次进攻；v. 使倒下，击倒；咽下，吞下,,,
downward,ˈdaʊnwəd,adj.,adj. 向下的，下降的；adv. 向下，往下,,,
doze,dəʊz,v.,v. 打瞌睡，浅睡；n. 瞌睡，小睡,,,
drag,dræɡ,v.,v. 拖，拉，拽；拖延，拖拉；强迫（某人）去（不愿去的地方）；n. 拖累，负担；阻力，阻挡,,,
dragon,ˈdræɡən,n.,n. 龙；凶恶的人；严厉的人,,,
drain,dreɪn,v.,v. 排空，放干；耗尽，用尽；undefined 排水管，下水道；n. 消耗，负担,,,
drastic,ˈdræstɪk,adj.,adj. 极端的，剧烈的，严厉的,,,
draw,drɔː,v.,v. 画，绘制；拉，拖；吸引；提取，取出；得出，推断；平局；n. 平局；抽奖,,,
drawback,ˈdrɔːbæk,n.,n. 缺点，不利条件,,,
drawer,drɔː(r),n.,n. 抽屉；绘图者，画图的人,,,
drawing,ˈdrɔːɪŋ,n.,n. 绘画；图画；素描；抽签；抽奖；v. 绘画；画图；描绘；吸引；引出；拉出,,,
exhibit,ɪɡˈzɪbɪt,v.,v. 展示，展出；表现，显示；n. 展品，陈列品；证据，证物,,,
exhibition,ˌeksɪˈbɪʃn,n.,n. 展览，展示；展览会；表演；展示,,,
exile,ˈeksaɪl,n.,n. 流放；被流放的人；背井离乡者；v. 流放；放逐；使背井离乡,,,
exit,ˈeksɪt,n.,n. 出口，通道；v. 退出，离开,,,
forum,ˈfɔːrəm,n.,n. 论坛，讨论会；（古罗马的）公共广场，集会场所,,,
forward,ˈfɔːwəd,adv.,adv. 向前；往前；朝前；adj. 向前的；前进的；前面的；v. 转交；发送；转发；n. 前锋；前卫,,,
foster,ˈfɒstə(r),v.,v. 促进，培养，鼓励；收养，抚养（非亲生的孩子）；adj. 收养的，寄养的,,,
foul,faʊl,adj.,adj. 肮脏的，污秽的；难闻的，恶臭的；邪恶的，卑鄙的；恶劣的，糟糕的；n. 犯规，违例；v. 弄脏，污染；犯规，违例,,,
foundation,faʊnˈdeɪʃn,n.,n. 基础，地基；创建，建立；基金会；基本原理，根据；粉底（化妆品）,,,
fountain,ˈfaʊntən,n.,n. 喷泉；水源；源泉,,,
fraction,ˈfrækʃn,n.,n. 分数；小部分；微量；片刻；碎片,,,
fracture,ˈfræktʃə(r),n.,n. 骨折，断裂；裂缝，裂痕；v. 使破裂，使断裂；违反，违背,,,
fragile,ˈfrædʒaɪl,adj.,adj. 易碎的，脆弱的；不牢固的，脆弱的（指情况、关系等）,,,
fragment,ˈfræɡmənt,n.,n. 碎片，片段；片断，断片；v. 使成碎片，使分裂,,,
fragrant,ˈfreɪɡrənt,adj.,adj. 芳香的，香的；令人愉快的，使人感到愉快的,,,
mortal,ˈmɔːtl,adj.,adj. 必死的，终有一死的；致命的，造成死亡的；人类的，凡人的；n. 凡人，普通人,,,
mortgage,ˈmɔːɡɪdʒ,n.,n. 抵押贷款，按揭；v. 抵押，按揭,,,
mosaic,məʊˈzeɪɪk,n.,n. 马赛克，镶嵌画；拼图，图案；adj. 马赛克的，镶嵌的；拼凑的，杂色的；v. 用马赛克装饰,,,
lively,ˈlaɪvli,adj.,adj. 充满活力的，活泼的；生气勃勃的，热闹的；栩栩如生的，逼真的；（讨论、辩论等）激烈的，热烈的,,,
liver,ˈlɪvə(r),n.,n. 肝脏；肝脏（食材）,,,
living,ˈlɪvɪŋ,adj.,adj. 活的，有生命的；在世的，健在的；现存的，现代的；活跃的，栩栩如生的；n. 生计，生活；生活方式；收入，生活费,,,
loaf,ləʊf,n.,n. 一条（面包）；一块（面包）；v. 混日子，游手好闲,,,
loan,ləʊn,n.,n. 贷款，借款；借出物，借用物；v. 借出，贷与；借出（某物给某人）,,,
lobby,ˈlɒbi,n.,n. 大厅，门厅；游说团体，压力集团；v. 游说，向...施加压力,,,
locomotive,ˌləʊkəˈməʊtɪv,n.,n. 火车头，机车；adj. 机车的，火车头的；运动的，移动的,,,
lodge,lɒdʒ,n.,n. 小屋，旅舍；集会处，会所；v. 寄宿，暂住；提出（申诉、抗议等）；存放，寄存,,,
lofty,ˈlɒfti,adj.,adj. 高的，高耸的；崇高的，高尚的；高傲的，傲慢的,,,
log,lɒɡ,n.,n. 原木，木头；日志，记录；v. 记录，记载,,,
long,lɒŋ,adj.,adj. 长的，长度大的；长时间的，持续时间长的；长期的，长久的；冗长的，过长的；adv. 长久地，长期地；达到某种程度地；n. 长时间；长音；v. 渴望，盼望,,,
longitude,ˈlɒnɡɪtjuːd,n.,n. 经度；经线,,,
discount,ˈdɪskaʊnt,n.,n. 折扣，优惠；v. 打折扣，削减价格；不重视，忽视,,,
discourage,dɪsˈkʌrɪdʒ,v.,v. 使泄气，使灰心；劝阻，阻止,,,
discreet,dɪˈskriːt,adj.,adj. 谨慎的，小心的；不引人注目的，朴素的；考虑周到的，慎重的,,,
discrete,dɪˈskriːt,adj.,adj. 分离的，不相连的；各自的，个别的；不连续的,,,
discretion,dɪˈskreʃn,n.,n. 谨慎，审慎；自行决定权，自主权；谨慎，慎重；判断力，分辨力；自由裁量权，酌情处理权,,,
discrepancy,dɪˈskrepənsi,n.,n. 差异，不一致；矛盾,,,
disguise,dɪsˈɡaɪz,n.,n. 伪装，假装；伪装物，化装；v. 伪装，掩饰；掩盖，掩饰（真实性质）,,,
disgust,dɪsˈɡʌst,n.,n. 厌恶，反感；v. 使厌恶，使反感,,,
dislike,dɪsˈlaɪk,v.,v. 不喜欢，厌恶；n. 厌恶，反感,,,
dismay,dɪsˈmeɪ,n.,n. 沮丧，灰心；惊恐，惊愕；v. 使沮丧；使惊愕,,,
disposal,dɪˈspəʊzl,n.,n. 处理，清除；处置权，支配权；出售，变卖,,,
dispose,dɪˈspəʊz,v.,v. 处理，处置；安排，布置；使倾向于；使有某种心情,,,
disposition,ˌdɪspəˈzɪʃən,n.,n. 性格，性情，倾向；处置，安排，处理；倾向，意向；处置权，支配权,,,
estate,ɪˈsteɪt,n.,n. 财产，遗产；庄园，住宅区；房地产；不动产,,,
esteem,ɪˈstiːm,n.,n. 尊重，敬重；自尊；v. 尊重，敬重；认为，考虑,,,
eternal,ɪˈtɜːnl,adj.,adj. 永恒的，永久的；无休止的，没完没了的,,,
evacuate,ɪˈvækjueɪt,v.,v. 撤离，疏散；排空，清除,,,
evade,ɪˈveɪd,v.,v. 避开，躲避；逃避，规避（责任、义务等）；回避（问题），搪塞,,,
evaporate,ɪˈvæpəreɪt,v.,v. 蒸发，挥发；消失，消散,,,
fond,fɒnd,adj.,adj. 喜爱的，喜欢的；溺爱的，过分喜爱的,,,
fool,fuːl,n.,n. 傻子，笨蛋；弄臣，小丑；v. 愚弄，欺骗；adj. 愚蠢的,,,
foolish,ˈfuːlɪʃ,adj.,adj. 愚蠢的，傻的；不明智的，荒唐的,,,
foot,fʊt,n.,n. 脚；足；腿；底部；基部；脚部；英尺（长度单位）；v. 支付；承担（费用）,,,
footstep,ˈfʊtstep,n.,n. 脚步声；脚印；足迹,,,
mist,mɪst,n.,n. 薄雾，水汽；朦胧，模糊；v. 使蒙上薄雾，使模糊；喷雾,,,
mistake,mɪˈsteɪk,n.,n. 错误，过失；v. 弄错，误解,,,
mistress,ˈmɪstrəs,n.,n. 女主人；女教师；女雇主；情妇；小三,,,
misunderstand,ˌmɪsʌndəˈstænd,v.,v. 误解，误会，曲解,,,
nuisance,ˈnjuːsns,n.,n. 令人讨厌的人或事物；麻烦，烦恼,,,
numb,nʌm,adj.,adj. 麻木的，失去感觉的；震惊的，迷茫的；v. 使麻木，使失去感觉,,,
numerical,njuːˈmerɪkl,adj.,adj. 数字的，数值的；数量的，用数字表示的,,,
numerous,ˈnjuːmərəs,adj.,adj. 许多的，为数众多的,,,
nursery,ˈnɜːsəri,n.,n. 托儿所，幼儿园；苗圃，育种场；育婴室，保育室,,,
nurture,ˈnɜːtʃə(r),v.,v. 培养，养育，抚育；培养（感情、希望等），怀有；n. 培育，养育，教育,,,
nut,nʌt,n.,n. 坚果；果仁；螺母；疯子；怪人；v. 用头撞,,,
nutrition,njuːˈtrɪʃn,n.,n. 营养，营养学；营养物质，滋养,,,
ought,ɔːt,aux.,aux. 应该，应当,,,
outbreak,ˈaʊtbreɪk,n.,n. （战争、疾病等的）爆发，突然发生,,,
outdoor,ˈaʊtdɔː(r),adj.,adj. 户外的，室外的，露天的,,,
outfit,ˈaʊtfɪt,n.,n. 一套衣服；装束；团体；组织；机构；v. 为...提供装备；装备,,,
outing,ˈaʊtɪŋ,n.,n. 短途旅行，远足；公开，揭露（尤指同性恋者的性取向）,,,
outskirts,ˈaʊtskɜːts,n.,n. 郊区，市郊，边缘地带,,,
outstanding,aʊtˈstændɪŋ,adj.,adj. 杰出的，突出的；优秀的，卓越的；未解决的，未完成的；欠款的，未付的,,,
retail,ˈriːteɪl,n.,n. 零售；adj. 零售的；v. 零售；以...价格出售,,,
retain,rɪˈteɪn,v.,v. 保持，保留；记住，记得；雇用，保留（员工）,,,
retention,rɪˈtenʃn,n.,n. 保留，保持；记忆力，记性；滞留，停留,,,
retire,rɪˈtaɪə(r),v.,v. 退休；退役；就寝，退下；撤退，退出；退出比赛；收回，偿还（债务）,,,
retort,rɪˈtɔːt,v.,v. 反驳，回嘴；n. 反驳，回嘴；蒸馏器，曲颈瓶,,,
retreat,rɪˈtriːt,n.,n. 撤退，退却；隐居处，静养地；退修会，研讨会；v. 撤退，退却；退缩，畏缩,,,
retrieve,rɪˈtriːv,v.,v. 取回，找回，检索；挽回，恢复；检索（数据）,,,
retrospect,ˈretrəspekt,n.,n. 回顾，回想；v. 回顾，追溯,,,
revolt,rɪˈvəʊlt,n.,n. 叛乱，起义；v. 反抗，起义；使厌恶，使反感,,,
revolution,ˌrevəˈluːʃn,n.,n. 革命，政变；巨大的变革，剧变；旋转，循环；（天体的）公转,,,
revolutionary,ˌrevəˈluːʃənəri,adj.,adj. 革命的，革命性的，创新的；颠覆性的，彻底改变的；n. 革命者，革命分子,,,
revolve,rɪˈvɒlv,v.,v. 旋转，转动；围绕...运转；以...为中心；反复考虑，深思,,,
stalk,stɔːk,n.,n. 茎，梗；（植物的）秆，茎干；v. 悄悄跟踪，潜伏跟踪；高视阔步地走；（动物）悄悄接近（猎物）,,,
stain,steɪn,n.,n. 污渍，污点；污名，耻辱；v. 弄脏，玷污；染色，着色,,,
stake,steɪk,n.,n. 桩，木桩；赌注，赌金；利害关系，股份；风险；v. 用桩支撑；下赌注；拿...冒险,,,
stale,steɪl,adj.,adj. 不新鲜的，陈腐的；陈旧的，过时的；乏味的，无趣的；v. 变得不新鲜，变陈腐,,,
stall,stɔːl,n.,n. 摊位，售货亭；畜栏，马厩；（飞机的）失速；v. 停止，停滞；拖延，拖延时间；（发动机）熄火；（飞机）失速,,,
staple,ˈsteɪpl,n.,n. 主要产品，主食；订书钉，U形钉；主要成分，要素；adj. 主要的，基本的；v. 用订书钉钉住,,,
stamp,stæmp,n.,n. 邮票；印章，图章；印记，痕迹；特征，印记；v. 盖章，盖印；跺脚，重踏；印上记号，铭刻；显示，表明,,,
stare,steə(r),v.,v. 凝视，盯着看；n. 凝视，注视,,,
tragedy,ˈtrædʒədi,n.,n. 悲剧（戏剧、文学作品）；悲惨的事件，灾难；悲剧性特质，悲剧性,,,
tragic,ˈtrædʒɪk,adj.,adj. 悲惨的，悲剧性的；悲剧的，戏剧性的,,,
tram,træm,n.,n. 有轨电车，电车；v. 乘电车旅行；用电车运送,,,
bow,baʊ,n.,n. 弓；蝴蝶结；鞠躬；船头；小提琴弓；v. 鞠躬；弯腰；屈服；低头,,,
bowel,ˈbaʊəl,n.,n. 肠，肠道,,,
bowl,bəʊl,n.,n. 碗，钵；一碗的量；碗状物；盆地；保龄球；v. 打保龄球；急速移动,,,
boycott,ˈbɔɪkɒt,n.,n. 抵制，联合抵制；v. 抵制，拒绝参与,,,
contact,ˈkɒntækt,n.,n. 接触，联系；联系人；v. 联系，接触；adj. 接触的，联系的,,,
contagious,kənˈteɪdʒəs,adj.,adj. (疾病)传染性的，会传播的；(情绪、行为等)有感染力的，会蔓延的,,,
contain,kənˈteɪn,v.,v. 包含，容纳；控制，抑制；防止...扩散,,,
contaminate,kənˈtæmɪneɪt,v.,v. 污染，玷污；使受污染，使不纯,,,
contingent,kənˈtɪndʒənt,adj.,adj. 依情况而定的，可能发生的；意外的，偶然的；依赖的，取决于的；n. 代表团，小组,,,
romance,rəʊˈmæns,n.,n. 浪漫的事物；爱情故事；虚构的冒险故事；传奇；浪漫气氛；理想化；v. 追求；与...谈恋爱,,,
romantic,rəʊˈmæntɪk,adj.,adj. 浪漫的，富有浪漫色彩的；不切实际的，理想化的；爱情的，恋爱的；富有想象力的，富有传奇色彩的；n. 浪漫的人，浪漫主义者,,,
bounce,baʊns,v.,v. 弹起，反弹；跳跃；弹跳着前进；猛烈撞击；退回，被拒付（支票等）；n. 弹力，反弹；跳跃；活力，精力,,,
bound,baʊnd,adj.,adj. 必定的，一定的；受约束的，有义务的；v. 跳跃，跳跃着前进；限制，约束；n. 界限，范围,,,
boundary,ˈbaʊndəri,n.,n. 边界，界限；分界线，分界点；限制，约束,,,
trap,træp,n.,n. 陷阱，圈套；困境，窘境；捕捉装置；U型管；v. 诱捕，设陷阱捕捉；使陷入困境；阻止，阻挡,,,
trash,træʃ,n.,n. 垃圾，废物；劣质品，废话；v. 毁坏，捣毁；严厉批评，抨击,,,
travel,ˈtrævl,v.,v. 旅行，旅游；移动，传播；n. 旅行，旅游,,,
wooden,ˈwʊdn,adj.,adj. 木制的，木头的；僵硬的，呆板的；无生气的，木讷的,,,
work,wɜːk,n.,n. 工作，劳动；职业，工作；作品，著作；成果，产品；v. 工作，劳动；运转，运行；奏效，有效；使工作，使运转；处理，加工,,,
worker,ˈwɜːkə(r),n.,n. 工人，劳动者；工作者，从业者,,,
workout,ˈwɜːkaʊt,n.,n. 锻炼，健身运动；试验，测试,,,
workshop,ˈwɜːkʃɒp,n.,n. 研讨会，讨论会；工作室，作坊；v. 在研讨会上讨论，研究,,,
as,əz,adv.,adv. 像...一样；同样地；conj. 当...的时候；因为；像...一样；随着；prep. 作为；以...身份,,,
ascend,əˈsend,v.,v. 上升，攀登；登上（王位、高职）；追溯，上溯,,,
ascertain,ˌæsəˈteɪn,v.,v. 查明，确定,,,
ascribe,əˈskraɪb,v.,v. 将...归因于；把...归于；认为...是...的原因,,,
cool,kuːl,adj.,adj. 凉爽的，凉快的；冷静的，镇定的；酷的，时髦的，极好的；v. 使冷却，使冷静；n. 凉爽，凉气,,,
cooperate,kəʊˈɒpəreɪt,v.,v. 合作，配合；协作，协助,,,
cooperative,kəʊˈɒpərətɪv,adj.,adj. 合作的，协作的；愿意合作的，配合的；协同的，互助的；n. 合作社，协作社,,,
coordinate,kəʊˈɔːdɪneɪt,v.,v. 协调，配合；使协调，使协同；adj. 同等的，并列的；n. 坐标；配套服装,,,
cope,kəʊp,v.,v. 应付，处理；成功地应对，妥善处理,,,
copy,ˈkɒpi,n.,n. 复印件，副本；稿本，文稿；v. 复制，抄写；模仿，效仿,,,
copyright,ˈkɒpiraɪt,n.,n. 版权，著作权；v. 获得...的版权,,,
copper,ˈkɒpə(r),n.,n. 铜；铜制品；铜币；铜板；警察（非正式用语）；adj. 铜制的；铜色的,,,
cord,kɔːd,n.,n. 绳子，细绳；电线，导线；一弓（木材的体积单位）,,,
cordial,ˈkɔːdɪəl,adj.,adj. 热情友好的，诚挚的；热诚的，衷心的；n. 甜果汁饮料；烈性甜酒,,,
core,kɔː(r),n.,n. 核心，中心；果心，果核；精髓，要点；adj. 核心的，最重要的,,,
corn,kɔːn,n.,n. 玉米；谷物，谷类作物；（英）小麦；v. 腌制，盐渍,,,
coronavirus,kəˈrəʊnəvaɪrəs,n.,n. 冠状病毒,,,
correct,kəˈrekt,adj.,adj. 正确的，对的；恰当的，适当的；v. 纠正，改正；批改，订正,,,
correlate,ˈkɒrəleɪt,v.,v. 相关联，有关联；使相互关联，建立相关性,,,
correspond,ˌkɒrəˈspɒnd,vi.,vi. 通信，保持联系；相一致，符合；相当于，相类似,,,
correspondence,ˌkɒrəˈspɒndəns,n.,n. 通信，信件往来；一致性，相似性，对应关系；函件，信函,,,
correspondent,ˌkɒrɪˈspɒndənt,n.,n. 通讯记者，记者；通信者，通信联系人；adj. 相应的，符合的,,,
corrode,kəˈrəʊd,v.,v. 腐蚀，侵蚀；逐渐损害，削弱,,,
corrupt,kəˈrʌpt,adj.,adj. 腐败的，贪污的；堕落的，品行不端的；腐烂的，变质的；错误的，有错误的；v. 使腐败，使堕落；破坏，损坏；使数据损坏，使文件损坏,,,
dive,daɪv,v.,v. 跳水，潜水；突然下降，俯冲；猛冲，扑；n. 跳水，潜水；俯冲，突然下降；低档酒吧,,,
divine,dɪˈvaɪn,adj.,adj. 神圣的，神的；极好的，极美的；神授的，天赐的；有预见性的，有先见之明的；v. 预知，预见；猜测，推测,,,
divorce,dɪˈvɔːs,n.,n. 离婚，分离；v. 与...离婚，使分离,,,
dizzy,ˈdɪzi,adj.,adj. 眩晕的，头晕目眩的；晕眩的，使人眩晕的；困惑的，糊涂的,,,
evoke,ɪˈvəʊk,v.,v. 唤起，引起（感情、记忆等）；召唤，唤出,,,
exact,ɪɡˈzækt,adj.,adj. 精确的，准确的；严谨的，严格的；v. 要求，索取,,,
exceed,ɪkˈsiːd,v.,v. 超过，胜过；超出（限度），超越（界限）,,,
exceedingly,ɪkˈsiːdɪŋli,adv.,adv. 极其，非常,,,
excel,ɪkˈsel,v.,v. 擅长，超群；胜过，优于,,,
except,ɪkˈsept,prep.,prep. 除...之外；conj. 除...之外；v. 除外，不包括,,,
exception,ɪkˈsepʃn,n.,n. 例外，除外；异议，反对,,,
exceptional,ɪkˈsepʃənl,adj.,adj. 异常的，特殊的；杰出的，卓越的；罕见的，非凡的；优秀的，杰出的,,,
excerpt,ˈeksɜːpt,n.,n. 摘录，节选；v. 摘录，节选,,,
excess,ɪkˈses,n.,n. 过量，过度；超过，剩余；adj. 过多的，过度的；额外的，附加的,,,
gum,ɡʌm,n.,n. 口香糖；树胶；牙龈；v. 用胶粘；阻塞,,,
gun,ɡʌn,n.,n. 枪，枪支；v. 用枪射击，开枪打,,,
gut,ɡʌt,n.,n. 肠；内脏；勇气；直觉；adj. 本能的；直觉的；v. 取出内脏；毁坏…的内部；彻底破坏，摧毁,,,
interim,ˈɪntərɪm,adj.,adj. 暂时的，临时的；n. 过渡期，中间时期,,,
intermediate,ɪntəˈmiːdiət,adj.,adj. 中间的，中级的；中间的，过渡的；n. 中间体，中级水平者,,,
intermittent,ˌɪntəˈmɪtənt,adj.,adj. 间歇的，断断续续的，时断时续的,,,
interrupt,ˌɪntəˈrʌpt,v.,v. 打断，插嘴；打扰，妨碍；中断，暂停；n. 中断，打断,,,
intersection,ˌɪntəˈsekʃn,n.,n. 交叉点，十字路口；交集，共同点；相交，交叉,,,
interval,ˈɪntəvl,n.,n. 间隔，间隙；休息时间；区间；音程,,,
interview,ˈɪntəvjuː,n.,n. 面试；采访；会见；访谈；专访；晤谈；v. 面试；采访；会见；对...进行面谈；对...进行专访；与...晤谈,,,
loyal,ˈlɔɪəl,adj.,adj. 忠诚的，忠实的,,,
loyalty,ˈlɔɪəlti,n.,n. 忠诚，忠心；忠实，忠贞,,,
lubricate,ˈluːbrɪkeɪt,v.,v. 润滑，使顺畅；使进行顺利，促进,,,
luck,lʌk,n.,n. 运气，幸运,,,
lucky,ˈlʌki,adj.,adj. 幸运的；交好运的；带来好运的,,,
moist,mɔɪst,adj.,adj. 潮湿的，微湿的,,,
moisture,ˈmɔɪstʃə(r),n.,n. 湿气，水分,,,
molecule,ˈmɒlɪkjuːl,n.,n. 分子,,,
momentum,məˈmentəm,n.,n. 动力，推动力；动量，冲量；势头，气势,,,
monarch,ˈmɒnək,n.,n. 君主，国王，女王,,,
monetary,ˈmʌnɪtri,adj.,adj. 货币的，金融的；财政的，金钱的,,,
monitor,ˈmɒnɪtə(r),n.,n. 显示器，监视器；班长，监督员；监听器，监视器；v. 监控，监测,,,
monster,ˈmɒnstə(r),n.,n. 怪物，怪兽；庞然大物，巨型生物；坏人，恶棍；adj. 巨大的，庞大的,,,
monument,ˈmɒnjumənt,n.,n. 纪念碑，纪念物；历史遗迹，古迹；不朽的作品,,,
pride,praɪd,n.,n. 自豪，骄傲；自尊心；自满，傲慢；引以为豪的东西；最佳状态；狮群；v. 以...为荣；使自豪,,,
priest,priːst,n.,n. 神父，牧师；祭司,,,
prize,praɪz,n.,n. 奖品，奖金；奖赏，荣誉；战利品；adj. 优秀的，一流的；v. 珍视，重视,,,
probability,ˌprɒbəˈbɪləti,n.,n. 可能性，概率；或然率，机率,,,
probable,ˈprɒbəbl,adj.,adj. 可能的，很有可能的；大概的，或然的,,,
ash,æʃ,n.,n. 灰，灰烬；灰烬，遗骸；白蜡树,,,
ashamed,əˈʃeɪmd,adj.,adj. 感到羞愧的，惭愧的；感到难为情的，尴尬的,,,
ashore,əˈʃɔː(r),adv.,adv. 上岸，在岸上,,,
aspect,ˈæspekt,n.,n. 方面，层面；外观，样子；朝向，方位；（语法）体,,,
aspire,əˈspaɪə(r),v.,v. 渴望，热切希望；有抱负，立志,,,
lumber,ˈlʌmbə(r),n.,n. 木材，木料；杂物，废物；v. 笨重地移动，蹒跚而行；使负担，拖累,,,
lump,lʌmp,n.,n. 块，团，肿块；总称，整体；v. 归并，把...归作一类；结成块，凝结,,,
lunar,ˈluːnə(r),adj.,adj. 月球的，与月球有关的；像月亮的，月亮般的,,,
lung,lʌŋ,n.,n. 肺，肺部,,,
luxury,ˈlʌkʃəri,n.,n. 奢侈品，豪华物品；奢侈，豪华；adj. 奢侈的，豪华的,,,
lyric,ˈlɪrɪk,adj.,adj. 抒情的，诗意的；n. 歌词；抒情诗；抒情性；抒情艺术,,,
bracket,ˈbrækɪt,n.,n. 括号；支架；档次，等级；v. 把...括在一起；把...归入同一类别,,,
brake,breɪk,n.,n. 刹车，制动器；v. 刹车，减速,,,
brass,brɑːs,n.,n. 黄铜；铜管乐器；厚脸皮，胆量；黄铜制品；高级军官，要员,,,
brave,breɪv,adj.,adj. 勇敢的，无畏的；v. 勇敢面对，不畏惧；n. 勇士，勇敢的人,,,
cosmic,ˈkɒzmɪk,adj.,adj. 宇宙的，太空的；极其巨大的，无限的,,,
cost,kɒst,n.,n. 费用，代价；成本，原价；v. 花费，使付出；估价，估算成本,,,
costume,ˈkɒstjuːm,n.,n. 服装，装束（尤指特殊场合或表演用的）；戏装，舞台服；v. 给...穿上服装，为...设计服装,,,
cosy,ˈkəʊzi,adj.,adj. 舒适的，温暖的；亲密的，友好的；n. 保温罩，茶壶保温套,,,
cozy,ˈkəʊzi,adj.,adj. 舒适的，温暖的；亲密的，密切的；n. 保温罩，保温套,,,
couch,kaʊtʃ,n.,n. 沙发，长椅；v. 表达，措辞,,,
count,kaʊnt,v.,v. 计数，数数；重要，有价值；包括，算入；n. 总数，计数,,,
counter,ˈkaʊntə(r),n.,n. 柜台，柜檐；计数器，计算器；筹码；v. 反驳，反击；对抗，抵制；adj. 相反的，对立的,,,
counterpart,ˈkaʊntəpɑːt,n.,n. 对应的人或物；职位或职能相当的人；相对应的部分,,,
country,ˈkʌntri,n.,n. 国家，国土；乡村，农村；adj. 乡村的，农村的,,,
countryside,ˈkʌntrɪsaɪd,n.,n. 农村，乡村；乡下地区,,,
county,ˈkaʊnti,n.,n. 县；郡,,,
excitement,ɪkˈsaɪtmənt,n.,n. 兴奋，激动；刺激，令人兴奋的事物,,,
exclaim,ɪkˈskleɪm,v.,v. 呼喊，惊叫；大声说,,,
excursion,ɪkˈskɜːʃn,n.,n. 短途旅行，远足；偏离，偏差,,,
excuse,ɪkˈskjuːs,n.,n. 借口，理由；v. 原谅，宽恕；为...辩解，为...开脱；准许...离开，准许...不做,,,
exempt,ɪɡˈzempt,adj.,adj. 免除的，豁免的；v. 免除，豁免,,,
exercise,ˈeksəsaɪz,n.,n. 锻炼，运动；练习，习题；演习，练习；v. 锻炼，运动；行使，运用,,,
foremost,ˈfɔːməʊst,adj.,adj. 最重要的，首要的；最前面的，最突出的；adv. 首先，首要地,,,
forgive,fəˈɡɪv,v.,v. 原谅，宽恕；免除（债务等）,,,
forth,fɔːθ,adv.,adv. 向前；外出；往外；以下；接着,,,
forthcoming,fɔːθˈkʌmɪŋ,adj.,adj. 即将来临的，即将发生的；乐于助人的，友好的，坦率的；n. 即将发生的事物,,,
fortnight,ˈfɔːtnaɪt,n.,n. 两星期，十四天,,,
hospitality,ˌhɒspɪˈtæləti,n.,n. 好客，殷勤待客；招待，款待；酒店业，餐饮业,,,
host,həʊst,n.,n. 主人，东道主；主持人；节目主持人；大量，大群；宿主；v. 主持；担任主人,,,
hostage,ˈhɒstɪdʒ,n.,n. 人质；被劫持者,,,
hostess,ˈhəʊstəs,n.,n. 女主人；女店主；女房东；女服务员；空中小姐；女招待,,,
hostile,ˈhɒstaɪl,adj.,adj. 敌对的，不友好的；敌意的，对立的；不利的，有害的,,,
hound,haʊnd,n.,n. 猎狗，猎犬；v. 追猎，追捕；纠缠，烦扰,,,
hover,ˈhɒvə(r),v.,v. 徘徊，盘旋；靠近（某个数字或水平）,,,
howl,haʊl,v.,v. (狗、狼等)嗥叫，长嚎；(风等)呼啸；(人)哀号，大声哭泣；n. (狗、狼等的)嗥叫，长嚎；(风等的)呼啸声；(人的)哀号，大声哭泣,,,
dock,dɒk,n.,n. 码头，船坞；被告席；v. 使靠岸，停泊；扣除（工资等）,,,
doctrine,ˈdɒktrɪn,n.,n. 教义，学说，主义,,,
donate,dəʊˈneɪt,v.,v. 捐赠，捐献；献血，捐献（器官）,,,
dose,dəʊs,n.,n. 剂量，一剂；一定量，一份；v. 给…服药，给…服毒,,,
dot,dɒt,n.,n. 点，小圆点；一小量；v. 点缀，散布,,,
intimate,ˈɪntɪmət,adj.,adj. 亲密的，密切的；私人的，个人的；熟悉的，深入了解的；v. 暗示，暗中提及,,,
intimidate,ɪnˈtɪmɪdeɪt,v.,v. 恐吓，威胁；使害怕，使胆怯,,,
intricate,ˈɪntrɪkət,adj.,adj. 复杂的，错综复杂的；精细的，精巧的,,,
intrigue,ɪnˈtriːɡ,n.,n. 阴谋，密谋；复杂的密谋；错综复杂的情节；神秘感；v. 密谋，策划；激起...的兴趣，引起...的好奇心,,,
intrinsic,ɪnˈtrɪnsɪk,adj.,adj. 内在的，固有的，本质的,,,
intrude,ɪnˈtruːd,v.,v. 闯入，侵入；打扰，干扰；强加，强行介入,,,
intuition,ˌɪntjuˈɪʃn,n.,n. 直觉，直观力；本能感觉,,,
invade,ɪnˈveɪd,v.,v. 入侵，侵略（国家或地区）；侵犯，侵入（私人空间或权利）；蔓延，扩散（疾病、想法等）,,,
invasion,ɪnˈveɪʒn,n.,n. 入侵，侵略；侵犯，侵害；大批涌入，蜂拥而至,,,
invalid,ɪnˈvælɪd,adj.,adj. 无效的，作废的；站不住脚的，不合逻辑的；残疾的，有病的；n. 残疾人，病人,,,
invaluable,ɪnˈvæljuəbl,adj.,adj. 极其宝贵的，无价的；非常有用的，不可或缺的,,,
proficiency,prəˈfɪʃənsi,n.,n. 精通，熟练，精湛,,,
profile,ˈprəʊfaɪl,n.,n. 侧面轮廓，外形；简介，传略；形象，印象；v. 为...画侧面图；描绘...的轮廓；扼要介绍；概述,,,
rip,rɪp,v.,v. 撕破，扯裂；猛地扯下，剥去；快速移动，飞驰而过；n. 裂口，裂缝,,,
ripe,raɪp,adj.,adj. (水果、庄稼等)成熟的，熟的；时机成熟的，适当的；(气味、味道)浓烈的；(人)成熟的，老练的,,,
ritual,ˈrɪtʃuəl,n.,n. 仪式，礼节；习惯性行为，例行公事；adj. 仪式的，礼节性的,,,
roar,rɔː(r),v.,v. (动物)吼叫，咆哮；(人)怒吼，大声喊叫；(车辆、机器等)轰鸣，发出隆隆声；(风、海浪等)呼啸，咆哮；n. 吼叫声，咆哮声；轰鸣声，隆隆声；(风、海浪等的)呼啸声，咆哮声,,,
roast,rəʊst,v.,v. 烘烤，烤；严厉批评，嘲弄；n. 烤肉；adj. 烤过的,,,
rob,rɒb,v.,v. 抢劫，盗窃；剥夺，使丧失,,,
robust,rəˈbʌst,adj.,adj. 强健的，健壮的；坚固的，结实的；强劲的，有力的；（味道、气味等）浓烈的，强烈的；（系统、组织等）健全的，强大的,,,
rock,rɒk,n.,n. 岩石，石头；摇滚乐；v. 摇动，摇晃；使震惊，使动摇；adj. 岩石的，石头做的,,,
rod,rɒd,n.,n. 棍、杆、竿；管教、惩罚；权力的象征,,,
motion,ˈməʊʃn,n.,n. 运动，移动；动议，提议；手势，示意动作；v. 示意，用手势示意,,,
motivate,ˈməʊtɪveɪt,v.,v. 激励，鼓舞；成为...的动机，促使,,,
motive,ˈməʊtɪv,n.,n. 动机，目的；主题，主旨（音乐、文学等）；adj. 发动的，起动的,,,
motor,ˈməʊtə(r),n.,n. 发动机，马达；原动力，发动机（比喻用法）；adj. 发动机的，机动的；v. 驾驶，开车,,,
mount,maʊnt,v.,v. 登上，爬上；安装，装配；增加，上升；发起，组织（活动等）；骑上（马等）；上演，展出；n. 山，山峰；底座，支架；坐骑；画框的衬纸,,,
mourn,mɔːn,v.,v. 哀悼，悼念；为...感到悲伤，惋惜,,,
move,muːv,v.,v. 移动，搬动；搬家；感动；前进，进展；提议，动议；（使）变化，改变；n. 移动，动作；搬家；步骤，行动；（下棋时的）一步棋；（在游戏或活动中采取的）策略，招数,,,
stiff,stɪf,adj.,adj. 僵硬的，硬的；不易弯曲的；（人）拘谨的，不自然的；（动作）不灵活的；（风、处罚等）严厉的，严格的；（酒）烈性的；adv. 僵硬地；固执地；坚定地；n. 死尸；笨拙的人；v. 欺骗，诈骗,,,
still,stɪl,adj.,adj. 静止的，不动的；adv. 仍然，依旧；更，还；conj. 然而，但是；n. 静止，寂静；v. 使平静，使安静,,,
sting,stɪŋ,n.,n. 刺痛，螫伤；刺痛感，剧痛；v. 刺，叮，蜇；刺痛，使痛苦,,,
stitch,stɪtʃ,n.,n. 缝线，针脚；（剧烈运动引起的）肋部刺痛；针法，缝纫方法；v. 缝，缝合；缝补，修补,,,
bump,bʌmp,n.,n. 撞击；碰撞；肿块；隆起；v. 碰撞；撞击；颠簸；提高；偶然遇到,,,
burn,bɜːn,v.,v. 燃烧，烧；烧毁，烧坏；烫伤，灼伤；使兴奋，使激动；渴望，热衷于；n. 烧伤，烫伤；灼热感,,,
burst,bɜːst,v.,v. 爆裂，突然破裂；突然出现，突然发生；n. 爆裂，突然的爆发；adj. 爆裂的，突然的,,,
bury,ˈberi,v.,v. 埋葬，安葬；掩埋，埋藏；埋没，隐藏,,,
crime,kraɪm,n.,n. 犯罪，罪行；不法行为，违法行为,,,
criminal,ˈkrɪmɪnl,adj.,adj. 犯罪的，刑事的；应受谴责的，过分的；n. 罪犯，犯罪分子,,,
cripple,ˈkrɪpl,n.,n. 残疾人；v. 使残废；严重损害；使严重受损,,,
crisp,krɪsp,adj.,adj. 脆的，酥脆的；清新的，凉爽的；干脆的，简洁的；清晰的，轮廓分明的；n. 薯片；v. 使变脆；使卷曲,,,
criterion,kraɪˈtɪəriən,n.,n. 标准，准则，尺度；判断（或评估）的标准，衡量标准,,,
crop,krɒp,n.,n. 农作物，庄稼；收成，产量；一批，大量；（头发、毛发等的）短发，平头；v. 收割，收获；修剪，剪短；裁切，裁剪（照片、图像）,,,
cross,krɒs,n.,n. 十字形；十字架；十字路口；交叉点；v. 穿过；越过；交叉；相交；adj. 生气的；恼怒的；交叉的；相反的,,,
crow,krəʊ,n.,n. 乌鸦；v. （公鸡）啼叫，打鸣；（尤指胜利后）自鸣得意，高声宣扬,,,
crowd,kraʊd,n.,n. 人群，群众；一群（人或动物）；v. 挤满，塞满；挤进，挤入,,,
crown,kraʊn,n.,n. 王冠，皇冠；王权，君权；（牙齿的）牙冠；王冠形物，顶部；v. 加冕，授予王位；使圆满，使完美；居...之顶，位于...的最高处,,,
exquisite,ɪkˈskwɪzɪt,adj.,adj. 精美的，精致的，优雅的；强烈的，剧烈的（常指痛苦或快感）,,,
exterior,ɪkˈstɪəriə(r),adj.,adj. 外部的，外面的；外表的，表面的；n. 外部，外表；外观，外貌,,,
external,ɪkˈstɜːnl,adj.,adj. 外部的，外面的；外部的，外界的，外来的,,,
extra,ˈekstrə,adj.,adj. 额外的，附加的；特别的，格外的；额外收费的；n. 额外的事物，附加物；adv. 特别地，格外地,,,
extract,ɪkˈstrækt,v.,v. 提取，榨取；摘录，节选；取出，拔出；获得，得到；n. 摘录，节选；提取物，精华；精制品，浓缩液,,,
extraordinary,ɪkˈstrɔːdnri,adj.,adj. 非凡的，卓越的；异乎寻常的，令人惊讶的；特别的，特殊的；额外的，临时的,,,
friendly,ˈfrendli,adj.,adj. 友好的，友善的；和善的，亲切的；友好的，不敌对的；有好感的，赞同的；对...有利的，有帮助的；便利的，方便使用的,,,
friendship,ˈfrendʃɪp,n.,n. 友谊，友好关系,,,
fright,fraɪt,n.,n. 恐惧，惊吓,,,
frighten,ˈfraɪtn,v.,v. 使惊恐，吓唬,,,
fringe,frɪndʒ,n.,n. 边缘，周边；刘海；次要部分，边缘群体；adj. 边缘的，非主流的；v. 形成边缘，围绕,,,
frontier,ˈfrʌntɪə(r),n.,n. 边境，边界；前沿，新领域；adj. 边境的，边疆的；开拓性的，前沿的,,,
frost,frɒst,n.,n. 霜，霜冻；严寒，冰冻天气；v. 结霜，覆以霜；冻坏；使蒙上霜状物,,,
frown,fraʊn,v.,v. 皱眉，蹙额；n. 皱眉，蹙额,,,
fry,fraɪ,v.,v. 油炸，煎；n. 油炸食品,,,
fuel,fjuːəl,n.,n. 燃料，燃油；刺激物，加剧因素；v. 给...加燃料；刺激，煽动,,,
fume,fjuːm,n.,n. 烟，气体，废气；v. 冒烟，发怒，生气,,,
funeral,ˈfjuːnərəl,n.,n. 葬礼，丧礼,,,
humid,ˈhjuːmɪd,adj.,adj. 潮湿的，湿润的,,,
humidity,hjuːˈmɪdəti,n.,n. 湿度，潮湿；湿热,,,
humiliate,hjuːˈmɪlieɪt,v.,v. 使丢脸，使蒙羞，羞辱,,,
humor,ˈhjuːmə(r),n.,n. 幽默，诙谐；心情，情绪；体液；性情，性格；v. 迁就，迎合,,,
humour,ˈhjuːmə,n.,n. 幽默，诙谐；心情，情绪；体液；v. 迎合，迁就,,,
humorous,ˈhjuːmərəs,adj.,adj. 幽默的，诙谐的；好笑的，滑稽的,,,
humourous,ˈhjuːmərəs,adj.,adj. 幽默的，诙谐的，滑稽的,,,
hunt,hʌnt,v.,v. 寻找，搜索；打猎，猎取；n. 搜寻；打猎；狩猎,,,
hurl,hɜːl,v.,v. 猛力投掷，用力扔；大声说出（辱骂、批评等）；呕吐,,,
hurricane,ˈhʌrɪkən,n.,n. 飓风，暴风,,,
hygiene,ˈhaɪdʒiːn,n.,n. 卫生，卫生学,,,
hypocrisy,hɪˈpɒkrəsi,n.,n. 虚伪；伪善；假冒为善,,,
hypothesis,haɪˈpɒθəsɪs,n.,n. 假说，假设,,,
hysterical,hɪˈsterɪkl,adj.,adj. 歇斯底里的，情绪激动的；极其滑稽的，令人捧腹大笑的,,,
invent,ɪnˈvent,v.,v. 发明，创造；虚构，编造,,,
invention,ɪnˈvenʃn,n.,n. 发明，创造；发明物；虚构，捏造,,,
inventory,ˈɪnvəntri,n.,n. 清单，目录；存货，库存；v. 盘点，清点,,,
inverse,ɪnˈvɜːs,adj.,adj. 相反的，倒转的；反比例的；n. 相反；倒数；逆,,,
invert,ɪnˈvɜːt,v.,v. 颠倒，倒置；反转，使相反；使倒悬，使倒立,,,
invitation,ˌɪnvɪˈteɪʃn,n.,n. 邀请；请柬；引诱；吸引；招致,,,
inward,ˈɪnwəd,adj.,adj. 内心的，内在的；向内的，朝内的；内部的，国内的；adv. 向内，往里；在内心，在心里,,,
oval,ˈəʊvl,adj.,adj. 椭圆形的，卵形的；n. 椭圆形，卵形,,,
overflow,ˌəʊvəˈfləʊ,v.,v. 溢出，漫出；充满，洋溢；n. 溢出物，溢流；过剩，过多,,,
overhaul,ˈəʊvəhɔːl,v.,v. 彻底检修，全面检查并修理；彻底改革，彻底改造；n. 彻底检修，全面检查并修理；彻底改革，彻底改造,,,
overhead,ˌəʊvəˈhed,adj.,adj. 在头顶上的，高架的；经常性的，营业费用的；adv. 在头顶上，在空中；n. 经常性开支，营业费用；天花板,,,
overhear,ˌəʊvəˈhɪə(r),v.,v. 无意中听到，偶然听到,,,
overnight,ˌəʊvəˈnaɪt,adv.,adv. 在夜里，整夜；突然，一夜之间；adj. 通宵的，整夜的；突然的，一夜之间的；n. 整夜，一夜；v. 过夜,,,
overt,əʊˈvɜːt,adj.,adj. 公开的，明显的，不隐藏的,,,
overtake,ˌəʊvəˈteɪk,v.,v. 超过，赶上（移动中的人或物）；突然降临，突然来到；超越（在数量、重要性等方面）；（在发展中）超过,,,
overthrow,ˌəʊvəˈθrəʊ,v.,v. 推翻，打倒（政权等）；彻底废除，结束；n. 推翻，打倒,,,
overtime,ˈəʊvətaɪm,n.,n. 加班，加班时间；加班费；adv. 超时地，加班地；adj. 超时的，加班的,,,
prone,prəʊn,adj.,adj. 易于...的，有...倾向的；俯卧的，趴着的,,,
pronounce,prəˈnaʊns,v.,v. 发音，读音；宣布，宣告；正式判决，宣判,,,
propagate,ˈprɒpəɡeɪt,v.,v. 繁殖，增殖；传播，宣传；传播（思想、信念等）；传播（波、光等）,,,
propaganda,ˌprɒpəˈɡændə,n.,n. 宣传；宣传活动；宣传材料,,,
prophet,ˈprɒfɪt,n.,n. 先知，预言家；宗教创始人，先驱者,,,
roof,ruːf,n.,n. 屋顶，房顶；v. 给...盖上屋顶,,,
rope,rəʊp,n.,n. 绳子，绳索；v. 用绳子捆绑，拴住,,,
rotate,rəʊˈteɪt,v.,v. 旋转，转动；轮换，交替；(农作物)轮作,,,
rot,rɒt,v.,v. 腐烂，腐朽；堕落，败坏；n. 腐烂，腐朽；废话，胡说,,,
rotten,ˈrɒtn,adj.,adj. 腐烂的，腐朽的；恶劣的，糟糕的；不可靠的，不诚实的；令人不愉快的，讨厌的,,,
rough,rʌf,adj.,adj. 粗糙的，不平滑的；粗略的，大致的；艰难的，困难的；粗暴的，野蛮的；恶劣的，险恶的（天气、海况等）；n. 粗糙的表面；艰难，困难；adv. 粗鲁地，粗暴地；艰难地；v. 粗暴对待；草拟，草画,,,
round,raʊnd,adj.,adj. 圆形的，圆的；圆满的，完整的；周围的，环绕的；n. 圆，圆形物；轮次，回合；v. 使成圆形，绕行；使完整，使圆满；adv. 围绕，在周围,,,
roundabout,ˈraʊndəbaʊt,n.,n. 环形交叉路口，环岛；adj. 迂回的，绕圈子的；adv. 绕道地，迂回地,,,
rouse,raʊz,v.,v. 唤醒，使醒来；激起，激发；惊起，惊飞,,,
suite,swiːt,n.,n. （一套）房间；套房；（家具等的）套件，系列；（计算机）应用程序套件；（音乐）组曲,,,
sum,sʌm,n.,n. 总数；金额；总计；算术题；数学题；概要；要点；总结；v. 总计；合计；概括,,,
summary,ˈsʌməri,n.,n. 摘要，概要；总结，概括,,,
summit,ˈsʌmɪt,n.,n. 山顶，顶峰；峰会，首脑会议,,,
summon,ˈsʌmən,v.,v. 召唤，传唤，召集；鼓起（勇气等），唤起（记忆等）,,,
sunrise,ˈsʌnraɪz,n.,n. 日出，拂晓,,,
sunset,ˈsʌnset,n.,n. 日落，傍晚；（事物的）衰落期，没落期；adj. 日落的，傍晚的,,,
sunshine,ˈsʌnʃaɪn,n.,n. 阳光，日光；晴朗的天气；快乐，幸福,,,
tug,tʌɡ,v.,v. 用力拉，猛拉；n. 猛拉，拖拉；拖船,,,
tuition,tjuˈɪʃn,n.,n. 学费；教学，讲授,,,
tune,tjuːn,n.,n. 曲调，旋律；调子，音调；v. 调音，调整；使协调一致,,,
tunnel,ˈtʌn.əl,n.,n. 隧道，地道；v. 挖掘隧道，开凿隧道；在...下挖隧道；从...下通过,,,
turbine,ˈtɜːbaɪn,n.,n. 涡轮机,,,
turkey,ˈtɜːki,n.,n. 火鸡；火鸡肉；土耳其（国家名）,,,
turmoil,ˈtɜːmɔɪl,n.,n. 动乱，混乱，骚动,,,
tutor,ˈtjuːtə(r),n.,n. 家庭教师，私人教师；导师，指导教师；v. 辅导，指导,,,
automatic,ˌɔːtəˈmætɪk,adj.,adj. 自动的，自动操作的；无意识的，不经思考的；n. 自动装置，自动机械,,,
automation,ˌɔːtəˈmeɪʃn,n.,n. 自动化；自动操作,,,
autonomy,ɔːˈtɒnəmi,n.,n. 自主权，自治权；独立自主,,,
avenue,ˈævənjuː,n.,n. 大街，林荫道；途径，手段；大街（常指美国城市的）,,,
avert,əˈvɜːt,v.,v. 避免，防止；转移（目光、注意力等）,,,
await,əˈweɪt,v.,v. 等候，等待；期待，等待(某事发生)；(事情)等待(某人),,,
awe,ɔː,n.,n. 敬畏，惊叹；v. 使敬畏，使惊叹,,,
awful,ˈɔːfl,adj.,adj. 非常糟糕的，可怕的；极度的，严重的；adv. 非常地，极其,,,
axe,æks,n.,n. 斧头，斧子；v. 砍掉，削减,,,
ax,æks,n.,n. 斧子，斧头；v. 用斧砍，削减,,,
axis,ˈæksɪs,n.,n. 轴，轴线；坐标轴；中心线，中轴；主轴，中心；轴心国（二战时的德国、意大利、日本联盟）,,,
bulk,bʌlk,n.,n. 体积，容积；大部分，大多数；大量，大批；adj. 大量的，散装的；v. 使扩大，使增大,,,
bully,ˈbʊli,n.,n. 恶霸，欺凌者；v. 欺负，恐吓；adj. 极好的，了不起的,,,
but,bʌt,conj.,conj. 但是，可是，然而；prep. 除了，除...以外；adv. 只有，仅仅,,,
button,ˈbʌtn,n.,n. 纽扣；按钮；v. 扣上；扣紧,,,
buzz,bʌz,n.,n. 嗡嗡声，蜂鸣声；兴奋，热闹；v. 发出嗡嗡声；匆忙走动；充满活力地忙碌,,,
by,baɪ,prep.,prep. 在...旁边；经过；通过；乘坐；按照；由...制作；在...之前；不迟于；被；由；adv. 在旁边；经过,,,
bypass,ˈbaɪpɑːs,n.,n. 旁路，支路；绕行道路；心脏搭桥手术；v. 绕过，避开；规避，回避；忽视，不顾,,,
crude,kruːd,adj.,adj. 粗糙的，未加工的；粗俗的，粗鲁的；简陋的，粗略的；n. 原油,,,
cruel,kruːəl,adj.,adj. 残酷的，无情的；使人痛苦的，严酷的,,,
cruise,kruːz,n.,n. 乘船游览，巡游；v. 乘船游览，巡航；巡行，巡游；轻松获胜，轻松通过,,,
crush,krʌʃ,v.,v. 压碎，捣碎；使失败，击垮；镇压，制服；使心碎，使极度失望；n. 迷恋，热恋；拥挤的人群；果汁饮料,,,
crust,krʌst,n.,n. 外壳，硬皮；地壳；面包皮，派皮；v. 结硬皮，结成外壳,,,
crystal,ˈkrɪstl,n.,n. 水晶，晶体；水晶制品；晶片，石英晶体；adj. 水晶的，透明的，清澈的,,,
dull,dʌl,adj.,adj. 无聊的，乏味的；迟钝的，愚笨的；阴暗的，阴沉的；钝的，不锋利的；(色彩)暗淡的，不鲜明的；(声音)沉闷的，低沉的；v. 使变钝，使迟钝；使变暗淡，使失去光泽,,,
dumb,dʌm,adj.,adj. 哑的，不能说话的；愚蠢的，笨的；无声的，不能发声的,,,
dump,dʌmp,v.,v. 倾倒，倾卸；丢弃，抛弃；倾销，贱卖；n. 垃圾场，垃圾堆；（计算机）转储,,,
duplicate,ˈdjuːplɪkeɪt,adj.,adj. 复制的，副本的；n. 复制品，副本；v. 复制，复写；重复,,,
dusk,dʌsk,n.,n. 黄昏，傍晚,,,
dwarf,dwɔːf,n.,n. 矮人，侏儒；矮小的动物或植物；v. 使显得矮小，使相形见绌；adj. 矮小的，侏儒的,,,
dwell,dwel,v.,v. 居住，栖息；详细讨论，细想；停留，徘徊,,,
dye,daɪ,n.,n. 染料；v. 染色，给...染色,,,
dynasty,ˈdɪnəsti,n.,n. 王朝，朝代；家族统治；世袭统治；在某领域长期占统治地位的一批人,,,
fur,fɜː(r),n.,n. 毛皮，皮毛；毛皮制品,,,
furnish,ˈfɜːnɪʃ,v.,v. 提供，供应；装备，配备；布置，装饰（房间等）,,,
further,ˈfɜːðə(r),adv.,adv. 更远地，进一步地；另外，此外；adj. 更多的，进一步的；v. 促进，推进,,,
furthermore,ˈfɜːðəmɔː(r),adv.,adv. 此外，而且，再者,,,
fuse,fjuːz,n.,n. 保险丝，熔丝；导火线，引信；v. 融合，熔接；使熔化；使融合,,,
fuss,fʌs,n.,n. 大惊小怪，小题大做；纷扰，忙乱；v. 大惊小怪，小题大做；过分关心，过分在意,,,
futile,ˈfjuːtaɪl,adj.,adj. 徒劳的，无用的，无效的,,,
iron,ˈaɪən,n.,n. 铁；烙铁；熨斗；adj. 铁制的；坚强的；v. 熨烫；烫平,,,
irony,ˈaɪrəni,n.,n. 讽刺，反话；出乎意料的情况，具有讽刺意味的事态,,,
irrespective,ˌɪrɪˈspektɪv,adj.,adj. 不考虑的，不顾的，不理会的,,,
irrigate,ˈɪrɪɡeɪt,v.,v. 灌溉，浇灌,,,
irritate,ˈɪrɪteɪt,v.,v. 使恼怒，使烦恼；刺激，使疼痛,,,
isle,aɪl,n.,n. (尤指小)岛,,,
isolate,ˈaɪsəleɪt,v.,v. 使隔离，使孤立；分离，使分开；n. 孤立的人（或物）,,,
ivory,ˈaɪvəri,n.,n. 象牙；象牙制品；乳白色；adj. 象牙制的；乳白色的,,,
musical,ˈmjuːzɪkl,adj.,adj. 音乐的；悦耳的；喜爱音乐的；n. 音乐剧；音乐片,,,
musician,mjuːˈzɪʃən,n.,n. 音乐家，乐师,,,
mute,mjuːt,adj.,adj. 沉默的，无声的；哑的，不能说话的；v. 使沉默，使无声；n. 哑巴，静音器,,,
mutter,ˈmʌtə(r),v.,v. 低声说，咕哝；抱怨地说；n. 低语，咕哝声,,,
owe,əʊ,v.,v. 欠（钱、债务等）；应该给予（某人某物）；归功于，感激,,,
owing,ˈəʊɪŋ,adj.,adj. 未付的，欠的；prep. 由于，因为,,,
owner,ˈəʊnə(r),n.,n. 所有者，物主；拥有者,,,
ownership,ˈəʊnəʃɪp,n.,n. 所有权，所有制；物主身份,,,
ozone,ˈəʊzəʊn,n.,n. 臭氧；(空气中的)新鲜气味,,,
prosecute,ˈprɒsɪkjuːt,v.,v. 起诉，控告；继续从事，贯彻，执行,,,
prosper,ˈprɒspə(r),v.,v. 繁荣，兴旺；成功，发达,,,
prosperity,prɒˈsperəti,n.,n. 繁荣，兴旺；富裕，成功,,,
prosperous,ˈprɒspərəs,adj.,adj. 繁荣的，兴旺的；富裕的，成功的,,,
protect,prəˈtekt,v.,v. 保护，防护；预防，防止,,,
protein,ˈprəʊtiːn,n.,n. 蛋白质；蛋白质，朊；adj. 蛋白质的,,,
protest,ˈprəʊtest,n.,n. 抗议，反对；抗议书，正式异议；v. 抗议，反对；坚决声明，断言,,,
prototype,ˈprəʊtətaɪp,n.,n. 原型，样本，标准，模范；v. 制作原型,,,
proud,praʊd,adj.,adj. 自豪的，骄傲的；令人自豪的，值得骄傲的；自负的，傲慢的,,,
province,ˈprɒvɪns,n.,n. 省；行政区；范围；领域,,,
provision,prəˈvɪʒn,n.,n. 供给，供应；规定，条款；准备，预备；v. 供给，提供,,,
provoke,prəˈvəʊk,v.,v. 激怒，惹恼；引起，激起；刺激，诱导,,,
royal,ˈrɔɪəl,adj.,adj. 皇家的，王室的；高贵的，盛大的，豪华的；n. 王室成员,,,
royalty,ˈrɔɪəlti,n.,n. 王室成员；皇族；版税；专利使用费；王权；王族身份,,,
rub,rʌb,v.,v. 擦，摩擦；揉，按摩；蹭，摩擦；n. 摩擦，擦拭；按摩,,,
rubber,ˈrʌbə(r),n.,n. 橡皮，橡胶；橡皮擦；橡胶制品；轮胎；adj. 橡胶制的；有弹性的；非刚性的,,,
rude,ruːd,adj.,adj. 无礼的，粗鲁的；粗野的，不文雅的；突然的，意外的；简陋的，粗糙的,,,
ruin,ruːɪn,n.,n. 毁灭，破坏；废墟，遗迹；崩溃，衰落；v. 毁坏，毁掉；使破产，使崩溃,,,
supermarket,ˈsuːpəmɑːkɪt,n.,n. 超市，大型自助食品杂货店,,,
supersonic,ˌsuːpəˈsɒnɪk,adj.,adj. 超音速的；音速以上的,,,
superstition,ˌsuːpəˈstɪʃn,n.,n. 迷信，迷信观念,,,
surrender,səˈrendə(r),v.,v. 投降，屈服；放弃，交出；n. 投降，屈服；放弃,,,
surround,səˈraʊnd,v.,v. 包围，环绕；与...有关，与...相关,,,
surroundings,səˈraʊndɪŋz,n.,n. 环境，周围的事物,,,
cycle,ˈsaɪkl,n.,n. 周期，循环；自行车；v. 骑自行车；循环，轮转,,,
cylinder,ˈsɪlɪndə(r),n.,n. 圆柱体，圆筒；汽缸；圆柱形容器；圆筒形物体,,,
cube,kjuːb,n.,n. 立方体；立方形物体；立方（数学）；立方体形状的东西（如糖块、冰块等）；v. 求…的立方；使成立方体,,,
cue,kjuː,n.,n. 暗示，提示；信号，线索；台词提示；球杆；v. 给...提示；为...插话,,,
cunning,ˈkʌnɪŋ,adj.,adj. 狡猾的，狡诈的；巧妙的，灵巧的；n. 狡猾，狡诈,,,
curb,kɜːb,n.,n. 路缘石，路边；控制，约束；v. 控制，约束，抑制,,,
cure,kjʊə(r),n.,n. 治疗；痊愈；药物；解决方法；救治；v. 治愈；治好；解决；改正,,,
curl,kɜːl,n.,n. 卷曲（物）；卷发；卷曲（状态）；弯曲；卷；v. （使）卷曲；（使）弯曲；蜷缩,,,
curriculum,kəˈrɪkjələm,n.,n. 课程；教学大纲；全部课程,,,
curse,kɜːs,n.,n. 诅咒，咒语；祸害，祸根；v. 诅咒，咒骂；使受罪，使遭殃,,,
curve,kɜːv,n.,n. 曲线，弯曲；弯道，转弯；曲线图；v. （使）弯曲，（使）成曲线；沿曲线行进,,,
custom,ˈkʌstəm,n.,n. 习惯，风俗；（顾客的）惯常光顾，（商店的）顾客；adj. 定做的，定制的,,,
cyberspace,ˈsaɪbəspeɪs,n.,n. 网络空间，虚拟空间,,,
surface,ˈsɜːfɪs,n.,n. 表面，表层；外表，外观；水面；地面；v. 浮出水面；显露；adj. 表面的，肤浅的,,,
surge,sɜːdʒ,n.,n. 突然的增长或上升；汹涌；波涛；v. 急剧上升；猛增；汹涌；奔涌,,,
surgeon,ˈsɜːdʒən,n.,n. 外科医生,,,
surgery,ˈsɜːdʒəri,n.,n. 外科手术；诊所，诊室；外科学；手术室,,,
swallow,ˈswɒləʊ,v.,v. 吞下，咽下；忍受，压制（感情等）；轻信，相信；n. 燕子；吞咽，一口；吞咽能力,,,
swamp,swɒmp,n.,n. 沼泽，湿地；v. 淹没，浸没；使陷入困境，使不堪重负,,,
sway,sweɪ,v.,v. 摇摆，摇晃；影响，左右；n. 影响力，统治力,,,
sweat,swet,n.,n. 汗水；出汗；艰苦工作；辛劳；v. 出汗；流汗；担心；焦虑；费力,,,
sweep,swiːp,v.,v. 打扫，清扫；掠过，扫过；席卷，横扫；n. 打扫，扫除；范围，幅度,,,
swift,swɪft,adj.,adj. 快速的，迅速的；敏捷的，反应快的；n. 雨燕；adv. 迅速地，立即地,,,
swim,swɪm,v.,v. 游泳，游；浸泡，浸透；眩晕，天旋地转；n. 游泳，游泳运动,,,
symbol,ˈsɪmbl,n.,n. 象征，标志，符号；象征性的人或物；数学或科学中的符号,,,
symmetry,ˈsɪmətri,n.,n. 对称；对称性；均衡；和谐；匀称,,,
sympathetic,ˌsɪmpəˈθetɪk,adj.,adj. 同情的，表示同情的；赞同的，支持的；和谐的，协调的；感应的，共鸣的,,,
sympathize,ˈsɪmpəθaɪz,v.,v. 同情，怜悯；同感，赞同；支持,,,
sympathise,ˈsɪmpəθaɪz,v.,v. 同情，同感；赞同，支持,,,
sympathy,ˈsɪmpəθi,n.,n. 同情，怜悯；同情心，同情的表示；赞同，支持；理解，体谅；共鸣，共感,,,
symphony,ˈsɪmfəni,n.,n. 交响乐，交响曲；和谐，协调,,,
symposium,sɪmˈpəʊziəm,n.,n. 专题研讨会，学术讨论会；酒宴，宴会（尤指古希腊的）,,,
symptom,ˈsɪmptəm,n.,n. 症状，征兆；征兆，表征；征候,,,
syndrome,ˈsɪndrəʊm,n.,n. 综合征，症候群；（某种情况或行为的）一系列典型特征,,,
synthesis,ˈsɪnθəsɪs,n.,n. 综合；合成；综合体,,,
synthetic,sɪnˈθetɪk,adj.,adj. 人造的，合成的；综合的，整体的；n. 合成物，人造物,,,
much,mʌtʃ,adj.,adj. 大量的，许多的；adv. 非常，很；pron. 大量，许多；n. 大量，许多,,,
mud,mʌd,n.,n. 泥，泥浆；诽谤，中伤；v. 弄脏，使沾满泥,,,
mug,mʌɡ,n.,n. 杯子，马克杯；v. 抢劫，袭击,,,
murder,ˈmɜːdə(r),n.,n. 谋杀，凶杀；v. 谋杀，杀害,,,
murmur,ˈmɜːmə(r),n.,n. 低语，轻声细语；低沉连续的声音；窃窃私语；v. 低声说，喃喃地说；发出低沉连续的声音,,,
multiple,ˈmʌltɪpl,adj.,adj. 多个的，多种的；n. 倍数，倍数,,,
multiply,ˈmʌltɪplaɪ,v.,v. 乘，相乘；增加，繁殖；adv. 多样地，多方面地,,,
multitude,ˈmʌltɪtjuːd,n.,n. 大量，众多；群众，民众,,,
municipal,mjuːˈnɪsɪpl,adj.,adj. 市政的，市立的；市政府的,,,
muscle,ˈmʌsl,n.,n. 肌肉；体力，力量；影响力，权力；v. 强行挤入，强行介入,,,
muscular,ˈmʌskjələ(r),adj.,adj. 肌肉发达的，强壮的；肌肉的，与肌肉有关的；强有力的，有力的,,,
puff,pʌf,n.,n. 一阵（烟、气等）；喷出的一股（气等）；泡芙；吹嘘，夸大的宣传；v. 喷出，吐出；使膨胀，使鼓起；吹捧，吹嘘,,,
pull,pʊl,v.,v. 拉，拖；拔出，抽出；吸引，吸收；n. 拉，拖；影响力，吸引力,,,
pulse,pʌls,n.,n. 脉搏，脉率；豆类，脉冲；节奏，韵律；v. 跳动，震动,,,
pump,pʌmp,n.,n. 泵，抽水机；打气筒；浅口皮鞋；v. 用泵抽送；打气；大量注入（资金等）；反复做（运动）；追问，盘问,,,
punch,pʌntʃ,n.,n. 冲压器，打孔器；拳打，重击；潘趣酒（一种混合酒）；力量，效力；v. 打孔，冲孔；用拳猛击；按（按钮等）；增强，突出,,,
punctual,ˈpʌŋktʃuəl,adj.,adj. 准时的，守时的；准确的，精确的,,,
punish,ˈpʌnɪʃ,v.,v. 惩罚，处罚；严厉对待，折磨,,,
puppet,ˈpʌpɪt,n.,n. 木偶，傀儡；傀儡政权，傀儡政府,,,
pure,pjʊə(r),adj.,adj. 纯的，纯粹的；干净的，洁净的；完全的，十足的；纯理论的，抽象的；纯粹的，单纯的（用于强调）；纯洁的，贞洁的,,,
purify,ˈpjʊərɪfaɪ,v.,v. 净化，使纯净；使洁净，使纯洁,,,
purpose,ˈpɜːpəs,n.,n. 目的，意图；用途，用意；决心，意志；v. 打算，企图,,,
purse,pɜːs,n.,n. 钱包，女用手提包；v. 撅（嘴），使（嘴唇）变薄,,,
rumour,ˈruːmə(r),n.,n. 谣言，传闻；v. 谣传，传说,,,
rumor,ˈruːmə(r),n.,n. 谣言；传闻；流言；v. 谣传；散布谣言,,,
run,rʌn,v.,v. 跑，奔跑；运转，运行；经营，管理；流动；蔓延；连续，持续；发布，刊登；参加（竞选）；遭遇，经历；n. 奔跑，跑步；运行，行程；连续，一系列；竞选，参选；(棒球)一分；需求量，销售量,,,
rural,ˈrʊərəl,adj.,adj. 乡村的，农村的；田园的，乡村风味的,,,
rush,rʌʃ,n.,n. 匆忙，急促；高峰期，繁忙时期；冲动，冲劲；突然涌入；v. 冲，奔；匆忙做；催促；使突然涌入；adj. 匆忙的，仓促的,,,
rust,rʌst,n.,n. 锈，铁锈；衰败，荒废；v. 生锈，铁锈蚀；衰退，荒废,,,
ruthless,ˈruːθləs,adj.,adj. 无情的，冷酷的，残忍的,,,
attendant,əˈtendənt,n.,n. 服务员，侍者；侍从，随从；陪同者；随行人员；伴随物；adj. 伴随的，随之而来的,,,
attorney,əˈtɜːni,n.,n. 律师，代理人,,,
attract,əˈtrækt,v.,v. 吸引，引起...的注意；吸引（异性）；招致，引来,,,
attractive,əˈtræktɪv,adj.,adj. 吸引人的，有魅力的；有吸引力的，引人注目的；有诱惑力的，诱人的,,,
bunch,bʌntʃ,n.,n. 一串，一束，一捆；一群，一帮；v. 使成一束；使成群,,,
bundle,ˈbʌndl,n.,n. 一捆，一包，一束；大量，大捆；一批（货物），捆装货；v. 捆，包，扎；匆忙离开，匆忙送走,,,
burden,ˈbɜːdn,n.,n. 负担，重担；责任，义务；v. 使负担，使烦恼,,,
bureau,ˈbjʊərəʊ,n.,n. 局，处，司；（政府的）部门；办公桌，写字台,,,
bureaucracy,bjʊəˈrɒkrəsi,n.,n. 官僚制度，官僚主义；政府机构，行政部门,,,
burglar,ˈbɜːɡlə(r),n.,n. 小偷，窃贼（尤指入室行窃者）,,,
troop,truːp,n.,n. 一群，一队（人或动物）；军队，部队；v. 成群结队地走,,,
tropic,ˈtrɒpɪk,n.,n. 回归线；热带地区,,,
tropical,ˈtrɒpɪkl,adj.,adj. 热带的，tropical的；炎热的，酷热的,,,
troublesome,ˈtrʌblsəm,adj.,adj. 引起麻烦的，令人烦恼的；棘手的，难处理的,,,
true,truː,adj.,adj. 真实的，不虚假的；正确的，真正的；忠诚的，忠实的；准确的，精确的；合乎标准的，规范的；adv. 真正地，确实地；n. 真理，事实,,,
trust,trʌst,n.,n. 信任，信赖；托管，信托；v. 信任，相信；委托，托付,,,
trunk,trʌŋk,n.,n. 树干；象鼻；（汽车的）行李箱；（旅行用的）大箱子,,,
tube,tjuːb,n.,n. 管子，软管；电子管，显像管；地铁（英国用语）；管状物，圆筒,,,
tuck,tʌk,v.,v. 塞入，藏入；使整齐，折叠；裹住，包住；n. 褶皱，褶边,,,
twin,twɪn,n.,n. 双胞胎之一；成对物品之一；adj. 双胞胎的；双的，成对的；v. 使成对；使配对,,,
twinkle,ˈtwɪŋkl,v.,v. 闪烁，闪耀；n. 闪烁，闪光,,,
wrench,rentʃ,n.,n. 扳手，扳钳；痛苦，难过；猛扭；v. 扭伤，扭曲；猛拉，猛扭,,,
wrinkle,ˈrɪŋkl,n.,n. 皱纹，褶皱；困难，问题；v. 使起皱纹，使起褶皱,,,
wrist,rɪst,n.,n. 手腕,,,
hug,hʌɡ,n.,n. 拥抱，搂抱；v. 拥抱，搂抱,,,
huge,hjuːdʒ,adj.,adj. 巨大的，庞大的；极重要的，非常成功的,,,
hum,hʌm,v.,v. 发出哼哼声，哼唱；嗡嗡作响，发出嗡嗡声；n. 哼唱声；嗡嗡声；嘈杂声,,,
auction,ˈɔːkʃn,n.,n. 拍卖；拍卖会；v. 拍卖,,,
audience,ˈɔːdiəns,n.,n. 观众，听众；读者群，受众；接见，会见,,,
audio,ˈɔːdiəʊ,n.,n. 声音的，音频的；adj. 声音的，音频的,,,
audit,ˈɔːdɪt,n.,n. 审计，查账；旁听；v. 审计，查账；旁听,,,
auditorium,ˌɔːdɪˈtɔːriəm,n.,n. 礼堂，会堂，大礼堂；（剧院或音乐厅的）观众席,,,
augment,ɔːɡˈment,v.,v. 增加，扩大，提高,,,
aural,ˈɔːrəl,adj.,adj. 听觉的，听力的,,,
authentic,ɔːˈθentɪk,adj.,adj. 真实的，真正的；可信的，可靠的；原创的，独特的,,,
broad,brɔːd,adj.,adj. 宽的，宽阔的；广泛的，广大的；一般的，概括的；粗略的，大致的；自由的，无拘束的；明显的，显著的；n. 宽阔部分，大部分,,,
broadcast,ˈbrɔːdkɑːst,v.,v. 广播，播放；传播，散布（信息、消息等）；n. 广播节目，广播；adj. 广播的，播送的,,,
bruise,bruːz,n.,n. 青肿，瘀伤；v. 使瘀伤，碰伤；伤害（感情）,,,
brush,brʌʃ,n.,n. 刷子，毛刷；画笔；轻擦，擦拭；小冲突，轻度接触；刷状物，灌木丛；v. 刷，擦；掸；刷牙；轻触，轻擦；掠过；清除，拂去,,,
brutal,ˈbruːtl,adj.,adj. 残忍的，野蛮的；残酷的，无情的；艰难的，困难的,,,
bud,bʌd,n.,n. 芽，花蕾；伙伴，朋友（非正式）；v. 发芽，萌芽,,,
buffer,ˈbʌfə(r),n.,n. 缓冲器，缓冲区；缓冲物，缓冲剂；缓存（计算机）；v. 缓冲，减轻冲击；保护，使免受,,,
buffet,ˈbʊfeɪ,n.,n. 自助餐；打击，冲击；v. 连续打击，拍打,,,
bug,bʌɡ,n.,n. 昆虫，虫子；小毛病，故障；窃听器；v. 烦扰，纠缠；窃听,,,
crack,kræk,n.,n. 裂缝，缝隙；爆裂声；尝试，机会；v. 破裂，裂开；发出爆裂声；破解，攻克；使...崩溃；开玩笑,,,
cradle,ˈkreɪdl,n.,n. 摇篮；发源地；策源地；v. 轻轻地抱着；温柔地捧着；保护；支撑,,,
craft,krɑːft,n.,n. 手艺，工艺；船，飞行器；诡计，手腕；v. 精心制作，手工制作,,,
crash,kræʃ,v.,v. (车辆等)撞击，碰撞；(计算机)崩溃；突然失败，垮台；闯入，擅自进入；发出巨响；n. 碰撞，撞击；崩溃，瓦解；轰隆声；破产，崩溃；adj. 速成的，应急的,,,
crazy,ˈkreɪzi,adj.,adj. 疯狂的，失常的；狂热的，着迷的；古怪的，荒唐的；令人吃惊的，难以置信的；n. 疯子，疯狂的人,,,
cream,kriːm,n.,n. 奶油；乳脂；含乳脂的饮料；面霜；护肤霜；精华；精英；adj. 奶油色的；米黄色的；v. 打败；击败；彻底征服；将...搅成糊状；把...搅成奶油状,,,
creature,ˈkriːtʃə(r),n.,n. 生物，动物；创造物，产物；人，家伙（非正式）,,,
credentials,krəˈdenʃlz,n.,n. 证书，资格证明；学历，资历,,,
crawl,krɔːl,v.,v. 爬行，匍匐前进；缓慢地移动；n. 爬泳，自由泳,,,
creep,kriːp,v.,v. 缓慢地爬行，匍匐前进；悄悄地移动；逐渐发生或增长；n. 讨厌的人，讨厌鬼；缓慢的移动,,,
crew,kruː,n.,n. （船、飞机等的）全体工作人员；（一起工作的）一组人，全体成员；（非正式）一伙人，一帮人；v. 当（船、飞机等）的工作人员,,,
draft,drɑːft,n.,n. 草稿，草案；征兵，征募；汇票；气流，冷风；v. 起草，草拟；征募；adj. 供起草用的；正在服兵役的,,,
dread,dred,v.,v. 害怕，畏惧；n. 恐惧，畏惧；adj. 可怕的，令人畏惧的,,,
dress,dres,n.,n. 连衣裙，裙子；v. 给…穿衣服，装扮；包扎，处理（伤口）；打扮，装饰；整理，布置,,,
drift,drɪft,n.,n. 漂流，漂移；趋势，倾向；要点，大意；堆积物；v. 漂流，漂移；随波逐流；慢慢变化；积累,,,
drill,drɪl,n.,n. 钻头，钻机；训练，演习；反复练习；严格训练；v. 钻孔，打眼；反复训练，严格训练；instill (something) forcibly in someone,,,
drip,drɪp,n.,n. 滴，水滴；慢慢滴下的液体；静脉滴注；v. 滴下，滴落；使滴下，使渗出,,,
drop,drɒp,n.,n. 滴，水滴；微量；落下，下降；减少；垂饰；耳坠；v. 掉下，落下；使降低，使减少；放弃，停止；遗弃，抛弃；突然拜访；投递，邮寄,,,
drone,drəʊn,n.,n. 无人机；遥控飞机；雄蜂；雄峰；单调的声音；嗡嗡声；单调乏味的人；枯燥无聊的人；v. 单调地说；喋喋不休地说；发出嗡嗡声；发出单调的声音,,,
drought,draʊt,n.,n. 干旱，旱灾；缺乏，匮乏,,,
drown,draʊn,v.,v. (使)淹死，(使)溺死；淹没，浸没；压倒，掩盖（声音）,,,
drum,drʌm,n.,n. 鼓；鼓声；v. 击鼓；连续敲击；反复灌输,,,
expedition,ˌekspəˈdɪʃn,n.,n. 远征，探险；探险队，考察队,,,
expel,ɪkˈspel,v.,v. 驱逐，赶出；开除，除名；排出，呼出,,,
expend,ɪkˈspend,v.,v. 花费，消耗（金钱、时间、精力等）,,,
expenditure,ɪkˈspendɪtʃə(r),n.,n. 支出，花费；经费，开支,,,
expense,ɪkˈspens,n.,n. 费用，开支；代价，损失,,,
explanation,ˌekspləˈneɪʃn,n.,n. 解释，说明；阐述，说明理由,,,
explicit,ɪkˈsplɪsɪt,adj.,adj. 清楚的，明确的；直率的，坦率的；详细的，明确表达的；不隐晦的，直截了当的,,,
explode,ɪkˈspləʊd,v.,v. 爆炸，爆裂；突然增加，激增；激烈反应，勃然大怒,,,
explosion,ɪkˈspləʊʒn,n.,n. 爆炸，爆发；激增，突然增加；突然爆发（情感等）,,,
explosive,ɪkˈspləʊsɪv,adj.,adj. 爆炸的，爆炸性的；易爆炸的，爆炸性的；激增的，迅速的；n. 炸药，爆炸物,,,
frame,freɪm,n.,n. 框架；画框；眼镜框；架构；结构；体系；骨架；体格；框架；背景；环境；v. 给...装框；制定；构筑；表达；阐述；构想,,,
framework,ˈfreɪmwɜːk,n.,n. 框架，结构；体系，架构；基本原理，大纲,,,
franchise,ˈfræntʃaɪz,n.,n. 特许经营权；加盟经营；专营权；选举权；公民权；v. 授予...特许经营权；给予...专营权,,,
frank,fræŋk,adj.,adj. 坦率的，直言不讳的；明显的，公开的；v. 免费邮寄，免付邮资；n. 免费邮寄权,,,
fraud,frɔːd,n.,n. 欺诈，诈骗；骗子，冒充者,,,
freedom,ˈfriːdəm,n.,n. 自由，自主；自由权，特权；无拘束，随心所欲；自由度，灵活性,,,
freelance,ˈfriːlɑːns,adj.,adj. 自由职业的，自由撰稿的；n. 自由职业者，自由撰稿人；v. 从事自由职业，做自由撰稿人,,,
freeze,friːz,v.,v. 结冰，凝固；使冻僵，使冷得发抖；停止，中止；n. 冰冻，严寒,,,
freight,freɪt,n.,n. 货物，货运；运费；v. 运送（货物），装货,,,
frequency,ˈfriːkwənsi,n.,n. 频率，发生率；频繁，经常发生,,,
frequent,ˈfriːkwənt,adj.,adj. 经常的，频繁的；v. 常到，常去,,,
fresh,freʃ,adj.,adj. 新鲜的，新的；清新的，凉爽的；精神饱满的，充满活力的；刚到的，新来的；无经验的，生疏的；adv. 新近地，刚刚地,,,
friction,ˈfrɪkʃn,n.,n. 摩擦，摩擦力；不和，冲突，矛盾,,,
strife,straɪf,n.,n. 冲突，争执，不和；斗争，奋斗,,,
strive,straɪv,v.,v. 努力，奋斗，力争,,,
struggle,ˈstrʌɡl,n.,n. 奋斗，努力；斗争，挣扎；困难，艰难；v. 奋斗，努力；挣扎，斗争；艰难地做，费力地做,,,
strip,strɪp,n.,"n. 条, 带, 狭长的一片；v. 剥去, 脱去, 除去；剥夺, 褫夺",,,
stripe,straɪp,n.,n. 条纹，斑纹；类型，种类；v. 加条纹于，使成条纹,,,
stroke,strəʊk,n.,n. 中风，脑溢血；划，笔画；击，打；游泳的一个划水动作；钟的敲击声；v. 抚摸，轻抚,,,
stroll,strəʊl,n.,n. 悠闲的散步；v. 悠闲地散步，闲逛,,,
strong,strɒŋ,adj.,adj. 强壮的，强健的；有力的，强劲的；坚固的，结实的；强烈的，浓烈的；强大的，有影响力的；坚定的，坚强的；激烈的，猛烈的；（能力、技能）强的，擅长的；（论点、证据等）有力的，令人信服的；（货币、经济等）强势的，稳定的；adv. 强烈地，猛烈地,,,
stubborn,ˈstʌbən,adj.,adj. 固执的，顽固的；难以改变的，顽固的（问题、情况等）,,,
studio,ˈstjuːdiəʊ,n.,n. 工作室，画室，摄影室；电影制片厂，电视台；录音室；小型公寓，单间公寓,,,
stuff,stʌf,n.,n. 东西，物品；材料，物质；本质，实质；才能，本领；v. 塞满，填满；（民俗）对...进行标本制作,,,
stumble,ˈstʌmbl,v.,v. 绊倒，蹒跚而行；结结巴巴地说；偶然发现；犯错误；n. 绊倒，蹒跚；错误，失误,,,
sturdy,ˈstɜːdi,adj.,adj. 强壮的，结实的；坚固的，牢固的；坚定的，顽强的,,,
style,staɪl,n.,n. 风格，式样；方式，方法；文体，文风；时尚，流行；v. 称呼，把...称为；设计，称为...的式样,,,
submarine,ˌsʌbməˈriːn,n.,n. 潜水艇；adj. 水下的，海底的；v. 潜入水中，浸没,,,
submerge,səbˈmɜːdʒ,v.,v. 使浸没，使沉没；淹没，掩盖；使陷入，使专心于,,,
subtract,səbˈtrækt,v.,v. 减去，扣除,,,
sudden,ˈsʌdn,adj.,adj. 突然的，意外的,,,
about,əˈbaʊt,prep.,prep. 关于，涉及；大约，左右；adv. 大约，左右；在附近，到处；adj. 即将...的，快要...的,,,
accustom,əˈkʌstəm,vt.,vt. 使习惯于，使适应,,,
acre,ˈeɪkə(r),n.,n. 英亩（土地面积单位）；大片土地，田地,,,
actor,ˈæktə(r),n.,n. 演员；表演者；行动者,,,
actress,ˈæktrəs,n.,n. 女演员,,,
adjective,ˈædʒɪktɪv,n.,n. 形容词；adj. 形容词的,,,
administer,ədˈmɪnɪstə(r),v.,v. 管理，治理；执行，实施；给予，施加；施用，给药,,,
aeroplane,ˈeərəpleɪn,n.,n. 飞机,,,
airplane,ˈeəpleɪn,n.,n. 飞机,,,
afraid,əˈfreɪd,adj.,adj. 害怕的，恐惧的；担心的，忧虑的；抱歉的，遗憾的,,,
after,ˈɑːftə(r),prep.,prep. 在...之后；跟随；追求；adv. 后来；以后；conj. 在...之后；adj. 后面的；以后的,,,
aftermath,ˈɑːftəmæθ,n.,n. 后果，影响；（尤指灾难或不愉快事件的）余波，后续影响,,,
afternoon,ˌɑːftəˈnuːn,n.,n. 下午，午后,,,
again,əˈɡen,adv.,adv. 再一次，又；再说一遍；另一方面，而且；用于强调,,,
agent,ˈeɪdʒənt,n.,n. 代理人，经纪人；代理商，经销商；特工，间谍；作用物，剂；媒介，动因,,,
ago,əˈɡəʊ,adv.,adv. 以前，...之前,,,
agree,əˈɡriː,v.,v. 同意，赞同；一致，相符；商定，约定；适合，对...有好处,,,
agriculture,ˈæɡrɪkʌltʃə(r),n.,n. 农业，农学,,,
air,eə(r),n.,n. 空气；天空；大气；神态；样子；气氛；曲调；歌曲；v. 播放；广播；公开表达；使通风；晾干,,,
albeit,ɔːlˈbiːɪt,conj.,conj. 尽管，虽然，即使,,,
album,ˈælbəm,n.,n. 相册，影集；唱片专辑；集邮簿；纪念册,,,
alcohol,ˈælkəhɒl,n.,n. 酒精，乙醇；含酒精的饮料，酒,,,
almost,ɔːlˈməʊst,adv.,adv. 几乎，差不多,,,
aloud,əˈlaʊd,adv.,adv. 出声地，大声地,,,
already,ɔːlˈredɪ,adv.,adv. 已经，早已,,,
also,ˈɔːlsəʊ,adv.,adv. 也，还，同样,,,
aluminium,ˌæljuˈmɪniəm,n.,n. 铝,,,
aluminum,əˈluːmɪnəm,n.,n. 铝,,,
always,ˈɔːlweɪz,adv.,adv. 始终，一直，永远,,,
ambulance,ˈæmbjələns,n.,n. 救护车,,,
animal,ˈænɪml,n.,n. 动物；兽；野兽，畜生（指残忍的人）；adj. 动物的，野兽的,,,
another,əˈnʌðə(r),det.,det. 另一个，再一个；pron. 另一个，再一个；adj. 另外的，再一个的,,,
ant,ænt,n.,n. 蚂蚁,,,
archeology,ˌɑːkiˈɒlədʒi,n.,n. 考古学,,,
archaeology,ˌɑːkiˈɒlədʒi,n.,n. 考古学,,,
April,ˈeɪprəl,n.,n. 四月,,,
arithmetic,əˈrɪθmətɪk,n.,n. 算术；adj. 算术的,,,
aside,əˈsaɪd,adv.,adv. 到旁边，在旁边；另外，除...之外；n. 旁白，悄悄话,,,
astronaut,ˈæstrənɔːt,n.,n. 宇航员，航天员,,,
astronomy,əˈstrɒnəmi,n.,n. 天文学,,,
atom,ˈætəm,n.,n. 原子；微粒；微量,,,
ask,ɑːsk,v.,v. 询问，提问；请求，要求；邀请；期望，要求；n. 要求，请求,,,
at,æt,prep.,prep. 在（某时间、地点）；以（某种速度、价格等）；从事于；致力于；因为；由于；向；朝；对；adv. 在；正在进行,,,
athlete,ˈæθliːt,n.,n. 运动员；体育运动者,,,
auto,ˈɔːtəʊ,n.,n. 汽车，自动车；adj. 自动的,,,
autumn,ˈɔːtəm,n.,n. 秋天，秋季,,,
aviation,ˌeɪviˈeɪʃn,n.,n. 航空，航空学,,,
away,əˈweɪ,adv.,adv. 离开；远离；连续地；持续地；立即；马上；adj. 离开的；缺席的,,,
bacon,ˈbeɪkən,n.,n. 熏猪肉，培根,,,
bag,bæɡ,n.,n. 袋子，包；一袋的量；v. 把...装入袋中；猎获，捕获,,,
balcony,ˈbælkəni,n.,n. 阳台，露台,,,
balloon,bəˈluːn,n.,n. 气球；热气球；v. 迅速增加，激增；膨胀，鼓起,,,
banana,bəˈnɑːnə,n.,n. 香蕉,,,
bank,bæŋk,n.,n. 银行；河岸，堤岸；库，储存处；v. 存入银行；依赖；倾斜飞行,,,
barber,ˈbɑːbə(r),n.,n. 理发师；v. 为...理发,,,
baseball,ˈbeɪsbɔːl,n.,n. 棒球运动；棒球（球）,,,
basket,ˈbɑːskɪt,n.,n. 篮子；篮筐,,,
basin,ˈbeɪsn,n.,n. 盆，脸盆；盆地，流域；海盆，湖盆,,,
basketball,ˈbɑːskɪtbɔːl,n.,n. 篮球（运动）；篮球（球）,,,
bat,bæt,n.,n. 蝙蝠；球棒，球拍；v. 用球棒击球,,,
bathroom,ˈbɑːθruːm,n.,n. 浴室，盥洗室，卫生间,,,
be,biː,v.,v. 是，存在；成为，变成；处于（某种状态、情况、地点等）；发生，出现,,,
beach,biːtʃ,n.,n. 海滩，沙滩；v. 使搁浅，使冲上岸,,,
bean,biːn,n.,n. 豆，豆科植物；v. 击打（某人）的头部,,,
beautiful,ˈbjuːtɪfl,adj.,adj. 美丽的，漂亮的；极好的，出色的,,,
beauty,ˈbjuːti,n.,n. 美，美丽；美人；美好的事物；优点；妙处，妙事,,,
because,bɪˈkɒz,conj.,conj. 因为，由于,,,
bed,bed,n.,n. 床；床位；（河流、海洋等的）底部；（花园里的）苗床；基座；v. 安置；把…固定在；与…同床,,,
bee,biː,n.,n. 蜜蜂；聚会（尤指为特定目的）,,,
beef,biːf,n.,n. 牛肉；抱怨，不满；争吵，争论；v. 抱怨，诉苦；加强，增强,,,
beer,bɪə(r),n.,n. 啤酒,,,
bell,bel,n.,n. 铃，钟；v. 给...装铃铛；使...成钟形,,,
best,best,adj.,adj. 最好的，最优秀的；adv. 最好地，最出色地；n. 最好的人或物；最佳状态,,,
beverage,ˈbevərɪdʒ,n.,n. 饮料,,,
bible,ˈbaɪbl,n.,n. 《圣经》；权威性的指南，工具书,,,
big,bɪɡ,adj.,adj. 大的，巨大的；重要的，重大的；年龄较大的；成功的，有影响力的；adv. 大量地,,,
bird,bɜːd,n.,n. 鸟，禽类；飞机；人，家伙（俚语）；v. 观鸟,,,
birthday,ˈbɜːθdeɪ,n.,n. 生日；诞生日；周年纪念日,,,
biscuit,ˈbɪskɪt,n.,n. 饼干；小面包,,,
black,blæk,adj.,adj. 黑色的，乌黑的；黑暗的，漆黑的；非法的，违法的；阴沉的，忧郁的；n. 黑色，黑颜色；黑人；v. 使变黑，把...涂黑,,,
blackboard,ˈblækbɔːd,n.,n. 黑板,,,
blog,blɒɡ,n.,n. 博客，网志；v. 写博客，撰写网志,,,
blouse,blaʊz,n.,n. 女式衬衫，短上衣,,,
blue,bluː,adj.,adj. 蓝色的；忧郁的，沮丧的；下流的，色情的；n. 蓝色；v. 使变蓝；使...感到沮丧,,,
boil,bɔɪl,v.,v. (使)沸腾，煮沸；(感情)激动，烦躁；n. 沸点，沸腾；疖，脓疮,,,
borrow,ˈbɒrəʊ,v.,v. 借用，借入；借鉴，采用,,,
both,bəʊθ,adj.,adj. 两个都的，两者的；pron. 两者都，双方；adv. 两者都，同样地,,,
bowling,ˈbəʊlɪŋ,n.,n. 保龄球运动；投球，bowling in cricket；v. 打保龄球；(板球)投球,,,
box,bɒks,n.,n. 盒子，箱子；一盒，一箱；v. 把...装箱；拳击，打拳,,,
boy,bɔɪ,n.,n. 男孩，少年；男性（尤指年轻人）；儿子；男性服务员或工人,,,
brandy,ˈbrændi,n.,n. 白兰地酒,,,
breakfast,ˈbrekfəst,n.,n. 早餐；v. 吃早餐,,,
brick,brɪk,n.,n. 砖，砖块；砖形物品；可靠的人；adj. 用砖砌成的；v. 用砖砌；用砖堵塞,,,
bride,braɪd,n.,n. 新娘，即将结婚或刚结婚的女子,,,
briefcase,ˈbriːfkeɪs,n.,n. 公文包，手提箱,,,
brochure,ˈbrəʊʃə(r),n.,n. 小册子，宣传册,,,
broker,ˈbrəʊkə(r),n.,n. 经纪人；中间人；v. 安排；协商,,,
bronze,brɒnz,n.,n. 青铜；青铜制品；铜牌（第三名）；adj. 青铜色的；铜牌的；v. 使成青铜色；使晒黑,,,
broom,bruːm,n.,n. 扫帚；金雀花；v. 用扫帚打扫,,,
brother,ˈbrʌðə(r),n.,n. 兄弟；男性同胞；教友,,,
brow,braʊ,n.,n. 眉毛；前额；山脊；山坡顶部,,,
brown,braʊn,adj.,adj. 棕色的，褐色的；n. 棕色，褐色；v. 使变成褐色,,,
bucket,ˈbʌkɪt,n.,n. 桶，水桶；一桶的量；v. 用桶装，倾盆而下,,,
bulb,bʌlb,n.,n. 电灯泡；球状物；鳞茎；v. 膨胀成球状,,,
bull,bʊl,n.,n. 公牛；看涨的人，买进证券以期价格上涨的人；adj. 看涨的，上升的；v. 强行推进，硬闯,,,
bullet,ˈbʊlɪt,n.,n. 子弹；项目符号；小圆点；v. 快速移动，疾驰,,,
bulletin,ˈbʊlətɪn,n.,n. 公告，公报；简报，新闻简报,,,
bus,bʌs,n.,n. 公共汽车，巴士；v. 用公共汽车运送,,,
bush,bʊʃ,n.,n. 灌木，矮树丛；荒野，丛林地带；簇状物；adj. 粗野的，未开化的,,,
busy,ˈbɪzi,adj.,adj. 忙碌的，繁忙的；占用的，使用中的；热闹的，繁华的；复杂的，花哨的；v. 使忙碌，使集中精力于,,,
butcher,ˈbʊtʃə(r),n.,n. 屠夫，肉商；v. 屠宰；屠杀，残杀,,,
butter,ˈbʌtə(r),n.,n. 黄油，奶油；v. 涂黄油于…上,,,
butterfly,ˈbʌtəflaɪ,n.,n. 蝴蝶；v. 切开摊平,,,
buy,baɪ,v.,v. 购买，买；相信，接受；n. 购买，交易,,,
cabbage,ˈkæbɪdʒ,n.,n. 卷心菜，甘蓝,,,
cabin,ˈkæbɪn,n.,n. 小木屋，小屋；（船或飞机上的）客舱，机舱,,,
cafe,ˈkæfeɪ,n.,n. 咖啡馆，小餐馆,,,
cafeteria,ˌkæfəˈtɪəriə,n.,n. 自助餐厅，自助食堂,,,
cage,keɪdʒ,n.,n. 笼子，牢笼；v. 把...关在笼中,,,
cake,keɪk,n.,n. 蛋糕，糕点；v. 结成块状，结块,,,
calcium,ˈkælsiəm,n.,n. 钙,,,
camera,ˈkæmərə,n.,n. 照相机，摄像机,,,
canal,kəˈnæl,n.,n. 运河，人工水道,,,
candle,ˈkændl,n.,n. 蜡烛；v. 对蛋进行检查,,,
candy,ˈkændi,n.,n. 糖果，糖；v. 用糖煮，糖煮,,,
cannon,ˈkænən,n.,n. 大炮，火炮；教规，教条；v. 炮轰，猛撞,,,
canoe,kəˈnuː,n.,n. 独木舟，皮划艇；v. 划独木舟,,,
canteen,kænˈtiːn,n.,n. 食堂，餐厅（尤指工厂、学校等的）；水壶，水罐（尤指军用的）,,,
canvas,ˈkænvəs,n.,n. 帆布，画布；油画；v. 用帆布覆盖；细查；adj. 帆布制的,,,
cap,kæp,n.,n. 帽子（尤指有帽舌的）；瓶盖，盖子；上限，最高限度；v. 给...戴帽子；盖上盖子；限制，封顶,,,
capsule,ˈkæpsjuːl,n.,n. 胶囊，药丸；太空舱，宇宙飞船；密封舱，密闭空间；概要，摘要,,,
car,kɑː,n.,n. 汽车，小轿车,,,
card,kɑːd,n.,n. 卡片，名片；纸牌；信用卡；(电脑)插卡；v. 要求出示证件,,,
care,keə(r),n.,n. 关心，照顾；小心，谨慎；忧虑，烦恼；v. 关心，在意；喜欢，愿意；照顾，照料,,,
carpenter,ˈkɑːpəntə(r),n.,n. 木匠，木工；v. 当木匠，做木工,,,
carpet,ˈkɑːpɪt,n.,n. 地毯；v. 铺地毯；厚厚地覆盖,,,
cart,kɑːt,n.,n. 手推车，大车；v. 用车运送，搬运,,,
cartoon,kɑːˈtuːn,n.,n. 漫画；卡通片；v. 把...画成漫画,,,
cassette,kəˈset,n.,n. 盒式磁带，卡式录音带,,,
castle,ˈkɑːsl,n.,n. 城堡，堡垒,,,
cat,kæt,n.,n. 猫；v. 用锚链系住（船）,,,
cathedral,kəˈθiːdrəl,n.,n. 大教堂,,,
Catholic,ˈkæθəlɪk,adj.,adj. 天主教的；普世的，广泛的；n. 天主教徒,,,
cattle,ˈkætl,n.,n. 牛，家畜,,,
cave,keɪv,n.,n. 洞穴，山洞；v. 塌陷，倒塌；屈服，让步,,,
cellar,ˈselə(r),n.,n. 地窖，地下室；v. 把...存放在地窖中,,,
cemetery,ˈsemətri,n.,n. 墓地，公墓,,,
chalk,tʃɔːk,n.,n. 粉笔；v. 用粉笔写或画,,,
cheap,tʃiːp,adj.,adj. 便宜的，廉价的；质量低劣的，不值钱的；吝啬的，小气的；低级的，粗俗的,,,
cheek,tʃiːk,n.,n. 脸颊；面颊；厚脸皮；无礼；鲁莽；v. 对...无礼；冒犯,,,
cheese,tʃiːz,n.,n. 奶酪，干酪；v. 停止（尤指微笑）,,,
chef,ʃef,n.,n. 厨师，主厨,,,
chemist,ˈkemɪst,n.,n. 化学家；药剂师；化学工程师；化学制药师,,,
chemistry,ˈkemɪstri,n.,n. 化学；化学性质，化学作用；(人与人之间的)化学反应，相互吸引力,,,
cherry,ˈtʃeri,n.,n. 樱桃；樱桃树；adj. 樱桃色的，鲜红色的,,,
chess,tʃes,n.,n. 国际象棋,,,
chicken,ˈtʃɪkɪn,n.,n. 鸡，鸡肉；adj. 胆小的，懦弱的,,,
child,tʃaɪld,n.,n. 孩子，儿童；子女；幼小的人或动物,,,
chimney,ˈtʃɪmni,n.,n. 烟囱，烟筒,,,
chin,tʃɪn,n.,n. 下巴；颏；v. 用下巴做（某事）；把（某物）放在下巴下,,,
china,ˈtʃaɪnə,n.,n. 中国；瓷器,,,
chocolate,ˈtʃɒklət,n.,n. 巧克力；巧克力糖；adj. 巧克力味的；巧克力色的,,,
choir,kwaɪə(r),n.,n. 合唱团；唱诗班；v. 合唱,,,
Christ,kraɪst,n.,n. 基督，耶稣基督；基督教,,,
Christian,ˈkrɪstʃən,n.,n. 基督徒，信奉基督教的人；adj. 基督教的，基督教徒的,,,
Christmas,ˈkrɪsməs,n.,n. 圣诞节,,,
church,tʃɜːtʃ,n.,n. 教堂，礼拜堂；教会，教派；礼拜仪式，礼拜；v. 使（某人）去教堂做礼拜,,,
cigar,sɪˈɡɑː(r),n.,n. 雪茄烟,,,
cigarette,ˌsɪɡəˈret,n.,n. 香烟，卷烟,,,
cigaret,ˈsɪɡərət,n.,n. 香烟，卷烟,,,
cinema,ˈsɪnəmə,n.,n. 电影院；电影艺术，电影制作,,,
circus,ˈsɜːkəs,n.,n. 马戏团；马戏表演；圆形广场；喧闹的场面,,,
city,ˈsɪti,n.,n. 城市；都市，都会区；市政当局，市政府,,,
classmate,ˈklɑːsmeɪt,n.,n. 同班同学,,,
claw,klɔː,n.,n. 爪，爪子；v. 抓，抓破,,,
clay,kleɪ,n.,n. 粘土，黏土；泥土，黏土制品；adj. 粘土的，黏土的,,,
clean,kliːn,adj.,adj. 干净的，清洁的；清晰的，整洁的；完全的，彻底的；无罪的，清白的；v. 清洁，打扫；清除，去除；adv. 完全地，彻底地,,,
clergy,ˈklɜːdʒi,n.,n. 神职人员，牧师,,,
clerk,klɑːk,n.,n. 职员，办事员；书记员，文书；店员；v. 担任职员,,,
clever,ˈklevə(r),adj.,adj. 聪明的，机智的；灵巧的，巧妙的；聪明但不诚实的，狡猾的,,,
cliff,klɪf,n.,n. 悬崖，峭壁,,,
clinic,ˈklɪnɪk,n.,n. 诊所，门诊部；临床教学，专科培训,,,
club,klʌb,n.,n. 俱乐部，社团；棍棒，球棒；(纸牌中的)梅花；夜总会；v. 用棍棒打；联合,,,
coal,kəʊl,n.,n. 煤，煤炭；v. 给...加煤,,,
coast,kəʊst,n.,n. 海岸，海滨；沿海地区；v. （使）惯性滑行；不费力地取得成功,,,
coat,kəʊt,n.,n. 外套，大衣；v. 给...穿上外套；覆盖，包裹,,,
cocaine,kəʊˈkeɪn,n.,n. 可卡因（一种毒品）,,,
cock,kɒk,n.,n. 公鸡；雄鸟；头目；领导；v. 竖起；歪斜,,,
coffee,ˈkɒfi,n.,n. 咖啡（饮料）；咖啡豆；咖啡色,,,
coil,kɔɪl,n.,n. 卷，盘绕物；线圈，绕线圈；v. 卷绕，盘绕；卷成圈，盘旋,,,
cold,kəʊld,adj.,adj. 寒冷的，冷的；冷淡的，冷漠的；失去知觉的，昏迷的；不新鲜的，凉的（食物）；n. 感冒，伤风；寒冷，低温,,,
college,ˈkɒlɪdʒ,n.,n. 大学，学院；（某一学科的）学院，系,,,
collision,kəˈlɪʒən,n.,n. 碰撞，相撞；冲突，抵触；(意见、利益等的)的冲突，争执,,,
comb,kəʊm,n.,n. 梳子；v. 梳理（头发）；仔细搜索,,,
comrade,ˈkɒmreɪd,n.,n. 同志，战友；同事，伙伴,,,
continent,ˈkɒntɪnənt,n.,n. 大陆，洲；adj. 自制的，节制的,,,
cook,kʊk,v.,v. 烹调，做饭；n. 厨师，炊事员,,,
cop,kɒp,n.,n. 警察；v. 抓住，逮捕；忍受，承受,,,
corner,ˈkɔːnə(r),n.,n. 角落，拐角；困境，窘境；(街道、道路的)拐角处；v. 把...逼入困境，使陷入绝境；adj. 位于角落的，在角落里的,,,
corridor,ˈkɒrɪdɔː(r),n.,n. 走廊，通道；（地理）狭长地带，走廊地带,,,
costly,ˈkɒstli,adj.,adj. 昂贵的，花钱多的；代价高昂的，造成损失的,,,
cottage,ˈkɒtɪdʒ,n.,n. 小屋，村舍；度假小屋,,,
cotton,ˈkɒtn,n.,n. 棉花，棉布；adj. 棉制的；v. 理解，明白；喜欢，接受,,,
cough,kɒf,n.,n. 咳嗽；v. 咳嗽,,,
could,kʊd,aux.,aux. 能够，可以（表示过去的能力）；可以，可能（表示礼貌的请求或建议）；可能，可能会（表示可能性）；本可以，应该（表示过去未实现的可能性）；可以，可能（用于虚拟语气）,,,
courtyard,ˈkɔːtjɑːd,n.,n. 院子，庭院,,,
cousin,ˈkʌzn,n.,n. 堂兄弟姐妹，表兄弟姐妹,,,
crab,kræb,n.,n. 螃蟹；蟹肉；v. 捕蟹；抱怨，发牢骚,,,
crane,kreɪn,n.,n. 鹤；起重机；v. 伸长脖子；努力听或看,,,
cricket,ˈkrɪkɪt,n.,n. 蟋蟀，蟑螂；板球运动；公平，正直,,,
cry,kraɪ,v.,v. 哭泣，哭出声；喊叫，大声说；n. 哭声，哭泣；喊叫声，呼喊,,,
cucumber,ˈkjuːkʌmbə(r),n.,n. 黄瓜,,,
cupboard,ˈkʌbəd,n.,n. 橱柜，碗柜；食品柜,,,
curtain,ˈkɜːtn,n.,n. 窗帘，幕布；v. 用帘子遮蔽，装上帘子,,,
cushion,ˈkʊʃn,n.,n. 垫子，坐垫；缓冲物，缓冲器；v. 缓冲，减轻,,,
custody,ˈkʌstədi,n.,n. 监护权，抚养权；拘留，羁押；保管，保护；监管，看管,,,
customer,ˈkʌstəmə(r),n.,n. 顾客，客户,,,
dairy,ˈdeəri,n.,n. 乳制品；乳品店；奶牛场；adj. 乳制的；乳品业的；牛奶的,,,
dam,dæm,n.,n. 水坝，堤坝；v. 筑坝拦截；阻止，抑制,,,
danger,ˈdeɪndʒə(r),n.,n. 危险，危险状态；威胁，可能造成危害的事物,,,
dangerous,ˈdeɪndʒərəs,adj.,adj. 危险的，不安全的,,,
dare,deə(r),v.,v. 敢，胆敢；挑战，激；n. 挑战，胆量,,,
darling,ˈdɑːlɪŋ,n.,n. 亲爱的人，心爱的人；adj. 亲爱的，心爱的，宠爱的,,,
dark,dɑːk,adj.,adj. 黑暗的，昏暗的；深色的；阴沉的，忧郁的；邪恶的，不道德的；神秘的，难解的；（肤色）黑的，深色的；n. 黑暗，暗处,,,
dear,dɪə(r),adj.,adj. 亲爱的，心爱的；昂贵的；珍贵的，宝贵的；n. 亲爱的人；adv. 高价地,,,
death,deθ,n.,n. 死亡，死；死亡人数；死神，死亡的化身,,,
December,dɪˈsembə(r),n.,n. 十二月,,,
deep,diːp,adj.,adj. 深的，深厚的；深奥的，难懂的；强烈的，深切的；adv. 深深地，往深处；n. 深处，深海,,,
deer,dɪə(r),n.,n. 鹿,,,
defence,dɪˈfens,n.,n. 防御，保护；辩护，答辩；防御方法，防御手段；国防，防卫；辩护方，被告方,,,
defense,dɪˈfens,n.,n. 防御；保护；辩护；辩解；国防；防卫；防御方；辩护方,,,
dental,ˈdentl,adj.,adj. 牙齿的，与牙齿有关的,,,
despatch,dɪˈspætʃ,n.,n. 快速行动，迅速；公文，急件；v. 迅速处理，尽快完成；派遣，发送,,,
dispatch,dɪˈspætʃ,v.,v. 派遣，发送；迅速处理，尽快完成；n. 急件，快信；迅速，敏捷,,,
dessert,dɪˈzɜːt,n.,n. 甜点，甜食,,,
destroy,dɪˈstrɔɪ,v.,v. 摧毁，破坏；消灭，杀死；废除，取消,,,
dew,djuː,n.,n. 露水；露珠,,,
dialog,ˈdaɪəlɒɡ,n.,n. 对话，交谈；对白，台词；对话框,,,
dialogue,ˈdaɪəlɒɡ,n.,n. 对话，对白；对话，交谈；对话体文学作品,,,
diamond,ˈdaɪəmənd,n.,n. 钻石，金刚石；菱形，菱形物；棒球内场；adj. 钻石制的，菱形的,,,
diary,ˈdaɪəri,n.,n. 日记，日记簿,,,
dictionary,ˈdɪkʃənri,n.,n. 词典，字典；专业术语词典；数据字典,,,
die,daɪ,v.,v. 死亡，去世；n. 骰子；模具,,,
different,ˈdɪfrənt,adj.,adj. 不同的，有差异的；不同寻常的，与众不同的；各种各样的,,,
difficult,ˈdɪfɪkəlt,adj.,adj. 困难的，艰难的；难对付的，难相处的,,,
difficulty,ˈdɪfɪkəlti,n.,n. 困难，难题；困境，窘境；争执，纠纷,,,
dinner,ˈdɪnə(r),n.,n. 正餐，主餐（通常指晚餐）；宴会，晚宴,,,
direct,dəˈrekt,adj.,adj. 直接的，直截了当的；笔直的，径直的；直接的，亲自的；直系的，直属的；v. 指导，指挥；命令，指示；管理，指导；将…对准，把…对准；adv. 径直地，直接地,,,
directly,dəˈrektli,adv.,adv. 直接地，径直地；立即，马上；直率地，坦白地；恰好，正好,,,
dirt,dɜːt,n.,n. 泥土，尘土；污垢，脏东西；丑闻，流言蜚语,,,
discourse,ˈdɪskɔːs,n.,n. 演讲，讲话；论述，交谈；话语，语篇；v. 讲述，论述；交谈，谈论,,,
disc,dɪsk,n.,n. 圆盘，碟状物；唱片，光盘；椎间盘,,,
disk,dɪsk,n.,n. 圆盘，盘状物；磁盘，硬盘；椎间盘,,,
ditch,dɪtʃ,n.,n. 沟，渠；v. 抛弃，摆脱；使（飞机）紧急降落,,,
dome,dəʊm,n.,n. 圆顶，穹顶；穹形建筑；圆形屋顶；v. 使成圆顶状；使成穹形,,,
donkey,ˈdɒŋki,n.,n. 驴；倔强的人，蠢人,,,
doorway,ˈdɔːweɪ,n.,n. 门口，门道,,,
dormitory,ˈdɔːmɪtri,n.,n. 宿舍，学生宿舍,,,
dorm,dɔːm,n.,n. 宿舍，dormitory的缩写,,,
dove,dʌv,n.,n. 鸽子；v. 潜水，快速俯冲,,,
downstairs,ˌdaʊnˈsteəz,adv.,adv. 在楼下，往楼下；adj. 楼下的；n. 楼下，下面的部分,,,
dozen,ˈdʌzn,n.,n. 一打，十二个；adj. 十二的，一打的,,,
dream,driːm,n.,n. 梦；梦想，理想；v. 做梦；梦想，想象；adj. 梦想的；理想的,,,
drunk,drʌŋk,adj.,adj. 醉的，酒醉的；n. 醉汉，酒鬼；v. drink的过去分词,,,
during,ˈdjʊərɪŋ,prep.,prep. 在...期间，在...的时候,,,
dust,dʌst,n.,n. 灰尘，尘土；v. 除尘，掸掉灰尘；撒，撒粉,,,
dwelling,ˈdwelɪŋ,n.,n. 住所，住宅,,,
eagle,ˈiːɡl,n.,n. 鹰,,,
earthquake,ˈɜːθkweɪk,n.,n. 地震,,,
Easter,ˈiːstə(r),n.,n. 复活节,,,
eclipse,ɪˈklɪps,n.,n. 日食，月食；衰落，衰退；失势；v. 使失色，使相形见绌；使黯然失色,,,
elder,ˈeldə(r),adj.,adj. 年长的，年纪较大的；n. 长者，年长者；接骨木,,,
electricity,ɪˌlekˈtrɪsəti,n.,n. 电，电能；电学，电力学；刺激，激情,,,
electron,ɪˈlektrɒn,n.,n. 电子,,,
electronic,ɪˌlekˈtrɒnɪk,adj.,adj. 电子的，电子器件的；电子技术的，与电子有关的,,,
else,els,adv.,adv. 别的，其他的；另外，此外；adj. 别的，其他的,,,
embassy,ˈembəsi,n.,n. 大使馆；使馆；大使的职位或任期,,,
emperor,ˈempərə(r),n.,n. 皇帝，君主,,,
encyclopedia,ɪnˌsaɪkləˈpiːdiə,n.,n. 百科全书,,,
encyclopaedia,ɪnˌsaɪkləˈpiːdiə,n.,n. 百科全书,,,
ending,ˈendɪŋ,n.,n. 结束，结局；末端，尾部；adj. 最后的，结尾的,,,
enemy,ˈenəmi,n.,n. 敌人，仇敌；对手，敌手；敌军，敌国；危害物，有害物,,,
enjoy,ɪnˈdʒɔɪ,v.,v. 喜欢，享受；欣赏，体会；拥有，享有（权利、特权等）,,,
enough,ɪˈnʌf,adj.,adj. 足够的，充足的；pron. 足够，充足；adv. 足够地，充分地；n. 足够，充足,,,
enter,ˈentə(r),v.,v. 进入，走进；参加，加入；登记，记录；开始从事，进入（某个时期）；n. 入口，进口,,,
envelope,ˈenvələʊp,n.,n. 信封；封皮；包络线；包络面；外壳,,,
exam,ɪɡˈzæm,n.,n. 考试，测验,,,
examination,ɪɡˌzæmɪˈneɪʃn,n.,n. 考试，测验；检查，调查；审查，审核,,,
excellent,ˈeksələnt,adj.,adj. 极好的，卓越的，杰出的,,,
excessive,ɪkˈsesɪv,adj.,adj. 过度的，过分的；过多的，超过必要的,,,
excite,ɪkˈsaɪt,v.,v. 使兴奋，使激动；引起，激起；刺激，激发,,,
exciting,ɪkˈsaɪtɪŋ,adj.,adj. 令人兴奋的，使人激动的,,,
expensive,ɪkˈspensɪv,adj.,adj. 昂贵的，花钱多的；奢侈的；代价高昂的,,,
explain,ɪkˈspleɪn,v.,v. 解释，说明；阐明，阐释；解释（原因），说明（理由）,,,
eyebrow,ˈaɪbraʊ,n.,n. 眉毛,,,
eyesight,ˈaɪsaɪt,n.,n. 视力,,,
famous,ˈfeɪməs,adj.,adj. 著名的，有名的，出名的,,,
fairy,ˈfeəri,n.,n. 仙子，小精灵；童话，神话；adj. 仙子的，小精灵的；虚幻的，幻想的,,,
far,fɑː,adv.,adv. 远地，遥远地；到很大程度，很；迄今为止；adj. 远的，遥远的；较远的，远端的,,,
farm,fɑːm,n.,n. 农场，农庄；v. 耕种，务农,,,
farmer,ˈfɑːmə(r),n.,n. 农民，农场主,,,
fertilizer,ˈfɜːtəlaɪzə(r),n.,n. 肥料，化肥,,,
fertiliser,ˈfɜːtəlaɪzə(r),n.,n. 肥料，化肥,,,
festival,ˈfestɪvl,n.,n. 节日，庆祝活动；音乐节，艺术节,,,
few,fjuː,adj.,adj. 很少的，不多的；pron. 少数，少量；n. 少数人，少量；det. 很少的，少数的,,,
finger,ˈfɪŋɡə(r),n.,n. 手指；v. 用手指触摸，抚摸,,,
fist,fɪst,n.,n. 拳头；v. 紧握，握紧,,,
flag,flæɡ,n.,n. 旗帜，国旗；标志，标记；v. 标记，标示；引起注意，使引人注目,,,
fleet,fliːt,n.,n. 舰队，船队；车队，机群；adj. 快速的，敏捷的；v. 飞逝，掠过,,,
floor,flɔː(r),n.,n. 地板，地面；楼层；底限，最低点；(议会、会议等的)发言权；v. 铺地板；击倒，打倒,,,
flour,flaʊə(r),n.,n. 面粉，粉末,,,
flower,ˈflaʊə(r),n.,n. 花，花朵；开花植物；精华，精粹；盛年，青春；v. 开花，开放；繁荣，兴旺,,,
forest,ˈfɒrɪst,n.,n. 森林，林区；v. 在…造林，使…长满树林,,,
forever,fəˈrevə(r),adv.,adv. 永远，永恒地；总是，不断地；n. 永恒，永远,,,
forget,fəˈɡet,v.,v. 忘记，遗忘；忽略，不顾；忘掉，放弃,,,
fork,fɔːk,n.,n. 叉子，餐叉；分叉，岔路口；v. 分叉，分岔；用叉子叉起,,,
fossil,ˈfɒsl,n.,n. 化石，遗迹；老顽固，守旧的人；adj. 化石的，远古的；守旧的，陈腐的,,,
found,faʊnd,v.,v. 建立，创立，创办；把...建立在...的基础上；铸造，熔铸,,,
fox,fɒks,n.,n. 狐狸；v. 使困惑，使迷惑,,,
fridge,frɪdʒ,n.,n. 冰箱，电冰箱,,,
refrigerator,rɪˈfrɪdʒəreɪtə(r),n.,n. 冰箱，电冰箱,,,
frog,frɒɡ,n.,n. 蛙，青蛙,,,
front,frʌnt,n.,n. 前面，前部；前线；正面；表面；外表；天气锋；锋面；adj. 前面的，前部的；v. 面对；朝向；位于…的前面,,,
full,fʊl,adj.,adj. 装满的，充满的；饱的，吃饱的；完全的，十足的；完整的，全面的；丰富的，富足的；(声音、味道等)浓厚的，强烈的；adv. 完全地，充分地；直接地，正对着,,,
fun,fʌn,n.,n. 乐趣，娱乐；adj. 有趣的，令人愉快的,,,
furious,ˈfjʊəriəs,adj.,adj. 极其愤怒的，狂怒的；激烈的，猛烈的；狂热的，热烈的,,,
furnace,ˈfɜːnɪs,n.,n. 熔炉，火炉；炼铁炉，高炉,,,
furniture,ˈfɜːnɪtʃə(r),n.,n. 家具，家居用品,,,
gadget,ˈɡædʒɪt,n.,n. 小装置，小器具，小工具,,,
gallon,ˈɡælən,n.,n. 加仑(容量单位，约等于3.785升)；加仑(液体的容量),,,
garden,ˈɡɑːdn,n.,n. 花园，园子；果园，菜园；vi. 从事园艺，栽培花木；vt. 在...种植花草；adj. 花园的，庭园的,,,
garlic,ˈɡɑːlɪk,n.,n. 大蒜，蒜,,,
garment,ˈɡɑːmənt,n.,n. 衣服，服装,,,
gasoline,ˈɡæsəliːn,n.,n. 汽油,,,
gasolene,ˈɡæsəliːn,n.,n. 汽油,,,
gate,ɡeɪt,n.,n. 大门，门；v. 给...装大门；用门控制,,,
genetic,dʒəˈnetɪk,adj.,adj. 遗传的；基因的；与基因相关的,,,
gentleman,ˈdʒentlmən,n.,n. 绅士，有教养的人；先生，男士；君子，正人君子,,,
glass,ɡlɑːs,n.,n. 玻璃；玻璃制品；玻璃杯；眼镜；镜子；镜面；adj. 玻璃制的；玻璃般的；v. 给...装玻璃；使成玻璃状,,,
glove,ɡlʌv,n.,n. 手套；v. 给...戴手套,,,
god,ɡɒd,n.,n. 神，上帝；崇拜的对象，偶像；极其重要或有影响力的人；int. 天哪！（表示惊讶、愤怒等）,,,
golf,ɡɒlf,n.,n. 高尔夫球运动；v. 打高尔夫球,,,
goodness,ˈɡʊdnəs,n.,n. 善良，美德；好处，优点；精华，精髓,,,
goose,ɡuːs,n.,n. 鹅；v. （俚语）轻触或掐某人的臀部,,,
grammar,ˈɡræmə(r),n.,n. 语法；语法书；语法规则,,,
grass,ɡrɑːs,n.,n. 草，草地；v. 放牧，吃草,,,
gray,ɡreɪ,adj.,adj. 灰色的；灰白的；阴沉的，阴郁的；苍白的，面色灰白的；n. 灰色；v. 变成灰色；（头发）变灰白,,,
grey,ɡreɪ,adj.,adj. 灰色的；阴沉的，阴郁的；灰白的（头发）；n. 灰色；v. 变成灰色,,,
guess,ɡes,v.,v. 猜测，推测；n. 猜测，推测,,,
guest,ɡest,n.,n. 客人，宾客；旅客，房客；v. 作为嘉宾参加,,,
guitar,ɡɪˈtɑː(r),n.,n. 吉他,,,
gulf,ɡʌlf,n.,n. 海湾；鸿沟，差距；分歧，隔阂,,,
guy,ɡaɪ,n.,n. 男人，小伙子；家伙，人；Guy Fawkes（盖伊·福克斯）,,,
gymnasium,dʒɪmˈneɪziəm,n.,n. 体育馆，健身房；（欧洲某些国家的）高级中学,,,
gym,dʒɪm,n.,n. 体育馆，健身房；体育课,,,
hamburger,ˈhæmbɜːɡə(r),n.,n. 汉堡包,,,
burger,ˈbɜːɡə(r),n.,n. 汉堡包,,,
handkerchief,ˈhæŋkətʃɪf,n.,n. 手帕，手绢,,,
handsome,ˈhænsəm,adj.,adj. （男子）英俊的，相貌端正的；（物品）美观的，漂亮的；（数量）可观的，数额大的,,,
harness,ˈhɑːnɪs,n.,n. 马具，挽具；安全带，保护带；v. 利用，开发（自然力等）；控制，驾驭,,,
hate,heɪt,v.,v. 憎恨，讨厌；n. 憎恨，仇恨,,,
headache,ˈhedeɪk,n.,n. 头痛；令人头痛的事物，麻烦,,,
headmaster,ˈhedˌmɑːstə(r),n.,n. 校长（尤指私立学校）,,,
hen,hen,n.,n. 母鸡；雌性鸟类,,,
hi,haɪ,int.,int. 嗨，你好（用于打招呼）,,,
hey,heɪ,interj.,interj. 嘿，喂（用于打招呼、引起注意、表示惊讶或抗议）,,,
hide,haɪd,v.,v. 藏，隐藏；遮蔽，掩盖；n. 兽皮，皮革,,,
high,haɪ,adj.,adj. 高的，高度的；（数量、程度等）高的，大的；（声音）高的，尖的；（价格、成本等）高的，昂贵的；重要的，高级的；（食物、饮料）变质的；adv. 高，在高处；n. 高处，高点；最高水平，顶点,,,
historic,hɪˈstɒrɪk,adj.,adj. 有历史意义的，历史上著名的；具有历史价值的，可载入史册的,,,
history,ˈhɪstəri,n.,n. 历史；历史学；过去的事；个人或事物的历史；来历；经历；历史记录；历史著作,,,
hole,həʊl,n.,n. 洞，孔；(高尔夫球)洞；困境，窘境；v. 打洞，钻孔,,,
home,həʊm,n.,n. 家，住所；家乡，故乡；家庭；疗养院，养老院；adj. 家用的，家庭的；本国的，国内的；adv. 在家，到家；深入地；v. 回家，归巢,,,
honey,ˈhʌni,n.,n. 蜂蜜；宝贝，亲爱的（用作昵称）；adj. 蜜色的，浅黄褐色的；甜美的，蜜一般的；v. 用蜜调味；讨好，奉承,,,
hopeful,ˈhəʊpfl,adj.,adj. 充满希望的，乐观的；有希望的，有前途的；n. 有希望的人，有前途的人,,,
hospital,ˈhɒspɪtl,n.,n. 医院,,,
hot,hɒt,adj.,adj. 热的，烫的；辣的；性感的，火辣的；热门的，流行的；激烈的，激动的；棘手的，难处理的；新鲜的，最新的,,,
housewife,ˈhaʊswaɪf,n.,n. 家庭主妇，主妇,,,
housework,ˈhaʊswɜːk,n.,n. 家务，家事,,,
hungry,ˈhʌŋɡri,adj.,adj. 感到饥饿的；渴望的，渴求的,,,
hurry,ˈhʌri,n.,n. 急忙，匆忙；v. 使赶紧，催促；赶紧，匆忙,,,
hurt,hɜːt,v.,v. 使受伤，伤害；使痛苦，使伤心；损害，危害；adj. 受伤的，疼痛的；n. 伤害，痛苦,,,
hut,hʌt,n.,n. 小屋，棚屋,,,
hybrid,ˈhaɪbrɪd,n.,n. 杂种，混血儿；杂交动植物；混合物；adj. 杂种的，混血的；混合的，混杂的,,,
hydrogen,ˈhaɪdrədʒən,n.,n. 氢，氢气,,,
ice-cream,ˈaɪs kriːm,n.,n. 冰淇淋,,,
icon,ˈaɪkɒn,n.,n. 图标，图像；偶像，代表人物；圣像；标志，象征,,,
idea,aɪˈdɪə,n.,n. 想法，主意；概念，观念；计划，打算,,,
idiot,ˈɪdiət,n.,n. 白痴，笨蛋，傻瓜,,,
inch,ɪntʃ,n.,n. 英寸（长度单位）；少量，一点儿；v. 缓慢移动，慢慢前进,,,
inn,ɪn,n.,n. 小旅馆，客栈,,,
insect,ˈɪnsekt,n.,n. 昆虫，虫,,,
instead,ɪnˈsted,adv.,adv. 代替，反而,,,
interesting,ˈɪntrəstɪŋ,adj.,adj. 有趣的，引人入胜的；值得注意的，重要的,,,
invite,ɪnˈvaɪt,v.,v. 邀请，约请；招致，引起；n. 邀请，请柬,,,
jar,dʒɑː(r),n.,n. 罐子，坛子，广口瓶；v. (使)震动，(使)摇动；不和谐，不一致,,,
jazz,dʒæz,n.,n. 爵士乐；v. 使活跃，使有趣；adj. 爵士乐的,,,
join,dʒɔɪn,v.,v. 加入，参加；连接，接合；加入（组织、俱乐部等）；连接，接合；参加（活动）；开始从事（工作）；n. 连接处，接合点,,,
joke,dʒəʊk,n.,n. 笑话，玩笑；v. 开玩笑，说笑话,,,
joy,dʒɔɪ,n.,n. 欢乐，快乐；令人高兴的事物或人,,,
jug,dʒʌɡ,n.,n. 罐，壶，瓶；v. 把...装入壶中；监禁,,,
just,dʒʌst,adv.,adv. 只是，仅仅；刚才，刚刚；正好，恰好；确实，的确；adj. 公正的，正直的；合理的，正当的,,,
keep,kiːp,v.,v. 保持，保留；继续，坚持；遵守，履行；保管，保存；供养，饲养；阻止，防止；n. 生计，维持；保管，看管,,,
kettle,ˈketl,n.,n. 壶，水壶（尤指烧水用的）,,,
kick,kɪk,v.,v. 踢，踹；踢掉，摆脱；n. 踢；刺激，兴奋,,,
kilometer,ˈkɪləmiːtə,n.,n. 公里，千米,,,
kilometre,ˈkɪləmiːtə,n.,n. 公里，千米,,,
kindergarten,ˈkɪndəɡɑːtn,n.,n. 幼儿园,,,
knock,nɒk,v.,v. 敲，击，打；碰撞，撞击；批评，诽谤；n. 敲击，敲击声,,,
lab,læb,n.,n. 实验室；实验大楼；研究所；拉布拉多猎犬,,,
laboratory,ləˈbɒrətri,n.,n. 实验室，研究室；实验场所，试验基地,,,
ladder,ˈlædə(r),n.,n. 梯子，阶梯；晋升的阶梯，社会等级；v. 用梯子爬,,,
lamp,læmp,n.,n. 灯，台灯,,,
land,lænd,n.,n. 陆地，土地；国家，领土；v. 着陆，登陆；使...登陆；获得，得到,,,
landlady,ˈlændlədi,n.,n. 女房东；女店主，女老板,,,
landlord,ˈlændlɔːd,n.,n. 房东，地主；酒店老板，小酒馆老板,,,
landscape,ˈlændskeɪp,n.,n. 风景，景色；风景画；形势，局面；（某一领域的）全貌，概况；v. 美化...的景观，对...做景观美化,,,
laptop,ˈlæptɒp,n.,n. 笔记本电脑,,,
Latin,ˈlætɪn,adj.,adj. 拉丁的，拉丁语的；n. 拉丁语,,,
lavatory,ˈlævətri,n.,n. 厕所，洗手间,,,
lawn,lɔːn,n.,n. 草坪，草地,,,
lawyer,ˈlɔːjə(r),n.,n. 律师；法律顾问,,,
layoff,ˈleɪɒf,n.,n. 裁员，解雇,,,
least,liːst,adj.,adj. 最少的，最小的；adv. 最少，最小；n. 最少量，最小量；pron. 最少,,,
lemon,ˈlemən,n.,n. 柠檬；柠檬色，浅黄色；adj. 柠檬味的；柠檬色的,,,
length,leŋθ,n.,n. 长度，长；时间的长度，持续时间；(书、电影等的)篇幅，长度；全长，全程；细长的一段，一段距离,,,
let,let,v.,v. 允许，让；出租；n. (网球等运动中的)擦网球,,,
liberty,ˈlɪbəti,n.,n. 自由，解放；自由权，特权,,,
librarian,laɪˈbreəriən,n.,n. 图书管理员，图书馆员,,,
lip,lɪp,n.,n. 嘴唇；边缘，边沿；v. 用嘴唇接触，轻触,,,
liter,ˈliːtə(r),n.,n. 升（容量单位）,,,
litre,ˈliːtə(r),n.,n. 升（体积单位）,,,
literacy,ˈlɪtərəsi,n.,n. 识字能力，读写能力；（某领域的）知识水平，精通程度,,,
living-room,ˈlɪvɪŋ ruːm,n.,n. 起居室，客厅,,,
load,ləʊd,n.,n. 负载，重量；一批，一车；负担，重担；负荷，工作量；v. 装载，装填；使负担，使承受压力,,,
lock,lɒk,n.,n. 锁，锁头；v. 锁上，锁住,,,
locker,ˈlɒkə(r),n.,n. 储物柜，锁柜,,,
lonely,ˈləʊnli,adj.,adj. 孤独的，寂寞的；人迹罕至的，偏僻的,,,
lounge,laʊndʒ,n.,n. 休息室，等候室；酒吧，酒廊；v. 懒洋洋地躺着，闲逛；闲荡，虚度光阴,,,
lovely,ˈlʌvli,adj.,adj. 美好的，可爱的，令人愉快的；美丽的，漂亮的；友好的，亲切的；n. 可爱的人或物,,,
lover,ˈlʌvə(r),n.,n. 爱人，情人；热爱者，爱好者,,,
luggage,ˈlʌɡɪdʒ,n.,n. 行李,,,
lure,lʊə(r),n.,n. 诱饵，诱惑物；吸引力，魅力；v. 引诱，诱惑；吸引，诱使,,,
magazine,ˌmæɡəˈziːn,n.,n. 杂志，期刊；弹药库，弹药舱；电视节目；仓库，储藏室,,,
mail,meɪl,n.,n. 邮件，信件；邮政系统；v. 邮寄，寄送,,,
mammal,ˈmæml,n.,n. 哺乳动物,,,
manager,ˈmænɪdʒə(r),n.,n. 经理，管理人员；主管，负责人,,,
masculine,ˈmæskjʊlɪn,adj.,adj. 男性的，男子的；男子气概的，阳刚的；语法中阳性的；n. 阳性词,,,
mathematics,ˌmæθəˈmætɪks,n.,n. 数学,,,
meadow,ˈmedəʊ,n.,n. 草地，草甸,,,
meal,miːl,n.,n. 一顿饭，一餐,,,
melon,ˈmelən,n.,n. 瓜，甜瓜,,,
menu,ˈmenjuː,n.,n. 菜单，餐牌；选择单，选项单,,,
middle,ˈmɪd.l̩,adj.,adj. 中间的，中央的；中等的；n. 中间，中央；腰部，中段,,,
millimetre,ˈmɪlɪˌmiːtə(r),n.,n. 毫米,,,
millimeter,ˈmɪliˌmiːtə(r),n.,n. 毫米（长度单位）,,,
more,mɔː(r),adj.,adj. 更多的，较多的；adv. 更，更加；n. 更多的量，更多的数目,,,
mosquito,məˈskiːtəʊ,n.,n. 蚊子,,,
mountain,ˈmaʊntən,n.,n. 山，山脉；大量，大堆；adj. 山的，山地的,,,
mouse,maʊs,n.,n. 老鼠，鼠标（计算机设备）；v. 捕鼠，仔细搜索,,,
movement,ˈmuːvmənt,n.,n. 运动，移动；（音乐）乐章；运动，活动（指社会或政治上的）；变化，波动,,,
movie,ˈmuːvi,n.,n. 电影,,,
museum,mjuːˈziːəm,n.,n. 博物馆，美术馆,,,
mushroom,ˈmʌʃrʊm,n.,n. 蘑菇；伞菌；v. 快速增长；迅速发展,,,
napkin,ˈnæpkɪn,n.,n. 餐巾，餐巾纸,,,
neck,nek,n.,n. 颈部，脖子；v. 亲吻，拥抱,,,
neighbor,ˈneɪbə(r),n.,n. 邻居，邻人；邻国，邻近的事物；v. 与...接壤，邻近,,,
neighbour,ˈneɪbə(r),n.,n. 邻居，邻人；邻国，邻近的人或物；v. 邻接，与...相邻,,,
neither,ˈnaɪðə(r),adj.,adj. 两者都不的；pron. 两者都不；conj. 也不；adv. 也不,,,
nephew,ˈnefju:,n.,n. 侄子，外甥,,,
nickel,ˈnɪkl,n.,n. 镍；五分硬币,,,
nitrogen,ˈnaɪtrədʒən,n.,n. 氮；氮气,,,
niece,niːs,n.,n. 侄女；外甥女,,,
nobody,ˈnəʊbədi,pron.,pron. 没有人，无人；n. 无足轻重的人，小人物,,,
nod,nɒd,v.,v. 点头；打盹，打瞌睡；示意，表示；n. 点头，点头示意,,,
noisy,ˈnɔɪzi,adj.,adj. 吵闹的，喧闹的；嘈杂的，嘈杂声多的,,,
nor,nɔː(r),conj.,conj. 也不，也没有,,,
northwest,ˌnɔːθˈwest,n.,n. 西北方向；西北部；adj. 西北的，来自西北的；adv. 向西北方,,,
nose,nəʊz,n.,n. 鼻子；嗅觉；前端，前部；v. 嗅探，探听；小心谨慎地前进,,,
noun,naʊn,n.,n. 名词；名词；名词性词语,,,
nurse,nɜːs,n.,n. 护士；v. 照料，护理；培养，促进,,,
nylon,ˈnaɪlɒn,n.,n. 尼龙，锦纶,,,
oak,əʊk,n.,n. 橡树；橡木,,,
ocean,ˈəʊʃn,n.,n. 海洋，大洋；海量，大量；adj. 海洋的，大洋的,,,
offensive,əˈfensɪv,adj.,adj. 令人不快的，冒犯的；攻击性的，进攻的；n. 进攻，攻势,,,
oil,ɔɪl,n.,n. 油，石油；油类制品；油画；v. 给...加油，涂油,,,
onion,ˈʌnjən,n.,n. 洋葱,,,
orchard,ˈɔːtʃəd,n.,n. 果园，果树林,,,
orchestra,ˈɔːkɪstrə,n.,n. 管弦乐队；交响乐团,,,
ore,ɔː(r),n.,n. 矿石，矿,,,
orphan,ˈɔːfən,n.,n. 孤儿；adj. 孤儿的；无依无靠的；v. 使成为孤儿；剥夺...的父母,,,
ounce,aʊns,n.,n. 盎司（重量单位）；少量，一点儿；雪豹,,,
oven,ˈʌvn,n.,n. 烤箱，烤炉,,,
overcoat,ˈəʊvəkəʊt,n.,n. 大衣，长外套,,,
owl,aʊl,n.,n. 猫头鹰,,,
oxide,ˈɒksaɪd,n.,n. 氧化物,,,
oxygen,ˈɒksɪdʒən,n.,n. 氧气，氧,,,
packet,ˈpækɪt,n.,n. 小包，小袋；一包，一袋；数据包,,,
page,peɪdʒ,n.,n. 书页，纸页；（网站的）页面；事件，场面；v. 呼叫，传呼,,,
painting,ˈpeɪntɪŋ,n.,n. 绘画；画；油画；v. 绘画；涂漆；粉刷,,,
palace,ˈpæləs,n.,n. 宫殿，皇宫,,,
pan,pæn,n.,n. 平底锅，煎锅；盘子，浅盘；v. 严厉批评，抨击；（摄影机）左右移动,,,
pants,pænts,n.,n. 裤子；v. 气喘吁吁地说,,,
party,ˈpɑːti,n.,n. 聚会，派对；政党；当事人，参与者；（法律）一方；v. 参加社交聚会,,,
passenger,ˈpæsɪndʒə(r),n.,n. 乘客，旅客,,,
pasture,ˈpɑːstʃə(r),n.,n. 牧场，草地；v. 放牧,,,
patient,ˈpeɪʃnt,adj.,adj. 耐心的，有耐心的；n. 病人，患者,,,
paw,pɔː,n.,n. 爪子，脚掌（动物的）；v. 用爪子抓，用脚爪触摸,,,
pea,piː,n.,n. 豌豆；豌豆粒,,,
peace,piːs,n.,n. 和平，平静；安宁，宁静；和解，讲和；和平条约,,,
peach,piːtʃ,n.,n. 桃子；桃树；adj. 桃色的；v. 告发，泄密,,,
peanut,ˈpiːnʌt,n.,n. 花生；花生米,,,
peasant,ˈpez.ənt,n.,n. 农民，小农,,,
pebble,ˈpebl,n.,n. 小圆石，鹅卵石,,,
pendulum,ˈpendjʊləm,n.,n. 钟摆；摆；摆锤；摇摆不定；摇摆,,,
pepper,ˈpepə(r),n.,n. 胡椒；辣椒；v. 在...上撒胡椒粉；使布满，使充满,,,
percent,pəˈsent,n.,n. 百分比，百分数；adj. 百分之...的,,,
per cent,pə ˈsent,adj.,adj. 百分之……，百分数,,,
perhaps,pəˈhæps,adv.,adv. 可能，大概，也许,,,
person,ˈpɜːsn,n.,n. 人，人员；人格，人品；语法中的人称,,,
pet,pet,n.,n. 宠物；心爱的人；adj. 宠爱的，特别喜爱的；v. 抚摸，轻拍,,,
physicist,ˈfɪzɪsɪst,n.,n. 物理学家,,,
physics,ˈfɪzɪks,n.,n. 物理学；物理现象；物理特性,,,
physiology,ˌfɪziˈɒlədʒi,n.,n. 生理学；生理机能；生理过程,,,
pick,pɪk,v.,v. 摘，采；挑选，选择；剔除，挑出；挖，凿；摘，采；拨，弹（乐器）；n. 精华，最好的人或物；选择，挑选；镐，鹤嘴锄,,,
piece,piːs,n.,n. 一块，一片，一段；一件（衣服）；（音乐、艺术、文学）作品；零件，部件；棋子；v. 拼合，拼接,,,
pigeon,ˈpɪdʒɪn,n.,n. 鸽子,,,
pillow,ˈpɪləʊ,n.,n. 枕头；v. 枕着，用……作枕头,,,
pine,paɪn,n.,n. 松树；v. 渴望，思念；消瘦，憔悴,,,
pink,pɪŋk,adj.,adj. 粉红色的；n. 粉红色；v. 变粉红,,,
pity,ˈpɪti,n.,n. 同情，怜悯；遗憾的事，令人惋惜的事；v. 同情，怜悯,,,
plaintiff,ˈpleɪntɪf,n.,n. 原告，起诉人,,,
plan,plæn,n.,n. 计划，方案；平面图，平面设计图；v. 计划，打算；设计，制定；规划,,,
plane,pleɪn,n.,n. 飞机；平面；刨子（木工工具）；adj. 平的，平面的；v. 刨平，使平滑,,,
playground,ˈpleɪɡraʊnd,n.,n. 操场，游乐场,,,
pleasant,ˈpleznt,adj.,adj. 令人愉快的，宜人的；友好的，亲切的,,,
plenty,ˈplenti,n.,n. 大量，充足；adv. 很，非常；pron. 大量，充足,,,
poem,pəʊm,n.,n. 诗，韵文,,,
poet,ˈpəʊɪt,n.,n. 诗人,,,
poetry,ˈpəʊətri,n.,n. 诗歌；诗歌艺术；诗意；诗情画意,,,
pond,pɒnd,n.,n. 池塘，小湖,,,
population,ˌpɒpjuˈleɪʃn,n.,n. 人口，全体居民；（生物学）种群，群体,,,
porch,pɔːtʃ,n.,n. 门廊，走廊,,,
pork,pɔːk,n.,n. 猪肉,,,
port,pɔːt,n.,n. 港口，港湾；端口（计算机）；左舷；窗口；波特酒；v. 持（枪）；转向左舷,,,
postcard,ˈpəʊstkɑːd,n.,n. 明信片,,,
pottery,ˈpɒtəri,n.,n. 陶器，陶瓷器；制陶术，陶瓷工艺,,,
poultry,ˈpəʊltri,n.,n. 家禽，禽肉,,,
powerful,ˈpaʊəfəl,adj.,adj. 强大的，有力的；强有力的，有影响力的；效力强的，作用大的；（机器等）功率大的,,,
predator,ˈpredətə(r),n.,n. 捕食者，食肉动物；掠夺者，作恶者,,,
prefer,prɪˈfɜː(r),v.,v. 更喜欢，偏爱；宁愿，宁可,,,
prepare,prɪˈpeə(r),v.,v. 准备，预备；制作，配制；使做好准备，使有所准备,,,
preposition,ˌprepəˈzɪʃən,n.,n. 介词,,,
president,ˈprezɪdənt,n.,n. 总统，主席；（公司、机构等的）总裁，董事长；（学院、大学的）校长；（俱乐部、社团等的）会长，主席,,,
pretend,prɪˈtend,v.,v. 假装，装作；自称，声称；adj. 假装的，虚假的,,,
price,praɪs,n.,n. 价格，价钱；代价，犠牲；v. 定价，标价,,,
prince,prɪns,n.,n. 王子，亲王；贵族男子；出类拔萃的人,,,
princess,ˈprɪnses,n.,n. 公主，王室女成员；王子或国王的妻子；（用于称呼或称谓）小姐，宝贝；（某方面的）杰出女性,,,
print,prɪnt,v.,v. 印刷；打印；刊登；出版；用印刷体写；n. 印刷品；印刷字体；印花布；印花图案,,,
prison,ˈprɪzn,n.,n. 监狱，牢狱；监禁，囚禁,,,
prisoner,ˈprɪzənə(r),n.,n. 囚犯，犯人；俘虏；受束缚的人,,,
professor,prəˈfesə(r),n.,n. 教授，大学教师,,,
progress,ˈprəʊɡres,n.,n. 进步，进展；前进，前进过程；v. 前进，进展；逐步发展，逐渐进行,,,
projector,prəˈdʒektə(r),n.,n. 投影仪，放映机,,,
pronoun,ˈprəʊnaʊn,n.,n. 代词,,,
pronunciation,prəˌnʌnsiˈeɪʃn,n.,n. 发音，读音；发音方法，发音方式,,,
prose,prəʊz,n.,n. 散文；散文体,,,
pub,pʌb,n.,n. 酒吧，小酒馆,,,
pupil,ˈpjuːpɪl,n.,n. 学生，小学生；瞳孔,,,
purple,ˈpɜːpl,adj.,adj. 紫色的；紫红色的；n. 紫色；紫红色；v. 使成紫色,,,
pyramid,ˈpɪrəmɪd,n.,n. 金字塔，pyramiden形状的物体；金字塔式的组织结构，等级制度,,,
queen,kwiːn,n.,n. 女王，王后；（纸牌中的）皇后；（蜜蜂、蚂蚁等的）蚁后，蜂王；女性统治者，女首领；杰出女性，女王；v. 统治；称王,,,
quilt,kwɪlt,n.,n. 被子，棉被；v. 缝制被子；缝补,,,
rabbit,ˈræbɪt,n.,n. 兔子；v. 猎捕兔子,,,
radar,ˈreɪdɑː(r),n.,n. 雷达，无线电探测器；觉察力，洞察力,,,
rainbow,ˈreɪnbəʊ,n.,n. 彩虹；彩虹般的东西；五彩缤纷的东西,,,
rat,ræt,n.,n. 老鼠，耗子；卑鄙的人，叛徒；v. 告发，检举；察觉，发现,,,
rather,ˈrɑːðə(r),adv.,adv. 相当地，颇；宁愿，更愿意；相反地，反而；更确切地说,,,
razor,ˈreɪzə(r),n.,n. 剃刀，刮胡刀,,,
real,rɪəl,adj.,adj. 真实的，实际的；真正的，名副其实的；真诚的，真挚的；实在的，现实的；真实的，非虚构的；经通货膨胀调整后的；n. 实际情况，现实；adv. 非常，很,,,
really,ˈrɪəli,adv.,adv. 真正地，确实地；非常，很；的确，实在；int. 真的吗？；adj. 真实的，真正的,,,
record,ˈrekɔːd,n.,n. 记录，档案；唱片；纪录；v. 记录，录音；显示，标明,,,
regret,rɪˈɡret,v.,v. 后悔，遗憾；惋惜，痛惜；n. 遗憾，后悔；惋惜，痛惜；歉意,,,
reptile,ˈreptaɪl,n.,n. 爬行动物；卑鄙的人,,,
rectangle,ˈrektæŋɡl,n.,n. 长方形，矩形,,,
return,rɪˈtɜːn,v.,v. 回来，返回；归还，送回；回答，回复；n. 返回，归来；回报，收益；退货，退款,,,
rifle,ˈraɪfl,n.,n. 步枪，来福枪；v. 快速翻找，翻查；抢劫，盗窃,,,
ring,rɪŋ,n.,n. 戒指，指环；环形物；铃声；圆圈，环；(非法的)团伙，集团；v. 鸣响，发出铃声；打电话给；环绕，围绕,,,
robe,rəʊb,n.,n. 长袍，礼服；法官袍，学位袍；v. 给...穿上长袍,,,
rocket,ˈrɒkɪt,n.,n. 火箭；火箭弹；芝麻菜（一种蔬菜）；v. 飞速上升；急剧增长,,,
rose,rəʊz,n.,n. 玫瑰，蔷薇；玫瑰色，粉红色；v. 上升，升起；增加，上涨；adj. 玫瑰色的，粉红色的,,,
rug,rʌɡ,n.,n. 地毯，小地毯,,,
sale,seɪl,n.,n. 销售，卖出；特价销售，减价出售,,,
salesman,ˈseɪlzmən,n.,n. 推销员，售货员,,,
saleswoman,ˈseɪlzˌwʊmən,n.,n. 女推销员，女销售员,,,
salesperson,ˈseɪlzpɜːsən,n.,n. 销售人员，推销员,,,
salient,ˈseɪliənt,adj.,adj. 显著的，突出的，最重要的,,,
salt,sɔːlt,n.,n. 盐；食盐；海水中的盐分；风趣，诙谐；v. 加盐于，腌；adj. 含盐的，咸的,,,
sand,sænd,n.,n. 沙子，沙；v. 用砂纸打磨,,,
scissors,ˈsɪzəz,n.,n. 剪刀,,,
search,sɜːtʃ,v.,v. 搜索，寻找；检查，搜查；n. 搜索，查找；搜查，调查,,,
seat,siːt,n.,n. 座位；席位；座椅；v. 使坐下；安排座位,,,
seed,siːd,n.,n. 种子，籽；原因，根源；种子选手；v. 播种，种植,,,
seldom,ˈseldəm,adv.,adv. 很少，不常,,,
sex,seks,n.,n. 性别；性；男性或女性；v. 鉴定…的性别,,,
shell,ʃel,n.,n. 贝壳；壳；炮弹；炮击；外壳；框架；v. 剥壳；脱落；炮轰；轰击,,,
shore,ʃɔː(r),n.,n. 海岸，湖岸，河岸；v. 支撑，支持,,,
short,ʃɔːt,adj.,adj. 短的，矮的；简短的，简洁的；短缺的，不足的；简略的，简单的；粗暴的，唐突的；adv. 突然地，猛然地；n. 短裤；缺点，缺陷；v. 使短路，使短缺,,,
shout,ʃaʊt,v.,v. 大声喊叫，呼喊；n. 大声喊叫，呼喊声,,,
shrug,ʃrʌɡ,v.,v. 耸肩；不屑一顾，满不在乎地对待；n. 耸肩,,,
sibling,ˈsɪblɪŋ,n.,n. 兄弟姐妹,,,
silk,sɪlk,n.,n. 丝，丝绸；adj. 丝制的，丝绸的,,,
slave,sleɪv,n.,n. 奴隶，被奴役的人；苦工，劳工；奴隶般工作的人；v. 苦干，拼命工作,,,
slow,sləʊ,adj.,adj. 缓慢的，慢的；迟钝的，反应慢的；慢速的，行驶缓慢的；adv. 缓慢地，慢慢地；v. 减速，放慢,,,
smoke,sməʊk,n.,n. 烟，烟雾；v. 抽烟，吸烟；冒烟，冒气；熏制（食物）,,,
snack,snæk,n.,n. 小吃，点心，零食；v. 吃点心，吃零食,,,
soap,səʊp,n.,n. 肥皂；v. 用肥皂擦洗,,,
soccer,ˈsɒkə(r),n.,n. 足球（运动）,,,
soda,ˈsəʊdə,n.,n. 苏打水，汽水；碳酸钠，苏打,,,
sofa,ˈsəʊfə,n.,n. 沙发,,,
soft,sɒft,adj.,adj. 柔软的，松软的；温和的，轻柔的；柔和的（声音、光线等）；软弱的，懦弱的；温和的，和善的；不含酒精的（饮料）；（水）软的，不含矿物质的；adv. 轻柔地，温和地；n. 柔软的东西，柔软部分,,,
soldier,ˈsəʊldʒə(r),n.,n. 士兵，军人；v. 当兵，服役；坚持，持续,,,
solitary,ˈsɒlətri,adj.,adj. 独自的，孤单的；单独的，唯一的；独居的，隐居的；偏僻的，人迹罕至的；n. 独居者，隐士,,,
soon,suːn,adv.,adv. 很快，不久；早，快,,,
sophomore,ˈsɒfəmɔː(r),n.,n. （美国大学或中学的）二年级学生；adj. 二年级的；第二年的,,,
soup,suːp,n.,n. 汤，羹,,,
southeast,ˌsaʊθˈiːst,n.,n. 东南，东南方；adj. 东南的，东南部的；adv. 向东南，在东南,,,
southwest,ˌsaʊθˈwest,n.,n. 西南方，西南部；adj. 西南的，向西南的；adv. 向西南，在西南,,,
spade,speɪd,n.,n. 铲子，铁锹；纸牌中的黑桃；v. 用铲子挖,,,
speaker,ˈspiːkə(r),n.,n. 演讲者，发言人；扬声器，喇叭；说话者，讲某种语言的人；议长，主席,,,
spear,spɪə(r),n.,n. 长矛，标枪；v. 用矛刺，刺穿,,,
spectacular,spekˈtækjələ(r),adj.,adj. 壮观的，令人惊叹的；引人注目的，非凡的；n. 盛大的表演，精彩的节目,,,
speech,spiːtʃ,n.,n. 演讲，讲话；言语，说话能力；言论，发言；语言，语音,,,
speed,spiːd,n.,n. 速度，快慢；速率，效率；档位（尤指汽车）；v. 加速，迅速前进；加快...的速度，促进,,,
spider,ˈspaɪdə(r),n.,n. 蜘蛛；v. 爬行，快速移动,,,
spokesman,ˈspəʊksmən,n.,n. 发言人，代言人,,,
spokeswoman,ˈspəʊkswʊmən,n.,n. 女发言人,,,
spokesperson,ˈspəʊksˌpɜːsən,n.,n. 发言人，代言人,,,
sponge,spʌndʒ,n.,n. 海绵；海绵状物；v. 用海绵擦拭；吸收；揩干；蹭饭,,,
spoon,spuːn,n.,n. 勺，匙；v. 用勺舀，用匙吃,,,
squirrel,ˈskwɪrəl,n.,n. 松鼠；v. 贮藏，储存,,,
stadium,ˈsteɪdiəm,n.,n. 体育场，运动场,,,
stair,steə(r),n.,n. 楼梯，台阶,,,
staircase,ˈsteəkeɪs,n.,n. 楼梯；阶梯,,,
stairway,ˈsteəweɪ,n.,n. 楼梯；阶梯；通道,,,
steel,stiːl,n.,n. 钢，钢铁；钢制品，钢铁制品；钢铁般的意志，坚强；v. 使坚强，使冷酷无情；adj. 钢制的，钢铁般的,,,
stereo,ˈsteriəʊ,n.,n. 立体声音响设备；adj. 立体声的；立体的,,,
stocking,ˈstɒkɪŋ,n.,n. 长筒袜；圣诞袜；v. 储备，储存,,,
stomach,ˈstʌmək,n.,n. 胃；腹部；appetite 胃口；inclination 欲望，爱好；v. 忍受，容忍,,,
stone,stəʊn,n.,n. 石头，岩石；宝石，宝石饰品；结石；v. 向…扔石头；用石头铺；adj. 石头的，石制的,,,
stool,stuːl,n.,n. 凳子，椅子；粪便（医学用语）,,,
story,ˈstɔːri,n.,n. 故事，小说；新闻报道，新闻；楼层；情况，经历,,,
storey,ˈstɔːri,n.,n. 楼层，层,,,
strawberry,ˈstrɔːbəri,n.,n. 草莓；草莓果实,,,
stove,stəʊv,n.,n. 炉子，煮食炉,,,
strict,strɪkt,adj.,adj. 严格的，严厉的；严密的，精确的；严谨的，一丝不苟的,,,
stupid,ˈstjuːpɪd,adj.,adj. 愚蠢的，笨的；n. 笨蛋，傻瓜,,,
subsidy,ˈsʌbsɪdi,n.,n. 补贴，津贴；资助，补助金,,,
suburb,ˈsʌbɜːb,n.,n. 郊区；市郊；城郊；近郊,,,
sugar,ˈʃʊɡə(r),n.,n. 糖，食糖；v. 加糖于,,,
sulphur,ˈsʌlfə(r),n.,n. 硫；硫磺,,,
sulfur,ˈsʌlfə(r),n.,n. 硫，硫磺,,,
summarise,ˈsʌməraɪz,v.,v. 概括，总结,,,
summarize,ˈsʌməraɪz,v.,v. 总结，概括；简述，扼要叙述,,,
sure,ʃʊə(r),adj.,adj. 确定的，肯定的；有把握的，自信的；adv. 当然，确实；interj. 当然，好的,,,
swan,swɒn,n.,n. 天鹅；v. 优雅地滑行或移动,,,
sweater,ˈswetə(r),n.,n. 毛衣，针织衫,,,
sword,sɔːd,n.,n. 剑，刀,,,
table,ˈteɪbl,n.,n. 桌子，餐桌；表格，图表；表，一览表；v. 提交，提出（议案等）；搁置讨论,,,
tail,teɪl,n.,n. 尾巴；末端，尾部；背面，反面（硬币的）；尾随者，跟踪者；v. 尾随，跟踪；adj. 尾部的，后部的,,,
task,tɑːsk,n.,n. 任务，工作；(艰巨或令人不快的)任务，差事,,,
team,tiːm,n.,n. 队，团队；运动队；v. 组成一队；合作,,,
temperament,ˈtemprəmənt,n.,n. 性格，气质；脾气，秉性,,,
tent,tent,n.,n. 帐篷；v. 住帐篷,,,
test,test,n.,n. 测验，考试；试验，检验；v. 测验，考查；试验，检验,,,
testimony,ˈtestɪməni,n.,n. 证词，证言；证据，证明；公开声明，表态；见证，证明,,,
textbook,ˈtekstbʊk,n.,n. 教科书，课本；adj. 教科书式的，标准的，典型的,,,
thief,θiːf,n.,n. 小偷，贼,,,
throat,θrəʊt,n.,n. 喉咙，咽喉,,,
thus,ðʌs,adv.,adv. 因此，从而；这样，如此；如此，这样；到如此程度,,,
tile,taɪl,n.,n. 瓦片，瓷砖；v. 铺瓦，贴瓷砖,,,
till,tɪl,prep.,prep. 直到，直到...为止；conj. 直到；v. 耕作，耕种；n. 现金出纳机，收银机,,,
timber,ˈtɪmbə(r),n.,n. 木材，木料；林木，树木；v. 用木材支撑；伐木,,,
tobacco,təˈbækəʊ,n.,n. 烟草；烟叶,,,
toe,təʊ,n.,n. 脚趾；足尖；v. 用脚尖踢；用脚尖触,,,
toilet,ˈtɔɪlət,n.,n. 厕所，盥洗室；梳妆，打扮,,,
tooth,tuːθ,n.,n. 牙齿；齿状物,,,
tour,tʊə(r),n.,n. 旅行，游览；巡回演出，巡回比赛；v. 旅行，游览；巡回演出，巡回比赛,,,
tourist,ˈtʊərɪst,n.,n. 游客，旅游者,,,
towel,ˈtaʊəl,n.,n. 毛巾，手巾；v. 用毛巾擦干,,,
town,taʊn,n.,n. 镇，小城镇；城镇的居民；（某人常去的）城镇，城里；（与乡村相对的）城镇,,,
toy,tɔɪ,n.,n. 玩具；玩物；小玩意；adj. 玩具的；作为玩具的；微小的；v. 玩弄；摆弄；戏弄,,,
tractor,ˈtræktə(r),n.,n. 拖拉机，牵引机,,,
tray,treɪ,n.,n. 托盘，盘子；（抽屉等的）隔层,,,
trolley,ˈtrɒli,n.,n. 有轨电车；手推车；小车；送餐车；食品推车,,,
trolly,ˈtrɒli,n.,n. 手推车，小车,,,
trousers,ˈtraʊzəz,n.,n. 长裤，裤子,,,
truck,trʌk,n.,n. 卡车，货车；v. 用卡车运送,,,
trumpet,ˈtrʌmpɪt,n.,n. 小号，喇叭；v. 吹喇叭；大声宣告，鼓吹,,,
truth,truːθ,n.,n. 事实，真相；真实性，真实；真理，真谛,,,
tub,tʌb,n.,n. 浴缸；桶，盆；（圆形或椭圆形的）容器,,,
tumor,ˈtjuːmə(r),n.,n. 肿瘤，肿块,,,
tumour,ˈtjuːmə(r),n.,n. 肿瘤；瘤,,,
typewriter,ˈtaɪpraɪtə(r),n.,n. 打字机,,,
typist,ˈtaɪpɪst,n.,n. 打字员,,,
typhoon,taɪˈfuːn,n.,n. 台风，强烈热带气旋,,,
until,ənˈtɪl,prep.,prep. 直到...为止；conj. 直到...为止,,,
upon,əˈpɒn,prep.,prep. 在...之上；在...时候；一...就；基于；依据；关于,,,
used,juːzd,adj.,adj. 二手的，用过的；习惯的，惯常的；v. 过去常常（做某事）；曾经，以前；使用，利用,,,
valley,ˈvæli,n.,n. 山谷，峡谷；河谷，溪谷；流域,,,
vegetable,ˈvedʒtəbl,n.,n. 蔬菜；植物；adj. 植物的；蔬菜的；呆滞的，无生气的,,,
vase,vɑːz,n.,n. 花瓶，装饰性容器,,,
venue,ˈvenjuː,n.,n. 场地，地点；（法律）审判地点,,,
verb,vɜːb,n.,n. 动词；谓语,,,
victory,ˈvɪktəri,n.,n. 胜利，成功,,,
vigorous,ˈvɪɡərəs,adj.,adj. 精力充沛的，充满活力的；强健的，强壮的；强烈的，剧烈的；坚决的，果断的,,,
village,ˈvɪlɪdʒ,n.,n. 村庄，乡村；村民,,,
visa,ˈviːzə,n.,n. 签证；签证章；v. 签发签证；在...上签署,,,
visit,ˈvɪzɪt,v.,v. 拜访，探望；参观，游览；造访（网站）；n. 拜访，探望；参观，游览,,,
visitor,ˈvɪzɪtə(r),n.,n. 访客，来访者；参观者，游客,,,
vocabulary,vəˈkæbjələri,n.,n. 词汇量；词汇表；专业术语；词语总汇,,,
vitamin,ˈvɪtəmɪn,n.,n. 维生素,,,
volt,vɒlt,n.,n. 伏特（电压单位）,,,
voltage,ˈvəʊltɪdʒ,n.,n. 电压，伏特数,,,
wait,weɪt,v.,v. 等待，等候；服务，伺候；n. 等待，等候,,,
waiter,ˈweɪtə(r),n.,n. 服务员，侍者（尤指餐厅男服务员）,,,
waitress,ˈweɪtrəs,n.,n. 女服务员,,,
wall,wɔːl,n.,n. 墙，墙壁；障碍物，壁垒；v. 用墙围住，用墙隔开,,,
wallet,ˈwɒlɪt,n.,n. 钱包，皮夹子,,,
warm,wɔːm,adj.,adj. 温暖的，暖和的；热情的，友好的；温和的，不太冷的；v. 使温暖，使暖和；使兴奋，使热情；n. 温暖，暖和,,,
wary,ˈweəri,adj.,adj. 谨慎的，小心的，警惕的,,,
watt,wɒt,n.,n. 瓦特（功率单位）,,,
wedding,ˈwedɪŋ,n.,n. 婚礼，结婚典礼,,,
west,west,n.,n. 西方，西部；西方国家，西方文明；adj. 西方的，西部的；adv. 向西，往西,,,
western,ˈwestən,adj.,adj. 西方的，西部的；西方国家的，西方文化的；n. 西部片，西部小说,,,
wheat,wiːt,n.,n. 小麦,,,
wheel,wiːl,n.,n. 轮子，车轮；方向盘；车辆；v. 推动，转动；盘旋，旋转,,,
whether,ˈweðə(r),conj.,conj. 是否，会不会；无论，不管,,,
whisky,ˈwɪski,n.,n. 威士忌酒,,,
whiskey,ˈwɪski,n.,n. 威士忌酒,,,
white,waɪt,adj.,adj. 白色的；苍白的；白人的；纯洁的；清白的；n. 白色；白颜色；白人；蛋白；v. 使变白；漂白,,,
wide,waɪd,adj.,adj. 宽的，广阔的；广泛的，普遍的；adv. 广阔地；远远地,,,
widow,ˈwɪdəʊ,n.,n. 寡妇；v. 使成为寡妇,,,
willing,ˈwɪlɪŋ,adj.,adj. 愿意的，乐意的；自愿的，心甘情愿的,,,
wing,wɪŋ,n.,n. 翅膀；机翼；侧翼，侧厅；（政党、组织的）派别，支系；v. 飞行，飞越；迅速发送,,,
wolf,wʊlf,n.,n. 狼；v. 狼吞虎咽地吃,,,
wool,wʊl,n.,n. 羊毛；毛线；毛织品,,,
worst,wɜːst,adj.,adj. 最坏的，最差的；adv. 最糟糕地，最坏地；n. 最坏的情况，最糟糕的事物,,,
youngster,ˈjʌŋstə(r),n.,n. 年轻人，少年，儿童,,,
a,"ə,eɪ",art.,art. 一个，一种（用于单数可数名词前）,,,
an,ən,art.,art. 一(个)，任何一(个)（用于元音音素开头的单词前）,,,
adverb,ˈædvɜːb,n.,n. 副词,,,
airline,ˈeəlaɪn,n.,n. 航空公司；航线,,,
airport,ˈeəpɔːt,n.,n. 机场,,,
anyone,ˈeniwʌn,pron.,pron. 任何人，任何一个人,,,
apple,ˈæpl,n.,n. 苹果；苹果树,,,
asleep,əˈsliːp,adj.,adj. 睡着的，熟睡的；麻木的，无知觉的,,,
August,ˈɔːɡəst,n.,n. 八月；adj. 威严的，庄严的，令人敬畏的,,,
aunt,ɑːnt,n.,n. 姑母，姨母，伯母，婶母,,,
baby,ˈbeɪbi,n.,n. 婴儿，幼儿；年龄最小的人；宝贝，亲爱的（昵称）；幼小的动物；adj. 婴儿的，幼小的；v. 溺爱，娇惯,,,
back,bæk,n.,n. 背部，后面；adj. 后面的，背后的；adv. 向后地，回来；v. 支持，后退,,,
ball,bɔːl,n.,n. 球；球状物；舞会；v. 使成球状；使聚集成球状,,,
bicycle,ˈbaɪsɪkl,n.,n. 自行车；v. 骑自行车,,,
bike,baɪk,n.,n. 自行车，脚踏车；v. 骑自行车,,,
boat,bəʊt,n.,n. 船，小船；v. 乘船,,,
book,bʊk,n.,n. 书，书籍；本子，簿子；v. 预订，预约,,,
bottle,ˈbɒtl,n.,n. 瓶子，酒瓶；v. 把...装入瓶中,,,
bread,bred,n.,n. 面包；生计，谋生之道,,,
classroom,ˈklɑːsruːm,n.,n. 教室，课堂,,,
clock,klɒk,n.,n. 时钟；v. 记录（时间）；注意到，发现,,,
colour,ˈkʌlə(r),n.,n. 颜色，色彩；肤色；种族；彩色；色彩鲜艳；风格；特色；v. 给...着色；为...染色；影响；左右；adj. 有色的；彩色的,,,
color,ˈkʌlə(r),n.,n. 颜色，色彩；肤色；气色；风格，特色；v. 给...着色，为...染色；影响，左右,,,
computer,kəmˈpjuːtə(r),n.,n. 计算机，电脑,,,
cup,kʌp,n.,n. 杯子，茶杯；一杯的量；奖杯；v. 使成杯状,,,
daughter,ˈdɔːtə(r),n.,n. 女儿；（某人或某事物的）产物，结果,,,
day,deɪ,n.,n. （24小时的）一天；白天，日间；（某一特定的）日子，一天；时期，时代；（某人的）全盛时期；（与...有关的）日子；（工作或学习的）日子,,,
dentist,ˈdentɪst,n.,n. 牙医,,,
desk,desk,n.,n. 书桌，办公桌,,,
dirty,ˈdɜːti,adj.,adj. 肮脏的，污秽的；下流的，猥亵的；v. 弄脏，污染,,,
dish,dɪʃ,n.,n. 盘子，碟子；菜肴，菜品；v. 盛菜；说闲话，说别人坏话,,,
do,duː,v.,v. 做，干，执行；完成，结束；行动，表现；解决，处理；从事，进行；适合，足够；aux. 用于构成疑问句和否定句；n. 聚会，社交活动,,,
doctor,ˈdɒktə(r),n.,n. 医生，大夫；博士学位；博士；v. 治疗，医治；修改，篡改,,,
dog,dɒɡ,n.,n. 狗，犬；v. 跟踪，尾随,,,
doll,dɒl,n.,n. 玩偶，洋娃娃；v. 打扮，装饰,,,
dollar,ˈdɒlə(r),n.,n. 美元；钱，金钱,,,
door,dɔː(r),n.,n. 门；门口；家；户；通道,,,
drink,drɪŋk,v.,v. 喝，饮用；喝酒，饮酒；n. 饮料，饮品；酒，含酒精饮料,,,
driver,ˈdraɪvə(r),n.,n. 驾驶员，司机；驱动程序；（高尔夫球的）一号木杆；驱动因素，推动力,,,
dry,draɪ,adj.,adj. 干的，干燥的；口渴的；枯燥无味的，乏味的；幽默的，冷幽默的；干巴巴的，不热情的；（酒）干的，不甜的；v. （使）变干，（使）干燥；擦干,,,
duck,dʌk,n.,n. 鸭子；鸭肉；v. 快速低头或弯腰（以避开某物）；躲避，回避,,,
each,iːtʃ,det.,det. 每个的，各自的；pron. 每个人，每件事物；adv. 每个，每一个,,,
early,ˈɜːli,adj.,adj. 早的，提前的；早期的，初期的；adv. 早，提前；在初期；n. 早期,,,
earn,ɜːn,v.,v. 赚得，挣得（钱）；获得，赢得（奖励、尊重等）；应得，应获（某种待遇）,,,
eastern,ˈiːstən,adj.,adj. 东方的，东部的；东方国家的，东方民族的,,,
easy,ˈiːzi,adj.,adj. 容易的，简单的；舒适的，安逸的；不费力的，轻松的；adv. 轻松地，安逸地；n. 悠闲，安逸,,,
eat,iːt,v.,v. 吃，喝；侵蚀，腐蚀；花费，消耗,,,
egg,eɡ,n.,n. 蛋，卵；v. 煽动，怂恿,,,
eight,eɪt,n.,n. 数字8；8点钟；adj. 八个的，八的,,,
eighteen,ˌeɪˈtiːn,num.,num. 十八；n. 十八岁,,,
eighty,ˈeɪti,num.,num. 八十；n. 八十年代,,,
elephant,ˈelɪfənt,n.,n. 大象,,,
eleven,ɪˈlevn,num.,num. 十一；n. 十一点钟；十一人组成的团队,,,
e-mail,ˈiː meɪl,n.,n. 电子邮件；电子邮件系统；v. 发送电子邮件,,,
email,ˈiːmeɪl,n.,n. 电子邮件；v. 发送电子邮件,,,
evening,ˈiːvnɪŋ,n.,n. 傍晚，晚上；adj. 夜晚的，晚上的,,,
every,ˈevri,det.,det. 每一个，每个；所有的,,,
everybody,ˈevribɒdi,pron.,pron. 每个人，人人,,,
everyday,ˈevrideɪ,adj.,adj. 日常的，每天的，平常的；n. 平常，日常生活,,,
everyone,ˈevriwʌn,pron.,pron. 每个人，人人,,,
everything,ˈevrɪθɪŋ,pron.,pron. 一切，所有事物；n. 一切，所有事物；最重要的事物,,,
everywhere,ˈevriwεə,adv.,adv. 到处，各处，无处不在,,,
example,ɪɡˈzɑːmpl,n.,n. 例子，实例；榜样，范例；典型，标本,,,
eye,aɪ,n.,n. 眼睛；视力；眼光；注意；看法；v. 注视；盯着看,,,
fact,fækt,n.,n. 事实，实际情况；真相，真实；（用于强调）确实，的确；实际存在的事物,,,
factory,ˈfæktəri,n.,n. 工厂，制造厂,,,
fat,fæt,adj.,adj. 肥胖的，胖的；含脂肪多的，油腻的；丰厚的，可观的；n. 脂肪，肥肉；精华，精髓,,,
father,ˈfɑːðə(r),n.,n. 父亲；创始人，鼻祖；v. 成为父亲；创造，发明,,,
February,ˈfebrʊəri,n.,n. 二月,,,
feel,fiːl,v.,v. 感觉，觉得；触摸，摸；以为，认为；体验，经历；n. 感觉，触觉,,,
fifteen,ˈfɪfˌtiːn,num.,num. 十五；n. 十五岁；十五的,,,
fifty,ˈfɪfti,adj.,adj. 五十的；n. 五十,,,
find,faɪnd,v.,v. 发现，找到；查明，发现；发觉，感到；找到（答案、解决方案等）；断定，判断；（经判决）认定，裁决；n. 发现，发现物,,,
five,faɪv,num.,num. 五，5；n. 五，五个，五美元纸币,,,
food,fuːd,n.,n. 食物，食品；营养品；粮食,,,
football,ˈfʊtbɔːl,n.,n. 足球（运动）；足球（球）,,,
forty,ˈfɔːti,adj.,adj. 四十的；n. 四十,,,
four,fɔː(r),num.,num. 四；n. 四；四个；四号,,,
fourteen,ˈfɔːtiːn,num.,num. 十四；n. 十四,,,
free,friː,adj.,adj. 自由的，不受限制的；免费的，无需付费的；空闲的，有空的；无...的，没有...的；畅通的，无阻碍的；自由的，随意的；免税的；adv. 自由地，无拘束地；免费地；v. 释放，解放；使摆脱，使解除,,,
friend,frend,n.,n. 朋友，友人；v. 与...交朋友,,,
Friday,ˈfraɪdeɪ,n.,n. 星期五,,,
from,frɒm,prep.,prep. 来自，出自；从...起；与...不同；由于；距离,,,
fruit,fruːt,n.,n. 水果；果实；成果，结果；v. 结果实,,,
funny,ˈfʌni,adj.,adj. 有趣的，好笑的；奇怪的，古怪的；可疑的，难以理解的；n. 滑稽，幽默,,,
future,ˈfjuːtʃə(r),n.,n. 将来，未来；前途，前景；期货；adj. 将来的，未来的,,,
game,ɡeɪm,n.,n. 游戏，比赛；猎物；adj. 乐意的，愿意的；v. 赌博，打赌,,,
get,ɡet,v.,v. 得到，获得；变得，成为；到达，抵达；理解，明白；使处于某种状态；接收，收到；买到，购得；感染（疾病）；说服，劝说；赶上，追上；使...做某事；（电话）打通，接通,,,
girl,ɡɜːl,n.,n. 女孩，姑娘；女儿；年轻女子；女性朋友；女佣，女仆,,,
glad,ɡlæd,adj.,adj. 高兴的，快乐的；乐意的，愿意的,,,
go,ɡəʊ,v.,v. 去，走；离开；进行，进展；变成，成为；运转，工作；消失，用完；n. 尝试，机会；adj. 活跃的，进行中的,,,
good,ɡʊd,adj.,adj. 好的，优秀的；令人愉快的；有益的；有道德的；熟练的，擅长的；可靠的；充足的；有效的；n. 好处，利益；善行，善事；商品，货物；adv. 好地，正确地,,,
goodbye,ˌɡʊdˈbaɪ,n.,n. 再见，告别；interj. 再见,,,
grandmother,ˈɡrænmʌðə(r),n.,n. 祖母，外祖母,,,
grape,ɡreɪp,n.,n. 葡萄,,,
great,ɡreɪt,adj.,adj. 大的，巨大的；重要的，伟大的；出色的，极好的；非常的，很；n. 伟人，名人；adv. 非常好地，很好地,,,
hair,heə(r),n.,n. 头发，毛发；毛发，绒毛；极小的量，些微；毛发的性质，质地,,,
half,hɑːf,n.,n. 一半，半数；半场，半学年；adj. 一半的，半数的；adv. 一半地，部分地；pron. 一半,,,
handwriting,ˈhændraɪtɪŋ,n.,n. 书写，笔迹；手写体,,,
happy,ˈhæpi,adj.,adj. 快乐的，高兴的；幸福的；满意的；乐意的，愿意的；恰当的，合适的,,,
hat,hæt,n.,n. 帽子,,,
have,hæv,v.,v. 拥有，具有；经历，经受；患有（疾病）；进行，做；得到，获得；吃，喝；使，让；必须，不得不；欺骗，愚弄,,,
head,hed,n.,n. 头；头部；领导；首领；顶部；最前端；标题；题目；v. 朝...方向走；领导；主管；adj. 主要的；首要的,,,
hear,hɪə(r),v.,v. 听见，听到；听说，得知；听审，审理；听从，听信,,,
hello,həˈləʊ,interj.,interj. 你好，喂；n. 问候，打招呼,,,
help,help,v.,v. 帮助，援助；有助于，促进；避免，克制；n. 帮助，援助；帮手，助手,,,
her,hə(r),pron.,pron. 她（宾格）；她的（所有格）；adj. 她的,,,
here,hɪə(r),adv.,adv. 在这里，向这里；在这一点上，至此；adj. 这里的，此处的；n. 这里，此处；int. 喂，嗨（用于唤起注意）,,,
hers,hɜːz,pron.,pron. 她的,,,
herself,hɜːˈself,pron.,pron. 她自己；她亲自；她本人,,,
highway,ˈhaɪweɪ,n.,n. 公路，大路，干道,,,
hill,hɪl,n.,n. 小山，山丘；斜坡，坡地,,,
him,hɪm,pron.,pron. 他（宾格）；他（作介词宾语）,,,
himself,hɪmˈself,pron.,pron. 他自己；他本人；他亲自,,,
his,hɪz,pron.,pron. 他的；adj. 他的,,,
hit,hɪt,v.,v. 击打，撞击；击中，命中；达到，抵达；n. 打击，冲击；轰动成功，流行；adj. 成功的，受欢迎的,,,
holiday,ˈhɒlədeɪ,n.,n. 假日，节日；假期，休假；休息，放松；vi. 度假；adj. 节日的，假日的,,,
homework,ˈhəʊmwɜːk,n.,n. 家庭作业，课外作业,,,
hope,həʊp,n.,n. 希望，期望；v. 希望，期望,,,
horse,hɔːs,n.,n. 马；马科动物；v. 骑马；给（某人）装上马,,,
hotel,həʊˈtel,n.,n. 旅馆，宾馆,,,
hour,aʊə(r),n.,n. 小时，钟点；时刻，时间,,,
house,haʊs,n.,n. 房子，住宅；家庭，家族；议院，议会；v. 给...提供住处；收藏，存放,,,
how,haʊ,adv.,adv. 以何种方式，怎样；到什么程度，多么；conj. 如何，以何种方式；n. 方法，办法,,,
hundred,ˈhʌndrəd,num.,num. 一百，百；n. 百位数，一百个人或物；adj. 一百的，许多的,,,
hunger,ˈhʌŋɡə(r),n.,n. 饥饿，饥饿感；渴望，热望；v. 渴望，热切希望,,,
husband,ˈhʌzbənd,n.,n. 丈夫，配偶；v. 节约使用，节俭管理,,,
impossible,ɪmˈpɒsəbl,adj.,adj. 不可能的，办不到的；难以忍受的，令人讨厌的；n. 不可能的事,,,
in,ɪn,prep.,prep. 在...里面；在...期间；用...（表示方式、语言等）；穿着；adv. 进入；到达；在家；在办公室；adj. 时髦的；受欢迎的,,,
Internet,ˈɪntənet,n.,n. 互联网，因特网,,,
into,ˈɪntə,prep.,prep. 到...里面，进入；变成，成为；对...感兴趣，热衷于；撞击，碰撞；深入研究，探讨,,,
island,ˈaɪlənd,n.,n. 岛，岛屿；（道路、人行道等中间的）交通安全岛，（厨房里的）独立操作台；孤立的区域，（尤指性质或品质不同的）独立区域,,,
it,ɪt,pron.,pron. 它；这，那；n. 东西；事情,,,
its,ɪts,pron.,pron. 它的,,,
itself,ɪtˈself,pron.,pron. 它自己；本身,,,
jacket,ˈdʒækɪt,n.,n. 夹克，上衣；书籍的护封；马铃薯皮；（机器等的）外罩，套,,,
January,ˈdʒænjuəri,n.,n. 一月,,,
job,dʒɒb,n.,n. 工作，职业；任务，工作；零活，临时工作；v. 做零工,,,
juice,dʒuːs,n.,n. 果汁，蔬菜汁；（水果或蔬菜的）汁液；v. 榨取...的汁液,,,
July,dʒuˈlaɪ,n.,n. 七月,,,
jump,dʒʌmp,v.,v. 跳，跳跃；突然增加；突然移动；n. 跳跃，跳动；突然增加；突然移动,,,
June,dʒuːn,n.,n. 六月,,,
kilo,ˈkiːləʊ,n.,n. 千克；公斤,,,
kilogram,ˈkɪləɡræm,n.,n. 千克（重量单位，等于1000克）,,,
kilogramme,ˈkɪləɡræm,n.,n. 千克（重量单位）,,,
kind,kaɪnd,adj.,adj. 善良的，友好的，体贴的；n. 种类，类型,,,
kiss,kɪs,n.,n. 吻，亲吻；v. 亲吻，接吻；轻触，轻碰,,,
kitchen,ˈkɪtʃɪn,n.,n. 厨房,,,
kite,kaɪt,n.,n. 风筝；v. 放风筝；使……像风筝一样飞翔,,,
knife,naɪf,n.,n. 刀，小刀；v. 用刀切，用刀刺,,,
know,nəʊ,v.,v. 知道，了解；认识，熟悉；掌握，精通；分辨，区别；确信，深信；n. 知识，学问,,,
lady,ˈleɪdi,n.,n. 女士，夫人；贵妇人，淑女；（对妇女的尊称）女士，夫人；（某人的）妻子，女朋友,,,
lake,leɪk,n.,n. 湖，湖泊,,,
language,ˈlæŋɡwɪdʒ,n.,n. 语言，语言系统；说话方式，措辞；特定的语言；术语，专门用语,,,
large,lɑːdʒ,adj.,adj. 大的，巨大的；宽大的，宽松的；大量的，众多的；重要的，主要的；adv. 大大地，夸大地,,,
last,lɑːst,adj.,adj. 最后的，最终的；最近的，上一个的；最不可能的，最不重要的；adv. 最后，最终；n. 最后，末尾；v. 持续，继续,,,
laugh,lɑːf,v.,v. 笑，发笑；嘲笑，讥笑；n. 笑，笑声,,,
lazy,ˈleɪzi,adj.,adj. 懒惰的，懒散的；不愿工作或活动的,,,
learn,lɜːn,v.,v. 学习，学会；获悉，得知；记住，背诵,,,
leave,liːv,v.,v. 离开，出发；遗留，留下；让，允许；n. 假期，休假,,,
left,left,adj.,adj. 左边的，左侧的；剩下的，残留的；n. 左边，左方；adv. 向左，在左边；v. 离开，出发（leave的过去式和过去分词）,,,
leg,leɡ,n.,n. 腿，腿部；支柱，支撑物；裤腿；旅程的一段，航程的一段；v. 用腿推动，走,,,
less,les,adj.,adj. 更少的，较少的；adv. 较少地，更少地；prep. 减去，除去,,,
lesson,ˈles.ən,n.,n. 课，课程；教训，启示；课业，功课；训斥，教训,,,
letter,ˈletə(r),n.,n. 字母；信，信件；证书，许可证；v. 用字母标明,,,
library,ˈlaɪbrəri,n.,n. 图书馆；藏书室；图书馆藏书；藏书；文库，丛书；计算机程序库,,,
like,laɪk,v.,v. 喜欢，爱好；想要，希望；prep. 像，如同；conj. 像，如同；adj. 相似的，同样的；n. 爱好，喜爱；adv. 大约，差不多,,,
line,laɪn,n.,n. 线，绳；排，行；界线，分界线；电话线；血统，家族；路线；产品系列；台词；v. 排成行；沿...排列；给...加衬里,,,
lion,ˈlaɪən,n.,n. 狮子；雄狮,,,
listen,ˈlɪsn,v.,v. 听，倾听；听从，听信；听见，听到；n. 倾听，听,,,
little,ˈlɪtl,adj.,adj. 小的，微小的；年幼的，年少的；不多的，少量的；adv. 一点儿，稍微；n. 没有多少，很少,,,
live,lɪv,v.,v. 生活，居住；活着，存活；过（生活）；adj. 活的，有生命的；实况的，现场直播的,,,
lot,lɒt,n.,n. 许多，大量；一块地，地皮；命运，处境；adv. 很，非常；pron. 许多，大量,,,
loud,laʊd,adj.,adj. 声音大的，响亮的；醒目的，刺眼的（指颜色等）；喧闹的，吵闹的；adv. 大声地，响亮地,,,
love,lʌv,n.,n. 爱，爱情；喜爱，热爱；钟爱之人；亲爱的人；v. 爱，热爱；喜欢，觉得很好；爱好，享受,,,
lunch,lʌntʃ,n.,n. 午餐，午饭；v. 吃午餐,,,
maid,meɪd,n.,n. 女仆，女佣；未婚女子，少女,,,
man,mæn,n.,n. 男人，成年男子；人，人类；男性职工，男性雇员；v. 配备人手，在...值班,,,
many,ˈmeni,adj.,adj. 许多的，多的；pron. 许多人，许多；n. 许多，大量,,,
map,mæp,n.,n. 地图；v. 绘制...的地图；映射；计划，安排,,,
market,ˈmɑːkɪt,n.,n. 市场，集市；行情，市道；销路，需求；(经济学)市场；v. 推销，促销,,,
marriage,ˈmærɪdʒ,n.,n. 婚姻；结婚；婚礼；结合；联姻；密切关系,,,
marry,ˈmæri,v.,v. 结婚，娶，嫁；使结合，使联系,,,
matter,ˈmætə(r),n.,n. 事情，问题；物质，物体；事态，情况；内容，材料；v. 要紧，有重要性；有关系，有影响,,,
maybe,ˈmeɪbi,adv.,adv. 也许，大概，可能；n. 可能性，未定之事,,,
me,miː,pron.,pron. 我（宾格）；我（表语）,,,
meat,miːt,n.,n. 肉，肉类食品；食物，食品；要点，核心,,,
meeting,ˈmiːtɪŋ,n.,n. 会议，集会；会面，见面；汇合点，交叉点；adj. 集会的，开会的,,,
might,maɪt,n.,n. 力量，威力；可能性；aux. 可能，也许；（表示礼貌的建议）可以,,,
mile,maɪl,n.,n. 英里（长度单位，等于1.6093千米）；很长的距离；（比喻）巨大的差别或距离,,,
milk,mɪlk,n.,n. 牛奶，乳；v. 挤奶；榨取,,,
million,ˈmɪljən,n.,n. 百万；大量；adj. 百万的；许多的,,,
moment,ˈməʊmənt,n.,n. 片刻，瞬间；重要时刻，关键时刻；时机，机会；力矩，动量,,,
Monday,ˈmʌndeɪ,n.,n. 星期一,,,
money,ˈmʌni,n.,n. 钱，货币；财富，财产；经济，金融；资金，资本,,,
monkey,ˈmʌŋki,n.,n. 猴子；v. 模仿；胡闹；玩弄,,,
month,mʌnθ,n.,n. 月，一个月的时间；月份,,,
moon,muːn,n.,n. 月球；月亮；卫星；月份；一个月的时间；v. 梦想；渴望,,,
morning,ˈmɔːnɪŋ,n.,n. 早晨，上午,,,
most,məʊst,adj.,adj. 最多的，大多数的；adv. 最，非常；n. 大多数，大部分；pron. 大多数，大部分,,,
motel,məʊˈtel,n.,n. 汽车旅馆,,,
mother,ˈmʌðə(r),n.,n. 母亲，妈妈；母体，源头；v. 像母亲般关怀或照顾,,,
mouth,maʊθ,n.,n. 嘴，口；入口，出口；（河流的）入海口；v. （无声地）说，用嘴型说,,,
music,ˈmjuːzɪk,n.,n. 音乐；乐曲；乐谱,,,
must,mʌst,aux.,aux. 必须，应该；n. 必须做的事，必需品,,,
my,maɪ,adj.,adj. 我的,,,
myself,maɪˈself,pron.,pron. 我自己；我本人；我亲自；我亲身,,,
name,neɪm,n.,n. 名字，姓名；名声，名誉；名称，称号；v. 命名，取名；任命，指定,,,
near,nɪə(r),adj.,adj. 接近的，靠近的；近似的，差不多的；adv. 在附近，接近；prep. 靠近，接近；v. 接近，靠近,,,
need,niːd,n.,n. 需要，需求；必需品；v. 需要，必须,,,
never,ˈnevə(r),adv.,adv. 从不，永不；绝不，决不,,,
news,njuːz,n.,n. 新闻，消息；新闻节目，新闻报道,,,
newspaper,ˈnjuːzpeɪpə(r),n.,n. 报纸；报社，报界,,,
next,nekst,adj.,adj. 紧接的，其次的；最近的，离得最近的；adv. 接下来，然后；其次；n. 下一个人（或物）；prep. 靠近，紧挨着,,,
nice,naɪs,adj.,adj. 令人愉快的，宜人的；友好的，亲切的；好的，出色的；精确的，准确的；细微的，微妙的；adv. 好地，令人愉快地,,,
night,naɪt,n.,n. 夜晚，夜间；黑暗，黑夜；晚上的活动或事件,,,
nine,naɪn,n.,n. 数字9；九个人或物；adj. 九的，九个的,,,
nineteen,ˌnaɪnˈtiːn,num.,num. 十九；n. 十九岁；十九的,,,
ninety,ˈnaɪnti,num.,num. 九十；n. 九十年代；九十岁；adj. 九十的,,,
no,nəʊ,det.,det. 没有，无；adv. 不，不是；n. 否定，拒绝,,,
noise,nɔɪz,n.,n. 噪音，喧闹声；杂音，干扰；谣言，传闻；v. 谈论，议论,,,
nonetheless,ˌnʌnðəˈles,adv.,adv. 尽管如此，然而，不过,,,
noodle,ˈnuːdl,n.,n. 面条；面食；v. 瞎忙活；胡思乱想,,,
noon,nuːn,n.,n. 正午，中午,,,
north,nɔːθ,n.,n. 北方，北部；adj. 北方的，北部的；adv. 向北方，朝北,,,
northeast,ˌnɔːθˈiːst,n.,n. 东北，东北部；adj. 东北的，东北部的；adv. 向东北，朝东北,,,
northern,ˈnɔːðən,adj.,adj. 北方的，北部的；朝北的；来自北方的,,,
not,nɒt,adv.,adv. 不，没有；n. 非，否定,,,
notebook,ˈnəʊtbʊk,n.,n. 笔记本，记事本,,,
November,nəʊˈvembə(r),n.,n. 十一月,,,
now,naʊ,adv.,adv. 此时，现在；马上，立刻；conj. 既然，由于；n. 现在，此刻,,,
number,ˈnʌmbə(r),n.,n. 数字，号码；数量；一群，许多；（音乐、戏剧等的）节目，曲目；v. 编号，计算；总计达；把...列入，把...算作,,,
o'clock,əˈklɒk,adv.,adv. 整点；…点钟,,,
October,ɒkˈtəʊbə(r),n.,n. 十月,,,
of,əv,prep.,prep. 属于；来自；由...制成；关于；在...之中；具有,,,
off,ɒf,adv.,adv. 离开，走开；断开，关闭；脱离，摆脱；adj. 休息的，空闲的；不新鲜的，变质的；prep. 离，距；从...离开；n. 起跑，开始；折扣，减价,,,
often,ˈɒfn,adv.,adv. 经常地，时常,,,
oftentimes,ˈɒfəntaɪmz,adv.,adv. 经常，常常,,,
okay,əʊˈkeɪ,adj.,adj. 可以的，好的，不错的；adv. 好，行；n. 同意，批准；v. 同意，批准,,,
OK,əʊˈkeɪ,adj.,adj. 好的，可以的，不错的；adv. 好，行；n. 同意，批准；v. 同意，批准,,,
old,əʊld,adj.,adj. 年老的，上年纪的；（时间）长的，老的；以前的，原来的；过时的，陈旧的；经验丰富的，资深的；熟悉的，老套的；年代久远的，古老的；n. 老年人，老者,,,
on,ɒn,prep.,prep. 在...上；在...时；关于；adv. 向前；继续；进行中；adj. 开着的；进行中的；上演的,,,
once,wʌns,adv.,adv. 一次，一回；曾经，从前；conj. 一旦，一...就...；n. 一次，一回,,,
one,wʌn,num.,num. 一；一个；pron. 一个人；一个（事物）；n. 一；一个；一元（钱）；adj. 唯一的；一致的；同一的,,,
oneself,wʌnˈself,pron.,pron. 自己；自身,,,
only,ˈəʊnli,adj.,adj. 唯一的，仅有的；最好的，极好的；adv. 仅仅，只；conj. 可是，不过,,,
onto,ˈɒntə,prep.,prep. 在...之上（表示移动）；到...上面,,,
open,ˈəʊpən,adj.,adj. 开着的，打开的；畅通的，空旷的；公开的，公然的；开放的，开明的；坦率的，直率的；未定的，待决的；可能的，可获得的；v. 打开，开启；开始，开办；开放，公开；展开，铺开,,,
or,ɔː(r),conj.,conj. 或者，或,,,
orange,ˈɒrɪndʒ,n.,n. 橙子；橘子；柑橘；橙色；adj. 橙色的,,,
our,aʊə(r),pron.,pron. 我们的,,,
ours,aʊəz,pron.,pron. 我们的,,,
ourselves,aʊəˈselvz,pron.,pron. 我们自己；我们亲自；我们,,,
out,aʊt,adv.,adv. 外面；出去；离开；熄灭；耗尽；公开；大声地；prep. 出，离开；adj. 外面的；过时的；不流行的；公开的；n. 出局；出血；委屈；v. 揭露；公开,,,
over,ˈəʊvə(r),prep.,prep. 在...上方；越过；遍及；关于；超过；比...多；在...期间；adv. 结束；完了；翻倒；再一次；剩余；adj. 结束的；过度的,,,
own,əʊn,adj.,adj. 自己的，属于自己的；pron. 自己的东西；v. 拥有，具有；承认，承担责任,,,
ox,ɒks,n.,n. 公牛；阉割过的公牛,,,
panda,ˈpændə,n.,n. 熊猫,,,
parent,ˈpeərənt,n.,n. 父母，双亲；（动植物的）亲本；adj. 父母的，母公司的,,,
park,pɑːk,n.,n. 公园；停车场；v. 停放（车辆）,,,
pass,pɑːs,v.,v. 通过，经过；传递，传送；通过（考试、法案等）；度过（时间）；超过，优于；发生，产生；去世，逝世；消失，消退；n. 通行证，许可证；及格；山口，关口；传球（体育）；情况，状态,,,
past,pɑːst,n.,n. 过去，往事；adj. 过去的，以前的；adv. 经过，超过；prep. 超过（某一时间或地点）,,,
pear,peə(r),n.,n. 梨；梨树,,,
pen,pen,n.,n. 钢笔，圆珠笔；围栏，畜栏；监狱（的一间牢房）；v. 写，书写,,,
pencil,ˈpensl,n.,n. 铅笔；v. 用铅笔写或画；草拟，起草,,,
photo,ˈfəʊtəʊ,n.,n. 照片，相片,,,
photograph,ˈfəʊtəɡrɑːf,n.,n. 照片，相片；v. 给...拍照，为...照相,,,
piano,piˈænəʊ,n.,n. 钢琴；adj. 轻柔的，柔和的（音乐术语）,,,
pickup,ˈpɪkʌp,n.,n. 小货车，轻型货车；好转，改善；接送；adj. 临时的，临时组织的,,,
picnic,ˈpɪknɪk,n.,n. 野餐，郊游；v. 野餐，郊游,,,
pie,paɪ,n.,n. 馅饼，派,,,
picture,ˈpɪktʃə(r),n.,n. 图画，照片，图片；电影；情况，局面；v. 想象，设想；描绘，画出,,,
pig,pɪɡ,n.,n. 猪；猪肉；贪吃的人；爱吃的人；v. 狼吞虎咽地吃,,,
place,pleɪs,n.,n. 地方，场所；位置，方位；住处，住所；座位，席位；地位，身份；名次，排名；v. 放置，安置；安排，任命；认出，识别；确定...的位置,,,
please,pliːz,v.,v. 使高兴，使满意；愿意，喜欢；int. 请（用于礼貌地要求或建议）,,,
police,pəˈliːs,n.,n. 警察，警方；v. 监督，管理；维持...的治安,,,
policeman,pəˈliːsmən,n.,n. 警察，警官,,,
policewoman,pəˈliːswʊmən,n.,n. 女警察,,,
poor,pʊə(r),adj.,adj. 贫穷的，缺乏的；可怜的，值得同情的；糟糕的，劣质的；n. 贫困人，穷人,,,
potato,pəˈteɪtəʊ,n.,n. 马铃薯，土豆,,,
problem,ˈprɒbləm,n.,n. 问题，困难；数学题，习题；麻烦，棘手的事；adj. 有问题的，成问题的,,,
push,pʊʃ,v.,v. 推，推动；按（按钮等）；催促，敦促；挤，挤压；推销，促销；推进，促进；n. 推，推动；奋力；推销，促销；推力，推进力,,,
put,pʊt,v.,v. 放置，安置；表达，陈述；使处于某种状态；提出，提议；估计，认为,,,
question,ˈkwestʃən,n.,n. 问题，疑问；询问，提问；怀疑，质疑；议题，话题；v. 询问，提问；怀疑，质疑,,,
quiet,ˈkwaɪət,adj.,adj. 安静的，寂静的；平静的，安宁的；不声张的，低调的；少说话的，文静的；n. 安静，平静；v. 使安静，平静,,,
quite,kwaɪt,adv.,adv. 相当地，颇；完全地，十分；确实，的确；完全地，彻底地,,,
rain,reɪn,n.,n. 雨，雨水；v. 下雨；（使）大量落下,,,
read,riːd,v.,v. 阅读，朗读；理解，领会；显示，指示（数据、时间等）；n. 阅读，读物,,,
ready,ˈredi,adj.,adj. 准备好的，就绪的；乐意的，愿意的；迅速的，敏捷的；现成的，随时可用的；adv. 已经，马上；v. 使准备好,,,
receive,rɪˈsiːv,v.,v. 收到，接到；接待，欢迎；遭受，经受；接受，承认,,,
red,red,adj.,adj. 红色的；红的；充血的；发红的；革命的；激进的；n. 红色,,,
restaurant,ˈrestrɒnt,n.,n. 餐馆，饭店,,,
rice,raɪs,n.,n. 稻米，大米；米饭；v. 用压粒机把（食物）压成米粒状,,,
ride,raɪd,v.,v. 骑（马、自行车等）；乘坐（车辆等）；依靠...行进；克服（困难等）；欺负，嘲弄；n. 乘车旅行，骑行；乘坐的机会；（游乐园的）游乐项目,,,
right,raɪt,adj.,adj. 正确的，对的；恰当的，合适的；右边的；adv. 正确地；恰好，正是；向右；n. 权利；正确；右边；v. 纠正，改正；使恢复正常,,,
river,ˈrɪvə(r),n.,n. 河流，江,,,
road,rəʊd,n.,n. 道路，公路；途径，方法；旅程，路程,,,
robot,ˈrəʊbɒt,n.,n. 机器人；自动机，机械般行事的人,,,
room,ruːm,n.,n. 房间，室；空间，余地；机会，余地；vi. 租房，合住,,,
rubbish,ˈrʌbɪʃ,n.,n. 垃圾，废物；废话，无聊的言论；v. 批评，贬低,,,
sad,sæd,adj.,adj. 悲伤的，难过的；令人悲伤的，糟糕的；糟糕的，可怜的，令人失望的,,,
safe,seɪf,adj.,adj. 安全的；无危险的；可靠的；稳妥的；n. 保险箱；保险柜；adv. 安全地；平安地,,,
same,seɪm,adj.,adj. 相同的，一样的；同一的，同样的；pron. 同样的事物；adv. 同样地，一样地,,,
Saturday,ˈsætədeɪ,n.,n. 星期六,,,
say,seɪ,v.,v. 说，讲；表达，陈述；比方说，假设；n. 发言权，决定权,,,
sea,siː,n.,n. 海，海洋；海面；海上；大量，无数；海域；海区,,,
season,ˈsiːzn,n.,n. 季节；时期；季；v. 给...调味；使适应；使成熟,,,
secret,ˈsiːkrət,n.,n. 秘密，机密；诀窍，秘诀；adj. 秘密的，机密的,,,
September,sepˈtembə(r),n.,n. 九月,,,
seven,ˈsevn,num.,num. 七，七个；n. 数字七，七号,,,
shall,ʃæl,aux.,aux. 将要，会（用于第一人称）；应该，必须（表示义务或命令）；用于提出建议或征求意见,,,
shark,ʃɑːk,n.,n. 鲨鱼；v. 诈骗，欺诈,,,
she,ʃiː,pron.,pron. 她（指女性）；它（指雌性动物或物）,,,
sheep,ʃiːp,n.,n. 绵羊；羊；绵羊（复数形式与单数形式相同）；温顺的人；盲从的人,,,
shelf,ʃelf,n.,n. 架子，搁板,,,
ship,ʃɪp,n.,n. 船，轮船；v. 运送，船运；上船，装船,,,
shirt,ʃɜːt,n.,n. 衬衫，衬衣,,,
shoe,ʃuː,n.,n. 鞋；vt. 给...穿鞋；给（马等）钉蹄铁,,,
shop,ʃɒp,n.,n. 商店，店铺；v. 购物，买东西,,,
should,ʃʊd,,modal v. 应该，应当；可能，大概；虚拟语气中表示假设；用于表示惊讶、愤怒等情感,,,
since,sɪns,prep.,prep. 自...以来；conj. 自...以来；因为，由于；adv. 此后，后来,,,
sing,sɪŋ,v.,v. 唱歌，演唱；鸣叫（鸟等）；发出声音；歌颂，赞美,,,
sir,sɜː(r),n.,n. 先生，阁下（用于称呼或称谓）；爵士（英国的一种贵族头衔）,,,
sister,ˈsɪstə(r),n.,n. 姐妹；修女；护士长；（称呼）姐妹,,,
six,sɪks,num.,num. 六；n. 六；六个；六点钟,,,
size,saɪz,n.,n. 大小；尺寸；规模；v. 估量；测量；确定...的大小,,,
skirt,skɜːt,n.,n. 裙子，短裙；边缘，郊区；v. 绕过，环绕,,,
sky,skaɪ,n.,n. 天空，天；气候，天气；v. 把...投向空中；把...抛向空中；把...射向高空,,,
sleep,sliːp,n.,n. 睡眠；睡眠状态；v. 睡觉；入睡；留宿；过夜,,,
small,smɔːl,adj.,adj. 小的，较小的；（体积、数量、程度等）小的，少的；不重要的，微不足道的；（生意、公司等）小规模的；adv. 小小地，细细地；n. 小件物品，零碎物品,,,
smile,smaɪl,n.,n. 微笑；v. 微笑，露齿而笑,,,
snake,sneɪk,n.,n. 蛇；v. 蜿蜒而行，曲折前进,,,
snow,snəʊ,n.,n. 雪，积雪；v. 下雪；（使）落下如雪般的东西,,,
so,səʊ,adv.,adv. 如此，这么；非常，极其；同样，也；conj. 因此，所以；为了…的目的；adj. 如此的；pron. 如此；intj. 真的吗？是这样吗？,,,
sock,sɒk,n.,n. 短袜；v. 猛击，重击,,,
some,sʌm,det.,det. 一些，若干；pron. 一些，若干；adj. 某个的，某些的；adv. 大约，左右,,,
somebody,ˈsʌmbədi,pron.,pron. 某人，有人；n. 重要人物，大人物,,,
somehow,ˈsʌmhaʊ,adv.,adv. 以某种方式；不知怎么地；莫名其妙地；设法,,,
someone,ˈsʌmwʌn,pron.,pron. 某人，有人,,,
something,ˈsʌmθɪŋ,pron.,pron. 某事，某物；重要的事物，有价值的东西；adv. 在某种程度上，有点；n. 重要的事物，不确定的事物,,,
sometime,ˈsʌmtaɪm,adv.,adv. 在某个时候，在将来的某个时候；adj. 以前的，从前的,,,
sometimes,ˈsʌmtaɪmz,adv.,adv. 有时，间或,,,
somewhere,ˈsʌmweə(r),adv.,adv. 在某处，在某地；到某处，往某地；在某种程度上，大约；n. 某处，某地,,,
son,sʌn,n.,n. 儿子，男孩,,,
song,sɒŋ,n.,n. 歌曲，歌词；鸟鸣声；诗歌，韵文；微不足道的金额,,,
sorry,ˈsɒri,adj.,adj. 感到遗憾的，歉疚的；糟糕的，可怜的；int. 对不起，抱歉,,,
south,saʊθ,n.,n. 南方，南部；adj. 南方的，南部的；adv. 向南方，在南方,,,
southern,ˈsʌðən,adj.,adj. 南方的，南部的；南部地区的，来自南方的；（气候、习俗等）具有南方特征的,,,
speak,spiːk,v.,v. 说话，讲话；谈论，讲述；表达，表示；显示，体现；说（某种语言）；用…语言交谈；演讲，发言,,,
spell,spel,n.,n. 咒语，符咒；一段时间，一阵子；v. 拼写；意味着，预示；导致，招致,,,
spelling,ˈspelɪŋ,n.,n. 拼写；拼法；v. 拼写,,,
spend,spend,v.,v. 花费（金钱）；度过（时间）；消耗，耗尽；n. 花费，开支,,,
sport,spɔːt,n.,n. 运动，体育运动；娱乐，消遣；运动员；运动爱好者；戏弄，玩笑；v. 炫耀，夸耀；穿戴，佩戴,,,
sportsman,ˈspɔːtsmən,n.,n. 运动员；爱好运动的人；体育竞技者,,,
sportswoman,ˈspɔːtswʊmən,n.,n. 女运动员,,,
star,stɑː,n.,n. 恒星，星星；明星，名人；星形物，星状物；v. 主演，担任主角；用星号标记；adj. 主要的，主演的,,,
steal,stiːl,v.,v. 偷窃，盗窃；偷偷地做；悄悄地移动；n. 偷窃行为，盗窃,,,
stop,stɒp,v.,v. 停止，中止；阻止，使停止；n. 停止，停顿；车站，停靠站,,,
street,striːt,n.,n. 街道，马路；街道（作为地址的一部分）；（某一行业的）街，区；adj. 街头的，路边的,,,
student,ˈstjuːdnt,n.,n. 学生，学员,,,
study,ˈstʌdi,n.,n. 学习，研究；书房，学习室；学科，科目；研究报告，调查；v. 学习，研究；仔细观察，调查,,,
subway,ˈsʌbweɪ,n.,n. 地铁；地下通道,,,
such,sʌtʃ,adj.,adj. 这样的，如此的；pron. 这样的人/事物；adv. 如此，这么；det. 如此的，这样的,,,
summer,ˈsʌmə(r),n.,n. 夏天，夏季；adj. 夏季的；v. 度过夏天,,,
sun,sʌn,n.,n. 太阳；阳光；阳；v. 晒太阳；使晒太阳,,,
Sunday,ˈsʌndeɪ,n.,n. 星期日，周日,,,
supper,ˈsʌpə(r),n.,n. 晚餐，夜宵,,,
sweet,swiːt,adj.,adj. 甜的；香的；美好的；可爱的；亲切的；新鲜的；清新的；悦耳的；令人愉快的；n. 糖果；甜食；甜头；好处；adv. 甜美地；温柔地,,,
talk,tɔːk,v.,v. 说话，交谈；谈论，讨论；演讲，发言；n. 谈话，交谈；演讲，讲座,,,
tall,tɔːl,adj.,adj. 高的，身材高的；高大的，高耸的；夸张的，难以置信的,,,
taxi,ˈtæksi,n.,n. 出租车，计程车；v. (飞机)滑行,,,
tea,tiː,n.,n. 茶；茶叶；茶水；下午茶；茶点,,,
teach,tiːtʃ,v.,v. 教，教授；教训，训诫；使懂得，使明白,,,
teacher,ˈtiːtʃə(r),n.,n. 教师，老师；导师，指导者,,,
telephone,ˈtelɪfəʊn,n.,n. 电话；电话机；v. 打电话；用电话联系,,,
ten,ten,num.,num. 十；n. 十个，十枚,,,
tennis,ˈtenɪs,n.,n. 网球（运动）,,,
text,tekst,n.,n. 文本，文字；课文，教科书；原文；主题；v. 发短信,,,
than,ðæn,conj.,conj. 比；比较；prep. 除...之外；比,,,
thank,θæŋk,v.,v. 感谢，向...道谢,,,
Thanksgiving,ˌθæŋksˈɡɪvɪŋ,n.,n. 感恩节,,,
that,ðæt,pron.,pron. 那个，那些；adj. 那个的，那些的；adv. 那么，如此；conj. 引导名词性从句,,,
the,"ðə, ðiː",art.,art. 这，那，这个，那个（用于特指）；（表示类别）；（用于形容词最高级前）；（用于独一无二的事物前）；（用于姓氏前表示一家人）；（用于乐器名称前）；（用于疾病名称前）；（用于季节、月份等时间词前）；（用于群体名词前）；（用于形容词前使其名词化）,,,
their,ðeə(r),pron.,pron. 他们的，她们的，它们的,,,
theirs,ðeəz,pron.,pron. 他们的；她们的；它们的,,,
them,ðəm,pron.,pron. 他们，她们，它们（作宾语）；他们，她们，它们（作主语补语）,,,
themselves,ðəmˈselvz,pron.,pron. 他们自己，她们自己，它们自己（反身代词）；他们亲自，她们亲自，它们亲自（表强调）,,,
there,ðeə(r),adv.,adv. 在那里，到那里；存在，出现；pron. 那里；n. 那个地方，那里,,,
these,ðiːz,det.,det. 这些；pron. 这些,,,
they,ðeɪ,pron.,pron. 他们，她们，它们（指代复数名词或不确定性别的单数人）；人们（泛指）,,,
thin,θɪn,adj.,adj. 瘦的，薄的，细的；稀疏的，稀薄的；微弱的，贫乏的；v. 使变薄，使变细；变稀疏；adv. 薄薄地；稀疏地,,,
thing,θɪŋ,n.,n. 东西，物品；事情，事务；情况，处境；事实，实情；行为，举止；活动，事业；生物，动物；创造物；作品,,,
think,θɪŋk,v.,v. 思考，想；认为，以为；考虑，思索；料想，预料；n. 想法，看法,,,
third,θɜːd,adj.,adj. 第三的；n. 三分之一；第三；adv. 第三地,,,
thirsty,ˈθɜːsti,adj.,adj. 口渴的；渴望的，热切的,,,
thirteen,ˈθɜːˌtiːn,num.,num. 十三；n. 十三岁；十三个；第十三,,,
thirty,ˈθɜːti,adj.,adj. 三十的；n. 三十；三十岁,,,
this,ðɪs,det.,det. 这个，这；pron. 这，这个；adv. 这么，这样,,,
those,ðəʊz,det.,det. 那些；那些的；pron. 那些人，那些东西,,,
three,θriː,num.,num. 三；三个；n. 三；三个；三号；三点钟,,,
Thursday,ˈθɜːzdeɪ,n.,n. 星期四,,,
tiger,ˈtaɪɡə(r),n.,n. 老虎，虎,,,
tired,taɪəd,adj.,adj. 疲劳的，厌倦的；陈腐的，老套的,,,
to,tuː,prep.,prep. 表示方向或目的地；表示接受者或目标；表示时间；表示比较；表示程度或范围；表示结果；adv. 关上；到达,,,
today,təˈdeɪ,n.,n. 今天，今日；adv. 在今天，在当代,,,
tomato,təˈmɑːtəʊ,n.,n. 番茄，西红柿,,,
tomorrow,təˈmɒrəʊ,n.,n. 明天；未来；adv. 在明天；在未来；adj. 明天的；未来的,,,
ton,tʌn,n.,n. 吨；大量，许多；(英制)长吨(=2240磅)；(美制)短吨(=2000磅),,,
tonight,təˈnaɪt,adv.,adv. 在今晚，今天晚上；n. 今晚，今天晚上,,,
too,tuː,adv.,adv. 也，还；过分，过度；非常，很；的确，确实,,,
tree,triː,n.,n. 树；树木；家谱；树状图；v. 把(动物)赶上树；使陷入困境,,,
trouble,ˈtrʌbl,n.,n. 麻烦，困难；问题，烦恼；困扰，烦恼；纷争，争端；v. 使烦恼，使苦恼；麻烦，打扰,,,
Tuesday,ˈtjuːzdeɪ,n.,n. 星期二,,,
TV,ˌtiːˈviː,n.,n. 电视；电视机；电视节目,,,
television,ˈtelɪvɪʒn,n.,n. 电视；电视机；电视节目；电视广播；电视业；电视制作；电视宣传；电视广告,,,
twelve,twelv,num.,num. 十二；n. 十二个，十二点钟,,,
twenty,ˈtwenti,num.,num. 二十；n. 二十的；二十年代；二十美元纸币,,,
twice,twaɪs,adv.,adv. 两次，两倍,,,
two,tuː,num.,num. 二，两个；n. 二（号），两个（人或物）；adj. 两个的,,,
uncle,ˈʌŋkl,n.,n. 叔叔，伯父，舅舅（父母的兄弟或姐妹的丈夫）,,,
under,ˈʌndə(r),prep.,prep. 在...之下；低于；少于；在...统治下；由...管理；受...影响；按照；根据；adv. 在下面；向下；adj. 较低的；下级的,,,
university,juːnɪˈvɜːsəti,n.,n. 大学；高等学府；综合性大学,,,
unless,ənˈles,conj.,conj. 除非；如果不,,,
up,ʌp,adv.,adv. 向上，往上；起床，起来；增加，提高；完成，结束；prep. 沿着，顺着；在...上面；adj. 向上的，上升的；兴奋的，高兴的；发生的，出现的；n. 上升，上涨；好运，顺利,,,
us,əs,pron.,pron. 我们；我们俩；我们大家,,,
use,juːs,v.,v. 使用，利用；消耗，花费；习惯于；n. 使用，用途；用法，使用方法,,,
usual,ˈjuːʒuəl,adj.,adj. 通常的，平常的，惯常的,,,
usually,ˈjuːʒuəli,adv.,adv. 通常，经常,,,
very,ˈveri,adv.,adv. 非常，极其；adj. 恰好的，正是的；完全的，十足的,,,
vinegar,ˈvɪnɪɡə(r),n.,n. 醋,,,
violin,ˈvaɪəlɪn,n.,n. 小提琴,,,
volleyball,ˈvɒlibɔːl,n.,n. 排球；排球运动,,,
war,wɔː,n.,n. 战争，战斗；敌对状态，冲突；vi. 作战，交战,,,
water,ˈwɔːtə(r),n.,n. 水；水域；水面；v. 给...浇水；加水；adj. 水的；水产的；水上的,,,
we,wiː,pron.,pron. 我们；咱们；我们大家,,,
weather,ˈweðə(r),n.,n. 天气，气象；v. 经受住，平安渡过,,,
Wednesday,ˈwenzdeɪ,n.,n. 星期三,,,
week,wiːk,n.,n. 星期，周,,,
weekend,ˈwiːkend,n.,n. 周末，星期六和星期天；adj. 周末的,,,
welcome,ˈwelkəm,v.,v. 欢迎，迎接；adj. 受欢迎的，受款待的；n. 欢迎，迎接；int. 欢迎,,,
well,wel,adv.,adv. 好，令人满意地；充分地，彻底地；很，非常；adj. 健康的，身体好的；interj. 好吧，那么；n. 井，水井,,,
what,wɒt,pron.,pron. 什么，什么事物；多少，什么样的；adj. 什么，什么样的；adv. 什么，多么；int. 什么，怎么,,,
whatsoever,ˌwɒtsəʊˈevə(r),adv.,adv. 任何，丝毫；adj. 任何的，无论什么的,,,
when,wen,adv.,adv. 什么时候；何时；conj. 当...的时候；在...时；pron. 什么时候；n. 时间,,,
where,weə(r),adv.,adv. 在哪里，到哪里；conj. 在…的地方；pron. 哪里,,,
which,wɪtʃ,pron.,pron. 哪一个，哪一些；adj. 哪一个的，哪些的；conj. 用于引导定语从句,,,
who,huː,pron.,pron. 谁，什么人；所指的人,,,
whom,huːm,pron.,pron. 谁（用作宾语或介词宾语）,,,
whose,huːz,pron.,pron. 谁的,,,
why,waɪ,adv.,adv. 为什么，为何；conj. 为什么，为何；n. 理由，原因,,,
wife,waɪf,n.,n. 妻子，已婚女子,,,
will,wɪl,aux.,aux. 将要，会；n. 意志，决心；遗嘱；v. 想要，希望；决定，决心,,,
window,ˈwɪndəʊ,n.,n. 窗户，窗口；窗格，窗玻璃；（计算机屏幕上的）窗口；机会，时机；期限，时限,,,
wine,waɪn,n.,n. 葡萄酒，果酒；v. 用酒招待，请...喝酒,,,
winter,ˈwɪntə(r),n.,n. 冬天，冬季；年老，晚年；adj. 冬天的，冬季的；v. 过冬,,,
wish,wɪʃ,n.,n. 愿望，希望；v. 希望，想要；祝愿；但愿，希望（用于虚拟语气）,,,
with,wɪð,prep.,prep. 和...一起；用；具有；带有；对于；关于；以...态度；因为；由于；随着,,,
without,wɪˈðaʊt,prep.,prep. 没有，缺少；在...外面，不进入；adv. 在外面，不在里面；conj. 要是没有，除非,,,
woman,ˈwʊmən,n.,n. 成年女性；女人；妇女,,,
wonderful,ˈwʌndəfl,adj.,adj. 极好的，精彩的，令人愉快的；令人惊叹的，奇妙的,,,
wood,wʊd,n.,n. 木材，木头；树林，森林；adj. 木制的,,,
word,wɜːd,n.,n. 单词，词；话，言语；消息，音信；v. 措辞，用词,,,
world,wɜːld,n.,n. 世界，地球；领域，界；世人，社会；大量，无数,,,
would,wʊd,aux.,aux. 用于构成虚拟语气，表示假设、不真实的情况；表示过去经常性或重复性的动作；用于礼貌地表达请求、建议或意愿；表示过去将来时,,,
wrong,rɒŋ,adj.,adj. 错误的，不正确的；不恰当的，不合适的；有毛病的，发生故障的；adv. 错误地，不正确地；n. 错误，过失；v. 冤枉，诬陷,,,
year,jɪə(r),n.,n. 年，年份；年度，学年；年龄,,,
yellow,ˈjeləʊ,adj.,adj. 黄色的；发黄的；胆小的，懦弱的；n. 黄色；v. 变黄；使变黄,,,
yes,jes,adv.,adv. 是的，是；n. 赞同，同意；interj. 是，对,,,
yesterday,ˈjestədeɪ,n.,n. 昨天；adv. 在昨天，昨天,,,
you,juː,pron.,pron. 你；你们；n. 你；你们,,,
young,jʌŋ,adj.,adj. 年轻的，年少的；新的，初期的；n. 年轻人，青年,,,
your,jɔː(r),adj.,adj. 你的，你们的,,,
yours,jɔːz,pron.,pron. 你的，你们的（所有格代词）；你的东西，你们的东西,,,
yourself,jɔːˈself,pron.,pron. 你自己；你本人；你亲自,,,
yourselves,jɔːˈselvz,pron.,pron. 你们自己,,,
zoo,zuː,n.,n. 动物园,,,
abdicate,ˈæbdɪkeɪt,v.,v. 正式放弃（权力、责任等）；退位,,,
absolutely,ˈæbsəluːtli,adv.,adv. 完全地，绝对地；毫无疑问地，肯定地,,,
absolutist,ˈæbsəluːtɪst,n.,n. 绝对主义者，专制主义者；adj. 绝对主义的，专制主义的,,,
academia,ˌækəˈdiːmiə,n.,n. 学术界，学术环境,,,
accessibility,"ək,sesə'bɪlətɪ",n.,n. 可访问性；可使用性；可获得性；易用性,,,
accountability,əˌkaʊntəˈbɪləti,n.,n. 责任，问责制；可解释性,,,
accusation,ˌækjuˈzeɪʃn,n.,n. 指控，谴责；控告，控诉,,,
adaptable,əˈdæptəbl,adj.,adj. 能适应的，有适应性的；可改编的，可调整的,,,
adequately,ˈædɪkwətli,adv.,adv. 充分地，足够地,,,
adherence,ədˈhɪərəns,n.,n. 坚持，遵守；附着，粘附,,,
adjustment,əˈdʒʌstmənt,n.,n. 调整，调节；适应，适应过程；调解，和解,,,
admirable,ˈædmərəbl,adj.,adj. 令人钦佩的，值得赞赏的；出色的，极好的,,,
adoptive,əˈdɒptɪv,adj.,adj. 收养的，领养的,,,
adornment,əˈdɔːnmənt,n.,n. 装饰品，装饰物；装饰，修饰,,,
advisory,ədˈvaɪzəri,adj.,adj. 顾问的，咨询的；建议性的，劝告性的；n. 警告，公告；顾问委员会,,,
affordable,əˈfɔːdəbl,adj.,adj. 便宜的，价格合理的；负担得起的，买得起的,,,
ageing,ˈeɪdʒɪŋ,adj.,adj. 变老的，日益衰老的；n. 老化，衰老,,,
aggressiveness,əˈɡresɪvnəs,n.,n. 侵略性，攻击性；积极性，进取心,,,
agreed,əˈɡriːd,v.,v. 同意，赞同；adj. 商定的，约定的,,,
alarmingly,əˈlɑːmɪŋli,adv.,adv. 令人担忧地，令人警觉地,,,
allegation,ˌælɪˈɡeɪʃn,n.,n. 指控，指摘；声称，断言,,,
allot,əˈlɒt,v.,v. 分配，分派，分给,,,
amendment,əˈmendmənt,n.,n. 修正案，修正；修改，修订；改善，改进；（土壤的）改良,,,
analyst,ˈænəlɪst,n.,n. 分析者，分析师,,,
ancestry,ˈænsestri,n.,n. 祖先，家系；血统，出身,,,
announcement,əˈnaʊnsmənt,n.,n. 公告，通告；宣布，宣告,,,
antismoking,ˌæntɪˈsməʊkɪŋ,adj.,adj. 反对吸烟的；禁烟的,,,
apparently,əˈpærəntli,adv.,adv. 明显地，显然地；据说，据表面看来,,,
applicant,ˈæplɪkənt,n.,n. 申请人；应征者,,,
appreciation,əˌpriːʃiˈeɪʃn,n.,n. 感谢，感激；欣赏，鉴赏；理解，认识；增值，升值,,,
appreciative,əˈpriːʃətɪv,adj.,adj. 感谢的，感激的；欣赏的，赞赏的,,,
approachable,əˈprəʊtʃəbl,adj.,adj. 平易近人的，亲切的；可接近的，可理解的,,,
archaeological,ˌɑːkiəˈlɒdʒɪkl,adj.,adj. 考古学的，与考古学有关的,,,
archaeologist,ˌɑːkiˈɒlədʒɪst,n.,n. 考古学家,,,
aristocratic,ˌærɪstəˈkrætɪk,adj.,adj. 贵族的，贵族式的；高贵的，高雅的,,,
arrangement,əˈreɪndʒmənt,n.,n. 安排，准备；布置，排列；安排，约定；改编曲，改编版,,,
arrestee,əˈres.tiː,n.,n. 被逮捕者，被捕人,,,
aspiration,ˌæspəˈreɪʃn,n.,n. 强烈的愿望，抱负；志向，抱负；渴望得到或达到的东西；吸入，吸气,,,
assertion,əˈsɜːʃn,n.,n. 断言，声明；坚持，维护（权利等）,,,
assimilation,əˌsɪməˈleɪʃn,n.,n. 同化，吸收；同化作用，消化吸收；同化，融入,,,
asteroid,ˈæstərɔɪd,n.,n. 小行星,,,
attraction,əˈtrækʃn,n.,n. 吸引力，魅力；吸引人的事物，有吸引力的人或物；景点，游览胜地,,,
authorize,ˈɔːθəraɪz,v.,v. 授权，批准；授权，批准；许可，允许,,,
automobile,ˈɔːtəməbiːl,n.,n. 汽车，机动车,,,
availability,əˌveɪləˈbɪləti,n.,n. 可用性，可得性；可获得的数量；有空，可用时间,,,
awareness,əˈweənəs,n.,n. 意识，认识；察觉，警觉性；认知，了解,,,
banker,ˈbæŋkə(r),n.,n. 银行家，银行经理；银行业者，金融业者,,,
banking,ˈbæŋkɪŋ,n.,n. 银行业；银行服务；adj. 银行的；银行业的,,,
banns,bænz,n.,n. 婚姻预告，结婚公告,,,
beautify,ˈbjuːtɪfaɪ,v.,v. 美化，使变漂亮,,,
befriend,bɪˈfrend,v.,v. 成为...的朋友；以朋友的方式对待；帮助，支持,,,
behavioral,bɪˈheɪvjərəl,adj.,adj. 行为的，与行为有关的；行为主义的,,,
benefactor,ˈbenɪfæktə(r),n.,n. 捐助者，赞助人，恩人,,,
biased,ˈbaɪəst,adj.,adj. 有偏见的，偏颇的；有偏向的，倾向于某一方的；有倾向性的，不公平的,,,
biographer,baɪˈɒɡrəfə(r),n.,n. 传记作者,,,
biological,ˌbaɪəˈlɒdʒɪkl,adj.,adj. 生物的，与生物有关的；生物学的，生物学上的；与血缘关系有关的,,,
biologically,ˌbaɪəˈlɒdʒɪkli,adv.,adv. 从生物学角度看；在生物学上,,,
biologist,baɪˈɒlədʒɪst,n.,n. 生物学家,,,
biomedical,ˌbaɪəʊˈmedɪkl,adj.,adj. 生物医学的，生物医药的,,,
biophilia,ˌbaɪəʊˈfɪliə,n.,n. 人类天生亲近自然和其他生命形式的倾向,,,
birthright,ˈbɜːθraɪt,n.,n. 与生俱来的权利，天赋人权,,,
blessing,ˈblesɪŋ,n.,n. 祝福；恩惠；幸事；好处；福气；优势,,,
bodily,ˈbɒdɪli,adj.,adj. 身体的，肉体的；adv. 整个地，全身地,,,
branding,ˈbrændɪŋ,n.,n. 品牌化，品牌建设；商标，商标标识；v. 给…打上烙印；赋予…特色，使…具有独特形象,,,
breakthrough,ˈbreɪkθruː,n.,n. 突破，重大进展；突破性进展，重大发现；adj. 突破性的，创新的,,,
bribery,ˈbraɪbəri,n.,n. 贿赂，行贿,,,
briefly,ˈbriːfli,adv.,adv. 简短地，简要地；短暂地，暂时地,,,
broadly,ˈbrɔːdli,adv.,adv. 广泛地，普遍地；大体上，大致上；宽宏大量地，宽容地,,,
bureaucrat,ˈbjʊərəkræt,n.,n. 官僚，政府官员,,,
cautiousness,ˈkɔːʃəsnəs,n.,n. 谨慎，小心,,,
ceremonial,ˌserɪˈməʊniəl,adj.,adj. 仪式的，礼仪的；正式的，形式上的；n. 仪式，典礼,,,
characterization,ˌkærəktəraɪˈzeɪʃn,n.,n. 描述，刻画；表征，特征描述,,,
childless,ˈtʃaɪldləs,adj.,adj. 无子女的，没有孩子的,,,
circulation,ˌsɜː.kjəˈleɪ.ʃən,n.,n. 流通，循环；发行量，流通量；传播，流传,,,
citizenry,ˈsɪtɪzənri,n.,n. 公民，市民(总称)；全体居民,,,
citizenship,ˈsɪtɪzənʃɪp,n.,n. 公民身份，公民资格；公民权利与义务；公民身份的品质或状态,,,
claimant,ˈkleɪmənt,n.,n. 索赔人，申请人,,,
clamp,klæmp,n.,n. 夹具，夹钳；v. 夹紧，夹住；强行限制，严格控制,,,
clearly,ˈklɪəli,adv.,adv. 清楚地，明白地；显然，无疑；清晰地，明确地；毫无疑问地,,,
clear-cut,ˌklɪəˈkʌt,adj.,adj. 清楚的，明确的，明显的；轮廓分明的，轮廓清晰的,,,
coexistence,ˌkəʊɪɡˈzɪstəns,n.,n. 共存，和平共处,,,
collaborative,kəˈlæbərətɪv,adj.,adj. 合作的，协作的,,,
commitment,kəˈmɪtmənt,n.,n. 承诺，保证；义务，责任；奉献，投入；委托保管；承担义务,,,
commonality,ˌkɒməˈnæləti,n.,n. 共性，共同点；共有的特征；共同体，群体,,,
commonly,ˈkɒmənli,adv.,adv. 通常地，一般地；普遍地，广泛地,,,
comparatively,kəmˈpærətɪvli,adv.,adv. 相比之下，比较起来,,,
compensatory,kəmˈpen.sə.tər.i,adj.,adj. 补偿的，赔偿的；补充的，代偿的,,,
competence,ˈkɒmpɪtəns,n.,n. 能力，才能；胜任，称职；权限，管辖权,,,
complementary,ˌkɒmplɪˈmentəri,adj.,adj. 互补的，补充的；免费的，赠送的,,,
completely,kəmˈpliːtli,adv.,adv. 完全地，彻底地,,,
complexity,kəmˈpleksəti,n.,n. 复杂性，复杂度；复杂性，复杂度；复杂的事物；难懂的性质,,,
composer,kəmˈpəʊzə(r),n.,n. 作曲家，曲作者,,,
composure,kəmˈpəʊʒə(r),n.,n. 镇定，沉着，冷静,,,
conceivably,kənˈsiːvəbli,adv.,adv. 可以想象地，可能地,,,
conditional,kənˈdɪʃənl,adj.,adj. 有条件的，受约束的；假设的，假定的；n. 条件句,,,
confirmation,ˌkɒnfəˈmeɪʃn,n.,n. 确认，证实；批准，认可；确认书，证明书；（基督教的）坚信礼，坚振礼,,,
confrontation,ˌkɒnfrʌnˈteɪʃn,n.,n. 对抗，冲突；面对面的较量；对峙,,,
congressional,kənˈɡreʃənl,adj.,adj. 国会的，议会的,,,
considerably,kənˈsɪdərəbli,adv.,adv. 相当地，非常地，大大地,,,
consideration,kənˌsɪdəˈreɪʃn,n.,n. 考虑，思考；体贴，考虑周到；重要性，重要因素；报酬，酬劳；考虑因素，要考虑的事项,,,
considered,kənˈsɪdəd,adj.,adj. 经过深思熟虑的，慎重的；v. 考虑，思考；认为，视为,,,
considering,kənˈsɪdərɪŋ,prep.,prep. 考虑到，鉴于；conj. 考虑到，鉴于；adj. 考虑的，深思的；v. 考虑，思考；认为，视为,,,
conspire,kənˈspaɪə(r),v.,v. 密谋，共谋；串通，勾结；（事件）巧合发生，同时发生,,,
constantly,ˈkɒnstəntli,adv.,adv. 不断地，持续地，经常地,,,
constitutional,ˌkɒnstɪˈtjuːʃənl,adj.,adj. 宪法的，立宪的；体质上的，先天的；合乎宪法的；有益健康的；n. 保健散步,,,
constitutionality,ˌkɒnstɪˌtjuːʃəˈnæləti,n.,n. 符合宪法的性质；合宪性,,,
constraint,kənˈstreɪnt,n.,n. 限制；约束；强制；压力；局促,,,
consumer,kənˈsjuːmə(r),n.,n. 消费者，顾客；消耗者，使用者,,,
contemptuous,kənˈtemptjuəs,adj.,adj. 轻蔑的，鄙视的，蔑视的,,,
contention,kənˈtenʃn,n.,n. 争论，争辩；争夺，竞争；观点，论点,,,
contextual,kənˈtekstʃuəl,adj.,adj. 与上下文有关的，基于上下文的,,,
continually,kənˈtɪnjuəli,adv.,adv. 持续地，不断地；频繁地，经常地,,,
continuity,kɒntɪˈnjuːəti,n.,n. 连续性，持续性；连贯性，一致性；（电影、电视等的）场景连贯，剧情连贯,,,
contributory,kənˈtrɪbjətəri,adj.,adj. 有贡献的，起作用的；助长的，促成的,,,
controllable,kənˈtrəʊləbl,adj.,adj. 可控制的，可操纵的,,,
convincingly,kənˈvɪnsɪŋli,adv.,adv. 令人信服地，有说服力地,,,
coordination,kəʊˌɔːdɪˈneɪʃn,n.,n. 协调，配合；协调能力；协调行动；协同作用,,,
corruption,kəˈrʌpʃn,n.,n. 腐败，贪污；堕落，腐化；腐烂，烂坏；篡改，损坏,,,
counterbalance,ˌkaʊntəˈbæləns,n.,n. 平衡力，抗衡力；对应物，平衡物；v. 抵消，平衡,,,
courageous,kəˈreɪdʒəs,adj.,adj. 勇敢的，有勇气的,,,
courtship,ˈkɔːtʃɪp,n.,n. 求爱，追求；（动物的）求偶,,,
creation,kriˈeɪʃn,n.,n. 创造；创作；创造物；作品；创立；创建；宇宙；世界,,,
credibility,ˌkred.əˈbɪl.ə.ti,n.,n. 可信性，可靠性，信誉,,,
credible,ˈkredəbl,adj.,adj. 可信的，可靠的，可信赖的,,,
critique,krɪˈtiːk,n.,n. 评论文章；评论；批评；v. 评论；批评；评价,,,
crushingly,ˈkrʌʃɪŋli,adv.,adv. 压倒性地，令人沮丧地，使人崩溃地,,,
cultivation,ˌkʌltɪˈveɪʃn,n.,n. 耕种，栽培；培养，陶冶；教化，文雅,,,
cultural,ˈkʌltʃərəl,adj.,adj. 文化的，文化上的；文化的，与文化相关的；人文的，与人文学科相关的,,,
cure-all,ˈkjʊərɔːl,n.,n. 万灵药，万能解决方法,,,
currently,ˈkʌrəntli,adv.,adv. 目前，当前,,,
curricula,kəˈrɪkjʊlə,n.,n. 课程（curriculum的复数形式）；教学大纲；课程设置,,,
cute,kjuːt,adj.,adj. 可爱的；漂亮的；讨人喜欢的；聪明的；机灵的,,,
dampen,ˈdæmpən,v.,v. 使潮湿，弄湿；抑制，减弱（感情、反应等）,,,
dazzlingly,ˈdæz.lɪŋ.li,adv.,adv. 令人眼花缭乱地，耀眼地，炫目地,,,
dearth,dɜːθ,n.,n. 缺乏，不足，短缺,,,
deception,dɪˈsepʃn,n.,n. 欺骗，诡计；欺骗行为,,,
decoration,ˌdekəˈreɪʃn,n.,n. 装饰品，装饰物；装饰，装潢；勋章，奖章,,,
defensible,dɪˈfen.sə.bəl,adj.,adj. 可防御的，可辩护的,,,
degrade,dɪˈɡreɪd,v.,v. 贬低，使降级，使丢脸；（使）退化，（使）降解，（使）分解,,,
deliberately,dɪˈlɪb.ər.ət.li,adv.,adv. 故意地，蓄意地；深思熟虑地，慎重地,,,
democrat,ˈdeməkræt,n.,n. 民主党人；民主主义者,,,
demonstration,ˌdemənˈstreɪʃn,n.,n. 示范，演示；证明，论证；示威游行，抗议,,,
demoralization,dɪˌmɒrəlaɪˈzeɪʃn,n.,n. 士气低落，沮丧；道德败坏，堕落,,,
dependency,dɪˈpendənsi,n.,n. 依赖；依靠；从属；附属国；属地；附属物,,,
designer,dɪˈzaɪnə(r),n.,n. 设计师；设计者；adj. 设计师的；由设计师设计的；名牌的,,,
developer,dɪˈveləpə(r),n.,n. 开发者，开发商；显影剂,,,
development,dɪˈveləpmənt,n.,n. 发展，进步；开发，研制；发育，生长；发展，变化，进展；开发项目，开发区；显影，冲洗,,,
dimensional,daɪˈmenʃənl,adj.,adj. 与尺寸有关的，空间的；多维的,,,
diplomacy,dɪˈpləʊməsi,n.,n. 外交；外交手腕；谈判技巧,,,
disapproval,ˌdɪsəˈpruːvl,n.,n. 不赞成，反对,,,
disbelief,ˌdɪsbiˈliːf,n.,n. 不相信，怀疑,,,
disciplinary,ˈdɪsəplɪnəri,adj.,adj. 纪律的，惩戒的；学科的，跨学科的,,,
disconnect,ˌdɪskəˈnekt,v.,v. 断开，使分离；切断（联系），使脱离；n. 脱节，分歧,,,
discontinue,ˌdɪskənˈtɪnjuː,v.,v. 停止，中断；终止,,,
discussion,dɪˈskʌʃn,n.,n. 讨论，商讨；辩论，争论；详细的评述,,,
dishonor,dɪsˈɒnə(r),n.,n. 耻辱，不名誉；v. 使蒙羞，玷污,,,
disposable,dɪˈspəʊzəbl,adj.,adj. 一次性的，用完即丢的；可任意支配的，可自由使用的,,,
disregard,ˌdɪsrɪˈɡɑːd,v.,v. 忽视，不理会；n. 漠视，不关心,,,
disruptive,dɪsˈrʌptɪv,adj.,adj. 破坏性的，扰乱性的；引起混乱的；颠覆性的，创新性的,,,
dissatisfaction,ˌdɪsˌsætɪsˈfækʃn,n.,n. 不满，不满意,,,
distinctly,dɪˈstɪŋktli,adv.,adv. 清楚地，明显地；明确地，无疑地；截然不同地,,,
distribution,ˌdɪstrɪˈbjuːʃn,n.,n. 分配，分发；分布，分散；配送，销售；概率分布,,,
diversity,daɪˈvɜːsəti,n.,n. 多样性，差异性；多样化，多元化；多样性，多元性（尤指种族、文化等方面）,,,
doctoral,ˈdɒktərəl,adj.,adj. 博士的，与博士学位相关的,,,
dominance,ˈdɒmɪnəns,n.,n. 支配地位，统治；优势，主导地位；控制力，影响力,,,
doubtful,ˈdaʊtfəl,adj.,adj. 怀疑的，不确定的；令人怀疑的，可疑的；不太可能的，未必的,,,
doubtless,ˈdaʊtləs,adv.,adv. 无疑地，肯定地；adj. 无疑的，确定的,,,
download,ˈdaʊnləʊd,v.,v. 下载（数据或程序）；n. 下载；下载的数据或程序,,,
downside,ˈdaʊnsaɪd,n.,n. 缺点，不利方面；下降趋势,,,
dramatically,drəˈmætɪkli,adv.,adv. 戏剧性地，引人注目地；显著地，大幅度地,,,
duplication,ˌdjuːplɪˈkeɪʃn,n.,n. 复制，复印；重复，重复的事物,,,
dweller,ˈdwelə(r),n.,n. 居民，居住者,,,
eagerness,ˈiːɡənəs,n.,n. 热切，热忱，渴望,,,
economist,ɪˈkɒnəmɪst,n.,n. 经济学家,,,
electronics,ɪˌlekˈtrɒnɪks,n.,n. 电子学；电子设备；电子器件,,,
educator,ˈedjʊkeɪtə(r),n.,n. 教育工作者，教育家,,,
effectively,ɪˈfektɪvli,adv.,adv. 有效地，实际上；事实上，实际上,,,
egregiously,ɪˈɡriːdʒəsli,adv.,adv. 极其糟糕地，非常严重地,,,
election,ɪˈlekʃn,n.,n. 选举，推选；当选，选中,,,
elevation,ˌelɪˈveɪʃn,n.,n. 提升，提高；海拔，高度；提升，晋升；建筑物立面图；高尚，崇高,,,
embarrassment,ɪmˈbærəsmənt,n.,n. 尴尬，难堪；使人尴尬的人或事物；窘迫，困境,,,
embodiment,ɪmˈbɒdimənt,n.,n. 体现，化身，具体表现,,,
emigration,ˌemɪˈɡreɪʃn,n.,n. 移居国外，移民,,,
emotional,ɪˈməʊʃənl,adj.,adj. 情绪的，情感的；易激动的，情绪化的,,,
enact,ɪˈnækt,v.,v. 制定（法律），颁布；使...成为法律；扮演，演出,,,
enforcement,ɪnˈfɔːsmənt,n.,n. 执行，实施；强制执行；（法律、规则等的）生效,,,
engrave,ɪnˈɡreɪv,v.,v. 雕刻，刻写；使铭记，使深深印在心中,,,
enrage,ɪnˈreɪdʒ,v.,v. 激怒，使暴怒,,,
enthusiastically,ɪnˌθjuːziˈæstɪkli,adv.,adv. 热情地，热心地；兴奋地，热切地,,,
entitlement,ɪnˈtaɪtlmənt,n.,n. 权利，资格；应得的权益，福利,,,
enviable,ˈenvɪəbl,adj.,adj. 令人羡慕的，值得妒忌的,,,
environmental,ɪnˌvaɪrənˈmentl,adj.,adj. 环境的，环境方面的；生态的，生态环境的；环保的,,,
envision,ɪnˈvɪʒən,v.,v. 想象，设想，展望,,,
equally,ˈiːkwəli,adv.,adv. 平等地，相等地；公平地；同样地，均等地；同等重要地,,,
essentially,ɪˈsenʃəli,adv.,adv. 本质上，根本上；实质上，基本上,,,
ethical,ˈeθɪkl,adj.,adj. 道德的，伦理的；合乎道德标准的,,,
ethically,ˈeθɪkli,adv.,adv. 从道德角度来说，合乎道德地；在伦理上，按照伦理准则,,,
ethnicity,eθˈnɪsəti,n.,n. 种族特性，民族特征；种族，民族,,,
everlasting,ˌevəˈlɑːstɪŋ,adj.,adj. 永恒的，永久的，持久的；n. 永恒，永久,,,
evolutionary,ˌiːvəˈluːʃənəri,adj.,adj. 进化的，演化的；渐进的，逐步发展的,,,
exactly,ɪɡˈzæktli,adv.,adv. 准确地，恰好地；完全地，精确地；正是，的确,,,
excavation,ˌekskəˈveɪʃn,n.,n. 挖掘，发掘；发掘物，挖掘现场,,,
excellence,ˈeksələns,n.,n. 卓越，优秀；杰出的才能或品质,,,
excessively,ɪkˈsesɪvli,adv.,adv. 过分地，过度地；极度地，非常,,,
exclusionary,ɪkˈskluːʒənəri,adj.,adj. 排斥的，排他的；使排除在外的,,,
explicatory,ɪkˈsplɪkətəri,adj.,adj. 解释的，说明的,,,
explicitly,ɪkˈsplɪsɪtli,adv.,adv. 明确地，清楚地；直截了当地，毫不隐晦地,,,
exploitation,ˌeksplɔɪˈteɪʃn,n.,n. 剥削，压榨；利用，开发；开采，开发（自然资源）,,,
exploration,ˌekspləˈreɪʃn,n.,n. 探索，勘察；探究，研究,,,
extraction,ɪkˈstrækʃn,n.,n. 提取，抽取；榨取，勒索；拔出，拔取,,,
extraordinarily,ɪkˈstrɔːdnərəli,adv.,adv. 非常地，极其地；异乎寻常地，格外地,,,
fad,fæd,n.,n. 流行一时的狂热，时尚,,,
fairness,ˈfeənəs,n.,n. 公平，公正；公平性，公正性；公平对待；合理性,,,
falsehood,ˈfɔːlshʊd,n.,n. 谎言，虚假陈述；错误，谬误,,,
fearsome,ˈfɪəsəm,adj.,adj. 可怕的，令人畏惧的；极度的，非常的,,,
feverish,ˈfiːvərɪʃ,adj.,adj. 发烧的，发热的；兴奋的，狂热的；急切的，热切的,,,
financially,faɪˈnænʃəli,adv.,adv. 在财务方面，从经济角度,,,
flagship,ˈflæɡʃɪp,n.,n. 旗舰；（公司或组织的）最重要产品或服务,,,
flexibility,ˌfleksəˈbɪləti,n.,n. 灵活性，弹性；适应性，随机应变能力,,,
flexibly,ˈfleksəbli,adv.,adv. 灵活地，柔韧地；顺应地，适应性地,,,
foe,fəʊ,n.,n. 敌人，对手,,,
foreseeable,fɔːˈsiːəbl,adj.,adj. 可预见的，可预料的,,,
foresight,ˈfɔːsaɪt,n.,n. 远见；预见；先见之明；深谋远虑；预知；洞察力,,,
foresighted,fɔːˈsaɪtɪd,adj.,adj. 有远见的，有先见之明的，有预见性的,,,
fortnightly,ˈfɔːtnaɪtli,adj.,adj. 每两周一次的；adv. 每两周一次地,,,
founder,ˈfaʊndə(r),n.,n. 创始人，创办人；v. 失败，沉没，倒闭；跌倒，摔倒（指马）,,,
framer,ˈfreɪmə(r),n.,n. 制定者，起草者；构造者，建造者,,,
frequently,ˈfriːkwəntli,adv.,adv. 经常地，频繁地,,,
fulfillment,fʊlˈfɪlmənt,n.,n. 满足，实现；履行，执行；成就感，满足感,,,
fully,ˈfʊli,adv.,adv. 完全地，充分地；彻底地；全面地，详尽地,,,
functional,ˈfʌŋkʃənl,adj.,adj. 实用的，功能性的；运转正常的，起作用的；职能的，官能的,,,
fundamentally,ˌfʌndəˈmentəli,adv.,adv. 根本上地，从根本上，基本上,,,
funding,ˈfʌndɪŋ,n.,n. 资金，经费；提供资金；v. 为...提供资金,,,
futurologist,ˌfjuːtʃəˈrɒlədʒɪst,n.,n. 未来学家，未来学研究者,,,
gatekeeper,ˈɡeɪtkiːpə(r),n.,n. 看门人，守门人；控制信息或资源流动的人,,,
generally,ˈdʒenərəli,adv.,adv. 通常，一般来说；大体上，大致；广泛地，普遍地,,,
generative,ˈdʒenərətɪv,adj.,adj. 能产生的，有生产力的；创造性的，生成的,,,
genetically,dʒəˈnetɪkli,adv.,adv. 从基因上，在基因方面,,,
geneticist,dʒəˈnetɪsɪst,n.,n. 遗传学家,,,
genome,ˈdʒiːnəʊm,n.,n. 基因组，全套基因,,,
geographic,ˌdʒiːəˈɡræfɪk,adj.,adj. 地理的，地理学的；地理位置的,,,
glamorous,ˈɡlæmərəs,adj.,adj. 富有魅力的，迷人的，富于吸引力的,,,
gloominess,ˈɡluːminəs,n.,n. 阴郁，忧郁；昏暗，阴暗,,,
glowingly,ˈɡləʊɪŋli,adv.,adv. 热情洋溢地，赞不绝口地；光彩照人地，发光地,,,
granny,ˈɡræni,n.,n. 奶奶，外婆；老太太,,,
gratification,ˌɡrætɪfɪˈkeɪʃn,n.,n. 满足，满意；愉悦，快感,,,
groom,ɡruːm,n.,n. 新郎；v. 梳理（毛发）；打扮，修饰；培养，训练（以担任重要职位）,,,
guardianship,ˈɡɑːdiənʃɪp,n.,n. 监护权；监护人的职责；保护；监管,,,
guarding,ˈɡɑːdɪŋ,v.,v. 守卫，保卫，看守,,,
habitually,həˈbɪtʃuəli,adv.,adv. 习惯性地，惯常地,,,
hardline,ˈhɑːdlaɪn,adj.,adj. 强硬的，不妥协的；n. 强硬路线，不妥协的立场,,,
harmful,ˈhɑːmfl,adj.,adj. 有害的，造成伤害的,,,
headhunter,ˈhedˌhʌntə(r),n.,n. 猎头，专业招聘人员,,,
heavily,ˈhevɪli,adv.,adv. 沉重地；大量地；非常地；严重地；猛烈地；深深地,,,
hierarchical,ˌhaɪəˈrɑːkɪkl,adj.,adj. 分层的，等级制度的,,,
hindrance,ˈhɪndrəns,n.,n. 阻碍，妨碍；障碍物,,,
holistic,həʊˈlɪstɪk,adj.,adj. 整体的，全面的，综合的,,,
homeless,ˈhəʊmləs,adj.,adj. 无家可归的，无处栖身的；n. 无家可归的人,,,
hominid,ˈhɒmɪnɪd,n.,n. 人科动物（包括现代人类及其祖先）,,,
hopefully,ˈhəʊpfəli,adv.,adv. 希望地，抱有希望地；有希望地，很可能地,,,
horrify,ˈhɒrɪfaɪ,v.,v. 使恐惧，使惊骇,,,
hostility,hɒˈstɪləti,n.,n. 敌意，敌对情绪；敌对行为，战争行动,,,
hugely,ˈhjuːdʒli,adv.,adv. 非常地，极其地；巨大地，大规模地,,,
hunter,ˈhʌntə(r),n.,n. 猎人；搜寻者,,,
idealism,aɪˈdɪə.lɪ.zəm,n.,n. 理想主义，唯心主义；观念论，唯心论（哲学）,,,
idealize,aɪˈdɪəlaɪz,v.,v. 理想化，美化；把...理想化，把...视为完美,,,
ideological,ˌaɪdɪəˈlɒdʒɪkl,adj.,adj. 意识形态的，思想体系的；关于意识形态的，思想上的,,,
illegally,ɪˈliːɡəli,adv.,adv. 非法地，违法地,,,
illiberal,ɪˈlɪbərəl,adj.,adj. 偏狭的，狭隘的；不宽容的，偏执的；保守的，反自由主义的,,,
immigration,ˌɪmɪˈɡreɪʃn,n.,n. 移民；移居；入境,,,
immoral,ɪˈmɒrəl,adj.,adj. 不道德的，违背道德的,,,
immunity,ɪˈmjuːnəti,n.,n. 免疫力；豁免权，免除；免责，豁免,,,
impartial,ɪmˈpɑːʃl,adj.,adj. 公正的，不偏不倚的；中立的，客观的,,,
impel,ɪmˈpel,v.,v. 推动，驱使，促使,,,
impinging,ɪmˈpɪndʒɪŋ,v.,v. 侵犯，妨碍，对…产生影响,,,
impossibility,ɪmˌpɒsəˈbɪləti,n.,n. 不可能性，不可能的事,,,
impoverished,ɪmˈpɒvərɪʃt,adj.,adj. 贫穷的，贫困的；贫乏的，匮乏的,,,
impractical,ɪmˈpræktɪkl,adj.,adj. 不切实际的，不现实的；不实用的，不实际的,,,
imprison,ɪmˈprɪzən,v.,v. 监禁，关押,,,
improbable,ɪmˈprɒbəbl,adj.,adj. 不大可能的，不太可能发生的,,,
improper,ɪmˈprɒpə(r),adj.,adj. 不恰当的，不适当的；不正当的，不道德的,,,
impulsive,ɪmˈpʌlsɪv,adj.,adj. 冲动的，易冲动的；由感情驱使的，一时兴起的,,,
inability,ˌɪnəˈbɪləti,n.,n. 无能力，无力，不能,,,
inaccuracy,ɪnˈækjərəsi,n.,n. 不准确，错误；不精确，不确切,,,
inaccurate,ɪnˈækjərət,adj.,adj. 不准确的，不精确的；错误的，有误的,,,
inadequacy,ɪnˈædɪkwəsi,n.,n. 不充分，不足；不适当，不胜任,,,
inadequate,ɪnˈædɪkwət,adj.,adj. 不充分的，不足的，不够好的,,,
inappropriate,ˌɪnəˈprəʊpriət,adj.,adj. 不恰当的，不适当的；不得体的，不合时宜的,,,
inarticulate,ɪnˈɑːtɪkjələt,adj.,adj. 不善于表达的，口齿不清的；无法清楚表达的，难以表达的；不能发音的，无关节的,,,
inborn,ɪnˈbɔːn,adj.,adj. 先天的，天生的，与生俱来的,,,
inbuilt,ˈɪnˌbɪlt,adj.,adj. 内置的；固有的；天生的,,,
incite,ɪnˈsaɪt,v.,v. 煽动，激起，刺激,,,
inclination,ˌɪnklɪˈneɪʃn,n.,n. 倾向，意愿；倾斜，斜度；爱好，兴趣,,,
incompatible,ˌɪnkəmˈpætəbl,adj.,adj. 不相容的，不协调的；互不兼容的,,,
incompetent,ɪnˈkɒmpɪtənt,adj.,adj. 无能的，不胜任的；不适当的，不充分的,,,
incompetently,ɪnˈkɒmpɪtəntli,adv.,adv. 无能地，不胜任地,,,
incomplete,ˌɪnkəmˈpliːt,adj.,adj. 不完整的，不完全的；未完成的，不充分的,,,
inconclusive,ˌɪnkənˈkluːsɪv,adj.,adj. 不确定的，不明确的，非决定性的,,,
incorrectly,ˌɪnkəˈrektli,adv.,adv. 不正确地，错误地,,,
indecisive,ˌɪndɪˈsaɪsɪv,adj.,adj. 犹豫不决的，优柔寡断的；无决定性的，非决定性的,,,
indefensible,ˌɪndɪˈfensəbl,adj.,adj. 不能辩护的；无法为之辩护的；站不住脚的；不合理的,,,
indefinitely,ɪnˈdefɪnətli,adv.,adv. 无限期地，无限制地；不确定地，模糊地,,,
independently,ˌɪndɪˈpendəntli,adv.,adv. 独立地，自主地；独立地，单独地；自主地；自力更生地,,,
Indian,ˈɪndiən,adj.,adj. 印度的，印度人的；n. 印度人；印第安人,,,
indicator,ˈɪndɪkeɪtə(r),n.,n. 指示器，指示物；标志，迹象；指标，指数,,,
indictment,ɪnˈdaɪtmənt,n.,n. 正式的控告，起诉；指责，谴责；表明缺点或失败的事物,,,
indifference,ɪnˈdɪf.ər.əns,n.,n. 漠不关心，冷漠，无关心,,,
indirect,ˌɪndəˈrekt,adj.,adj. 间接的，非直接的；迂回的，拐弯抹角的；间接造成的,,,
indirectly,ˌɪndəˈrektli,adv.,adv. 间接地，不直接地；间接地，迂回地；婉转地,,,
indulgence,ɪnˈdʌldʒəns,n.,n. 放纵，纵容；沉溺，享受；宽容，宽恕；特许，特权,,,
indulgent,ɪnˈdʌldʒənt,adj.,adj. 宽容的，纵容的；放纵的，沉溺的；自我放纵的,,,
industrialization,ɪnˌdʌstriəlaɪˈzeɪʃn,n.,n. 工业化，产业化,,,
inedible,ɪnˈedəbl,adj.,adj. 不能食用的，不宜食用的,,,
ineffective,ˌɪnɪˈfektɪv,adj.,adj. 无效的；无作用的；效率低下的；不起作用的,,,
ineffectual,ˌɪnɪˈfektʃuəl,adj.,adj. 无效的；无用的；无能的；不起作用的,,,
inefficient,ˌɪnɪˈfɪʃnt,adj.,adj. 效率低的；无效率的；浪费的,,,
inequality,ˌɪnɪˈkwɒləti,n.,n. 不平等，不均等；不公平，不公正,,,
inescapably,ˌɪnɪˈskeɪpəbli,adv.,adv. 不可避免地，无法逃避地,,,
inevitably,ɪnˈevɪtəbli,adv.,adv. 不可避免地，必然地,,,
inexorable,ɪnˈeksərəbl,adj.,adj. 不可阻挡的，无法改变的，不可阻止的,,,
inexpressible,ˌɪnɪkˈspresəbl,adj.,adj. 无法用语言表达的，难以言喻的,,,
infancy,ˈɪnfənsi,n.,n. 婴儿期，幼年期；初期，早期,,,
infection,ɪnˈfekʃn,n.,n. 感染，传染；感染病，传染病；影响，感染,,,
inferiority,ɪnˌfɪəriˈɒrəti,n.,n. 劣势，次等；自卑，自卑感,,,
infest,ɪnˈfest,v.,v. (害虫、老鼠等)大批滋生于，大量侵害；(人或动物)大批出没于，成群涌入,,,
infirm,ɪnˈfɜːm,adj.,adj. 体弱的，虚弱的；年老体弱的；意志不坚定的，优柔寡断的,,,
inflate,ɪnˈfleɪt,v.,v. 使充气，使膨胀；使物价、货币等升值，使通货膨胀；夸大，吹嘘,,,
info,ˈɪnfəʊ,n.,n. 信息，资料,,,
informal,ɪnˈfɔːml,adj.,adj. 非正式的，非正规的；随意的，不拘礼节的,,,
informality,ˌɪnfɔːˈmæləti,n.,n. 非正式性，非正式方式；随意，轻松自在,,,
infringement,ɪnˈfrɪndʒmənt,n.,n. 侵犯，侵害；违反，违背,,,
ingenuity,ˌɪndʒəˈnjuːəti,n.,n. 聪明才智；创造力；独创性；巧妙,,,
inherently,ɪnˈherəntli,adv.,adv. 本质上，固有地，内在地,,,
inherited,ɪnˈherɪtɪd,adj.,adj. 遗传的，继承的；v. 继承，遗传,,,
inheritor,ɪnˈherɪtə(r),n.,n. 继承人；接班人,,,
inhuman,ɪnˈhjuːmən,adj.,adj. 残忍的，野蛮的；非人的，超人的,,,
initially,ɪˈnɪʃəli,adv.,adv. 起初，最初,,,
initiation,ɪˌnɪʃiˈeɪʃn,n.,n. 开始，创始；入会仪式，入会；启蒙，入门,,,
initiator,ɪˈnɪʃieɪtə(r),n.,n. 发起者，创始人；启动装置，起动器,,,
injurious,ɪnˈdʒʊəriəs,adj.,adj. 有害的，造成伤害的,,,
innate,ɪˈneɪt,adj.,adj. 先天的，天生的，固有的,,,
innermost,ˈɪnəməʊst,adj.,adj. 最里面的，最深处的；最亲密的，最私密的,,,
innovative,ˈɪnəvətɪv,adj.,adj. 创新的，革新的，新颖的,,,
innovator,ˈɪnəveɪtə(r),n.,n. 创新者，革新者,,,
insatiable,ɪnˈseɪʃəbl,adj.,adj. 无法满足的，贪得无厌的,,,
insecurity,ˌɪnsɪˈkjʊərəti,n.,n. 不安全感，无把握；缺乏安全保障；不稳定,,,
insensitive,ɪnˈsensətɪv,adj.,adj. 麻木不仁的，无感觉的；不敏感的，迟钝的；不体贴的，不考虑他人感受的；不敏锐的，反应迟钝的,,,
insensitivity,ˌɪnsenˈsɪtɪvəti,n.,n. 麻木不仁，无感觉；缺乏敏感性，冷漠；迟钝，反应迟缓,,,
insider,ɪnˈsaɪdə(r),n.,n. 内部人士；知情人；圈内人,,,
insidious,ɪnˈsɪdiəs,adj.,adj. 暗中为害的，潜伏的，阴险的；不知不觉中逐渐恶化的，潜滋暗长的,,,
insightful,ɪnˈsaɪtfʊl,adj.,adj. 有洞察力的，富有见解的,,,
insignificant,ˌɪnsɪɡˈnɪfɪkənt,adj.,adj. 微不足道的，不重要的；无关紧要的，无足轻重的；微小的，微不足道的,,,
insistence,ɪnˈsɪstəns,n.,n. 坚持；坚决要求；坚持主张,,,
inspection,ɪnˈspekʃn,n.,n. 检查，视察；检验，审查,,,
instantaneously,ˌɪnstənˈteɪniəsli,adv.,adv. 瞬间地，即刻地,,,
instantly,ˈɪnstəntli,adv.,adv. 立即地，马上；瞬间地，即刻地,,,
instill,ɪnˈstɪl,v.,v. 逐渐灌输，潜移默化地培养,,,
institutional,ˌɪnstɪˈtjuːʃənl,adj.,adj. 机构的，制度的；公共机构的,,,
instrumentalist,ˌɪnstrʊˈmentəlɪst,n.,n. 乐器演奏者，器乐演奏家；工具主义者，实用主义者,,,
insufficient,ˌɪnsəˈfɪʃnt,adj.,adj. 不充分的，不足的,,,
intangible,ɪnˈtændʒəbl,adj.,adj. 无形的，非物质的；难以明确的，难以捉摸的；（资产）无形的,,,
integration,ˌɪntɪˈɡreɪʃn,n.,n. 融合，结合；（种族）融合；一体化，整合；（数学）积分,,,
intellect,ˈɪntəlekt,n.,n. 智力；理解力；思维能力；知识分子；才智非凡的人,,,
intellectualism,ˌɪntəˈlektʃuəlɪzəm,n.,n. 知识分子主义；理智主义；崇尚理性,,,
intellectualize,ɪnˈtelektʃuəlaɪz,v.,v. 理智化处理，理性化思考；过分理智化，过度分析,,,
intensely,ɪnˈtensli,adv.,adv. 强烈地，剧烈地；极度地，非常地,,,
intensify,ɪnˈtensɪfaɪ,v.,v. 加强，增强，使加剧；使强化，使集中,,,
intentionally,ɪnˈtenʃənəli,adv.,adv. 故意地，有意地；蓄意地，存心地,,,
intently,ɪnˈtentli,adv.,adv. 专注地，专心地，聚精会神地,,,
interaction,ˌɪntərˈækʃn,n.,n. 相互作用，相互影响；交互，互动；交流，沟通,,,
interactive,ˌɪntərˈæktɪv,adj.,adj. 互动的，交互的；相互作用的，相互影响的,,,
intermarriage,ˌɪntəˈmærɪdʒ,n.,n. 通婚，异族通婚，不同群体间的通婚,,,
interpersonal,ˌɪntəˈpɜːsənl,adj.,adj. 人际的，人与人之间的,,,
interplay,ˈɪntəpleɪ,n.,n. 相互作用，相互影响,,,
interpretation,ɪnˌtɜː.prɪˈteɪ.ʃən,n.,n. 解释，说明；理解，诠释；口译，翻译,,,
interprovincial,ˌɪntəprəˈvɪnʃəl,adj.,adj. 跨省的，省际的,,,
intervention,ˌɪntəˈvenʃn,n.,n. 干预，介入；干涉，干预行动；调停，斡旋,,,
interviewee,ˌɪntəvjuːˈiː,n.,n. 受访者；被面试者,,,
interviewer,ˈɪntəvjuːə(r),n.,n. 面试官；采访者,,,
intimately,ˈɪntɪmətli,adv.,adv. 亲密地，密切地；熟悉地，深入地,,,
intranet,ˈɪntrənɛt,n.,n. 内部网络，企业内网,,,
introductory,ˌɪntrəˈdʌktəri,adj.,adj. 介绍性的，入门的；开场的，开幕的,,,
intrusion,ɪnˈtruːʒn,n.,n. 闯入，侵入；干扰，打扰；侵犯，侵害,,,
intuitive,ɪnˈtjuːɪtɪv,adj.,adj. 直觉的，凭直觉的；直观的，易懂的,,,
intuitively,ɪnˈtjuːɪtɪvli,adv.,adv. 凭直觉地，直观地,,,
invalidate,ɪnˈvælɪdeɪt,v.,v. 使无效，使作废；证明...错误，驳斥,,,
inventiveness,ɪnˈventɪvnəs,n.,n. 创造力，独创性；发明才能,,,
inventor,ɪnˈventə(r),n.,n. 发明家；创造者,,,
investigation,ɪnˌvestɪˈɡeɪʃn,n.,n. 调查，侦查；研究，探索,,,
investor,ɪnˈvestə(r),n.,n. 投资者，投资人,,,
involuntarily,ɪnˈvɒləntrəli,adv.,adv. 不自觉地，无意识地；非自愿地，不由自主地,,,
involvement,ɪnˈvɒlvmənt,n.,n. 参与，介入；卷入，牵连；密切关系，复杂性,,,
ion,ˈaɪən,n.,n. 离子,,,
ironic,aɪˈrɒnɪk,adj.,adj. 讽刺的，反话的；出乎意料的，出人意料的,,,
ironically,aɪˈrɒnɪkli,adv.,adv. 讽刺地，反话地；出乎意料地，矛盾地,,,
irrational,ɪˈræʃənl,adj.,adj. 不理性的，非理性的；荒谬的，不合逻辑的；无理数的（数学）,,,
irregular,ɪˈreɡjələ(r),adj.,adj. 不规则的，不整齐的；不定期的，不定时的；不合常规的，反常的；（军队）非正规的；n. 非正规军人，游击队员,,,
irrelevant,ɪˈreləvənt,adj.,adj. 不相关的，无关紧要的,,,
irrepressible,ˌɪrɪˈpresəbl,adj.,adj. 无法抑制的，压制不住的；难以控制的，控制不住的,,,
irreproducibility,ˌɪrɪˌprəˌdjuːsəˈbɪləti,n.,n. 不可重复性，无法复制性,,,
irresponsibility,ˌɪrɪˌspɒnsəˈbɪləti,n.,n. 不负责任；不负责任的行为,,,
irrigation,ˌɪrɪˈɡeɪʃn,n.,n. 灌溉，水利,,,
isolation,ˌaɪsəˈleɪʃn,n.,n. 隔离，分离；孤立，孤独,,,
Italy,ˈɪtəli,n.,n. 意大利（欧洲国家）,,,
jerk,dʒɜːk,n.,n. 蠢人，讨厌的人；猛拉，急动；v. 猛拉，猛推,,,
jobless,ˈdʒɒbləs,adj.,adj. 失业的；无工作的,,,
jobseeker,ˈdʒɒbsiːkə(r),n.,n. 求职者,,,
jokingly,ˈdʒəʊkɪŋli,adv.,adv. 开玩笑地，以戏谑的方式,,,
journalism,ˈdʒɜːnəlɪzəm,n.,n. 新闻业，新闻工作；新闻学,,,
journalistic,ˌdʒɜːnəˈlɪstɪk,adj.,adj. 新闻的，新闻工作的，新闻业的,,,
joyfully,ˈdʒɔɪfəli,adv.,adv. 欢欣地，愉快地；高兴地，快乐地,,,
judiciary,dʒuːˈdɪʃəri,n.,n. 司法部门，法官系统；法官总体,,,
juggle,ˈdʒʌɡl,v.,v. 玩杂耍，抛接（多个物体）；同时应付（多件事）；巧妙处理，花言巧语；n. 玩杂耍，抛接,,,
keyword,ˈkiːwɜːd,n.,n. 关键词，关键字；（计算机）保留字，关键字,,,
kinship,ˈkɪnʃɪp,n.,n. 亲属关系，血缘关系；亲属关系，血缘关系；亲近感，相似性,,,
knowledgeable,ˈnɒlɪdʒəbl,adj.,adj. 有知识的，见多识广的；博学的，学识渊博的,,,
landmark,ˈlændmɑːk,n.,n. 地标，标志性建筑；里程碑，重大事件；adj. 具有里程碑意义的，划时代的,,,
latest,ˈleɪtɪst,adj.,adj. 最新的，最近的；最晚的，最迟的,,,
lawmaker,ˈlɔːmeɪkə(r),n.,n. 立法者，制定法律的人,,,
leader,ˈliːdə(r),n.,n. 领导者，领袖；首领，头目；带头人，领导者（尤指某个群体或组织）；领军人物，佼佼者；（报纸等的）主要社论，头条社论,,,
leakage,ˈliːkɪdʒ,n.,n. 泄漏，渗漏；泄露（信息等）；流失（资金等）,,,
legally,ˈliːɡəli,adv.,adv. 合法地，依法地；从法律上讲，按照法律,,,
legislative,ˈledʒɪslətɪv,adj.,adj. 立法的，法律的,,,
legislature,ˈledʒɪsleɪtʃə(r),n.,n. 立法机关，议会,,,
legitimacy,lɪˈdʒɪtɪməsi,n.,n. 合法性；正当性；正统性,,,
lender,ˈlendə(r),n.,n. 贷款人，出借人,,,
lengthy,ˈleŋθi,adj.,adj. 冗长的，过长的；漫长的，持续很久的,,,
leniency,ˈliːniənsi,n.,n. 宽大，宽容，仁慈,,,
lenient,ˈliːniənt,adj.,adj. 宽大的，仁慈的，宽容的,,,
leverage,ˈliːvərɪdʒ,n.,n. 影响力，杠杆作用；杠杆比率；v. 利用...作为杠杆；充分利用,,,
liberalize,ˈlɪbərəlaɪz,v.,v. 使自由化；放宽限制；使开明,,,
lifelike,ˈlaɪflaɪk,adj.,adj. 逼真的，栩栩如生的,,,
lifestyle,ˈlaɪfstaɪl,n.,n. 生活方式，生活习惯,,,
light-hearted,ˌlaɪtˈhɑːtɪd,adj.,adj. 轻松的，愉快的，无忧无虑的,,,
liken,ˈlaɪkən,v.,v. 比作，把...比作,,,
limbic,ˈlɪmbɪk,adj.,adj. 边缘的，边缘系统的（尤指大脑中与情感和行为相关的区域）,,,
lineage,ˈlɪniɪdʒ,n.,n. 血统，家族，宗系；世系，家系；血缘关系,,,
linguist,ˈlɪŋɡwɪst,n.,n. 语言学家；精通语言的人,,,
lining,ˈlaɪnɪŋ,n.,n. 衬里，内衬；内层，内部覆盖物,,,
listener,ˈlɪsənə(r),n.,n. 听者，听众,,,
literate,ˈlɪtərət,adj.,adj. 有读写能力的，识字的；有文化修养的，有教养的；精通某一学科的；n. 有文化修养的人，识字的人,,,
liveliness,ˈlaɪvlinəs,n.,n. 活力，生气，活跃,,,
lockout,ˈlɒkaʊt,n.,n. 停工，闭厂（雇主为对付工人而采取的措施）；禁闭，排斥；v. 停工，闭厂；把...关在外面，拒绝...进入,,,
logicality,ˌlɒdʒɪˈkæləti,n.,n. 逻辑性，合理性,,,
logo,ˈləʊɡəʊ,n.,n. 标识，商标，徽标,,,
longline,ˈlɒŋlaɪn,n.,n. 延绳钓，长线钓具；adj. 使用长线钓具的,,,
longstanding,ˌlɒŋˈstændɪŋ,adj.,adj. 长期存在的，由来已久的,,,
loser,ˈluːzə(r),n.,n. 失败者，输家；丧失者，遭受损失的人；无用的人，废物,,,
low-cost,ˌləʊˈkɒst,adj.,adj. 廉价的，低成本的,,,
low-density,ˌləʊ ˈdensəti,adj.,adj. 低密度的；人口稀少的,,,
low-level,ləʊ ˈlevl,adj.,adj. 低级的，初级的；底层的，基础的；地位低的，层次低的；（计算机）低级的，机器语言的,,,
mainly,ˈmeɪnli,adv.,adv. 主要地，大部分地；大多,,,
majestic,məˈdʒestɪk,adj.,adj. 威严的，庄严的；宏伟的，雄伟的；高贵的，壮丽的,,,
male-dominated,ˌmeɪl ˈdɒmɪneɪtɪd,adj.,adj. 由男性主导的，男性占主导地位的,,,
malpractice,mælˈpræktɪs,n.,n. 玩忽职守，渎职；(尤指医生的)严重失职，医疗事故,,,
marginalize,ˈmɑːdʒɪnəlaɪz,v.,v. 边缘化，使处于次要地位,,,
markedly,ˈmɑːkɪdli,adv.,adv. 明显地，显著地；引人注目地,,,
matchmaker,ˈmætʃˌmeɪkə(r),n.,n. 媒人，红娘；安排相亲的人,,,
materialism,məˈtɪəriəlɪzəm,n.,n. 唯物主义，物质至上主义；对物质的追求，物质主义,,,
materialistic,məˌtɪəriəˈlɪstɪk,adj.,adj. 重视物质的，唯物主义的；过分追求物质享受的,,,
maturity,məˈtʃʊərəti,n.,n. 成熟，成熟期；到期，满期；成熟度，完善；（债券、存款等的）到期日,,,
maximize,ˈmæksɪmaɪz,v.,v. 使最大化，使达到最大限度,,,
meaningful,ˈmiːnɪŋfʊl,adj.,adj. 有意义的，意味深长的；重要的，有价值的；有目的的，有意图的,,,
meaningfully,ˈmiːnɪŋfəli,adv.,adv. 有意义地，意味深长地；重要地，有意义地,,,
meaningless,ˈmiːnɪŋləs,adj.,adj. 无意义的；毫无意义的；无关紧要的；无用的,,,
measurable,ˈmeʒərəbl,adj.,adj. 可测量的，可计量的；明显的，显著的，可察觉的,,,
mechanistic,ˌmekəˈnɪstɪk,adj.,adj. 机械的，机械论的；机械论的，机械决定论的,,,
medication,ˌmedɪˈkeɪʃn,n.,n. 药物，药品；治疗，用药,,,
mediocrity,ˌmiːdɪˈɒkrəti,n.,n. 平庸，普通；平庸的人或物,,,
megalith,ˈmeɡəlɪθ,n.,n. 巨石；巨石结构,,,
memorize,ˈmeməraɪz,v.,v. 记住，熟记；背诵,,,
mentally,ˈmentəli,adv.,adv. 精神上地，心理上地；智力上地，思想上地,,,
mercilessly,ˈmɜːsɪləsli,adv.,adv. 无情地，残忍地；毫不留情地,,,
merger,ˈmɜːdʒə(r),n.,n. 合并，兼并（尤指公司或组织）；合并后的公司或组织,,,
metallurgy,məˈtælərdʒi,n.,n. 冶金学，金属学,,,
metaphysical,ˌmetəˈfɪzɪkl,adj.,adj. 形而上学的，抽象的，超自然的；哲学的，玄学的，本质的,,,
methodology,ˌmeθəˈdɒlədʒi,n.,n. 方法论，一套方法；研究方法，调查方法,,,
Mexican,ˈmeksɪkən,adj.,adj. 墨西哥的，墨西哥人的；n. 墨西哥人；墨西哥语,,,
microbiologist,ˌmaɪkrəʊbaɪˈɒlədʒɪst,n.,n. 微生物学家,,,
microprocessor,ˌmaɪkrəʊˈprəʊsesə(r),n.,n. 微处理器,,,
migration,maɪˈɡreɪʃn,n.,n. 迁移，移居；迁徙，洄游；（计算机数据的）迁移，转移,,,
mildly,ˈmaɪldli,adv.,adv. 温和地，轻微地；略微地，稍微地,,,
militantly,ˈmɪlɪtəntli,adv.,adv. 好战地，激进地；坚持不懈地，坚定地,,,
millennial,mɪˈlenɪəl,n.,n. 千禧一代，千禧世代（指1980年代初至1990年代末出生的一代人）；adj. 千禧年的，千禧世代的,,,
millennium,mɪˈlenɪəm,n.,n. 千年，千年期,,,
mindlessly,ˈmaɪndləsli,adv.,adv. 无思考地，盲目地，机械地,,,
mindset,ˈmaɪnd.set,n.,n. 思维方式，心态，观念,,,
miniaturization,ˌmɪnɪətʃəraɪˈzeɪʃən,n.,n. 微型化，小型化,,,
minimal,ˈmɪnɪməl,adj.,adj. 最小的，最少的，极小的,,,
mining,ˈmaɪnɪŋ,n.,n. 采矿，采矿业；数据挖掘；adj. 采矿的，矿业的,,,
mischievous,ˈmɪstʃɪvəs,adj.,adj. 调皮的，淘气的；恶作剧的；捣蛋的，恶意的；有害的，造成麻烦的,,,
misconception,ˌmɪskənˈsepʃn,n.,n. 错误的想法，误解,,,
misdeed,ˌmɪsˈdiːd,n.,n. 错误行为，恶行,,,
misguide,ˌmɪsˈɡaɪd,v.,v. 误导，给予错误指导,,,
misguided,ˌmɪsˈɡaɪdɪd,adj.,adj. 被误导的；错误的；被误解的,,,
misinformation,ˌmɪsɪnfəˈmeɪʃn,n.,n. 错误信息，虚假信息,,,
misinterpret,ˌmɪsɪnˈtɜːprɪt,v.,v. 误解，错误理解,,,
misinterpretation,ˌmɪsɪnˌtɜːprɪˈteɪʃn,n.,n. 误解；错误理解；曲解,,,
misplace,mɪsˈpleɪs,v.,v. 放错地方，遗失；错误地寄予（信任、感情等）,,,
mistrust,ˌmɪsˈtrʌst,n.,n. 不信任，猜疑；v. 不信任，怀疑,,,
misuse,ˌmɪsˈjuːs,n.,n. 误用，滥用；v. 误用，滥用,,,
mobility,məʊˈbɪləti,n.,n. 流动性，可动性；移动能力,,,
modestly,ˈmɒdɪstli,adv.,adv. 适度地，不过分地；谦虚地，谦逊地；朴素地，简朴地,,,
modesty,ˈmɒdəsti,n.,n. 谦虚，谦逊；端庄，羞怯；适度，节制,,,
modification,ˌmɒdɪfɪˈkeɪʃn,n.,n. 修改，改变；修正，修饰；改进，改良,,,
molecular,məˈlekjʊlə(r),adj.,adj. 分子的；由分子构成的；与分子有关的,,,
momentarily,ˈməʊməntərəli,adv.,adv. 片刻，瞬间；立即，马上,,,
monarchy,ˈmɒnəki,n.,n. 君主制，君主政体；君主国,,,
monopolize,məˈnɒpəlaɪz,v.,v. 独占，垄断；独占（某人的）时间或注意力,,,
morphine,ˈmɔːfiːn,n.,n. 吗啡（一种镇痛药）,,,
mortality,mɔːˈtæləti,n.,n. 死亡率；必死性，终有一死；死亡人数,,,
motivation,ˌməʊtɪˈveɪʃn,n.,n. 动机，原因；激励，鼓舞；积极性，动力,,,
mouthpiece,ˈmaʊθpiːs,n.,n. （乐器的）吹口；发言人，代言人；（电话的）话筒，送话口,,,
multimedia,ˌmʌltiˈmiːdiə,n.,n. 多媒体；adj. 多媒体的,,,
multinational,ˌmʌltiˈnæʃnəl,adj.,adj. 跨国的，多国的；n. 跨国公司，多国公司,,,
mundane,mʌnˈdeɪn,adj.,adj. 平凡的，普通的，世俗的；乏味的，单调的；属于尘世的，世俗的,,,
municipality,mjuːˌnɪsɪˈpæləti,n.,n. 市; 自治市; 市政当局,,,
mutability,mjuːtəˈbɪləti,n.,n. 可变性，易变性；不稳定性；易受影响的特性,,,
mutually,ˈmjuːtʃuəli,adv.,adv. 互相地，彼此地,,,
mythical,ˈmɪθɪkl,adj.,adj. 神话的，虚构的，想象中的,,,
narrowly,ˈnærəʊli,adv.,adv. 狭窄地，勉强地；勉强地，几乎没有；仔细地，严密地,,,
nationally,ˈnæʃənəli,adv.,adv. 全国性地，在全国范围内；从国家的角度看,,,
nationwide,ˈneɪʃnwaɪd,adj.,adj. 全国范围的，全国性的；adv. 在全国范围内，全国性地,,,
native-born,ˈneɪtɪv bɔːn,adj.,adj. 本国出生的，本地出生的,,,
naturalist,ˈnætʃrəlɪst,n.,n. 自然主义者；博物学家；自然观察者,,,
naturally,ˈnætʃrəli,adv.,adv. 自然地，天生地；当然，自然而然地；不假思索地，自发地,,,
neatly,niːtli,adv.,adv. 整洁地，干净地；整齐地，有序地；巧妙地，灵巧地；简洁地，简明地,,,
necessarily,ˈnesəsərəli,adv.,adv. 必然地，必定地；必要地，必需地,,,
needlessly,ˈniːdləsli,adv.,adv. 不必要地，无需地,,,
negatively,ˈneɡətɪvli,adv.,adv. 否定地，消极地；不利地，有害地,,,
negligence,ˈneɡlɪdʒəns,n.,n. 疏忽；粗心大意；玩忽职守,,,
neural,ˈnjʊərəl,adj.,adj. 神经的，神经系统的,,,
neuroscientist,ˌnjʊərəʊˈsaɪəntɪst,n.,n. 神经科学家,,,
neurologist,njʊəˈrɒlədʒɪst,n.,n. 神经病学家，神经科医生,,,
neurology,njʊəˈrɒlədʒi,n.,n. 神经病学，神经学,,,
newly,ˈnjuːli,adv.,adv. 最近；新近；新；重新,,,
newsletter,ˈnjuːzletə(r),n.,n. 时事通讯，简报,,,
newsprint,ˈnjuːzprɪnt,n.,n. 报纸用纸；新闻纸,,,
newsroom,ˈnjuːzruːm,n.,n. 新闻编辑室，新闻室,,,
news-stand,ˈnjuːz stænd,n.,n. 报刊亭，售报亭,,,
nightfall,ˈnaɪtfɔːl,n.,n. 黄昏，傍晚，日暮,,,
nobility,nəʊˈbɪləti,n.,n. 贵族（阶级）；高尚品质，高贵,,,
noisily,ˈnɔɪzɪli,adv.,adv. 吵闹地，喧闹地；大声地，响亮地,,,
noisiness,ˈnɔɪzinəs,n.,n. 嘈杂，喧闹,,,
nonconformist,ˌnɒnkənˈfɔːmɪst,n.,n. 不随俗者，持异议者；不信奉国教者；adj. 不随俗的，持异议的；不信奉国教的,,,
non-materialistic,ˌnɒn.məˌtɪəriəˈlɪstɪk,adj.,adj. 不重视物质的，不唯物主义的,,,
non-standard,ˌnɒnˈstændəd,adj.,adj. 不标准的，非标准的；不规范的，不合规格的,,,
nonverbal,nɒnˈvɜːbəl,adj.,adj. 非语言的，非文字的,,,
normally,ˈnɔːməli,adv.,adv. 通常地，一般地；正常地，如常地,,,
notably,ˈnəʊtəbli,adv.,adv. 特别地，显著地；尤其，特别是,,,
noteworthy,ˈnəʊtwɜːði,adj.,adj. 值得注意的，显著的，重要的,,,
notification,ˌnəʊtɪfɪˈkeɪʃn,n.,n. 通知，通告；正式通知，通报,,,
nutrient,ˈnjuːtriənt,n.,n. 营养物质，营养成分,,,
objectionable,əbˈdʒekʃənəbl,adj.,adj. 令人不快的，令人反感的，令人讨厌的,,,
objectivity,ˌɒbdʒekˈtɪvəti,n.,n. 客观性，公正性,,,
observable,əbˈzɜːvəbl,adj.,adj. 可观察的，可注意到的,,,
observer,əbˈzɜːvə(r),n.,n. 观察者，观察员；观察家，评论员,,,
obsess,əbˈses,v.,v. 使着迷，使困扰,,,
obsessed,əbˈsest,adj.,adj. 着迷的，痴迷的，无法摆脱的；v. 使着迷，使痴迷（obsess的过去式和过去分词）,,,
obtainable,əbˈteɪnəbl,adj.,adj. 可获得的；可得到的,,,
obviously,ˈɒbviəsli,adv.,adv. 显然地，明显地；显而易见地，不言而喻地,,,
oceanic,əʊʃiˈænɪk,adj.,adj. 海洋的，大海的；广阔无边的，浩瀚的,,,
offline,ˌɒfˈlaɪn,adj.,adj. 离线的，未连接网络的；脱机的，非联机的；adv. 离线地，未连接网络地；脱机地，非联机地,,,
off-the-cuff,ˌɒf ðə ˈkʌf,adj.,adj. 即兴的，未经准备的；adv. 即兴地，未经准备地,,,
oncogene,ˈɒŋkəʊdʒiːn,n.,n. 致癌基因，癌基因,,,
onerous,ˈɒnərəs,adj.,adj. 繁重的，艰巨的；令人不快的，讨厌的,,,
one-shot,wʌn ʃɒt,adj.,adj. 一次性的；单次的；一次成功的；n. 一次机会；单次尝试,,,
online,ˈɒnlaɪn,adj.,adj. 在线的，联机的；网上的，互联网的；adv. 在线地，联机地；n. 在线状态,,,
onward,ˈɒnwəd,adv.,adv. 向前；前进；继续；从某时起；从此以后；adj. 向前的；前进的,,,
open-access,ˌəʊpən ˈækses,adj.,adj. 开放获取的，可自由访问的,,,
openly,ˈəʊpənli,adv.,adv. 公开地，公然地；坦率地，坦白地,,,
operative,ˈɒpərətɪv,adj.,adj. 运转的，起作用的；有效的，起作用的；操作的，运作的；外科手术的；n. 工人，操作员；特工，间谍,,,
opposition,ˌɒpəˈzɪʃn,n.,n. 反对，对抗；反对派，在野党；阻力，障碍；对比，对照,,,
oppression,əˈpreʃn,n.,n. 压迫，压制；压抑，沉重感,,,
optimism,ˈɒptɪmɪzəm,n.,n. 乐观；乐观主义；乐观态度；积极态度,,,
orchestral,ɔːˈkestrəl,adj.,adj. 管弦乐的，管弦乐队的,,,
orchestrate,ˈɔːkɪstreɪt,v.,v. 精心安排，策划，协调；为（乐曲）编配管弦乐；统筹安排，协调（复杂的行动或情况）,,,
organizational,ˌɔːɡənaɪˈzeɪʃənl,adj.,adj. 组织的，组织上的；有组织的，善于组织的,,,
originally,əˈrɪdʒɪnəli,adv.,adv. 起初，原来；本来；独创地，新颖地；最初地,,,
ornate,ɔːˈneɪt,adj.,adj. 华丽的，装饰繁复的；（风格）华而不实的，过分修饰的,,,
outcry,ˈaʊtkraɪ,n.,n. 强烈抗议；大声疾呼；公开反对,,,
outdate,aʊtˈdeɪt,v.,v. 使过时，使陈旧,,,
outlive,ˌaʊtˈlɪv,v.,v. 比...活得长；活过；度过；比...持续时间长,,,
outsider,aʊtˈsaɪdər,n.,n. 局外人，外人；圈外人，非成员；局外人（尤指不被接受或不受欢迎的人）；外来者，外地人,,,
outsize,ˈaʊtsaɪz,adj.,adj. 异常大的，超大的；n. 特大号的衣服或物品,,,
outweigh,ˌaʊtˈweɪ,v.,v. 比...更重要，超过...的重要性,,,
out-of-town,ˌaʊt əv ˈtaʊn,adj.,adj. 外地的，城外的，郊区的,,,
ovary,ˈəʊvəri,n.,n. 卵巢；子房（植物学）,,,
overbid,ˌəʊvəˈbɪd,v.,v. 出价过高；高估,,,
overburden,ˌəʊvəˈbɜːdn,v.,v. 使负担过重，使不堪重负,,,
overcharge,ˌəʊvəˈtʃɑːdʒ,v.,v. 收费过高，要价过高；给...充电过度；n. 过高的收费；过度充电,,,
overdue,ˌəʊvəˈdjuː,adj.,adj. 逾期的，过期的；早该发生的，迟来的,,,
overestimate,ˌəʊvərˈestɪmeɪt,v.,v. 过高估计，高估,,,
overfish,ˌəʊvəˈfɪʃ,v.,v. 过度捕捞，捕捞过度,,,
overly,ˈəʊvəli,adv.,adv. 过分地，过度地,,,
overrate,ˌəʊvəˈreɪt,v.,v. 高估，评价过高,,,
overrule,ˌəʊvəˈruːl,v.,v. 否决，推翻（决定、提议等）；驳回（反对意见等）,,,
overshadow,ˌəʊvəˈʃædəʊ,v.,v. 使相形见绌，使黯然失色；遮蔽，遮挡；使蒙上阴影,,,
oversize,ˈəʊvəsaɪz,adj.,adj. 超大的，过大的；v. 使超过正常尺寸,,,
overstate,ˌəʊvəˈsteɪt,v.,v. 夸大，夸张，过分陈述,,,
overstep,ˌəʊvəˈstep,v.,v. 越界，超越(界限)；超过(权限)；违背(规则),,,
over-the-counter,ˌəʊvə ðə ˈkaʊntə(r),adj.,adj. 非处方的，不需要医生处方即可购买的；柜台交易的，场外交易的,,,
overvalue,ˌəʊvəˈvæljuː,v.,v. 过高估计，高估,,,
overwhelmingly,ˌəʊvəˈwelmɪŋli,adv.,adv. 压倒性地；不可抗拒地；强烈地,,,
overwork,ˌəʊvəˈwɜːk,v.,v. 使过度劳累，使工作过度；n. 过度工作，过度劳累,,,
pathological,ˌpæθəˈlɒdʒɪkl,adj.,adj. 病理学的，与疾病有关的；病态的，极度的，强迫性的,,,
pathway,ˈpɑːθweɪ,n.,n. 小路，通道；途径，方法,,,
patronage,ˈpætrənɪdʒ,n.,n. 赞助，资助；光顾，惠顾；庇护，保护；任人唯亲，任人为亲,,,
patronize,ˈpætrənaɪz,v.,v. 经常光顾，惠顾；以高人一等的态度对待，屈尊俯就,,,
paycheck,ˈpeɪtʃek,n.,n. 工资支票，薪水,,,
peculiarity,ˌpɪˌkjuːliˈærəti,n.,n. 特点，特性；怪癖，特殊性,,,
penalize,ˈpiːnəlaɪz,v.,v. 惩罚，处罚；使处于不利地位,,,
perception,pəˈsepʃn,n.,n. 感知，知觉；看法，认识；洞察力；观念，概念,,,
perceptive,pəˈseptɪv,adj.,adj. 敏锐的，有洞察力的；善于理解的，领悟力强的,,,
perceptual,pəˈseptʃuəl,adj.,adj. 感知的，知觉的,,,
perfectly,ˈpɜːfɪktli,adv.,adv. 完全地，彻底地；完美地，无缺点地；恰好地，正好地；非常，极其,,,
performative,pəˈfɔːmətɪv,adj.,adj. 表演性的，演示性的；（语言学）行为的，表述行为的,,,
performer,pəˈfɔːmə(r),n.,n. 表演者，演出者；执行者，实施者；（在某方面）表现出色的人,,,
periodically,ˌpɪəriˈɒdɪkli,adv.,adv. 定期地，周期性地；时常地，间或地,,,
permissive,pəˈmɪsɪv,adj.,adj. 宽容的，放任的，纵容的,,,
perpetuate,pəˈpetʃueɪt,v.,v. 使永久存在，使持续,,,
perpetuity,pɜːˈpetjuəti,n.,n. 永久，永恒；永久的状态或性质,,,
persistence,pəˈsɪstəns,n.,n. 坚持，毅力；持续存在，持久性,,,
persistent,pəˈsɪstənt,adj.,adj. 持续的，连续的；坚持的，执着的；顽固的，固执的,,,
persistently,pəˈsɪstəntli,adv.,adv. 持续地，坚持地，执着地,,,
persuasive,pəˈsweɪsɪv,adj.,adj. 有说服力的，令人信服的,,,
pervasive,pəˈveɪsɪv,adj.,adj. 遍及的，普遍的，无处不在的,,,
petal,ˈpet(ə)l,n.,n. 花瓣,,,
pharaoh,ˈfeərəʊ,n.,n. 法老（古埃及国王的称号）,,,
pharmaceutical,ˌfɑːməˈsjuːtɪkl,adj.,adj. 制药的，配药的；药物的，药剂的；n. 药品，药物,,,
philharmonic,ˌfɪlhɑːˈmɒnɪk,adj.,adj. 爱好音乐的；交响乐的；n. 爱乐乐团；交响乐团,,,
philosophical,ˌfɪləˈsɒfɪkl,adj.,adj. 哲学的，思辨的；冷静的，达观的，从容的,,,
phony,ˈfəʊni,adj.,adj. 假的，伪造的；虚伪的，虚假的；n. 骗子，冒牌货,,,
phrasing,ˈfreɪzɪŋ,n.,n. 措辞，用语；(音乐)分节演奏；v. 措辞，用词,,,
physically,ˈfɪzɪkli,adv.,adv. 身体上，肉体上；实际上，事实上,,,
physique,fɪˈziːk,n.,n. 体格，体型,,,
pinpoint,ˈpɪnpɔɪnt,v.,v. 准确指出，精确定位；查明，确定；adj. 精确的，准确的；n. 精确位置,,,
player,ˈpleɪə(r),n.,n. 运动员，选手；演奏者，表演者；玩家；参与者；播放器；花花公子；演员；重要人物,,,
playgoer,ˈpleɪɡəʊə(r),n.,n. 经常看戏的人，爱看戏的人,,,
poach,pəʊtʃ,v.,v. 偷猎，非法捕猎；水煮，煮；窃取，私占；引诱...离开（工作等）,,,
pocketbook,ˈpɒkɪtbʊk,n.,n. 钱包，小皮夹；小型笔记本；财力，经济能力,,,
pointless,ˈpɔɪntləs,adj.,adj. 毫无意义的；无目的的；徒劳的,,,
polarize,ˈpəʊləraɪz,v.,v. 使两极分化，使对立；使极化,,,
potash,ˈpɒtæʃ,n.,n. 碳酸钾；钾肥,,,
potentially,pəˈtenʃəli,adv.,adv. 可能地，潜在地,,,
powerfully,ˈpaʊəfəli,adv.,adv. 强有力地，有力地；极其，非常,,,
powerless,ˈpaʊələs,adj.,adj. 无力的，无能为力的；缺乏权力的，无权的,,,
practicality,ˌpræktɪˈkæləti,n.,n. 实用性，实际性，实践性,,,
precisely,prɪˈsaɪsli,adv.,adv. 准确地，精确地；恰好，正是；完全地，一点不差地,,,
preconception,ˌpriːkənˈsepʃn,n.,n. 先入之见，成见,,,
predatory,ˈpredətəri,adj.,adj. 掠夺性的，捕食性的；掠夺性的，剥削性的（尤指商业行为）,,,
predictable,prɪˈdɪktəbl,adj.,adj. 可预测的，可预见的；可预料的，意料之中的；千篇一律的，缺乏新意的,,,
predictably,prɪˈdɪktəbli,adv.,adv. 可预见地；可预料地；意料之中地,,,
prediction,prɪˈdɪkʃn,n.,n. 预测，预言；预测结果，预言,,,
predominantly,prɪˈdɒmɪnəntli,adv.,adv. 主要地，显著地，大部分地,,,
prefrontal,priːˈfrʌntl,adj.,adj. 位于前额的；与前额叶有关的,,,
prehistoric,ˌpriːhɪˈstɒrɪk,adj.,adj. 史前的，远古的，原始的,,,
preoccupation,priːˌɒkjuˈpeɪʃn,n.,n. 全神贯注，专注；占据思想，挂念；先占，抢先占有；优先考虑的事,,,
prerequisite,priːˈrekwəzɪt,n.,n. 先决条件，前提条件；adj. 先决的，作为前提的,,,
presumptuous,prɪˈzʌmp.tʃu.əs,adj.,adj. 冒昧的，专横的，放肆的，自以为是的,,,
presuppose,ˌpriːsəˈpəʊz,v.,v. 预先假定，预先设想,,,
prevention,prɪˈvenʃn,n.,n. 预防，防止；阻止，妨碍,,,
previously,ˈpriːviəsli,adv.,adv. 以前，先前,,,
prewar,ˌpriːˈwɔː,adj.,adj. 战前的，二战前的,,,
priestly,ˈpriːstli,adj.,adj. 祭司的，神父的；像祭司或神父的,,,
primarily,praɪˈmerəli,adv.,adv. 主要地，首要地；基本上，大体上,,,
principally,ˈprɪnsəpəli,adv.,adv. 主要地，大体上,,,
printer,ˈprɪntə(r),n.,n. 打印机；印刷商，印刷工,,,
probably,ˈprɒbəbli,adv.,adv. 可能地，大概,,,
processor,ˈprəʊsesə(r),n.,n. 处理器，加工机；处理者，加工者,,,
procreation,ˌprəʊkriˈeɪʃn,n.,n. 生育，繁殖,,,
prod,prɒd,v.,v. 戳，刺，捅；激励，敦促，刺激；n. 刺激，激励；戳，捅,,,
producer,prəˈdjuːsə(r),n.,n. 生产者，制作人，制片人；生产商，制造商；（自然界的）生产者；（石油、天然气等的）生产国,,,
professionalise,prəˈfeʃənəlaɪz,v.,v. 使专业化，使职业化,,,
professionalism,prəˈfeʃənəlɪzəm,n.,n. 专业性，专业素养；职业精神，专业态度,,,
professorship,prəˈfesəʃɪp,n.,n. 教授职位，教授职务,,,
proficient,prəˈfɪʃnt,adj.,adj. 精通的，熟练的，娴熟的,,,
profit-making,ˈprɒfɪt ˌmeɪkɪŋ,adj.,adj. 赢利的，营利的,,,
profoundly,prəˈfaʊndli,adv.,adv. 深深地，极其，非常,,,
progression,prəˈɡreʃn,n.,n. 前进，进展；连续，序列；级数，等差数列,,,
prohibition,ˌprəʊɪˈbɪʃn,n.,n. 禁止，禁令；（美国历史上的）禁酒时期,,,
projection,prəˈdʒekʃn,n.,n. 投射，投影；预测，预报；突出物，凸出部分；推测，推断；规划，设计,,,
promoter,prəˈməʊtə(r),n.,n. 发起人，倡导者；促进者，推动者；（活动、演出等的）组织者，筹办人；（生物）启动子,,,
promotion,prəˈməʊʃn,n.,n. 晋升，提升；促销，推销；推广，宣传,,,
promotional,prəˈməʊʃənl,adj.,adj. 促销的，推广的；宣传的，推销的,,,
pronouncement,prəˈnaʊnsmənt,n.,n. 公告，声明，宣告,,,
properly,ˈprɒpəli,adv.,adv. 正确地，恰当地；适当地，得体地；完全地，彻底地,,,
proportionality,prəˌpɔːʃəˈnæləti,n.,n. 成比例，比例关系,,,
prosecutor,ˈprɒsɪkjuːtə(r),n.,n. 检察官，公诉人,,,
protection,prəˈtekʃn,n.,n. 保护，防护；保护措施，保护手段；保护制度，保护政策,,,
proudly,ˈpraʊdli,adv.,adv. 自豪地，骄傲地；得意地，洋洋得意地,,,
proverb,ˈprɒvɜːb,n.,n. 谚语，格言,,,
provider,prəˈvaɪdə(r),n.,n. 提供者，供应商；服务提供商，供应商；（家庭的）经济支柱，养家者,,,
provincial,prəˈvɪnʃl,adj.,adj. 地方的，省的；偏狭的，狭隘的；n. 乡下人，外地人,,,
provincialism,prəˈvɪnʃəlɪzəm,n.,n. 地方主义，地方特色；乡下人的举止；偏狭的观点,,,
provocative,prəˈvɒkətɪv,adj.,adj. 挑衅的，刺激的；引起争议的，煽动性的；性感的，挑逗的,,,
psychedelic,ˌsaɪkəˈdelɪk,adj.,adj. 引起幻觉的，致幻的；奇异的，迷幻的；n. 致幻剂,,,
psychiatrist,saɪˈkaɪətrɪst,n.,n. 精神病医生，精神科医生,,,
psychoactive,ˌsaɪkəʊˈæktɪv,adj.,adj. 精神活性的，影响心理状态的,,,
psychological,ˌsaɪkəˈlɒdʒɪkl,adj.,adj. 心理的，精神的；心理学的；精神上的，心理上的,,,
psychologist,saɪˈkɒlədʒɪst,n.,n. 心理学家,,,
pubic,ˈpjuːbɪk,adj.,adj. 耻骨的，阴部的,,,
publicize,ˈpʌblɪsaɪz,v.,v. 宣传，公开，推广,,,
publisher,ˈpʌblɪʃə(r),n.,n. 出版商，出版者；发行人,,,
punctuation,ˌpʌŋk.tʃuˈeɪ.ʃən,n.,n. 标点符号；标点符号的使用,,,
purely,ˈpjʊəli,adv.,adv. 完全地，纯粹地，仅仅；单纯地，纯洁地，清白地,,,
puritan,ˈpjʊərɪtən,n.,n. 清教徒；道德规范严格的人；adj. 清教徒的；道德规范严格的,,,
quadruple,ˈkwɒdruːpl,adj.,adj. 四倍的；v. 使成四倍；增至四倍；n. 四倍数；四倍量,,,
questionable,ˈkwestʃənəbl,adj.,adj. 可疑的，有问题的；值得怀疑的，不可靠的,,,
quick-witted,ˌkwɪk ˈwɪtɪd,adj.,adj. 机智的，反应敏捷的,,,
quirk,kwɜːk,n.,n. 怪癖，奇特的习惯；奇事，怪事；突然的转折或转变；v. 扭曲，使弯曲,,,
radiation,ˌreɪdiˈeɪʃn,n.,n. 辐射，放射；放射线，辐射线；辐射能；放射疗法,,,
randomly,ˈrændəmli,adv.,adv. 随机地；任意地；胡乱地,,,
rapidly,ˈræpɪdli,adv.,adv. 快速地，迅速地；迅猛地，快速发展地,,,
rationalization,ˌræʃənəlaɪˈzeɪʃn,n.,n. 合理化；理由解释；辩解；（企业、工业等的）合理化改革；提高效率,,,
reactor,riˈæktə(r),n.,n. 反应堆；反应器；反应人,,,
readmit,ˌriːədˈmɪt,v.,v. 重新接纳，再次准许...进入,,,
reaffirm,ˌriːəˈfɜːm,v.,v. 重申，再次确认，重新肯定,,,
rebuild,ˌriːˈbɪld,v.,v. 重建，重新建造；恢复，重建（关系、信心等）,,,
receptor,rɪˈseptə(r),n.,n. 接受者，感受器；受体（生物学）,,,
recitation,ˌresɪˈteɪʃn,n.,n. 背诵，朗诵；复述，叙述；背诵的内容；朗诵会,,,
recklessly,ˈrekləsli,adv.,adv. 鲁莽地，不顾后果地，轻率地,,,
reclassify,ˌriːˈklæsɪfaɪ,v.,v. 重新分类，重新归类,,,
recommendation,ˌrekəmenˈdeɪʃn,n.,n. 建议，推荐；推荐信，介绍信,,,
reconsider,ˌriːkənˈsɪdə(r),v.,v. 重新考虑，再思考,,,
reconstruct,ˌriːkənˈstrʌkt,v.,v. 重建，重造；重建（过去的事件或情景），复原,,,
reconstruction,ˌriːkənˈstrʌkʃn,n.,n. 重建，改造；重组，重现；（美国南北战争后的）重建时期,,,
recruiter,rɪˈkruːtə(r),n.,n. 招聘人员，招募者,,,
redundancy,rɪˈdʌndənsi,n.,n. 多余；冗余；裁员；解雇；冗余性；备份,,,
redefine,ˌriːdɪˈfaɪn,v.,v. 重新定义，重新解释,,,
refutation,ˌrefjuˈteɪʃn,n.,n. 驳斥，反驳；辩驳,,,
regain,rɪˈɡeɪn,v.,v. 重新获得，恢复,,,
regrettably,rɪˈɡret.ə.bli,adv.,adv. 遗憾地，可惜地,,,
regularity,ˌreɡjʊˈlærəti,n.,n. 规律性，有规律；常规性，经常性；整齐，匀称,,,
regulator,ˈreɡjuleɪtə(r),n.,n. 调节器，控制器；监管机构，管理机构,,,
regulatory,ˈreɡjələtəri,adj.,adj. 管理的，监管的；规章制度的,,,
relatively,ˈrelətɪvli,adv.,adv. 相对地，比较地,,,
remarry,ˌriːˈmæri,v.,v. 再婚，重新结婚,,,
re-evaluate,ˌriːɪˈvæljueɪt,v.,v. 重新评估，重新评价,,,
remould,ˌriːˈməʊld,v.,v. 重塑，改造，重新塑造,,,
renege,rɪˈniːɡ,v.,v. 食言，背信，违约,,,
renewable,rɪˈnjuːəbl,adj.,adj. 可再生的；可更新的；可恢复的,,,
renown,rɪˈnaʊn,n.,n. 声誉，名望,,,
renowned,rɪˈnaʊnd,adj.,adj. 著名的，有声望的，闻名的,,,
reorder,ˌriːˈɔːdə(r),v.,v. 重新安排，重新排序；重新订购，再次订购,,,
replaceable,rɪˈpleɪsəbl,adj.,adj. 可替换的，可更换的,,,
reportorial,ˌrepɔːˈtɔːriəl,adj.,adj. 与记者或报道有关的；记者的,,,
repository,rɪˈpɒzɪtəri,n.,n. 仓库，储存处；知识库，资料库；博物馆，陈列室,,,
representation,ˌreprɪzenˈteɪʃn,n.,n. 代表；表示；陈述；代表权；代表资格；代表团；描述；表现；再现,,,
representational,ˌreprɪzenˈteɪʃənl,adj.,adj. 具有代表性的，表现的，象征性的,,,
reproducibility,ˌriːprəˌdjuːsəˈbɪləti,n.,n. 可重复性，可复制性,,,
reproductive,ˌriːprəˈdʌktɪv,adj.,adj. 生殖的，繁殖的；再生的，复制的,,,
resentment,rɪˈzentmənt,n.,n. 怨恨，愤恨，不满,,,
reshape,riːˈʃeɪp,v.,v. 重塑，改变...的形状；重组，改革，重新安排,,,
resignation,ˌrezɪɡˈneɪʃn,n.,n. 辞职，辞呈；顺从，听从；放弃，放弃权利,,,
respectable,rɪˈspektəbl,adj.,adj. 体面的，值得尊敬的；相当好的，可观的,,,
restoration,ˌrestəˈreɪʃn,n.,n. 恢复；复原；修复；复辟；王政复辟；归还；赔偿；复职,,,
restriction,rɪˈstrɪkʃn,n.,n. 限制，约束；限制条件，限制规定；受限制的事物,,,
restrictive,rɪˈstrɪktɪv,adj.,adj. 限制性的，约束的；限制性的，约束的；严格的，严厉的,,,
retailer,ˈriːteɪlə(r),n.,n. 零售商，零售店,,,
retrieval,rɪˈtriːvəl,n.,n. 检索；取回；恢复；获取,,,
reviewer,rɪˈvjuːə(r),n.,n. 评论者，评论家；审阅者，审核人,,,
revision,rɪˈvɪʒən,n.,n. 修订，修改；复习；修订版，修订本；修正，校订,,,
revitalize,riːˈvaɪtəlaɪz,v.,v. 使恢复活力，使复兴，使振兴,,,
revitalise,ˌriːˈvaɪtəlaɪz,v.,v. 使恢复生机，使复兴，使重新焕发活力,,,
revival,rɪˈvaɪvl,n.,n. 复兴，复活；（宗教信仰的）复兴；重新上演，重新流行,,,
richness,ˈrɪtʃnəs,n.,n. 丰富性，富裕；浓郁，醇厚；丰富多彩，多样性,,,
righteous,ˈraɪtʃəs,adj.,adj. 正直的，正义的；道德高尚的,,,
rightly,ˈraɪtli,adv.,adv. 正确地，恰当地；理所当然地，正当地,,,
rinse,rɪns,v.,v. 冲洗，清洗；漂洗；n. 冲洗，清洗；漂洗液,,,
risky,ˈrɪski,adj.,adj. 有风险的，危险的,,,
robotics,rəʊˈbɒtɪks,n.,n. 机器人技术，机器人学,,,
rosy,ˈrəʊzi,adj.,adj. 玫瑰色的，粉红色的；红润的，红光满面的；美好的，乐观的，光明的,,,
roughly,ˈrʌfli,adv.,adv. 粗略地，大致地；粗糙地，粗暴地；大约，差不多,,,
routinely,ruːˈtiːnli,adv.,adv. 经常地，例行公事地；通常地，普遍地,,,
rubble,ˈrʌb.əl,n.,n. 碎石，瓦砾,,,
rut,rʌt,n.,n. 车辙，车轮印；常规，惯例；倦怠，单调；v. 在...上辗出车辙；使...陷入困境,,,
scanty,ˈskænti,adj.,adj. 不足的，贫乏的，稀少的,,,
scapegoat,ˈskeɪpɡəʊt,n.,n. 替罪羊，代人受过的人；v. 把...作为替罪羊，使...成为替罪羊,,,
schism,ˈskɪzəm,n.,n. 分裂，分歧，分离；（尤指宗教或政治组织中的）分裂，分歧,,,
scholarly,ˈskɒləli,adj.,adj. 学究式的，学术性的；博学的，有学问的,,,
scholastic,skəˈlæstɪk,adj.,adj. 学校的，学院的；学术的，教学的；书生气的，学究式的,,,
schooling,ˈskuːlɪŋ,n.,n. 学校教育；正规教育；v. 教育；训练,,,
scrutinize,ˈskruːtɪnaɪz,v.,v. 仔细检查，细看；详细审查,,,
seasonal,ˈsiːzənl,adj.,adj. 季节性的，随季节变化的；季节性的，季节特有的；周期性的，周期变化的,,,
secular,ˈsekjələ(r),adj.,adj. 世俗的，非宗教的；长期的，世纪的,,,
seethe,siːð,v.,v. （因愤怒）怒火中烧，火冒三丈；（液体）沸腾，翻滚,,,
sensational,senˈseɪʃənl,adj.,adj. 轰动的，引起轰动的；非常好的，极好的；耸人听闻的，哗众取宠的,,,
sensitivity,ˌsensəˈtɪvəti,n.,n. 敏感性，灵敏度；敏感，感受性；敏感度，灵敏度（尤指设备或仪器）,,,
sensory,ˈsensəri,adj.,adj. 感官的，感觉的,,,
sensual,ˈsenʃuəl,adj.,adj. 感官的，肉体的；耽于感官享受的；性感的，诱人的,,,
separation,ˌsepəˈreɪʃn,n.,n. 分离，分开；分居，离婚；隔离，隔开；区分，区别,,,
seriously,ˈsɪəriəsli,adv.,adv. 严肃地，认真地；严重地，危急地；真的，确实,,,
sermon,ˈsɜːmən,n.,n. 讲道，布道；长篇说教，训诫,,,
setter,ˈsetə(r),n.,n. (某些狗的品种)塞特猎犬；安装者，装配工；排字工人,,,
settler,ˈsetlə(r),n.,n. 移民，定居者,,,
severity,sɪˈverəti,n.,n. 严重性，严重程度；严厉，严格；艰难，困难,,,
sexual,ˈsekʃuəl,adj.,adj. 性的，与性有关的；两性的，雌雄的,,,
shareholder,ˈʃeəhəʊldə(r),n.,n. 股东，持股人,,,
shipload,ˈʃɪpləʊd,n.,n. 一船的货物，一船的量,,,
shipper,ˈʃɪpə(r),n.,n. 托运人，发货人；航运公司,,,
shortlist,ˈʃɔːtlɪst,n.,n. 入围名单，候选人名单；v. 将...列入候选名单,,,
sift,sɪft,v.,v. 筛，过滤；仔细检查，详细调查；细查,,,
sighted,ˈsaɪtɪd,adj.,adj. 有视力的，能看见的；v. 看见，发现（sight的过去式和过去分词）,,,
sightseer,ˈsaɪtsiːə(r),n.,n. 观光者，游览者,,,
significantly,sɪɡˈnɪfɪkəntli,adv.,adv. 显著地，相当地，意义重大地,,,
silt,sɪlt,n.,n. 淤泥，泥沙；v. 使淤塞，充满泥沙,,,
similarity,ˌsɪməˈlærəti,n.,n. 相似(性)，类似(性)；相似之处，类似点,,,
similarly,ˈsɪmələli,adv.,adv. 同样地，类似地；以类似的方式,,,
simplification,ˌsɪmplɪfɪˈkeɪʃn,n.,n. 简化，简单化；简化过程，简化结果,,,
simultaneously,ˌsɪməlˈteɪniəsli,adv.,adv. 同时地，同步地,,,
simulation,ˌsɪmjuˈleɪʃn,n.,n. 模拟；仿真；模拟实验,,,
skepticism,ˈskeptɪsɪzəm,n.,n. 怀疑态度，怀疑主义,,,
sovereignty,ˈsɒvrənti,n.,n. 主权，最高统治权；独立自主,,,
spatial,ˈspeɪʃl,adj.,adj. 空间的，与空间有关的,,,
speaking,ˈspiːkɪŋ,adj.,adj. 能说话的，会说话的；n. 说话，讲话；v. 说，讲,,,
specialization,ˌspeʃəlaɪˈzeɪʃən,n.,n. 专门化，专业化；专攻，专业；（生物）特化，专化,,,
specifically,spəˈsɪfɪkli,adv.,adv. 明确地，具体地；特别地，专门地,,,
speculative,ˈspekjələtɪv,adj.,adj. 推测的，猜测的；投机的，投机性的；思考的，沉思的；投机买卖的,,,
spent,spent,adj.,adj. 疲惫的，精疲力尽的；用完的，耗尽的；失去效力的；v. 花费（时间、金钱等）；度过（时间）,,,
spontaneity,ˌspɒntəˈneɪəti,n.,n. 自发性，自然流露；即兴行为，即兴表现,,,
spook,spuːk,n.,n. 鬼魂，幽灵；间谍，特工；v. 使惊吓，使害怕,,,
spotlight,ˈspɒtlaɪt,n.,n. 聚光灯；公众注意的中心，关注焦点；v. 聚焦于，使成为关注的焦点,,,
springtime,ˈsprɪŋtaɪm,n.,n. 春天，春季,,,
stabilize,ˈsteɪbəlaɪz,v.,v. 使稳定，使安定；使平衡，使稳固,,,
stakeholder,ˈsteɪkhəʊldə(r),n.,n. 利益相关者，股东,,,
stamina,ˈstæmɪnə,n.,n. 耐力，持久力；精力，活力,,,
standardize,ˈstændədaɪz,v.,v. 使标准化，使规范化,,,
standing,ˈstændɪŋ,adj.,adj. 长期的，固定的；持续的，常设的；直立的，站立的；现存的，依然有效的；n. 地位，声望；持续时间；立场，态度,,,
standstill,ˈstændstɪl,n.,n. 停止，停顿，停滞,,,
stark,stɑːk,adj.,adj. 完全的，彻底的；明显的，鲜明的；严峻的，残酷的；简朴的，朴素的；荒凉的，贫瘠的；adv. 完全地，明显地,,,
statistical,stəˈtɪstɪkl,adj.,adj. 统计的，统计学的,,,
statistically,stəˈtɪstɪkli,adv.,adv. 统计学上，从统计学角度来看,,,
statistician,ˌstætɪˈstɪʃn,n.,n. 统计学家,,,
steelworker,ˈstiːlwɜːkə(r),n.,n. 钢铁工人,,,
stickiness,ˈstɪkɪnəs,n.,n. 粘性，黏性；持久性，难以改变的特性,,,
stimulant,ˈstɪmjʊlənt,n.,n. 兴奋剂，刺激物；adj. 刺激的，使兴奋的,,,
stimulus,ˈstɪmjələs,n.,n. 刺激物，激励因素；促进因素，刺激；刺激，刺激作用；（经济）刺激措施,,,
stockpile,ˈstɒkpaɪl,n.,n. 储备，储存；v. 储备，储存,,,
stomp,stɒmp,v.,v. 重踩，跺脚；迈着重重的步子走；n. 跺脚（声），重踩（声）,,,
storehouse,ˈstɔːhaʊs,n.,n. 仓库，储藏室；宝库，丰富的来源,,,
strangely,ˈstreɪndʒli,adv.,adv. 奇怪地，异常地；令人惊讶地,,,
strategic,strəˈtiːdʒɪk,adj.,adj. 战略的，策略的；对达成目标很重要的，关键的,,,
strictly,ˈstrɪktli,adv.,adv. 严格地，严厉地；完全地，绝对地；严密地，严谨地,,,
strikingly,ˈstraɪkɪŋli,adv.,adv. 显著地，引人注目地；惊人地，令人吃惊地,,,
structural,ˈstrʌktʃərəl,adj.,adj. 结构的，构造的；结构性的，体系上的,,,
stylish,ˈstaɪlɪʃ,adj.,adj. 时髦的，流行的；有格调的，优雅的；风格独特的，别致的,,,
stylist,ˈstaɪlɪst,n.,n. 发型设计师，美发师；时尚设计师，造型师；文体学家，文体研究者,,,
stuck,stʌk,v.,v. 卡住，不能动；陷入困境；adj. 卡住的；困住的；陷入困境的,,,
stunning,ˈstʌnɪŋ,adj.,adj. 令人惊叹的，极其吸引人的；使人晕眩的，震惊的；v. 使震惊，使目瞪口呆,,,
subconscious,ˌsʌbˈkɒnʃəs,adj.,adj. 潜意识的，下意识的；n. 潜意识，下意识,,,
submission,səbˈmɪʃn,n.,n. 提交，呈递；屈服，服从；（格斗运动中的）制服技,,,
subscriber,səbˈskraɪbə(r),n.,n. 订阅者，订户；用户，订购者,,,
subsequently,ˈsʌbsɪkwəntli,adv.,adv. 随后，后来，之后,,,
subsidize,ˈsʌbsɪdaɪz,v.,v. 资助，给予补助金；补贴，资助,,,
substantially,səbˈstænʃəli,adv.,adv. 大幅地，相当地，实质上,,,
substantiate,səbˈstænʃieɪt,v.,v. 证实，证明,,,
subtitle,ˈsʌbtaɪtl,n.,n. 副标题，小标题；v. 给...加字幕,,,
successfully,səkˈsesfəli,adv.,adv. 成功地，顺利地；有成效地，圆满地,,,
suddenly,ˈsʌdənli,adv.,adv. 突然地，忽然地；出乎意料地,,,
sufficiently,səˈfɪʃəntli,adv.,adv. 足够地，充分地,,,
suitability,ˌsuːtəˈbɪləti,n.,n. 适合性，适当性，合适,,,
superstar,ˈsuːpəstɑː(r),n.,n. 超级明星，非常著名的人物,,,
superstitious,ˌsuːpəˈstɪʃəs,adj.,adj. 迷信的，相信迷信的,,,
supporter,səˈpɔːtə(r),n.,n. 支持者，拥护者；支撑物，支柱；资助者，赞助人；支持带（运动用具）,,,
supportive,səˈpɔːtɪv,adj.,adj. 支持的，支援的，给予帮助的；赞同的，同情的,,,
supposing,səˈpəʊzɪŋ,conj.,conj. 假如，假设；prep. 假设，设若,,,
suburban,səˈbɜːbən,adj.,adj. 郊区的，城郊的；典型郊区居民的，郊区化的,,,
surely,ˈʃʊəli,adv.,adv. 肯定地，无疑地；当然，的确,,,
surgical,ˈsɜːdʒɪkl,adj.,adj. 外科的，手术的；精确的，切中要害的,,,
surprisingly,səˈpraɪzɪŋli,adv.,adv. 令人惊讶地，出人意料地,,,
suspiciously,səˈspɪʃəsli,adv.,adv. 可疑地；令人怀疑地；不信任地,,,
sustainability,səˌsteɪnəˈbɪləti,n.,n. 可持续性，持续性,,,
sustainable,səˈsteɪnəbl,adj.,adj. 可持续的，可维持的；环境友好的，不破坏生态平衡的,,,
swab,swɒb,n.,n. 拭子，棉签；擦拭用的小块布或海绵；v. 用拭子擦拭；用湿布擦洗,,,
swollen,ˈswəʊlən,adj.,adj. 肿胀的，浮肿的；增大的，膨胀的,,,
symbolic,sɪmˈbɒlɪk,adj.,adj. 象征性的，符号的；象征性的，代表性的；符号化的,,,
symbolically,sɪmˈbɒlɪkli,adv.,adv. 象征性地，作为象征,,,
systematically,ˌsɪstəˈmætɪkli,adv.,adv. 系统地，有条理地，有计划地,,,
taxpayer,ˈtækspeɪə(r),n.,n. 纳税人,,,
technicist,ˈteknɪsɪst,n.,n. 技术专家，技术主义者,,,
technological,ˌteknəˈlɒdʒɪkl,adj.,adj. 科技的，技术的；与科技或技术有关的,,,
template,ˈtempleɪt,n.,n. 模板，样板；模式，范例,,,
terrain,təˈreɪn,n.,n. 地形，地势；地带，地区,,,
textual,ˈtekstʃuəl,adj.,adj. 文本的，与文本相关的；文字的，文本的；原文的，字面上的,,,
theorize,ˈθɪəraɪz,v.,v. 提出理论，理论化,,,
therapist,ˈθerəpɪst,n.,n. 治疗师，理疗师,,,
thermostat,ˈθɜːməstæt,n.,n. 恒温器，自动调温器,,,
think-tank,ˈθɪŋk tæŋk,n.,n. 智囊团；思想库,,,
thoughtless,ˈθɔːtləs,adj.,adj. 不考虑他人的，不体贴的，欠思考的；不动脑筋的，轻率的,,,
tier,tɪə(r),n.,n. 层，等级，级别；v. 分层，分级,,,
tighten,ˈtaɪtən,v.,v. 使变紧，拧紧；加强，严格执行,,,
timeless,ˈtaɪmləs,adj.,adj. 永恒的，经久不衰的；不受时间影响的，不过时的,,,
timescale,ˈtaɪmskeɪl,n.,n. 时间表，时间尺度；时间框架，时间范围,,,
timidity,tɪˈmɪdəti,n.,n. 胆怯，羞怯，怯懦,,,
toll-free,ˈtəʊl friː,adj.,adj. 免费的（电话）；不收通行费的,,,
tort,tɔːt,n.,n. 侵权行为；民事侵权,,,
tournament,ˈtɔːnəmənt,n.,n. 锦标赛，比赛,,,
townsfolk,ˈtaʊnzfəʊk,n.,n. 镇上居民，市民,,,
traceable,ˈtreɪsəbl,adj.,adj. 可追踪的，可追溯的；可查出来源的,,,
traditional,trəˈdɪʃənl,adj.,adj. 传统的，惯例的；遵循传统的，因循守旧的；代代相传的,,,
transcendence,trænˈsen.dəns,n.,n. 超越，卓越；超然，超脱；（哲学）先验性，超验性,,,
transcendentalist,ˌtrænsenˈdentəlɪst,n.,n. 超验主义者，超验论者；adj. 超验主义的，超验论的,,,
transferable,trænsˈfɜːrəbl,adj.,adj. 可转让的，可转移的；可转让的，可转移的；可转用的，可应用于其他情况的,,,
transmissible,trænzˈmɪsəbl,adj.,adj. 可传染的，可传播的,,,
tribal,ˈtraɪbl,adj.,adj. 部落的，种族的；氏族的，宗族的,,,
trigonometry,ˌtrɪɡəˈnɒmɪtri,n.,n. 三角学,,,
troublemaker,ˈtrʌbl.meɪkər,n.,n. 捣乱者，制造麻烦的人,,,
troupe,truːp,n.,n. (演员、舞蹈演员等的)团、班；v. 巡回演出,,,
trustworthiness,ˈtrʌstwɜːðinəs,n.,n. 可信赖性，可靠性,,,
tumbler,ˈtʌmblə(r),n.,n. 玻璃杯，无柄杯；杂技演员，翻筋斗的人；锁的转轮，保险柜的转盘,,,
turbulence,ˈtɜːbjʊləns,n.,n. 湍流，动荡；混乱，骚动,,,
turnaround,ˈtɜːnəraʊnd,n.,n. 好转，转机；周转时间；回转区；adj. 周转的，好转的,,,
typically,ˈtɪpɪkli,adv.,adv. 通常地，一般地；典型地，代表性地,,,
ultimately,ˈʌltɪmətli,adv.,adv. 最终地，最后；根本上，本质上,,,
unable,ʌnˈeɪbl,adj.,adj. 无法的，不能的,,,
unacceptable,ˌʌnəkˈseptəbl,adj.,adj. 不可接受的；令人不能接受的；不能容忍的；不适当的,,,
unaccountably,ˌʌnəˈkaʊntəbli,adv.,adv. 莫名其妙地，无法解释地,,,
unacknowledged,ˌʌnəkˈnɒlɪdʒd,adj.,adj. 未被承认的；未被认可的；未得到感谢的,,,
unaffected,ˌʌnəˈfektɪd,adj.,adj. 自然的，不做作的；真诚的，不虚伪的；不受影响的，不受干扰的,,,
unaffordable,ˌʌnəˈfɔːdəbl,adj.,adj. 负担不起的，花费过高的,,,
unanswered,ʌnˈɑːnsəd,adj.,adj. 未回答的，未解决的,,,
unattractive,ˌʌnəˈtræktɪv,adj.,adj. 不吸引人的，没有吸引力的；不悦目的，难看的；无趣的，乏味的,,,
unaware,ˌʌnəˈweə(r),adj.,adj. 不知道的，没有意识到的,,,
unbearably,ʌnˈbeərəbli,adv.,adv. 难以忍受地，无法忍受地,,,
unbiased,ʌnˈbaɪəst,adj.,adj. 公正的，无偏见的，不偏不倚的,,,
uncanny,ʌnˈkæni,adj.,adj. 奇异的，不可思议的，神秘的；出奇地准确的，惊人地相似的,,,
uncertain,ʌnˈsɜːtn,adj.,adj. 不确定的，不肯定的；不稳定的，不可靠的；难以预测的，变化无常的,,,
uncertainly,ʌnˈsɜːtnli,adv.,adv. 不确定地，犹豫地,,,
uncharted,ʌnˈtʃɑːtɪd,adj.,adj. 未知的，未经探索的；（地区）未绘制地图的,,,
unclean,ʌnˈkliːn,adj.,adj. 不干净的，脏的；不纯洁的，有罪的；不洁净的（宗教意义上）,,,
unclear,ʌnˈklɪə(r),adj.,adj. 不清楚的，模糊的；含糊的，不明确的；难以理解的,,,
unconscious,ʌnˈkɒnʃəs,adj.,adj. 失去知觉的，昏迷的；不知道的，未察觉的；无意识的，潜意识的；n. 无意识，潜意识,,,
unconsciously,ʌnˈkɒnʃəsli,adv.,adv. 无意识地，不知不觉地,,,
uncontrollable,ˌʌnkənˈtrəʊləbl,adj.,adj. 无法控制的；不受约束的；难以抑制的,,,
unconventional,ˌʌnkənˈvenʃənl,adj.,adj. 非常规的，不传统的，与众不同的,,,
uncool,ʌnˈkuːl,adj.,adj. 不酷的，不时髦的，不受欢迎的,,,
underfund,ˌʌndəˈfʌnd,v.,v. 提供资金不足，资助不足,,,
underrate,ˌʌndəˈreɪt,v.,v. 低估，对...评价过低,,,
undervalue,ˌʌndəˈvæljuː,v.,v. 低估，对...估价过低；轻视，看轻,,,
undesirable,ˌʌndɪˈzaɪərəbl,adj.,adj. 不受欢迎的，令人不快的；不良的，有害的；n. 不受欢迎的人（或事物）,,,
undeveloped,ˌʌndɪˈveləpt,adj.,adj. 未发展的，不发达的；未开发的，未充分利用的；未成熟的，未充分发展的,,,
undoubted,ʌnˈdaʊtɪd,adj.,adj. 无疑的，毋庸置疑的，确定无疑的,,,
undue,ʌnˈdjuː,adj.,adj. 过分的，过度的，不适当的,,,
uneconomic,ˌʌnˌiːkəˈnɒmɪk,adj.,adj. 不经济的，无利可图的，不划算的,,,
unemployed,ˌʌnɪmˈplɔɪd,adj.,adj. 失业的，无业的；n. 失业者，无业者,,,
uneven,ʌnˈiːvn,adj.,adj. 不平的，凹凸不平的；不均匀的，不规则的；不稳定的，参差不齐的,,,
unfair,ʌnˈfeə(r),adj.,adj. 不公平的，不公正的,,,
unfairness,ʌnˈfeənəs,n.,n. 不公平，不公正,,,
unfamiliar,ʌnfəˈmɪliə(r),adj.,adj. 陌生的，不熟悉的；不习惯的，不常见的,,,
unfashionable,ʌnˈfæʃənəbl,adj.,adj. 不时髦的，过时的，不流行的,,,
unfavorable,ʌnˈfeɪvərəbl,adj.,adj. 不利的，不favorable的；不赞成的，不喜欢的；不良的，有害的,,,
unfavourable,ʌnˈfeɪvərəbl,adj.,adj. 不利的，不favorable的；不赞成的，不赞同的,,,
unfeasible,ʌnˈfiːzəbl,adj.,adj. 不可行的，行不通的，难以实施的,,,
unfocused,ʌnˈfəʊkəst,adj.,adj. 不集中的，注意力分散的；目标不明确的，没有重点的,,,
unfocussed,ʌnˈfəʊkəst,adj.,adj. 不集中的，不专注的；模糊的，不清晰的,,,
unhappy,ʌnˈhæpi,adj.,adj. 不快乐的，不高兴的；不满意的；不幸的，不吉利的,,,
unification,ˌjuːnɪfɪˈkeɪʃn,n.,n. 统一，联合，一体化,,,
uniformly,ˈjuːnɪfɔːmli,adv.,adv. 均匀地，一致地；一律地，始终如一地,,,
unimaginable,ˌʌnɪˈmædʒɪnəbl,adj.,adj. 难以想象的；不可思议的,,,
unintentional,ˌʌnɪnˈtenʃənl,adj.,adj. 非故意的，无意的，非蓄意的,,,
unionism,ˈjuːniənɪzəm,n.,n. 工会主义；工会运动；工会制度；联邦制；联邦主义,,,
unionize,ˈjuːniənaɪz,v.,v. 组织工会，加入工会；使形成工会,,,
universality,ˌjuːnɪvɜːˈsæləti,n.,n. 普遍性，通用性；全面性，广泛性,,,
unjust,ʌnˈdʒʌst,adj.,adj. 不公正的，不公平的,,,
unknowable,ʌnˈnəʊəbl,adj.,adj. 无法知道的，不可知的,,,
unknown,ʌnˈnəʊn,adj.,adj. 未知的，不知道的；不熟悉的，陌生的；n. 未知的事物，未知数,,,
unlearned,ʌnˈlɜːnd,adj.,adj. 无知的，未受教育的；未习得的，未学会的,,,
unmistakable,ˌʌnmɪˈsteɪkəbl,adj.,adj. 清楚的，明显的，不会弄错的,,,
unnatural,ʌnˈnætʃrəl,adj.,adj. 不自然的，反常的；做作的，矫揉造作的；违反自然的，反自然的,,,
unnecessarily,ʌnˈnesəsərəli,adv.,adv. 不必要地，多余地，无谓地,,,
unnecessary,ʌnˈnesəsəri,adj.,adj. 不必要的，多余的；不必要的，不需要的，多余的；过分的，过度的,,,
unpleasant,ʌnˈpleznt,adj.,adj. 令人不愉快的，讨厌的；不舒服的，难受的,,,
unpopular,ʌnˈpɒpjələ(r),adj.,adj. 不受欢迎的，不得人心的；不流行的，不通俗的,,,
unprecedented,ʌnˈpresɪdentɪd,adj.,adj. 前所未有的，空前的，史无前例的,,,
unpredictability,ˌʌnprɪˌdɪktəˈbɪləti,n.,n. 不可预测性，不可预知性,,,
unpredictable,ˌʌnprɪˈdɪktəbl,adj.,adj. 不可预测的，难以预料的；变化无常的，反复无常的,,,
unpretentious,ˌʌnprɪˈtenʃəs,adj.,adj. 不装腔作势的，朴实无华的；不自命不凡的，谦逊的,,,
unrealistic,ˌʌnrɪəˈlɪstɪk,adj.,adj. 不切实际的，不现实的，脱离实际的,,,
unreasonable,ʌnˈriːznəbl,adj.,adj. 不合理的，不讲道理的；过分的，过度的；不公平的，不合情理的,,,
unrecognized,ˌʌnˈrekəɡnaɪzd,adj.,adj. 未被认出的，未被承认的，不被承认的,,,
unrecognised,ˌʌnˈrekəɡnaɪzd,adj.,adj. 未被承认的；未被认可的；未被识别的,,,
unrelated,ʌnrɪˈleɪtɪd,adj.,adj. 不相关的，无关系的,,,
unreliable,ˌʌnrɪˈlaɪəbl,adj.,adj. 不可靠的，靠不住的；不可信的，不可依赖的,,,
unrepresentative,ˌʌnreprɪˈzentətɪv,adj.,adj. 不具代表性的；不能代表的,,,
unseat,ʌnˈsiːt,v.,v. 使下台，罢免；使失去席位；使落马,,,
unsettle,ʌnˈsetl,v.,v. 使不安，使烦恼；扰乱，打乱,,,
unsurprisingly,ˌʌnsəˈpraɪzɪŋli,adv.,adv. 不出所料地，不足为奇地,,,
unsustainable,ˌʌnsəˈsteɪnəbl,adj.,adj. 不可持续的；无法维持的；不能长久保持的,,,
untested,ʌnˈtestɪd,adj.,adj. 未经试验的；未经检验的；未经证实的,,,
unusually,ʌnˈjuːʒuəli,adv.,adv. 不寻常地，异常地，非同寻常地,,,
unworthy,ʌnˈwɜːði,adj.,adj. 不值得的，不配的；不适当的，不恰当的,,,
upcoming,ˈʌpˌkʌmɪŋ,adj.,adj. 即将到来的，即将发生的,,,
upfront,ʌpˈfrʌnt,adj.,adj. 坦率的，直接的；预先的，预付的；adv. 坦率地，直接地；预先，提前；n. 预付款,,,
upkeep,ˈʌpkiːp,n.,n. 维修保养；维持费用,,,
uplifting,ʌpˈlɪftɪŋ,adj.,adj. 鼓舞人心的，令人振奋的；v. 使振奋，使高兴,,,
upload,ˈʌpləʊd,v.,v. 上传（数据、文件等）；n. 上传；上传的数据或文件,,,
upscale,ˈʌpskeɪl,adj.,adj. 高档的，高级的，上流的；v. 提升规格，提高品质,,,
upside,ˈʌpsaɪd,n.,n. 好处，优势；上面，顶部,,,
upstart,ˈʌpstɑːt,n.,n. 暴发户，新贵；自命不凡的人；adj. 暴富的，新兴的；自命不凡的,,,
user,ˈjuːzə(r),n.,n. 使用者，用户；用户，使用者；吸毒者；用益权人,,,
Utopia,juːˈtəʊpiə,n.,n. 乌托邦，理想国；理想状态，完美社会,,,
utterance,ˈʌtərəns,n.,n. 说话，发声；言论，话语,,,
vaccination,ˌvæksɪˈneɪʃn,n.,n. 接种疫苗；疫苗接种,,,
validate,ˈvælɪdeɪt,v.,v. 证实，确认；使生效，使有效；验证（数据、理论等）,,,
validity,vəˈlɪdəti,n.,n. 有效性，正确性；合法性，有效期,,,
vaunt,vɔːnt,v.,v. 吹嘘，夸耀；n. 吹嘘，夸耀,,,
vibrant,ˈvaɪbrənt,adj.,adj. 充满活力的，精力充沛的；鲜艳的，醒目的；充满生机的，繁荣的,,,
vigorously,ˈvɪɡərəsli,adv.,adv. 精力充沛地，充满活力地；强有力地，剧烈地；激烈地，强烈地,,,
virtuosity,ˌvɜː.tʃuˈɒs.ə.ti,n.,n. 精湛的技艺，高超的技巧；炫技，卓越的表现,,,
virtuous,ˈvɜːtʃuəs,adj.,adj. 有道德的，品行端正的；贞洁的，纯洁的,,,
visionary,ˈvɪʒənəri,adj.,adj. 有远见的；富有想象力的；有创新思想的；n. 有远见卓识的人；梦想家；空想家,,,
visualize,ˈvɪʒuəlaɪz,v.,v. 想象，设想；使形象化，使可视化,,,
vitality,vaɪˈtæləti,n.,n. 活力，生命力；生机，活跃,,,
volcanic,vɒlˈkænɪk,adj.,adj. 火山的，火山产生的；猛烈的，爆发性的，易怒的,,,
voter,ˈvəʊtə(r),n.,n. 选民，投票人,,,
warrior,ˈwɒriə(r),n.,n. 战士，勇士,,,
wasteful,ˈweɪstfʊl,adj.,adj. 浪费的，挥霍的；不经济的，效率低下的,,,
weaken,ˈwiːkən,v.,v. 使变弱，削弱；减弱，变弱,,,
weakness,ˈwiːknəs,n.,n. 弱点，缺点；软弱，虚弱；嗜好，癖好；不足之处，缺陷,,,
weaver,ˈwiːvə(r),n.,n. 织布工；编织工；织布机；织布鸟,,,
wholesale,ˈhəʊlseɪl,adj.,adj. 批发的；大规模的；adv. 大规模地；全面地；n. 批发；批发价；v. 批发,,,
wilderness,ˈwɪldənəs,n.,n. 荒野，荒地；大量，大批,,,
windfall,ˈwɪndfɔːl,n.,n. 意外之财，横财；被风刮落的果实,,,
winner,ˈwɪnə(r),n.,n. 获胜者，优胜者；成功者,,,
wordy,ˈwɜːdi,adj.,adj. 冗长的，罗嗦的；用词过多的,,,
workforce,ˈwɜːkfɔːs,n.,n. 劳动力，工人总数,,,
workload,ˈwɜːkləʊd,n.,n. 工作量，工作负担,,,
workplace,ˈwɜːkpleɪs,n.,n. 工作场所，工作地点,,,
workstation,ˈwɜːksteɪʃn,n.,n. 工作站；（网络中的）工作站；工作台,,,
worrisome,ˈwʌrɪsəm,adj.,adj. 令人担忧的，使人烦恼的,,,
yearning,ˈjɜːnɪŋ,n.,n. 渴望，向往，思念；adj. 渴望的，思念的,,,
