word,phonetic,pos,meaning,example,example_trans,image_url
account,əˈkaʊnt,n.,n. 账户；解释；账目，账单；理由；描述；vt. 认为；把…视为；vi. 解释；导致；报账,,,
accountants,,,会计人员,,,
accountable,əˈkaʊntəbl,adj.,adj. 有责任的；有解释义务的；可解释的,,,
advertising,ˈædvətaɪzɪŋ,n.,n. 广告；广告业；登广告；adj. 广告的；广告业的；v. 公告；为…做广告（advertise的ing形式）,,,
advertisements,,n.,n. [经] 广告（advertisement的复数）；宣传,,,
ages,ˈeɪdʒɪz,abbr.,abbr. 晚期糖基化终末产物（Advanced Glycation End Products）,,,
aging,ˈeɪdʒɪŋ,n.,n. 老化；陈化，熟化,,,
alarms,,n.,n. [安全] 警报；[安全] 警报器；闹钟（alarm的复数形式）；v. 警告；使恐慌（alarm的第三人称单数）,,,
alarming system,,,无,,,
air,eə(r),n.,n. 空气，大气；天空；样子；曲调；vt. 使通风，晾干；夸耀；vi. 通风,,,
air-condition,"'εəkən,diʃən",n.,n. 空调；空调器；vt. 用空调调节；给...装上空调,,,
airline,ˈeəlaɪn,n.,n. 航空公司；航线；adj. 航线的,,,
airplane,ˈeəpleɪn,n.,n. 飞机,,,
air pump,,n.,n. 抽气泵；抽气机,,,
air pollution,,na.,na. 大气污染,,,
air quality,,n.,n. 空气质量,,,
airports,,n.,n. 航空站，机场，航空港( airport的名词复数 ),,,
animals,'ænɪmlz,n.,n. [动] 动物，动物世界；牲畜（animal的复数形式）,,,
animals behavior,,,无,,,
animals life,,,无,,,
arts,a:ts,n.,n. 文科,,,
art gallery,,n.,n. 美术馆；艺术展览馆,,,
artists,,n.,n. 艺术家，设计师（artist的复数）,,,
back,bæk,n.,n. 后面；背部；靠背；足球等的后卫；书报等的末尾；adj. 后面的；过去的；拖欠的；vt. 支持；后退；背书；下赌注；adv. 以前；向后地；来回地；上溯；回来；回原处；vi. 后退；背靠；倒退,,,
back problem,,,无,,,
back door,,n.,n. 后门；边门,,,
back wheel,,un.,un. 后轮,,,
background,ˈbækɡraʊnd,n.,n. 背景；隐蔽的位置；adj. 背景的；发布背景材料的；vt. 作…的背景,,,
background music,,un.,un. 本底谐音；背景时乐；背景音乐,,,
balcony,ˈbælkəni,n.,n. 阳台；包厢；戏院楼厅,,,
bath,bɑːθ,n.,n. 沐浴；浴室；浴盆；vt. 洗澡；vi. 洗澡,,,
bathrooms,ˈbɑːθˌruːmz,n.,n. 浴室( bathroom的名词复数 ); 盥洗室; （带抽水马桶的）厕所; 卫生间,,,
beach,biːtʃ,n.,n. 海滩；湖滨；vt. 将…拖上岸；vi. 搁浅；定居,,,
birds,bɝdz,n.,n. [鸟] 鸟类；禽（bird的复数）；v. 打鸟；观察研究野鸟；起哄（bird的三单形式）,,,
bird park,,,无,,,
bird-watching,,n.,n. 观察研究野鸟,,,
bicycle,ˈbaɪsɪk(ə)l,n.,n. 自行车；vt. 骑自行车运送；vi. 骑脚踏车,,,
bikes,baɪks,n.,n. 自行车( bike的名词复数 )；v. 自行车( bike的第三人称单数 ),,,
bridges,ˈbrɪdʒɪz,n.,n. [交] 桥梁；纽带（bridge的复数）；vt. 架桥于；把…弥合起来（bridge的第三人称单数）,,,
bones,bəʊnz,n.,n. 骨骼；身体；争议点（bone的复数）；v. 剔去…的骨；专心致志（bone的第三人称单数）,,,
books,bʊks,n.,n. 书籍（book的复数）；书评；v. 预订；领会（book的第三人称单数）；把…记载入册,,,
bookshop,ˈbʊkʃɒp,n.,n. 书店,,,
bookkeeping,ˈbʊkkiːpɪŋ,n.,n. 记帐，簿记,,,
booklet,ˈbʊklət,n.,n. 小册子,,,
bus,bʌs,n.,n. 公共汽车；乘公共汽车,,,
bus stop,,n.,n. 公共汽车停靠站,,,
bus service,,un.,un. 汽车接送,,,
bus tickets,,,公共汽车票,,,
business,ˈbɪznəs,n.,n. 商业；[贸易] 生意；[贸易] 交易；事情,,,
business management,'biznis'mænidʒmənt,un.,un. 企业管理,,,
business cards,,n.,n. 名片( business card的名词复数 ); 商业名片,,,
business plan,,, 商业计划书；经营规划；经营计划,,,
business area,,un.,un. 商业区,,,
business visits,,,无,,,
cafe,ˈkæfeɪ,n.,n. 咖啡馆；小餐馆,,,
cameras,,n.,n. 摄像机，照相机（camera的复数形式）,,,
cars,kɑːz,abbr.,abbr. 中美洲研究站（Central America Research Station）；abbr. 计算机化自动额定值系统（computerized automatic rating system）；abbr. 汽车收据结账证书（Certificates for Automobile Receivables）；n. (cars) 汽车（复数）,,,
car-park,ˈkɑː pɑːk,n.,n. 停车场,,,
car tyres,,, 汽车轮胎；求购汽车轮胎；小汽车轮胎图片,,,
cash,kæʃ,n.,n. 现款，现金；vt. 将…兑现；支付现款,,,
cashier,kæˈʃɪə(r),n.,n. 出纳员；司库；收银员；vt. 解雇；抛弃,,,
cash machine,ˈkæʃ məʃiːn,n.,n. 自动取款机,,,
castles,,,"城堡，堡垒（castle的名词复数）；置于城堡中；(棋)移动王车易位；巨大建筑物（城堡,船楼）,卡斯图尔；国际象棋车",,,
central,ˈsentrəl,n.,n. 电话总机；adj. 中心的；主要的；中枢的,,,
centre,ˈsentə(r),n.,n. 中心；adj. 中央的；vt. 集中；将…放在中央；vi. 以…为中心,,,
central station,,na.,na. 中央发电厂,,,
central heating,ˌsentrəl ˈhiːtɪŋ,n.,n. 暖气；集中供暖,,,
certificate,səˈtɪfɪkət,n.,n. 证书；执照，文凭；vt. 发给证明书；以证书形式授权给…；用证书批准,,,
change,tʃeɪndʒ,n.,n. 变化；找回的零钱；vt. 改变；交换；vi. 改变；兑换,,,
changing room,,n.,n. （尤指做运动前使用的）更衣室,,,
chemical,ˈkemɪkl,n.,n. 化学制品，化学药品；adj. 化学的,,,
chemical contaminants,,,无,,,
chemist,ˈkemɪst,n.,n. 化学家；化学工作者；药剂师；炼金术士,,,
chemistry lab,,,化学实验室,,,
children,ˈtʃɪldrən,n.,n. 孩子们（child的复数）,,,
children education,,,无,,,
closed,kləʊzd,v.,v. 关；结束；接近（close的过去分词）；adj. 关着的；不公开的,,,
closed down,,v.,v. 关闭；关门；倒闭；歇业,,,
cleaning,ˈkliːnɪŋ,n.,n. 清洗；清除；去污；大败；v. 清洁（clean的ing形式）,,,
cleaner,ˈkliːnə(r),n.,n. [化工] 清洁剂；清洁工；干洗店；干洗商；洗洁器,,,
cleanest,ˈkliːnɪst,adj.,adj. 清洁的( clean的最高级 ); 整齐的; 新的; 正派的,,,
clean products,,,无,,,
clothes,kləʊðz,n.,n. 衣服,,,
clothing,ˈkləʊðɪŋ,n.,n. （总称）[服装] 服装；帆装；v. 覆盖（clothe的ing形式）；给…穿衣,,,
clothing sections,,,无,,,
climate,ˈklaɪmət,n.,n. 气候；风气；思潮；风土,,,
clubs,klʌbz,n.,n. 俱乐部；社团（club的复数）；（扑克牌）梅花；v. 用棍棒打（club的第三人称单数形式）,,,
clubhouse,ˈklʌbhaʊs,n.,n. 俱乐部会所，俱乐部,,,
club office,,,无,,,
cinemas,,n.,n. 电影院（cinema的复数）,,,
cities,'sɪtɪz,n.,n. 城市（city的复数）,,,
city council,,na.,na. 市参议会,,,
city centre,,, 市中心；城市中心；城中心,,,
citizen,ˈsɪtɪz(ə)n,n.,n. 公民；市民；老百姓,,,
coffee,ˈkɒfi,n.,n. 咖啡；咖啡豆；咖啡色,,,
coffee table,,n.,n. 茶几；咖啡桌,,,
coffee machine,,n.,n. 投币咖啡机,,,
color,ˈkʌlə(r),n.,n. 颜色；肤色；颜料；脸色；vt. 粉饰；给...涂颜色；歪曲；vi. 变色；获得颜色,,,
colours,'kʌləs,n.,n. 颜色；特色；旗帜；外表（colour的复数）；v. 影响（colour的单三形式）；给…着色,,,
coloured,ˈkʌləd,n.,n. 混血人；有色人种的人；adj. 有色的；着色的；vt. 给…着色（colour的过去式和过去分词）,,,
colour photos,,,无,,,
competitions,,n.,n. 比赛，[生态] 竞争（competition的复数形式）,,,
competitive,kəmˈpetətɪv,adj.,adj. 竞争的；比赛的；求胜心切的,,,
computers,kəmˈpjuːtəz,n.,n. [计] 计算机，[计] 电脑（computer的复数）,,,
computer centre,,,计算机中心,,,
computer programmer,,un.,un. 计算机程序员；计算机程序设计员；计算机程设计员,,,
computer office,,,无,,,
computer science,,n.,n. 计算机科学,,,
communication,kəˌmjuːnɪˈkeɪʃ(ə)n,n.,n. 通讯，[通信] 通信；交流；信函,,,
communication system,,un.,un. 通信系统；交流系统；传播系统,,,
common,ˈkɒmən,n.,n. 普通；平民；公有地；adj. 共同的；普通的；一般的；通常的,,,
common room,,n.,n. （学校、学院等的）公共休息室,,,
conference,ˈkɒnfərəns,n.,n. 会议；讨论；协商；联盟；（正式）讨论会；[工会、工党用语]（每年的）大会；vi. 举行或参加（系列）会议,,,
conference centre,,, 会议中心,,,
conference hall,,un.,un. 会议庭,,,
conference pack,,,无,,,
confidence,ˈkɒnfɪdəns,n.,n. 信心；信任；秘密；adj. （美）诈骗的；骗得信任的,,,
culture,ˈkʌltʃə(r),n.,n. 文化，文明；修养；栽培；vt. [细胞][微] 培养（等于cultivate）,,,
culture context,,,无,,,
culture awareness,,, 文化意识；文化意识目标；文化觉识,,,
dance,dɑːns,n.,n. 舞蹈；舞会；舞曲；adj. 舞蹈的；用于跳舞的；vt. 跳舞；使跳跃；vi. 跳舞；跳跃；飘扬,,,
dance class,,,无,,,
dance show,,,无,,,
deserts,dɪˈzɜːts,n.,n. [地理] 沙漠；[农] 荒原（desert的复数）；应得到的报应；v. 放弃；遗弃（desert的第三人称单数）,,,
desert locations,,,无,,,
disease,dɪˈziːz,n.,n. 病，[医] 疾病；弊病；vt. 传染；使…有病,,,
discussion,dɪˈskʌʃ(ə)n,n.,n. 讨论，议论,,,
discussion group,,n.,n. 讨论组,,,
distance,ˈdɪstəns,n.,n. 距离；远方；疏远；间隔；vt. 疏远；把…远远甩在后面,,,
distance learning,,n.,n. 远程教育；远程学习,,,
drive,draɪv,n.,n. 驱动器；驾车；[心理] 内驱力，推进力；快车道；vi. 开车；猛击；飞跑；vt. 推动，发动（机器等）；驾驶（马车，汽车等）；驱赶,,,
driver,ˈdraɪvə(r),n.,n. 驾驶员；驱动程序；起子；传动器,,,
driving,ˈdraɪvɪŋ,n.,n. 驾驶；操纵；adj. 强劲的；推进的；精力旺盛的；v. 驾驶（drive的ing形式）,,,
driving license,,n.,n. 驾驶执照,,,
drinks,drɪŋks,n.,n. 饮料，饮品；喝酒（drink复数）,,,
drinking,ˈdrɪŋkɪŋ,n.,n. 喝，饮；喝酒；v. 饮（drink的ing形式）；喝,,,
drinking machines,,,无,,,
double,ˈdʌb(ə)l,n.,n. 两倍；双精度型；adj. 双重的；两倍的；vt. 使加倍；adv. 双重地；两倍地；弓身地；vi. 加倍，加倍努力；快步走,,,
double-grill,,,无,,,
double room,,n.,n. 双人房间,,,
education,ˌedʒuˈkeɪʃn,n.,n. 教育；培养；教育学,,,
education system,,, 教育系统；教育制度；教育体制,,,
education department,,, 教育部；教育司；教育署,,,
education officer,,, 教育主任；教育官员；教育事务主任,,,
education plan,,,无,,,
electronic,ɪˌlekˈtrɒnɪk,adj.,adj. 电子的；n. 电子电路；电子器件,,,
electric cars,,, 电动汽车；电动车；电力车,,,
electronic directory,,,电子电话簿,,,
electronic card,,, 电子贺卡；电子卡；内存控制块,,,
electricity,ɪˌlekˈtrɪsəti,n.,n. 电力；电流；强烈的紧张情绪,,,
electricity supply,,n.,n. 电力供应,,,
emails,ˈiːmeɪl,n.,n. 电子信函；vt. 给…发电子邮件,,,
email address,,,"电子邮件地址,(用以传送电子邮件的指定地址)",,,
engineers,,n.,n. [经管] 工程师；机械师（engineer的复数）；v. 设计（engineer的单三形式）；建造,,,
engineering,ˌendʒɪˈnɪərɪŋ,n.,n. 工程，工程学；v. 设计；管理（engineer的ing形式）；建造,,,
environmental,ɪnˌvaɪrənˈment(ə)l,adj.,adj. 环境的，周围的；有关环境的,,,
environment agency,,, 英国环境署；环境局；英国环境局,,,
environment damage,,,无,,,
energy,ˈenədʒi,n.,n. [物] 能量；精力；活力；精神,,,
energy saving,,n.,n. 节能,,,
eyes,aɪz,n.,n. 眼睛（eye的复数）,,,
eyedrops,ˈaɪˌdrɒps,n.,n. 眼药水；滴眼剂；眼泪（eyedrop的复数）,,,
eyesight,ˈaɪsaɪt,n.,n. 视力；目力,,,
eye contacts,,,目光接触；眼神交会,,,
families,'fæmɪlɪz,n.,n. 家庭（family的复数）；家族,,,
family photo,,, 全家福；家庭照片；全家福照片,,,
family ticket,,,无,,,
family relationship,,, 家庭关系；亲情关系；家庭亲属关系的称呼,,,
family members,,, 家庭成员；家庭成员数目；家人,,,
farmers,,n.,n. [农] 农民（farmer的复数）,,,
farming,ˈfɑːmɪŋ,n.,n. 农业，耕作；v. 耕种；出租（farm的ing形式）,,,
farming products,,,无,,,
feedback,ˈfiːdbæk,n.,n. 反馈；成果，资料；回复,,,
feeding,ˈfiːdɪŋ,n.,n. 饲养；吃；输送；v. 饲养（feed的ing形式）；adj. 供给饲料的；摄取食物的,,,
feeding time,,un.,un. 供片时间；供料时间,,,
feed the shark,,,无,,,
feed animals,,,无,,,
flat,flæt,n.,n. 平地；公寓；平面；adj. 平的；单调的；不景气的；干脆的；平坦的；扁平的；浅的；vi. 逐渐变平；[音乐]以降调唱（或奏）；vt. 使变平；[音乐]使（音调）下降，尤指降半音；adv. （尤指贴着另一表面）平直地；断然地；水平地；直接地，完全地,,,
flexible,ˈfleksəb(ə)l,adj.,adj. 灵活的；柔韧的；易弯曲的,,,
flooding,ˈflʌdɪŋ,n.,n. 泛滥；产后出血,,,
floodwater,ˈflʌdwɔːtə(r),n.,n. 洪水,,,
flowers,ˈflaʊəz,,[植] 花（flower的复数）,,,
films,,n.,n. [电影] 电影；薄膜；[感光] 胶片（film的复数）；v. 拍摄（film的第三人称单数）；以薄膜覆盖,,,
financial,faɪˈnænʃ(ə)l,adj.,adj. 金融的；财政的，财务的,,,
financial results,,, 财务业绩；财务结算；财报,,,
finance,ˈfaɪnæns,n.,n. 财政，财政学；金融；vt. 负担经费，供给…经费；vi. 筹措资金,,,
finance office,,,无,,,
finance market,,,金融市场,,,
fire,ˈfaɪə(r),n.,n. 火；火灾；炮火；炉火；热情；激情；磨难；vt. 点燃；解雇；开除；使发光；烧制；激动；放枪；vi. 着火；射击；开枪；激动；烧火,,,
firework,ˈfaɪəwɜːk,n.,n. 烟火；激烈情绪,,,
fireplaces,,n.,n. 壁炉( fireplace的名词复数 ),,,
fire drill,,n.,n. 消防演习,,,
firewood,ˈfaɪəwʊd,n.,n. 柴火；木柴,,,
fish,fɪʃ,n.,n. 鱼，鱼类；vt. 钓鱼，捕鱼；搜寻；vi. 捕鱼，钓鱼；用钩捞取,,,
fish farm,,n.,n. 养鱼场,,,
fish industry,,,无,,,
fish cake,,na.,na. 鱼丸子,,,
fishing,ˈfɪʃɪŋ,n.,n. 渔业；捕鱼（术）；试探；装配；adj. 钓鱼的；钓鱼用的；v. 捕鱼（fish的ing形式）,,,
fishing lesson,,,无,,,
fishing boats,,, 渔船；渔船图片；钓鱼艇,,,
free,friː,adj.,adj. 免费的；自由的，不受约束的；[化学] 游离的；vt. 使自由，解放；释放；adv. 自由地；免费,,,
free parking,,,无,,,
free transportation,,,无,,,
free meal,,,无,,,
free entry,,un.,un. 自由加入；免税报单；免税进口申报,,,
free booklet,,,无,,,
free drink,,,无,,,
friends,frendz,n.,n. 朋友( friend的名词复数 ),,,
friendly,ˈfrendli,adj.,adj. 友好的；亲切的；支持的；融洽的，和睦的；adv. 友善地；温和地,,,
friendship,ˈfrendʃɪp,n.,n. 友谊；友爱；友善,,,
forests,,n.,n. 森林；森林经济（forest的复数形式）,,,
forest campsite,,,无,,,
forestry,ˈfɒrɪstri,n.,n. 林业；森林地；林学,,,
foods,fuːdz,n.,n. [食品] 食品,,,
food source,,, 食物来源；来源食物；食源,,,
food intake,,un.,un. 食物摄入,,,
food chain,ˈfuːd tʃeɪn,n.,n. 食物链,,,
food containers,,,"《英文msh词典》Food Containers；[同义词] Food Containers；[主题词] Food Packaging；[中文释义] 食品容器；[英文释义] Containers,packaging,and packaging materials for processed and raw foods and beverages. It includes packaging intended to be used for storage and also used for preparation of foods such as microwave food containers versus COOKING AND EATING UTENSILS. Packaging materials may be intended for food contact or designated non-contact,for example,shipping containers. FOOD LABELING is also available.",,,
food supply,,un.,un. 食品供应；养分供应,,,
furniture,ˈfɜːnɪtʃə(r),n.,n. 家具；设备；储藏物,,,
garden,ˈɡɑːdn,n.,n. 花园；菜园；vt. 栽培花木；vi. 从事园艺；在园中种植,,,
garden tools,,, 园林工具；园艺工具；花园工具,,,
gardening,ˈɡɑːdnɪŋ,n.,n. 园艺；园林工人的工作,,,
garage,ˈɡærɑːʒ,n.,n. 车库；汽车修理厂；飞机库；vt. 把……送入车库；把（汽车）开进车库,,,
glasses,ˈɡlɑːsɪz,n.,n. [轻] 眼镜；玻璃（glass的复数形式）；双筒望远镜；v. 把…装入玻璃容器内；给…装上玻璃（glass的第三人称单数形式）,,,
glass roof,,un.,un. 玻璃屋顶,,,
global,ˈɡləʊb(ə)l,adj.,adj. 全球的；总体的；球形的,,,
global market,,, 全球市场；环球市场；国际市场,,,
global payments,,,无,,,
global warming,,n.,n. 全球（气候）变暖；地球大气层变暖,,,
government,ˈɡʌvənmənt,n.,n. 政府；政体；管辖,,,
government election,,,无,,,
government agencies,,, 政府机构；政府机关；国家机关,,,
government policy,,, 政府政策；政策支持；政府的政策,,,
grasses,'gra:siz,n.,n. 草地（grass的复数）；稻科植物类；禾本种；v. 放牧（grass的三单形式）；使长满草,,,
ground,ɡraʊnd,n.,n. 地面；土地；范围；战场;根据；v. 研磨（grind的过去分词）；压迫；adj. 土地的；地面上的；磨碎的；磨过的；vt. 使接触地面；打基础；使搁浅；vi. 着陆；搁浅,,,
ground floor,,n.,n. 底层,,,
ground plan,ˈɡraʊnd plæn,n.,n. （建筑物的）底层平面图；计划；大纲,,,
groups,ɡruːps,n.,n. 群组，组；团体（group的复数形式）；用户组；v. 分组，归类（group的第三人称单数）；聚合,,,
group discussion,,n.,n. 小组讨论,,,
group meetings,,,"《英文msh词典》Group Meetings；[入口词] Group Meetings；[主题词] Group Processes；[英文释义] The procedures through which a group approaches,attacks,and solves a common problem.",,,
group size,,, 团体大小；组团人数；团体的大小,,,
group trip,,,无,,,
gym,dʒɪm,n.,n. 健身房；体育；体育馆,,,
guide,ɡaɪd,n.,n. 指南；向导；入门书；vt. 引导；带领；操纵；vi. 担任向导,,,
guideline,ˈɡaɪdlaɪn,n.,n. 指导方针；参考,,,
guided tour,,un.,un. 有导游的观光旅游,,,
healthy,ˈhelθi,adj.,adj. 健康的，健全的；有益于健康的,,,
health problem,,, 健康问题；健康话题；健康的状况,,,
health care,,n.,n. 医疗保健；医疗卫生,,,
health service,,n.,n. 公共医疗保健服务,,,
health check,helθ tʃek,un.,un. 健康检查,,,
health department,,, 卫生部；卫生厅；卫生署,,,
health club,ˈhelθ klʌb,n.,n. 健身俱乐部,,,
heart,hɑːt,n.,n. 心脏；感情；勇气；心形；要点；vt. 鼓励；铭记；vi. 结心,,,
heart rate,,n.,n. 心率,,,
heart disease,,na.,na. 心脏病,,,
helicopter,ˈhelɪkɒptə(r),n.,n. [航] 直升飞机；vt. 由直升机运送；vi. [航] 乘直升飞机,,,
horses,'hɔ:sɪz,n.,n. 马；马匹（horse的复数形式）；v. 骑马；捉弄（horse的第三人称单数形式）,,,
horse riding,,n.,n. 骑马,,,
horse hair,,un.,un. 马鬃,,,
housing,ˈhaʊzɪŋ,n.,n. 房屋；住房供给；[机] 外壳；遮盖物；机器等的防护外壳或外罩,,,
house key,,, 房锁匙；世纪不动产和美国百世勤,,,
house insurance,,, 房屋保险；找房屋保险公司；住宅保险,,,
income,ˈɪnkʌm,n.,n. 收入，收益；所得,,,
incoming call,,n.,n. 打进来的电话,,,
information,ˌɪnfəˈmeɪʃn,n.,n. 信息，资料；知识；情报；通知,,,
information sectors,,,无,,,
information desk,,na.,na. 问讯处,,,
insects,ˈɪnsekts,n.,n. [昆] 昆虫；昆虫类，昆虫纲（insect的复数形式）,,,
insurance,ɪnˈʃʊərəns,n.,n. 保险；保险费；保险契约；赔偿金,,,
insurance company,,na.,na. 保险公司,,,
international,ˌɪntəˈnæʃ(ə)nəl,n.,n. 国际组织；国际体育比赛；外国居留者；国际股票；adj. 国际的；两国（或以上）国家的；超越国界的；国际关系的；世界的,,,
international house,,,无,,,
international express,,,无,,,
international studies,,, 国际研究；国际关系；国际问题研究,,,
Internet,ˈɪntənet,n.,n. 因特网,,,
Internet cafe,,, 网吧；网咖；一家网吧,,,
Internet line,,,无,,,
Internet connection,,, 网络连接；网际网路连线；互联网连接,,,
interviews,,n.,n. 访谈；面试；面谈（interview的复数）；v. 面试（interview的三单形式）；接见,,,
interview skills,,,无,,,
interview questions,,, 面试问题；访谈问题；面试题,,,
jobs,d'ʒɒbz,n.,n. 工作（job的复数形式）,,,
job interviews,,, 求职面试；工作面试；参加面试,,,
kitchen,ˈkɪtʃɪn,n.,n. 厨房；炊具；炊事人员,,,
kitchen area,,, 厨房区域；厨房区域，注意连读；美食街,,,
kitchen hand,,, 厨房帮工；厨房帮手；厨房助手,,,
lakes,leɪks,n.,n. 湖( lake的名词复数 ); 湖泊,,,
lakeside,ˈleɪksaɪd,n.,n. 湖边,,,
library,ˈlaɪbrəri; ˈlaɪbri,n.,n. 图书馆，藏书室；文库,,,
lights,laɪts,n.,n. 灯光（light的复数）；（供食用的）家畜的肺脏；v. 点亮（light的三单形式）,,,
lighting,ˈlaɪtɪŋ,n.,n. 照明设备，舞台灯光；v. 照明；点燃（light的ing形式）,,,
local,ˈləʊk(ə)l,n.,n. [计] 局部；当地居民；本地新闻；adj. 当地的；局部的；地方性的；乡土的,,,
local shops,,,无,,,
local schools,,,无,,,
local museum,,,无,,,
local tribes,,,无,,,
local newspaper,,, 地方报纸；当地报纸；当地报刊,,,
local community,,un.,un. 地方团体,,,
lock,lɒk,vt.,vt. 锁，锁上；隐藏；vi. 锁；锁住；卡住；n. 锁；水闸；刹车,,,
lockers,,n.,n. 寄物柜( locker的名词复数 ),,,
lock-up garage,,, 上锁的车库,,,
magazines,'mæɡəzi:nz,n.,n. 杂志（magazine的复数）,,,
manager,ˈmænɪdʒə(r),n.,n. 经理；管理人员,,,
management,ˈmænɪdʒmənt,n.,n. 管理；管理人员；管理部门；操纵；经营手段,,,
maps,mæps,abbr.,abbr. 管理分析与规划系统（Management Analysis and Planning System）,,,
mapping,ˈmæpɪŋ,v.,v. 绘图；筹划（map的ing形式）；n. 地图；绘图；[数] 映像,,,
market,ˈmɑːkɪt,n.,n. 市场；行情；股票市场；市面；集市；销路；商店；vt. 在市场上出售；vi. 做买卖,,,
marketing,ˈmɑːkɪtɪŋ,n.,n. 行销，销售；v. 出售；在市场上进行交易；使…上市（market的ing形式）,,,
market garden,,n.,n. 蔬菜农场,,,
materials,məˈtɪəriəlz,n.,n. [材] 材料；材质（material的复数）；材料科学；材料费,,,
math,mæθ,n.,n. 数学（等于mathematics）,,,
mathematics,ˌmæθəˈmætɪks,n.,n. 数学；数学运算,,,
messages,,n.,n. [计][通信] 信息，留言板（message的复数形式）；v. 作文电发出；用文电通知（message的第三人称单数形式）,,,
media,ˈmiːdiə,n.,n. 媒体；媒质（medium的复数）；血管中层；浊塞音；中脉,,,
media room,,, 媒体室；媒体屋；多媒体影音室,,,
media studies,,n.,n. 大众传播学；大众传媒学,,,
multimedia resources,,,无,,,
medication,ˌmedɪˈkeɪʃn,n.,n. 药物；药物治疗；药物处理,,,
medicines,,n.,n. 药品；药物；医药（medicine的复数形式）；v. 给…服药；用药治病（medicine的第三人称单数）,,,
medical centre,,, 医疗中心；医务中心；医疗体检中心,,,
methods,ˈmeθədz,n.,n. 方法，方式；研究方法（method的复数）,,,
methodology,ˌmeθəˈdɒlədʒi,n.,n. 方法学，方法论,,,
microscope,ˈmaɪkrəskəʊp,n.,n. 显微镜,,,
microbiology,ˌmaɪkrəʊbaɪˈɒlədʒi,n.,n. 微生物学,,,
microwave,ˈmaɪkrəweɪv,n.,n. 微波,,,
micro-radiogram,,,[医] 显微放射照片术,,,
micro film,,, 微电影,,,
mining,ˈmaɪnɪŋ,n.,n. 矿业；采矿,,,
minerals,,n.,n. 矿物；矿产，矿产品（mineral的复数）；矿物质,,,
mineral soil,,,矿质土,,,
mountains,ˈmaʊntənz,n.,n. 山脉；[地理] 山区；山岳（mountain的复数）,,,
mountain bike,ˈmaʊntən baɪk,n.,n. 山地自行车；越野单车,,,
museum,mjuˈziːəm,n.,n. 博物馆,,,
music,ˈmjuːzɪk,n.,n. 音乐，乐曲,,,
music video,,, 音乐录影带；音乐录像带；音乐影片,,,
music festival,,, 音乐节；音乐节介绍；音乐夏令营之随写二,,,
national park,,n.,n. 国家公园,,,
national holidays,,na.,na. 国定假日；国庆日,,,
national newspaper,,, 全国性报纸；国家级报纸；全国性报刊,,,
natural,ˈnætʃrəl,adj.,adj. 自然的；物质的；天生的；不做作的；n. 自然的事情；白痴；本位音,,,
natural medicine,,, 自然医学；天然药物；何谓自然医学,,,
natural gas,ˈnætʃrəl ˈɡæs,n.,n. 天然气,,,
newspapers,ˈnjuːzˌpeɪpəz,n.,n. 报纸，报章（newspaper的复数）；v. 从事报纸工作（newspaper的三单形式）,,,
numbers,ˈnʌmbəz,n.,n. [数] 数字（number的复数）；算术,,,
notes,nəʊts,n.,n. 注释，说明，笔记（note复数）；[金融] 票据,,,
note-taking,,n.,n. 笔记，记笔记；随手记,,,
note system,,,无,,,
notebook,ˈnəʊtbʊk,n.,n. 笔记本，笔记簿；手册,,,
noisy,ˈnɔɪzi,adj.,adj. .嘈杂的；喧闹的；聒噪的,,,
office,ˈɒfɪs,n.,n. 办公室；政府机关；官职；营业处,,,
office assistant,,, 办公室助理；办公室文员；写字楼助理,,,
oil,ɔɪl,n.,n. 油；石油；油画颜料；vt. 加油；涂油；使融化；vi. 融化；加燃油,,,
oil filter,,un.,un. 滤油器；油性过滤器；滑油滤,,,
organize,ˈɔːɡənaɪz,vt.,vt. 组织；使有系统化；给予生机；组织成立工会等；vi. 组织起来；成立组织,,,
organization,ˌɔːɡənaɪˈzeɪʃn,n.,n. 组织；机构；体制；团体,,,
outdoor,ˈaʊtdɔː(r),adj.,adj. 户外的；露天的；野外的（等于out-of-door）,,,
outside,ˌaʊtˈsaɪd,adj.,adj. 外面的，外部的；外来的；n. 外部；外观；adv. 在外面，向外面；在室外；prep. 在…范围之外,,,
packing,ˈpækɪŋ,n.,n. 包装；填充物；v. 包装；装满；压紧（pack的ing形式）,,,
packing materials,,un.,un. 包装材料,,,
package,ˈpækɪdʒ,n.,n. 包，包裹；套装软件，[计] 程序包；adj. 一揽子的；vt. 打包；将…包装,,,
packaging,ˈpækɪdʒɪŋ,n.,n. 包装；包装业，包装风格；v. 包装（package的ing形式）,,,
parks,,n.,n. 公园( park的名词复数 ); 停车场,,,
parking,ˈpɑːkɪŋ,n.,n. 停车；adj. 停车的；v. 停车（park的ing形式）,,,
parking lot,,n.,n. 停车场,,,
parking space,,n.,n. 停车场,,,
passport,ˈpɑːspɔːt,n.,n. 护照，通行证；手段,,,
passport photos,,, 护照照片；护照大小的相片；签证照片,,,
person,ˈpɜːs(ə)n,n.,n. 人；身体；容貌，外表；人称,,,
personal,ˈpɜːsən(ə)l,n.,n. 人事消息栏；人称代名词；adj. 个人的；身体的；亲自的,,,
personal interest,,un.,un. 个人利益,,,
personal alarm,,,无,,,
personality,ˌpɜːsəˈnæləti,n.,n. 个性；品格；名人,,,
phone,fəʊn,n.,n. 电话；耳机，听筒；vt. 打电话；vi. 打电话,,,
phone card,,, 电话卡；手机卡；磁卡,,,
phone book,,na.,na. 电话簿,,,
phone number,ˈfəʊn nʌmbə(r),, 电话号码；联络电话；联系电话,,,
phone interviews,,,无,,,
phone statistics,,,无,,,
photos,'fəʊtəʊz,n.,n. 照片，图片；相册（photo的复数形式）；v. 为…拍照（photo的第三人称单数形式）,,,
photo card,,, 相片卡；相片喜帖；照片卡,,,
photocopies,,n.,n. 影印本；影印机（photocopy的复数）；v. 影印（photocopy的第三人称单数）,,,
photocopy shop,,,无,,,
photographs,'fəutəgræfs,n.,n. 照片；逼真的描绘（photograph的复数）；v. 拍照；逼真地描绘；记入脑中（photograph的三单形式）,,,
piano,piˈænəʊ,n.,n. 钢琴,,,
piano player,,na.,na. 弹钢琴的人；钢琴自动弹奏机,,,
pianist,ˈpɪənɪst,n.,n. 钢琴家；钢琴演奏者,,,
plan,plæn,n.,n. 计划；平面图；vt. 计划；设计；打算；vi. 计划；打算,,,
planner,ˈplænə(r),n.,n. 计划者，规划师,,,
planning,ˈplænɪŋ,n.,n. 规划；计划编制；v. 计划；设计；预期（plan的ing形式）,,,
plants,plɑːnts,n.,n. [植] 植物；[工经] 工厂（plant的复数形式）；v. 栽种；安置（plant的单三形式）,,,
plastic,ˈplæstɪk,n.,n. 塑料制品；整形；可塑体；adj. 塑料的；（外科）造型的；可塑的,,,
plastic bag,,n.,n. 胶袋,,,
pollution,pəˈluːʃ(ə)n,n.,n. 污染；污染物,,,
policies,ˈpɒləsiz,n.,n. 政策；保险单（policy的复数）,,,
political,pəˈlɪtɪk(ə)l,adj.,adj. 政治的；党派的,,,
politician,ˌpɒləˈtɪʃn,n.,n. 政治家，政客,,,
politics,ˈpɒlətɪks,n.,n. 政治，政治学；政治活动；政纲,,,
post,pəʊst,n.,n. 岗位；邮件；标杆；vt. 张贴；公布；邮递；布置；vi. 快速行进,,,
post office,ˈpəust ɔfis,n.,n. 邮局；邮政部门；邮政系统；邮差敲门游戏（儿童用假托的信件换取亲吻）,,,
post survey,,un.,un. 事后调查,,,
post design,,,无,,,
postbox,ˈpəʊstbɒks,n.,n. 邮箱,,,
postcard,ˈpəʊstkɑːd,n.,n. 明信片,,,
poster,ˈpəʊstə(r),n.,n. 海报，广告；招贴,,,
present,ˈprez(ə)nt,n.,n. 现在；礼物；瞄准；adj. 现在的；出席的；vt. 提出；介绍；呈现；赠送；vi. 举枪瞄准,,,
presentations,,n.,n. 展示；自我介绍；业务陈述（presentation的复数形式）,,,
presentation skills,,, 演示技巧；演讲技巧；表达技巧,,,
presenting result,,,无,,,
printers,'printərz,n.,n. 打印机( printer的名词复数 ); 印刷机; 印刷厂; 印刷业从业人员,,,
printing,ˈprɪntɪŋ,n.,n. 印刷；印刷术,,,
printing technology,,, 印刷工艺；印刷技术；印刷概要技术,,,
printing press,ˈprɪntɪŋ pres,n.,n. 印刷机,,,
problems,'prɔ:bləmz,n.,n. [数] 问题；难题（problem的复数）,,,
problem solving,,un.,un. 问题求解,,,
products,ˈprɒdʌkts,n.,n. [经] 产品；商品（product的复数）,,,
production,prəˈdʌkʃn,n.,n. 成果；产品；生产；作品,,,
productivity,ˌprɒdʌkˈtɪvəti,n.,n. 生产力；生产率；生产能力,,,
profits,,n.,n. [会计] 收益，红利；盈利（profit的复数）,,,
protection,prəˈtekʃn,n.,n. 保护；防卫；护照,,,
protection policy,,, 保护政策；保护策略；保护原则,,,
protective clothing,,na.,na. 防毒服,,,
public,ˈpʌblɪk,n.,n. 公众；社会；公共场所；adj. 公众的；政府的；公用的；公立的,,,
public square,,, 广场；公共广场；公众广场,,,
public areas,,,公共区,,,
public transportation,,un.,un. 公共交通,,,
radio,ˈreɪdiəʊ,n.,n. 收音机；无线电广播设备；vt. 用无线电发送；vi. 用无线电进行通信,,,
radio program,,un.,un. 广播节目,,,
radio signals,,,无线电讯号,,,
raining,'reɪnɪŋ,v.,v. 下雨（rain的ing形式）；adj. 下雨的,,,
rainwear,ˈreɪnweə(r),n.,n. 防水衣，雨衣,,,
rainfall,ˈreɪnfɔːl,n.,n. 降雨；降雨量,,,
rain water,,n.,n. 雨水,,,
reading,ˈriːdɪŋ,n.,n. 阅读，朗读；读物；读数；v. 阅读（read的ing形式）；adj. 阅读的,,,
read aloud,,v.,v. 朗读,,,
read difficulty,,,无,,,
reception,rɪˈsepʃn,n.,n. 接待；接收；招待会；感受；反应,,,
receptionist,rɪˈsepʃənɪst,n.,n. 接待员；传达员,,,
recorders,,n.,n. 录音机( recorder的名词复数 ); 记录员; （英国）刑事法院的临时法官; 竖笛,,,
recording,rɪˈkɔːdɪŋ,n.,n. 录音；唱片；v. 录音；记录；录像（record的ing形式）；adj. 记录的；记录用的,,,
references,'refərənsɪz,n.,n. [图情] 参考文献；参照；推荐信（reference的复数）；v. 附…以供参考；把…引作参考（reference的三单形式）,,,
reference number,,un.,un. 参考号数；参考数；基准数；引用号,,,
relationships,,n.,n. 人际关系；生物间的关系；情侣关系（relationship的复数）,,,
restaurant,ˈrestrɒnt,n.,n. 餐馆；[经] 饭店,,,
researcher,rɪˈsɜːtʃə(r); ˈriːsɜːtʃə(r),n.,n. 研究员,,,
research approach,,, 研究方法；研究途径；研究方案,,,
research finding,,,无,,,
reports,rɪˈpɔ:ts,n.,n. 报告（report的复数）；[统计][计] 报表；专题；v. 报告；记录（report的三单形式）；传达,,,
reporter,rɪˈpɔːtə(r),n.,n. 记者,,,
report writing,,, 报告写作的能力,,,
rivers,ˈrɪvəz,n.,n. 里弗斯（人名）；河流州（尼日利亚州名）；河水钻,,,
riverside,ˈrɪvəsaɪd,n.,n. 河边；河畔；adj. 河畔的,,,
river trip,,,无,,,
river view,,, [地名] [美国] 里弗维尤,,,
roads,rəʊdz,n.,n. [交] 道路（road的复数）；开敞或半开敞锚地,,,
road map,,n.,n. （尤指为开车者设计的）公路交通图；指南,,,
rubber,ˈrʌbə(r),n.,n. 橡胶；橡皮；合成橡胶；按摩师；adj. 橡胶制成的；vt. 涂橡胶于；用橡胶制造；vi. 扭转脖子看；好奇地引颈而望,,,
rubber blanket,,,橡胶垫,,,
safety,ˈseɪfti,n.,n. 安全；保险；安全设备；保险装置；安打,,,
safeguard,ˈseɪfɡɑːd,n.,n. [安全] 保护；保卫；保护措施；vt. [安全] 保护，护卫,,,
safety rules,,un.,un. 安全规则；安全条例；保安条例；安全技术规则,,,
safety regulations,,un.,un. 安全规程；安全操作规程；安全技术规程；安全规则,,,
safety check,,na.,na. 安全检查,,,
salads,,n.,n. 色拉（salad的复数形式）,,,
salad bar,,, 沙拉吧；沙拉台；色拉吧,,,
sailing,ˈseɪlɪŋ,n.,n. 航行，航海；启航；航海术；v. 航行，起航（sail的现在分词形式）；adj. 航行的,,,
schools,skuːlz,n.,n. 学校（school的复数形式）,,,
school fees,,na.,na. 学费,,,
science,ˈsaɪəns,n.,n. 科学；技术；学科；理科,,,
scientist,ˈsaɪəntɪst,n.,n. 科学家,,,
scientific,ˌsaɪənˈtɪfɪk,adj.,adj. 科学的，系统的,,,
scientific research,,n.,n. 科研,,,
scientific explorations,,,无,,,
sea,siː,n.,n. 海；海洋；许多；大量,,,
seafood,ˈsiːfuːd,n.,n. 海鲜；海味；海产食品,,,
sea view,,,[地名] 锡维尤 ( 美、英 ),,,
seagrass,,, 海草,,,
sea level,ˈsiː lev(ə)l,n.,n. 海平面,,,
self,self,n.,n. 自己，自我；本质；私心；adj. 同一的；vt. 使自花授精；使近亲繁殖；vi. 自花授精,,,
self-employed,ˌself ɪmˈplɔɪd,adj.,adj. 个体经营的；自己经营的；不受雇于他人的,,,
self-centered,self ˈsentəd,adj.,adj. 自我中心的；利己主义的,,,
self-access lab,,,无,,,
self-evaluation,"'selfi,vælju'eiʃən",n.,n. 自我评价；自我评估,,,
self-locking,",self'lɔkiŋ",adj.,adj. 自动锁定的,,,
self-drive,ˌself ˈdraɪv,adj.,adj. 租车自己驾驶的,,,
self-defense,ˌself dɪˈfens,n.,n. 自卫；正当防卫；自卫权,,,
ships,ʃɪps,n.,n. 舰船（ship的复数）；v. 船运（ship的第三人称单数形式）,,,
shipping,ˈʃɪpɪŋ,n.,n. [船] 船舶，船舶吨数；海运；运送；v. 运送，乘船（ship的ing形式）,,,
ship building,,na.,na. 造船术[学]；造船业,,,
shops,ʃɒps,n.,n. [贸易] 商店；商店用包装纸（shop的复数）；v. 购物（shop的第三人称单数）,,,
shoppers,,n.,n. 购物者（shopper复数）,,,
shopping,ˈʃɒpɪŋ,n.,n. 购物，买东西；v. 购物（shop的ing形式）,,,
shopping mall,,un.,un. 商业区林荫路,,,
silver,ˈsɪlvə(r),n.,n. 银；银器；银币；银质奖章；餐具；银灰色；adj. 银的；含银的；有银色光泽的；口才流利的；第二十五周年的婚姻；vt. 镀银；使有银色光泽；vi. 变成银色,,,
silver paper,,,银箔纸,,,
skills,'skɪlz,n.,n. 技能；技巧（skill的复数形式）；技术,,,
statistics,stəˈtɪstɪks,n.,n. 统计；统计学；[统计] 统计资料,,,
stones,stəʊnz,n.,n. 石子（stone的复数）；小石头；v. 向…扔石子；用石块铺（stone的三单形式）,,,
storm,stɔːm,n.,n. 暴风雨；大动荡；vt. 猛攻；怒骂；vi. 起风暴；横冲直撞；狂怒咆哮,,,
student,ˈstjuːd(ə)nt,n.,n. 学生；学者,,,
student card,,, 学生证；学生卡；学生票,,,
student loan,,, 学生贷款；助学贷款；免息学生贷款,,,
student support,,, 学生支持；学生支援；学生服务中心,,,
students home,,,无,,,
student union,,na.,na. 〈美〉(大学生)学生活动大楼,,,
student service,,,学生服务,,,
social,ˈsəʊʃ(ə)l,n.,n. 联谊会；联欢会；adj. 社会的，社交的；群居的,,,
social activities,,, 社会活动；社交活动；社会生活,,,
social event,,, 社会活动；社交活动；社交文化活动,,,
social information,,, 社会信息；社会化信息获取；社会信息化,,,
social skills,,n.,n. 软技能,,,
society,səˈsaɪəti,n.,n. 社会；交往；社团；社交界,,,
sociable,ˈsəʊʃəb(ə)l,n.,n. 联谊会；adj. 社交的；好交际的；友善的,,,
soft,sɒft,n.,n. 柔性；柔软的东西；柔软部分；adj. 软的，柔软的；温柔的，温和的；软弱的；笨的；adv. 柔软地；温和地,,,
software,ˈsɒftweə(r),n.,n. 软件,,,
soft sediment,,,松软沉积物,,,
spaces,ˈspeɪsɪz,n.,n. 空间；[计] 空格；控制室（space的复数）；v. 把…分隔开；留间隔（space的三单形式）,,,
space museum,,, 太空博物馆；太空馆；太空博物院,,,
special,ˈspeʃ(ə)l,n.,n. 特使，特派人员；特刊；特色菜；专车；特价商品；adj. 特别的；专门的，专用的,,,
special offers,,n.,n. 特价；特别优惠,,,
special code,,un.,un. 特种代码,,,
special buses,,,无,,,
specific,spəˈsɪfɪk,n.,n. 特性；细节；特效药；adj. 特殊的，特定的；明确的；详细的；[药] 具有特效的,,,
specialized,ˈspeʃəlaɪzd,adj.,adj. 专业的；专门的；v. 专攻（specialize的过去分词）；使…专门化；详细说明,,,
specialist,ˈspeʃəlɪst,n.,n. 专家；专门医师；adj. 专家的；专业的,,,
sports,spɔːts,n.,n. 运动；运动会（sport的复数）；（报纸）体育版面；突变；娱乐；adj. 运动的；适用于运动的；v. 娱乐；戏弄（sport的第三人称单数）,,,
sports equipment,,, 运动设备；运动器材；运动器械,,,
sports service,,,无,,,
sports centre,,," 体育运动中心, 运动场",,,
sports injury,,un.,un. 运动创伤,,,
sports hall,,un.,un. 体育馆,,,
surveys,,n.,n. 调查（survey的复数）,,,
surveys methods,,,无,,,
sun,sʌn,n.,n. 太阳；vt. 使晒；vi. 晒太阳,,,
sunset,ˈsʌnset,n.,n. 日落，傍晚,,,
sun-cream,,n.,n. (进行日光浴时用的)防晒乳，防晒霜,,,
sun hat,ˈsʌn hæt,n.,n. 阔边遮阳帽,,,
sun position,,,无,,,
super,ˈsuːpə(r),n.,n. 特级品，特大号；临时雇员；adj. 特级的；极好的,,,
supermarket,ˈsuːpəmɑːkɪt,n.,n. 超级市场；自助售货商店,,,
swimming,ˈswɪmɪŋ,n.,n. 游泳；目眩；adj. 游泳的；游泳用的；善于游泳的；晕眩的；v. 游泳；漂浮；旋转（swim的ing形式）,,,
swimming pool,ˈswɪmɪŋ puːl,n.,n. 游泳池；游泳场；游泳馆,,,
taxes,ˈtæksɪz,n.,n. 税收，税金；税务；[税收] 税捐,,,
tax number,,,无,,,
teenagers,"'ti:n,eidʒəz",n.,n. 青少年（13至19岁，teenager的复数）,,,
technical,ˈteknɪk(ə)l,adj.,adj. 工艺的，科技的；技术上的；专门的,,,
technician,tekˈnɪʃ(ə)n,n.,n. 技师，技术员；技巧纯熟的人,,,
technology,tekˈnɒlədʒi,n.,n. 技术；工艺；术语,,,
temperature,ˈtemprətʃə(r),n.,n. 温度；体温；气温；发烧,,,
tennis,ˈtenɪs,n.,n. 网球（运动）,,,
tennis court,,n.,n. 网球场,,,
time,taɪm,n.,n. 时间；时代；次数；节拍；倍数；adj. 定时的；定期的；分期的；vt. 计时；测定…的时间；安排…的速度,,,
time consuming,,adj.,adj. 花费大量时间的,,,
timetable,ˈtaɪmteɪb(ə)l,n.,n. 时间表；时刻表；课程表,,,
top,tɒp,n.,n. 顶部，顶端；上部；首席；陀螺；adj. 最高的，顶上的；头等的；vt. 超越，超过；给…加盖；达到…的顶端；vi. 高出，超越；结束；达到顶点,,,
top level,,adj.,"adj. 尖[顶]端的；最高级(人士,官员)的",,,
tour,tʊə(r),n.,n. 旅游，旅行；巡回演出；vt. 旅行，在……旅游；在……作巡回演出；vi. 旅行，旅游；作巡回演出,,,
tourism,ˈtʊərɪzəm,n.,n. 旅游业；游览,,,
tourists,ˈtʊərɪsts,n.,n. 旅游者（tourist的复数）；（美）冬季到南方做工的流动工人；v. 旅游；观光（tourist的三单形式）,,,
tourist office,,, 旅游信息中心；旅游咨询处；旅游办公室,,,
town,taʊn,n.,n. 城镇，市镇；市内商业区,,,
town hall,ˌtaʊn ˈhɔːl,n.,n. 镇公所；市政厅；（英国）市镇集会所,,,
traffic,ˈtræfɪk,n.,n. 交通；运输；贸易；[通信] 通信量；vt. 用…作交换；在…通行；vi. 交易，买卖,,,
traffic flow,,un.,un. 客运流量；运输流量；交通流；交通量,,,
traffic light,'træfɪk'laɪt,n.,n. 交通信号灯；红绿灯,,,
traffic noise,,un.,un. 交通噪声,,,
transportation,ˌtrænspɔːˈteɪʃn,n.,n. 运输；运输系统；运输工具；流放,,,
transport service,,un.,un. 运输业；传输服务；传送业务,,,
trains,treɪnz,n.,n. [铁路] 火车；行列（train的复数形式）；v. 训练；受教育（train的第三人称单数形式）,,,
training,ˈtreɪnɪŋ,n.,n. 训练；培养；瞄准；整枝；v. 训练；教养（train的ing形式）,,,
tutors,,n.,n. 导师；助教；家庭教师（tutor的复数形式）；v. 辅导（tutor的单三形式）；当…的教师,,,
tutorials,,n.,n. 教程；专题报告；学习指南（tutorial的复数）,,,
unfriendly,ʌnˈfrendli,adj.,adj. 不友好的；不利的；adv. 不友善地,,,
unfurnished,ʌnˈfɜːnɪʃt,adj.,adj. 无装备的；[建] 无家具设备的；无供给的；vt. 拆除家具（unfurnish的过去式）；搬走家具,,,
unnatural,ʌnˈnætʃrəl,adj.,adj. 不自然的；反常的；不近人情的,,,
unlimited,ʌnˈlɪmɪtɪd,adj.,adj. 无限制的；无限量的；无条件的,,,
uncomfortable,ʌnˈkʌmftəb(ə)l,adj.,adj. 不舒服的；不安的,,,
unsure,ˌʌnˈʃʊə(r),adj.,adj. 不确定的；不肯定的；没有自信的,,,
unhealthy,ʌnˈhelθi,adj.,adj. 不健康的；危险的；有害身心健康的,,,
unanswered,ʌnˈɑːnsəd,adj.,adj. 未答复的；无反应的,,,
unapproachable,ˌʌnəˈprəʊtʃəbl,adj.,adj. 无与伦比的；不可亲的；（地方）不能接近的,,,
undeveloped,ˌʌndɪˈveləpt,adj.,adj. 未开发的；不发达的；未充分发育的,,,
unsocial,ˌʌnˈsəʊʃl,adj.,adj. 非社会的；不合群的；孤僻的；不善交际的,,,
varies,ˈveəriz,n.,n. 多重复合；v. 使不同；改变；违背（vary的三单形式）,,,
variety,vəˈraɪəti,n.,n. 多样；种类；杂耍；变化，多样化,,,
variable,ˈveəriəb(ə)l,n.,n. [数] 变量；可变物，可变因素；adj. 变量的；可变的；易变的，多变的；变异的，[生物] 畸变的,,,
various,ˈveəriəs,adj.,adj. 各种各样的；多方面的,,,
vegetarian,ˌvedʒəˈteəriən,n.,n. 素食者；食草动物；adj. 素食的,,,
vegetable burger,,,无,,,
vegetation,ˌvedʒəˈteɪʃn,n.,n. 植被；植物，草木；呆板单调的生活,,,
videos,,n.,n. 视频文件；影像资料（video的复数）,,,
video recording,,na.,na. 录像,,,
video subtitles,,,无,,,
video cameras,,un.,un. 图像摄影机；录像摄影机；电视录像机；电视摄象机,,,
videotape,ˈvɪdiəʊteɪp,n.,n. 录像带；vt. 将…录到录像带上,,,
videotape editor,,,无,,,
view,vjuː,n.,n. 观察；视野；意见；风景；vt. 观察；考虑；查看,,,
viewpoint,ˈvjuːpɔɪnt,n.,n. 观点，看法；视角,,,
viewing shelter,,,无,,,
villages,,n.,n. [建] 村庄（village的复数形式）；[建] 村落,,,
water,ˈwɔːtə(r),n.,n. 水；海水；雨水；海域，大片的水；vt. 使湿；供以水；给…浇水；vi. 加水；流泪；流口水,,,
watering,ˈwɔːtərɪŋ,n.,n. 浇水；灌溉；排水沟；v. 浇水；灌溉；流口水（water的ing形式）；adj. 灌溉的；浇水用的；流口水的,,,
watering plants,,,无,,,
waterfall,ˈwɔːtəfɔːl,n.,n. 瀑布；瀑布似的东西,,,
waterproof,ˈwɔːtəpruːf,n.,n. 防水材料；vt. 使防水；adj. 防水的，不透水的,,,
water level,,n.,n. 水准，水位，水平; 水平面; 吃水线; 潜水面,,,
water collection tank,,,无,,,
water heater,,n.,n. 热水器,,,
water power,,n.,n. 水力；水能,,,
water treatment,,na.,na. 水的净化,,,
waiter,ˈweɪtə(r),n.,n. 服务员，侍者,,,
waitress,ˈweɪtrəs,n.,n. 女服务员；女侍者；vi. 做女服务生,,,
weathers,ˈweðə(r),n.,n. 天气，气象( weather的名词复数 ),,,
website,ˈwebsaɪt,n.,n. 网站（全球资讯网的主机站）,,,
wheels,wiːlz,n.,n. [车辆] 车轮（wheel的复数）；旋转；v. 推动；改变…的方向；装以车轮（wheel的三单形式）,,,
wheelchair,ˈwiːltʃeə(r),n.,n. 轮椅,,,
winds,,,缠绕；上发条；使弯曲；绕住或缠住某人（wind的第三人称单数）；[气象] 风；呼吸；气味；卷绕（wind的名词复数）,,,
windmills,,n.,n. 风车( windmill的名词复数 ); 旋转玩具; <口>直升飞机; 假想的敌人（或坏事）,,,
wind surfing,ˈwɪndsɜːfɪŋ,,(wind-surf 的现在分词) 风帆,,,
windows,ˈwɪndəʊz,n.,n. 微软公司生产的“视窗”操作系统,,,
window locks,,,窗口锁定，窗键,,,
window view,,,无,,,
worker,ˈwɜːkə(r),n.,n. 工人；劳动者；职蚁,,,
working,ˈwɜːkɪŋ,n.,n. 工作；活动；制作；操纵；v. 工作；影响；受雇用（work的ing形式）；adj. 工作的；操作的；可行的,,,
workload,ˈwɜːkləʊd,n.,n. 工作量,,,
workplace,ˈwɜːkpleɪs,n.,n. 工作场所；车间,,,
workforce,ˈwɜːkfɔːs,n.,n. 劳动力；工人总数，职工总数,,,
workshop,ˈwɜːkʃɒp,n.,n. 车间；研讨会；工场；讲习班,,,
worksheet,ˈwɜːkʃiːt,n.,n. (学生的)活页练习题,,,
wood,wʊd,n.,n. 木材；木制品；树林；vt. 植林于；给…添加木柴；vi. 收集木材,,,
woodland,ˈwʊdlənd,n.,n. 林地；森林；adj. 林地的；居住在森林中的,,,
young,jʌŋ,n.,n. 年轻人；（动物的）崽，仔；adj. 年轻的；初期的；没有经验的,,,
young people,,na.,na. 年轻人；(特指已到结婚年龄的)小伙子,,,
young children,jʌŋ ˈtʃɪldrən,, 幼儿；幼童；儿童,,,
young teenagers,,,无,,,
young graduates,,,无,,,
adults,ˈædʌlts,n.,n. 成年人（adult的复数形式）,,,
academic,ˌækəˈdemɪk,n.,n. 大学生，大学教师；学者；adj. 学术的；理论的；学院的,,,
academic record,,, 学习成绩；学业成绩；成绩单,,,
accidents,'æksɪdənts,n.,n. [安全] 事故（accident的复数）；[安全] 意外事故,,,
actions,ˈækʃ(ə)nz,n.,n. 行动（action的复数）；动作,,,
administration,ədˌmɪnɪˈstreɪʃ(ə)n,n.,n. 管理；行政；实施；行政机构,,,
administration officer,,,无,,,
advance,ədˈvɑːns,n.,n. 发展；前进；增长；预付款；adj. 预先的；先行的；vt. 提出；预付；使……前进；将……提前；vi. 前进；进展；上涨,,,
advance level,,,无,,,
analysis,əˈnæləsɪs,n.,n. 分析；分解；验定,,,
answer,ˈɑːnsə(r),n.,n. 回答；答案；答辩；vt. 回答；符合；vi. 回答；符合,,,
answering the phone,,,无,,,
apartment,əˈpɑːtmənt,n.,n. 公寓；房间,,,
apron,ˈeɪprən,n.,n. 围裙；[航] 停机坪；舞台口；vt. 着围裙于；围绕,,,
apple,ˈæp(ə)l,n.,n. 苹果，苹果树，苹果似的东西；[美俚]炸弹，手榴弹，（棒球的）球；[美俚]人，家伙。,,,
apple juice,,un.,un. 苹果汁,,,
application,ˌæplɪˈkeɪʃ(ə)n,n.,n. 应用；申请；应用程序；敷用,,,
application form,,na.,na. “application blank”的变体,,,
approaches,əˈprəʊtʃɪz,,处理,,,
arms,ɑːmz,n.,n. 臂（arm的复数）；[军] 武器；纹章；v. 武装；配备（arm的三单形式）,,,
armchair,ˈɑːmtʃeə(r),n.,n. 扶手椅，单人沙发；adj. 不切实际的,,,
arrangement,əˈreɪndʒmənt,n.,n. 布置；整理；准备,,,
attachments,,n.,n. [机] 附件；附着物；附属装置（attachment的复数形式）,,,
automatic,ˌɔːtəˈmætɪk,n.,n. 自动机械；自动手枪；adj. 自动的；无意识的；必然的,,,
babies,,n.,n. 婴儿（baby的复数）,,,
bags,bæɡz,n.,n. [包装] 包（bag的复数形式）；v. 把…装入袋中（bag的第三人称单数形式）,,,
band,bænd,n.,n. 带，环；[物] 波段；(演奏流行音乐的) 乐队；n. n.乐队；队；一群；vi. 用带绑扎；给...镶边,,,
bank,bæŋk,n.,n. 银行；岸；浅滩；储库；vt. 将…存入银行；倾斜转弯；vi. 堆积；倾斜转弯,,,
bank statement,ˈbæŋk steɪtmənt,n.,n. 银行结单（某时期内存户存取款项的清单）,,,
bank transfer,,un.,un. 银行间转帐；银行转帐,,,
basement,ˈbeɪsmənt,n.,n. 地下室；地窖,,,
bedroom,ˈbedruːm,n.,n. 卧室；adj. 两性关系的；城郊住宅区的,,,
bedsit,ˈbedsɪt,n.,n. 卧室兼起居室；vt. 租用卧室兼起居室,,,
bed sheet,,n.,n. 床单,,,
beginning,bɪˈɡɪnɪŋ,n.,n. 开始；起点；v. 开始；创建（begin的ing形式）,,,
beginners,bɪˈɡɪnəz,n.,n. 初学者；生手；首创者（beginner的复数）,,,
behaviors,bɪ'heɪvjəz,n.,n. 行为；举止（behavior的复数）,,,
blood,blʌd,n.,n. 血，血液；血统；vt. 从…抽血；使先取得经验,,,
blue,bluː,adj.,adj. 蓝色的；沮丧的，忧郁的；下流的；n. 蓝色；[复数]（美国海、陆、空三军穿的）蓝色制服；蓝颜料；[the blue(s)][用作单数或复数]布鲁斯（歌曲）（一种伤感的美国黑人民歌；vi. 变成蓝色，呈蓝色；vt. 把…染成蓝色；使成蓝色；给…用上蓝剂；用上蓝剂于,,,
bill,bɪl,n.,n. [法] 法案；广告；账单；[金融] 票据；钞票；清单；vt. 宣布；开账单；用海报宣传,,,
biology,baɪˈɒlədʒi,n.,n. （一个地区全部的）生物；生物学,,,
biology lesson,,,无,,,
biological,ˌbaɪəˈlɒdʒɪk(ə)l,adj.,adj. 生物的；生物学的,,,
biological control,,na.,na. 生物防治,,,
branches,ˈbrɑːntʃɪz,n.,n. [计][核] 分支（branch的复数）；分支机构,,,
break,breɪk,vi.,vi. 打破；折断；弄坏；削弱；vt. （使）破；打破（纪录）；（常指好天气）突变；开始；vi. （嗓音）突变；突破；破晓；（价格）突然下跌；n. 破裂；间断；（持续一段时间的状况的）改变；间歇,,,
breakfast,ˈbrekfəst,n.,n. 早餐；早饭；vt. 为…供应早餐；vi. 吃早餐,,,
breakdown,ˈbreɪkdaʊn,n.,n. 故障；崩溃；分解；分类；衰弱；跺脚曳步舞,,,
breed,briːd,n.,n. [生物] 品种；种类，类型；vt. 繁殖；饲养；养育，教育；引起；vi. 繁殖；饲养；产生,,,
bricks,brɪks,n.,n. 砖块（brick的复数）；v. 用砖砌（brick的第三人称单数）,,,
boards,,n.,n. 木板，板子；纸板（board复数形式）,,,
boats,,n.,n. 船（boat的复数）；船艇,,,
body shape,,, 体形；体型；塑造体型,,,
body fluids,,un.,un. 体液,,,
body language,,n.,n. 身势语,,,
booking,ˈbʊkɪŋ,n.,n. 预订；预约；演出契约,,,
book in advance,,, 提前预订；提前预定；什么情况下用餐要预定,,,
booking form,,un.,un. 挂号单；预订单,,,
boots,buːts,n.,n. 靴子（boot的复数）；（英）擦靴的仆役,,,
bottle tops,,, 瓶盖；瓶式过滤器；易拉罐加盖子,,,
bottle water,,,无,,,
cable,ˈkeɪb(ə)l,n.,n. 缆绳；电缆；海底电报；vt. 打电报；vi. 打海底电报,,,
cable car,,n.,n. 索车；有轨缆车,,,
cabin,ˈkæbɪn,n.,n. 小屋；客舱；船舱；vt. 把…关在小屋里；vi. 住在小屋里,,,
cabin key,,,无,,,
calls,kɔːlz,n.,n. 电话（call的复数）；呼吁；调用；v. 呼叫（call的三单）,,,
call diversion,,un.,un. 呼叫转移,,,
cakes,keɪks,n.,n. [食品] 蛋糕（cake的复数）,,,
camel,ˈkæm(ə)l,n.,n. [畜牧][脊椎] 骆驼；打捞浮筒；工作作风官僚；adj. 驼色的；暗棕色的；vi. 工作刻板平庸,,,
camp,kæmp,n.,n. 露营；vt. 扎营；使扎营；vi. 露营；扎营,,,
campsite,ˈkæmpsaɪt,n.,n. 营地,,,
campus,ˈkæmpəs,n.,n. （大学）校园；大学，大学生活；校园内的草地,,,
candles,'kænd(ə)ls,n.,n. [轻] 蜡烛，烛台（candle复数形式）,,,
carbon,ˈkɑːbən,n.,n. [化学] 碳；碳棒；复写纸；adj. 碳的；碳处理的,,,
carbon dioxide,,n.,n. 二氧化碳,,,
career office,,,职业介绍所,,,
cards,kɑːdz,abbr.,abbr. 卡片自动复制与发行系统（Card Automated Reproduction and Distribution System）；计算机辅助可靠性数据系统（Computer Aided Reliability Data System）；n. card的复数形式,,,
card index,,n.,n. 卡片目录（或索引）,,,
carpets,,n.,n. [纺] 地毯（carpet的复数）；v. 在…上铺地毯；铺盖（carpet的三单形式）,,,
cartoons,kɑːˈtuːnz,n.,n. 卡通动画；动漫图书（cartoon的复数）；v. 画漫画（cartoon的三单形式）,,,
case studies,,n.,n. 个案研究；专题,,,
cattle,ˈkæt(ə)l,n.,n. 牛；牲畜（骂人的话）；家畜；无价值的人,,,
cave,keɪv,n.,n. 洞穴，窑洞；vi. 凹陷，塌落；投降；vt. 使凹陷，使塌落；在…挖洞穴,,,
challenge,ˈtʃælɪndʒ,n.,n. 挑战；怀疑；vt. 向…挑战；对…质疑,,,
chairs,tʃeəz,n.,n. [家具] 椅子（chair的复数）；餐椅；安乐椅,,,
chairman,ˈtʃeəmən,n.,n. 主席，会长；董事长,,,
cheapest,tʃi:pɪst,adj.,adj. 最便宜的（cheap的最高级形式）,,,
check,tʃek,n.,n. <美>支票；制止，抑制；检验，核对；vi. 核实，查核；中止；打勾；[象棋]将一军；vt. 检查，核对；制止，抑制；在…上打勾,,,
checklist,ˈtʃeklɪst,n.,n. 清单；检查表；备忘录；目录册,,,
cheese,tʃiːz,n.,n. [食品] 奶酪；干酪；要人；adj. 叛变的；胆小的；vt. 停止,,,
cheque,tʃek,n.,n. 支票,,,
chocolate,ˈtʃɒklət,n.,n. 巧克力，巧克力糖；巧克力色；adj. 巧克力色的；巧克力口味的,,,
classical,ˈklæsɪk(ə)l,n.,n. 古典音乐；adj. 古典的；经典的；传统的；第一流的,,,
classical music,,na.,na. 古典音乐,,,
classical history,,,无,,,
classroom,ˈklɑːsruːm,n.,n. 教室,,,
classroom tour,,,无,,,
clay,kleɪ,n.,n. [土壤] 粘土；泥土；肉体；似黏土的东西；vt. 用黏土处理,,,
clear,klɪə(r),n.,n. 清除；空隙；adj. 清楚的；清澈的；晴朗的；无罪的；vt. 通过；清除；使干净；跳过；vi. 放晴；变清澈；adv. 清晰地；完全地,,,
clear voice,,,无,,,
cloud,klaʊd,n.,n. 云；阴云；云状物；一大群；黑斑；vt. 使混乱；以云遮敝；使忧郁；玷污；vi. 阴沉；乌云密布,,,
climbing,ˈklaɪmɪŋ,n.,n. 攀登；v. 爬（climb的ing形式）；adj. 上升的；攀缘而登的,,,
creativity,ˌkriːeɪˈtɪvəti,n.,n. 创造力；创造性,,,
creation,kriˈeɪʃ(ə)n,n.,n. 创造，创作；创作物，产物,,,
credit,ˈkredɪt,n.,n. 信用，信誉；[金融] 贷款；学分；信任；声望；vt. 相信，信任；把…归给，归功于；赞颂,,,
credit card,,n.,n. 【经】信用卡,,,
credit rating,ˈkredɪt reɪtɪŋ,n.,n. （银行等作出的）信用等级评定,,,
crime,kraɪm,n.,n. 罪行，犯罪；罪恶；犯罪活动；vt. 控告……违反纪律,,,
crowed,krəʊd,,公鸡啼鸣；报晓；欢呼（ crow的过去式和过去分词 ）,,,
coaches,ˈkəʊtʃɪz,n.,n. 教练；车厢（coach的复数形式）；v. 训练，指导（coach的单三形式）,,,
codes,kəʊdz,n.,n. [计] 编码，[计] 代码；规范；准则（code的复数）；v. [计] 编码（code的第三人称单数形式）,,,
coast,kəʊst,n.,n. 海岸；滑坡；vt. 沿…岸航行；vi. 滑行；沿岸航行,,,
collection,kəˈlekʃn,n.,n. 采集，聚集；[税收] 征收；收藏品；募捐,,,
collecting,kəˈlektɪŋ,,聚集；收集（collect的现在分词）,,,
collect money,,, 筹集资金；筹款；收钱,,,
colds,,n.,n. 冷( cold的名词复数 ); 寒冷; 伤风; 感冒,,,
college,ˈkɒlɪdʒ,n.,n. 大学；学院；学会,,,
coins,kɔɪnz,n.,n. 硬币（coin的复数）,,,
commercial,kəˈmɜːʃ(ə)l,n.,n. 商业广告；adj. 商业的；营利的；靠广告收入的,,,
comparison,kəmˈpærɪs(ə)n,n.,n. 比较；对照；比喻；比较关系,,,
comment card,,un.,un. 注解卡片,,,
concerts,ˈkɔnsəts,n.,n. 音乐会；演唱会；（音）协奏曲（concert的复数）；合奏（曲）,,,
concert room,,,演奏室,,,
concert hall,,na.,na. 音乐堂[厅],,,
concentrate,ˈkɒns(ə)ntreɪt,n.,n. 浓缩，精选；浓缩液；vi. 集中；浓缩；全神贯注；聚集；vt. 集中；浓缩,,,
concentration,ˌkɒns(ə)nˈtreɪʃ(ə)n,n.,n. 浓度；集中；浓缩；专心；集合,,,
conservation,ˌkɒnsəˈveɪʃ(ə)n,n.,n. 保存，保持；保护,,,
containers,kən'teinəs,n.,n. [包装] 容器；[交] 集装箱,,,
contract,ˈkɒntrækt; kənˈtrækt,n.,n. 合同；婚约；vt. 感染；订约；使缩短；vi. 收缩；感染；订约,,,
control,kənˈtrəʊl,n.,n. 控制；管理；抑制；操纵装置；vt. 控制；管理；抑制,,,
conversation,ˌkɒnvəˈseɪʃ(ə)n,n.,n. 交谈，会话；社交；交往，交际；会谈；（人与计算机的）人机对话,,,
cookery,ˈkʊkəri,n.,n. 烹调术；烹调业,,,
cooperate,kəʊˈɒpəreɪt,vi.,vi. 合作，配合；协力,,,
cooperative,kəʊˈɒpərətɪv,n.,n. 合作社；adj. 合作的；合作社的,,,
cooperation,kəʊˌɒpəˈreɪʃn,n.,n. 合作，协作；[劳经] 协力,,,
cooperation loan,,,无,,,
corn,kɔːn,n.,n. （美）玉米；（英）谷物；[皮肤] 鸡眼；vt. 腌；使成颗粒,,,
cost,kɒst,n.,n. 费用，代价，成本；损失；vt. 花费；使付出；使花许多钱；vi. 花费,,,
cost-effective,ˌkɒst ɪˈfektɪv,adj.,adj. 划算的；成本效益好的（等于cost-efficient）,,,
country,ˈkʌntri,n.,n. 国家，国土；国民；乡下，农村；乡村；故乡；adj. 祖国的，故乡的；地方的，乡村的；国家的；粗鲁的；乡村音乐的,,,
countryside living,,,无,,,
course,kɔːs,n.,n. 科目；课程；过程；进程；道路；路线，航向；一道菜；vt. 追赶；跑过；vi. 指引航线；快跑,,,
coursework,ˈkɔːswɜːk,n.,n. 作业，修习；指定功课，职业培训,,,
course outline,,,课程大纲,,,
customers,ˈkʌstəməz,n.,n. 客户；[贸易] 顾客（customer的复数）,,,
cycling,ˈsaɪklɪŋ,n.,n. 骑脚踏车消遣；骑脚踏车兜风,,,
danger,ˈdeɪndʒə(r),n.,n. 危险；危险物，威胁,,,
dangerous,ˈdeɪndʒərəs,adj.,adj. 危险的；危险地,,,
in danger,,na.,na. 在危险中,,,
dark,dɑːk,n.,n. 黑暗；夜；黄昏；模糊；adj. 黑暗的，深色的；模糊的；无知的；忧郁的,,,
dark coloured,,un.,un. 暗色的,,,
dark blue,,na.,na. 深蓝色,,,
darkroom,ˈdɑːkruːm; ˈdɑːkrʊm,n.,n. 暗房；[摄] 暗室,,,
date,deɪt,n.,n. 日期；约会；年代；枣椰子；vt. 确定…年代；和…约会；vi. 过时；注明日期；始于（某一历史时期）,,,
data analysis,,n.,n. 数据分析；资料分析,,,
day,deɪ,n.,n. 一天；时期；白昼；adj. 日间的；逐日的；adv. 每天；经常在白天地,,,
day off,,n.,n. 休假日；休息日,,,
daylight,ˈdeɪlaɪt,n.,n. 白天；日光；黎明；公开,,,
decline,dɪˈklaɪn,n.,n. 下降；衰退；斜面；vt. 谢绝；婉拒；vi. 下降；衰落；谢绝,,,
decorations,dekə'reiʃəns,n.,n. 装饰品（decoration的复数）；装修,,,
defense,dɪˈfens,n.,n. 防卫，防护；防御措施；防守；vt. 谋划抵御,,,
deposit,dɪˈpɒzɪt,n.,n. 存款；押金；订金；保证金；沉淀物；vt. 使沉积；存放；vi. 沉淀,,,
dentist,ˈdentɪst,n.,n. 牙科医生；牙医诊所,,,
description,dɪˈskrɪpʃn,n.,n. 描述，描写；类型；说明书,,,
design,dɪˈzaɪn,n.,n. 设计；图案；vt. 设计；计划；构思；vi. 设计,,,
designers,,n.,n. [建] 设计师，[建] 设计者；设计器（designer的复数形式）,,,
design research,,, 设计研究；设计研究学会；设计研究与创新,,,
department,dɪˈpɑːtmənt,n.,n. 部；部门；系；科；局,,,
department head,,n.,n. 系主任,,,
department store,,n.,n. 百货公司；大百货商店,,,
depth,depθ,n.,n. [海洋] 深度；深奥,,,
develop,dɪˈveləp,vi.,vi. 发育；生长；进化；显露；vt. 开发；进步；使成长；使显影,,,
developing country,dɪˈveləpɪŋ ˈkʌntri,n.,n. 发展中国家,,,
development,dɪˈveləpmənt,n.,n. 发展；开发；发育；住宅小区（专指由同一开发商开发的）；[摄] 显影,,,
diaries,,n.,n. 日记，日记簿；日志（diary的复数形式）,,,
diet,ˈdaɪət,n.,n. 饮食；食物；规定饮食；vt. [医] 照规定饮食；vi. 节食,,,
digital privacy,,,数字隐私,,,
digital system,,un.,un. 数字系统,,,
digital store,,,[物理] 数字存储器; 数字存储; 数 字 存 储 器,,,
dinner,ˈdɪnə(r),n.,n. 晚餐，晚宴；宴会；正餐,,,
dining room,,n.,n. 饭厅；餐厅,,,
direct,dəˈrekt,adj.,adj. 直接的；直系的；亲身的；恰好的；vt. 管理；指挥；导演；指向；adv. 直接地；正好；按直系关系；vi. 指导；指挥,,,
direction,dəˈrekʃn; daɪˈrekʃn,n.,n. 方向；指导；趋势；用法说明,,,
discount,ˈdɪskaʊnt,n.,n. 折扣；贴现率；vt. 打折扣；将…贴现；贬损；低估；忽视；vi. 贴现；打折扣出售商品,,,
diploma,dɪˈpləʊmə,n.,n. 毕业证书，学位证书；公文，文书；奖状；vt. 发给…毕业文凭,,,
diving,ˈdaɪvɪŋ,n.,n. 跳水，潜水；adj. 跳水的，潜水的；v. 跳水（dive的现在分词）；潜水,,,
diving mask,,un.,un. 潜水面罩,,,
drying,ˈdraɪɪŋ,n.,n. 干燥；v. 把…弄干（dry的ing形式）,,,
dried,draɪd,v.,v. 使干（原形是dry）；adj. 干燥的；弄干了的,,,
drama,ˈdrɑːmə,n.,n. 戏剧，戏剧艺术；剧本；戏剧性事件,,,
drums,drʌmz,n.,n. 鼓；鼓声（drum的复数）；v. 打鼓（drum的第三人称单数）,,,
documents,'dɒkjumənts,n.,n. [计] 文档（document的复数形式）；v. 记载（document的第三人称单数形式）,,,
documentation,ˌdɒkjumenˈteɪʃn,n.,"n. 文件, 证明文件, 史实, 文件编制",,,
documentary,ˌdɒkjuˈment(ə)ri,n.,n. 纪录片；adj. 记录的；文件的；记实的,,,
donations,,n.,n. [经] 捐赠（donation的复数）；捐款,,,
downhill,ˌdaʊnˈhɪl; ˈdaʊnhɪl,n.,n. 下坡；滑降；adj. 下坡的；容易的；adv. 下坡；向下；每况愈下,,,
door,dɔː(r),n.,n. 门；家，户；门口；通道,,,
door to door,,adj.,adj. 挨门逐户的；(货物由发货场)直送用户的；adv. 挨户；送货上门地,,,
eat,iːt,vt.,vt. 吃，喝；腐蚀；烦扰；vi. 进食；腐蚀，侵蚀,,,
eating patterns,,, 饮食习惯；饮食模式；进食模式,,,
early,ˈɜːli,adj.,adj. 早期的；早熟的；adv. 提早；在初期,,,
economy,ɪˈkɒnəmi,n.,n. 经济；节约；理财,,,
economics,ˌiːkəˈnɒmɪks,n.,n. 经济学；国家的经济状况,,,
economics history,,,无,,,
economical,ˌiːkəˈnɒmɪkl; ˌekəˈnɒmɪkl,adj.,adj. 经济的；节约的；合算的,,,
effort,ˈefət,n.,n. 努力；成就,,,
eggs,eɡz,n.,n. [禽] 蛋（egg的复数形式）；鸡蛋,,,
emergency,ɪˈmɜːdʒənsi,n.,n. 紧急情况；突发事件；非常时刻；adj. 紧急的；备用的,,,
embassy,ˈembəsi,n.,n. 大使馆；大使馆全体人员,,,
employee,ɪmˈplɔɪiː,n.,n. 雇员；从业员工,,,
employer,ɪmˈplɔɪə(r),n.,n. 雇主，老板,,,
emotion,ɪˈməʊʃn,n.,n. 情感；情绪,,,
emotional,ɪˈməʊʃən(ə)l,adj.,adj. 情绪的；易激动的；感动人的,,,
engine,ˈendʒɪn,n.,n. 引擎，发动机；机车，火车头；工具,,,
entertainment,ˌentəˈteɪnmənt,n.,n. 娱乐；消遣；款待,,,
entertainment industry,,un.,un. 娱乐业,,,
entry,ˈentri,n.,n. 进入；入口；条目；登记；报关手续；对土地的侵占,,,
entrance,ˈentrəns,n.,n. 入口；进入；vt. 使出神，使入迷,,,
equipment,ɪˈkwɪpmənt,n.,n. 设备，装备；器材,,,
escape,ɪˈskeɪp,n.,n. 逃跑；逃亡；逃走；逃跑工具或方法；野生种；泄漏；vi. 逃脱；避开；溜走；（气体，液体等）漏出；（未受伤或只受了一点伤害而）逃脱；声音（不自觉地）由…发出；vt. 逃避，避开，避免；被忘掉；被忽视,,,
essays,,n.,n. 随笔（essay的复数形式）；短文；试图；v. 作…尝试；企图（essay的第三人称单数）,,,
essay writing,,, 论说文写作；短文写作,,,
estimate,ˈestɪmət,n.,n. 估计，估价；判断，看法；vt. 估计，估量；判断，评价；vi. 估计，估价,,,
example,ɪɡˈzɑːmp(ə)l,n.,n. 例子；榜样；vt. 作为…的例子；为…做出榜样；vi. 举例,,,
expensive,ɪkˈspensɪv,adj.,adj. 昂贵的；花钱的,,,
evaluation,ɪˌvæljuˈeɪʃn,n.,n. 评价；[审计] 评估；估价；求值,,,
evenings,ˈiːvnɪŋz,adv.,adv. 在（任何）晚上；每晚,,,
evening meals,,,无,,,
evening news,,, 晚间新闻；晚报；新闻晚报,,,
extra,ˈekstrə,n.,n. 临时演员；号外；额外的事物；上等产品；adj. 额外的，另外收费的；特大的；adv. 特别地，非常；另外,,,
experience,ɪkˈspɪəriəns,n.,n. 经验；经历；体验；vt. 经验；经历；体验,,,
exhibition,ˌeksɪˈbɪʃ(ə)n,n.,n. 展览，显示；展览会；展览品,,,
exhibitor,ɪɡˈzɪbɪtə(r),n.,n. 展出者；显示者,,,
factories,'fæktriz,n.,n. 工厂，车厂（factory复数形式）,,,
fashion,ˈfæʃ(ə)n,n.,n. 时尚；时装；样式；时髦人物；vt. 使用；改变；做成…的形状,,,
fear,fɪə(r),n.,n. 害怕；恐惧；敬畏；担心；vt. 害怕；敬畏；为…担心；vi. 害怕；敬畏；为…担心,,,
fees,fiːz,n.,n. [会计] 费用（fee的复数）；规费,,,
fertilizers,,n.,n. [肥料] 肥料（fertilizer的复数形式）；化肥；底肥,,,
flight,flaɪt,n.,n. 飞行；班机；逃走；vt. 射击；使惊飞；vi. 迁徙,,,
floors,flɔːz,n.,n. [建] 地板；楼层；层数（floor的复数）；楼地面,,,
fields,'fiːldz,n.,n. 域，字段；场设置（field复数形式）；v. 使上场（field的单三形式）,,,
fieldwork,ˈfiːldwɜːk,n.,n. 野外工作；现场工作；野战工事,,,
first,fɜːst,num.,num. 第一；n. 第一；开始；冠军；adj. 第一的；基本的；最早的；adv. 第一；首先；优先；宁愿,,,
first draft,,un.,un. 〔文〕初稿；第一稿,,,
first-years students,,,无,,,
first-aid kit,,n.,n. 急救箱,,,
fitness,ˈfɪtnəs,n.,n. 健康；适当；适合性,,,
fitness level,,, 健康水平；体适能程度；体能状况,,,
fitness centre,,, 健身房,,,
fridge,frɪdʒ,n.,n. 电冰箱,,,
fruits,fruːts,n.,n. 水果；成果，收益（fruit的复数）；孽息；v. 结果实（fruit的第三人称单数）,,,
fruit juice,,na.,na. 果子汁,,,
fruit tree,,n.,n. 果树,,,
fruit cake,ˈfruːt keɪk,n.,n. 干果蛋糕；怪人；疯子,,,
frogs,,n.,n. 青蛙（frog的复数形式）,,,
freedom,ˈfriːdəm,n.,n. 自由，自主；直率,,,
formal garden,,un.,un. 规则式园林,,,
formal clothing,,,无,,,
formal meetings,,,无,,,
forms,fɔːmz,n.,n. 表格（form的复数形式）；表单；窗体；v. 形成（form的第三人称单数）；培养；制作,,,
feet,fiːt,n.,n. 脚（foot的复数形式）；尺；韵脚,,,
footbridges,ˈfʊtbrɪdʒ,n.,n. 人行桥( footbridge的名词复数 ),,,
footprints,fu:t'prints,n.,n. 足迹；脚印（footprint的复数）；足印,,,
full time,ˌfʊl ˈtaɪm,adj.,adj. 全部时间的；n. （体育运动的）全场比赛结束时间,,,
games,ɡeɪmz,n.,n. 游戏；比赛（game的复数形式）；游戏程序；v. 赌博（game的第三人称单数）,,,
game room,,na.,na. 娱乐室,,,
gas,ɡæs,n.,n. 气体；[矿业] 瓦斯；汽油；毒气；vt. 加油；毒（死）；vi. 加油；放出气体；空谈,,,
gas tanks,ɡæs tæŋk,un.,un. 汽车上的油箱；煤气罐；储气罐；气柜,,,
gaps,ɡæps,n.,n. 差异，缺口；缝隙（gap的复数形式）；v. 裂开；使豁裂（gap的第三人称单数形式）,,,
gene,dʒiːn,n.,n. [遗] 基因，遗传因子,,,
genetic,dʒəˈnetɪk,adj.,adj. 遗传的；基因的；起源的,,,
gender,ˈdʒendə(r),n.,n. 性；性别；性交；vt. 生（过去式gendered，过去分词gendered，现在分词gendering，第三人称单数genders，形容词genderless）,,,
general,ˈdʒen(ə)rəl,n.,n. 一般；将军，上将；常规；adj. 一般的，普通的；综合的；大体的,,,
general discussion,,n.,n. 泛论,,,
general tour,,,无,,,
gifts,ɡɪfts,n.,n. 礼品，[贸易] 赠品；礼物；天赋（gift的复数形式）；v. 赐予（gift的三单形式）；给与,,,
gold,ɡəʊld,n.,n. 金，黄金；金色；金币；adj. 金的，金制的；金色的,,,
golf,ɡɒlf,n.,n. 高尔夫球；高尔夫球运动；vi. 打高尔夫球,,,
golf court,,,无,,,
grade,ɡreɪd,n.,n. 年级；等级；成绩；级别；阶段；vt. 评分；把…分等级；vi. 分等级；逐渐变化,,,
gravity,ˈɡrævəti,n.,n. 重力，地心引力；严重性；庄严,,,
grain,ɡreɪn,n.,n. 粮食；颗粒；[作物] 谷物；纹理；vt. 使成谷粒；vi. 成谷粒,,,
green,ɡriːn,n.,n. 绿色；青春；adj. 绿色的；青春的；vt. 使…变绿色；vi. 变绿色,,,
green button,,,无,,,
green waste,,, 绿色垃圾；园林废弃物；园林垃圾,,,
green tax,,n.,n. 绿色税；生态税；环保税,,,
guest,ɡest,n.,n. 客人，宾客；顾客；adj. 客人的；特邀的，客座的；vt. 款待，招待；vi. 作客，寄宿,,,
gun,ɡʌn,n.,n. 枪支；枪状物；持枪歹徒；vt. 向…开枪；开大油门；vi. 用枪射击；加大油门快速前进,,,
hairs,heəz,n.,n. [解剖] 体毛（hair的复数）；几根头发；v. 除去…的毛发（hair的第三人称单数形式）,,,
hairdresser,ˈheədresə(r),n.,n. 美发师,,,
hard,hɑːd,adj.,adj. 努力的；硬的；困难的；辛苦的；确实的；严厉的；猛烈的；冷酷无情的；adv. 努力地；困难地；辛苦地；接近地；猛烈地；牢固地,,,
hard working,,adj.,adj. 勤劳的,,,
harm,hɑːm,n.,n. 伤害；损害；vt. 伤害；危害；损害,,,
harmful,ˈhɑːmf(ə)l,adj.,adj. 有害的；能造成损害的,,,
harvest,ˈhɑːvɪst,n.,n. 收获；产量；结果；vt. 收割；得到；vi. 收割庄稼,,,
habitat,ˈhæbɪtæt,n.,n. [生态] 栖息地，产地,,,
handle,ˈhænd(ə)l,n.,n. [建] 把手；柄；手感；口实；vt. 处理；操作；运用；买卖；触摸；vi. 搬运；易于操纵,,,
handouts,"'hænd,auts",n.,n. 讲义；宣传册子，宣传品（handout的复数形式）,,,
handbook,ˈhændbʊk,n.,n. 手册；指南,,,
head,hed,n.,n. 头；头痛；上端；最前的部分；理解力；adj. 头的；主要的；在顶端的；vt. 前进；用头顶；作为…的首领；站在…的前头；给…加标题；vi. 出发；成头状物；船驶往,,,
headache,ˈhedeɪk,n.,n. 头痛；麻烦；令人头痛之事,,,
head office,,n.,n. 总部；总公司,,,
headphones,ˈhedfəʊnz,n.,n. [电讯] 耳机；听筒；[电子] 头戴式受话器（headphone的复数形式）,,,
hearing,ˈhɪərɪŋ,n.,n. 听力；审讯，听讯；v. 听见（hear的ing形式）,,,
heavy,ˈhevi,n.,n. 重物；严肃角色；adj. 沉重的；繁重的，巨大的；拥挤的；阴沉的；adv. 大量地；笨重地,,,
heat,hiːt,n.,n. 高温；压力；热度；热烈；vt. 使激动；把…加热,,,
heater,ˈhiːtə(r),n.,n. 加热器；加热工,,,
helmet,ˈhelmɪt,n.,n. 钢盔，头盔,,,
high,haɪ,n.,n. 高水平；天空；由麻醉品引起的快感；高压地带；adj. 高的；高级的；崇高的；高音调的；adv. 高；奢侈地,,,
high temperature,,adj.,adj. 高温度的；n. 高温,,,
high car taxes,,,无,,,
high energy snack,,,无,,,
highway,ˈhaɪweɪ,n.,n. 公路，大路；捷径,,,
history,ˈhɪst(ə)ri,n.,n. 历史，历史学；历史记录；来历,,,
historical maps,,,无,,,
historical photograph,,,无,,,
holidays,'hɒlədeɪz,n.,n. 假日（holiday的复数形式）；v. 度假（holiday的单三形式）；adv. 每逢假日，在假日,,,
home,həʊm,n.,n. 家，住宅；产地；家乡；避难所；adj. 国内的，家庭的；有效的；vt. 归巢，回家；adv. 在家，回家；深入地,,,
home phone,,, 住宅电话；家庭电话；住家电话,,,
homework,ˈhəʊmwɜːk,n.,n. 家庭作业，课外作业,,,
hospitals,,n.,n. 医院( hospital的名词复数 ),,,
hotels,həʊˈtelz,n.,n. 酒店；旅馆（hotel的复数）；大饭店；v. 使…在饭店下榻；进行旅馆式办公（hotel的第三人称单数）,,,
hunting,ˈhʌntɪŋ,n.,n. 打猎；追逐；搜索；v. 狩猎；寻找（hunt的ing形式）；追捕；adj. 打猎的；振荡的,,,
humans,ˈhjuːmənz,n.,n. [人类] 人类（human的复数形式）,,,
ice,aɪs,n.,n. 冰；冰淇淋；矜持；（俚）钻石；adj. 冰的；vt. 冰镇；结冰；vi. 结冰,,,
ice pack,ˈaɪs pæk,n.,n. 冰袋（用于受伤等部位降温）,,,
ideas,,abbr.,abbr. 工业设计优秀奖,,,
identity,aɪˈdentəti,n.,n. 身份；同一性，一致；特性；恒等式,,,
identification,aɪˌdentɪfɪˈkeɪʃn,n.,n. 鉴定，识别；认同；身份证明,,,
images,ˈɪmɪdʒɪz,n.,"n. 图像,影像,肖像,想像",,,
improvement,ɪmˈpruːvmənt,n.,n. 改进，改善；提高,,,
impossible,ɪmˈpɒsəb(ə)l,n.,n. 不可能；不可能的事；adj. 不可能的；不可能存在的；难以忍受的；不真实的,,,
increase,ɪnˈkriːs,n.,n. 增加，增长；提高；vt. 增加，加大；vi. 增加，增大；繁殖,,,
industry,ˈɪndəstri,n.,n. 产业；工业；勤勉,,,
ink,ɪŋk,n.,n. 墨水，墨汁；油墨；vt. 签署；涂墨水于,,,
innovation,ˌɪnəˈveɪʃ(ə)n,n.,n. 创新，革新；新方法,,,
interest,ˈɪntrəst,n.,n. 兴趣，爱好；利息；趣味；同行；vt. 使……感兴趣；引起……的关心；使……参与,,,
interest rates,,adj.,adj. 利率的；n. 利息率；利率,,,
internal,ɪnˈtɜːn(ə)l,n.,n. 内脏；本质；adj. 内部的；里面的；体内的；（机构）内部的,,,
internal clock,,un.,un. 体内钟,,,
intermediate,ˌɪntəˈmiːdiət,n.,n. [化学] 中间物；媒介；adj. 中间的，中级的；vi. 起媒介作用,,,
items,ˈaɪtəmz,n.,n. 项目；名目；所有物品（item的复数形式）；v. 记下（item的第三人称单数形式）；逐条记载,,,
jacket,ˈdʒækɪt,n.,n. 羽绒滑雪衫；西装短外套；短上衣，夹克；土豆皮；书籍的护封；文件套，公文夹；vt. 给…穿夹克；给…装护套；给…包上护封；〈口〉打,,,
jeans,dʒiːnz,n.,n. 牛仔裤；工装裤,,,
joint,dʒɔɪnt,n.,n. 关节；接缝；接合处，接合点；（牛，羊等的腿）大块肉；adj. 共同的；连接的；联合的，合办的；vt. 连接，贴合；接合；使有接头；vi. 贴合；生节,,,
joining,ˈdʒɔɪnɪŋ,n.,n. 连接；接缝；连接物,,,
joining fees,,,无,,,
journals,,n.,n. 学术期刊（journal的复数）；日记；日记账,,,
key,kiː,n.,n. （打字机等的）键；关键；钥匙；vt. 键入；锁上；调节…的音调；提供线索；vi. 使用钥匙；adj. 关键的,,,
keyboard,ˈkiːbɔːd,n.,n. 键盘；vt. 键入；用键盘式排字机排字；vi. 用键盘进行操作；作键盘式排字机排字,,,
king,kɪŋ,n.,n. 国王；最有势力者；王棋；vi. 统治；做国王；vt. 立…为王；adj. 主要的，最重要的，最大的,,,
knowledge,ˈnɒlɪdʒ,n.,n. 知识，学问；知道，认识；学科,,,
knowledge sharing,,, 知识共享,,,
lab,læb,n.,n. 实验室，研究室,,,
laboratories,,n.,n. 实验室（laboratory的复数）,,,
laboratories report,,,无,,,
land,lænd,n.,n. 国土；陆地；地面；vt. 使…登陆；使…陷于；将…卸下；vi. 登陆；到达,,,
landlady,ˈlændleɪdi,n.,n. 女房东；女地主；女店主,,,
landmarks,,n.,n. 地标，[航] 陆标；标志（landmark复数形式）,,,
languages,,n.,n. 语系，语种；语言文字（language复数）,,,
large,lɑːdʒ,adj.,adj. 大的；多数的；广博的；adv. 大大地；夸大地；n. 大,,,
large office,,,无,,,
large scale,,adj.,adj. 大规模的；大面积的；巨型的；(地图等的)大比例的,,,
laundry,ˈlɔːndri,n.,n. 洗衣店，洗衣房；要洗的衣服；洗熨；洗好的衣服,,,
leader,ˈliːdə(r),n.,n. 领导者；首领；指挥者,,,
leadership,ˈliːdəʃɪp,n.,n. 领导能力；领导阶层,,,
leadership style,,, 领导风格；领导方式；领袖风格,,,
leaves,liːvz,n.,n. 树叶；花瓣（leaf的复数）；v. 离开（leave的第三人称单数）,,,
leaflet,ˈliːflət,n.,n. 小叶；传单,,,
learn,lɜːn,vt.,vt. 学习；得知；认识到；vi. 学习；获悉,,,
learning,ˈlɜːnɪŋ,n.,n. 学习；学问；v. 学习（learn的现在分词）,,,
learning difficulty,,,学习难度,,,
learning zone,,,无,,,
learning style,,,学习风格[方式],,,
learner,ˈlɜːnə(r),n.,n. 初学者，学习者,,,
lectures,ˈlektʃəz,n.,n. 演讲，讲演（lecture复数形式）；v. 向…讲演；训斥（lecture的第三人称单数）,,,
lecturer,ˈlektʃərə(r),n.,n. 讲师，演讲者,,,
levels,ˈlev(ə)lz,n.,n. 水平，标准（level复数形式）；色阶调整；控制色阶；v. 拉平，变平（level的第三人称单数形式）,,,
literature,ˈlɪtrətʃə(r),n.,n. 文学；文献；文艺；著作,,,
license,ˈlaɪsns,n.,n. 执照，许可证；特许；vt. 许可；特许；发许可证给,,,
life assurance,,n.,n. [保险] 人寿保险；（保险公司付给的）[保险] 人寿保险金；（被保险人缴纳的）[保险] 人寿保险费,,,
lifespan,ˈlaɪfspæn,n.,n. 寿命；预期生命期限；预期使用期限,,,
lifestyle,ˈlaɪfstaɪl,n.,n. 生活方式；保健的,,,
life cycle,ˈlaɪf saɪkl,n.,n. 生命周期；寿命（产品等从开发到使用完毕的一段时间）,,,
lifting,ˈlɪftɪŋ,adj.,adj. 举起的，起重的；n. 举起，起重；提高，上升；v. 举起，抬起（lift的ing形式）,,,
list,lɪst,n.,n. [计] 列表；清单；目录；vi. 列于表上；vt. 列出；记入名单内,,,
listening,ˈlɪsənɪŋ,adj.,adj. 收听的；助听的；n. 倾听；v. 听（listen的ing形式）,,,
line,laɪn,n.,n. 路线，航线；排；绳；vt. 排成一行；划线于；以线条标示；使…起皱纹；vi. 排队；站成一排,,,
living,ˈlɪvɪŋ,adj.,adj. 活的；现存的；活跃的；逼真的；n. 生活；生存；生计；v. 生活；居住（live的ing形式）；度过,,,
living expense,,, 生活费；生活费用；生活花费,,,
living room,'lɪvɪŋ ru:m,n.,n. 客厅；起居室,,,
location,ləʊˈkeɪʃn,n.,n. 位置（形容词locational）；地点；外景拍摄场地,,,
long,lɒŋ,n.,n. 长时间；[语] 长音节；（服装的）长尺寸；长裤；adj. 长的；过长的；做多头的；长时间的；冗长的，长音；vi. 渴望；热望；adv. 长期地；始终,,,
long stick,,, 长棍；长棍子；长码尺,,,
long tables,,,无,,,
long-term,ˌlɒŋ ˈtɜːm,adj.,adj. 长期的；从长远来看,,,
lookout point,,un.,un. 侦察哨,,,
lost,lɒst,adj.,adj. 失去的；丧失的；迷惑的；v. 遗失（lose的过去分词）；失败,,,
lost children,,,无,,,
lounge,laʊndʒ,n.,n. 休息室；闲逛；躺椅；（英）酒吧间；vi. 闲逛；懒洋洋地躺卧；闲混；vt. 虚度光阴,,,
lower,ˈləʊə(r),vt.,vt. 减弱，减少；放下，降下；贬低；vi. 降低；减弱；跌落；adj. 下游的；下级的；下等的,,,
low impact,,adj.,adj. （动作）低力度的；（尤指对环境）低冲击的,,,
low-risk investment,,,无,,,
low nutrition,,,无,,,
loyal,ˈlɔɪəl,adj.,adj. 忠诚的，忠心的；忠贞的；n. 效忠的臣民；忠实信徒,,,
loyalty,ˈlɔɪəlti,n.,n. 忠诚；忠心；忠实；忠于…感情,,,
lunch,lʌntʃ,n.,n. 午餐；vt. 吃午餐；供给午餐；vi. 吃午餐；供给午餐,,,
machines,mə'ʃiːnz,n.,n. [机] 机器；机械（machine的复数）；v. 以机器制造（machine的第三人称单数形式）,,,
machinery,məˈʃiːnəri,n.,n. 机械；机器；机构；机械装置,,,
maturity,məˈtʃʊərəti; məˈtjʊərəti,n.,n. 成熟；到期；完备,,,
male,meɪl,adj.,adj. 男性的；雄性的；有力的；n. 男人；雄性动物,,,
male and female,,un.,un. 阴阳面,,,
main,meɪn,n.,n. 主要部分，要点；体力；总管道；adj. 主要的，最重要的；全力的,,,
main hall,,, 大厅；主厅；主大厅,,,
meat,miːt,n.,n. 肉，肉类（食用）,,,
meals,miːlz,n.,n. 膳食；谷类（meal的复数）；v. 进餐（meal的三单形式）,,,
meetings,'mi:tiŋz,n.,n. 会议，集会，会见（meeting的复数形式）,,,
memories,ˈmeməriz,n.,n. 记忆（memory的复数）；回忆,,,
mental,ˈmentl,adj.,adj. 精神的；脑力的；疯的；n. 精神病患者,,,
mental ability,,un.,un. 心理能力,,,
metals,'met(ə)lz,,五金,,,
migrate,maɪˈɡreɪt,vi.,vi. 移动；随季节而移居；移往；vt. 使移居；使移植,,,
milk,mɪlk,n.,n. 牛奶；乳状物；vt. 榨取；挤…的奶；vi. 挤奶,,,
minibus,ˈmɪnibʌs,n.,n. 面包车（等于microbus）；小型公共汽车；中客车；vi. 乘中客车,,,
minivan,ˈmɪnivæn,n.,n. 小型货车,,,
mirror,ˈmɪrə(r),n.,n. 镜子；真实的写照；榜样；vt. 反射；反映,,,
mobile phone,,n.,n. 手机；移动电话,,,
modern,ˈmɒdn,adj.,adj. 现代的，近代的；时髦的；n. 现代人；有思想的人,,,
modern language,,n.,n. 现代语言（尤指在学校里教授的欧洲语言）,,,
money,ˈmʌni,n.,n. 钱；货币；财富,,,
money management,,un.,un. 货币管理,,,
monkeys,ˈmʌŋkiz,n.,n. 猴子（monkey的复数）；v. 模仿（monkey的单三形式）；胡闹，乱弄,,,
morning,ˈmɔːnɪŋ,n.,n. 早晨；黎明；初期,,,
names,nems,n.,n. 名字；名望（name的复数形式）；v. 命名；列举（name的第三人称单数形式）；提到…的名字,,,
navigational,ˌnævɪˈɡeɪʃənl,adj.,adj. 航行的，航运的,,,
negative,ˈneɡətɪv,adj.,adj. [数] 负的；消极的；否定的；阴性的；n. 否定；负数；[摄] 底片；vt. 否定；拒绝,,,
negative effect,,n.,n. 消极作用,,,
negative thinking,,, 负面思维；负面思考；消极的思维,,,
nests,nests,n.,n. （鸟）窝( nest的名词复数 ); 温床; （套叠在一起的）一套物件; 藏匿处；v. 筑巢( nest的第三人称单数 ),,,
nesting,ˈnestɪŋ,n.,n. [计] 嵌套；造巢；镶嵌；v. 为…筑巢；整天呆在家里；使套入（nest的ing形式）,,,
nets,nets,n.,n. 网（net的复数）；v. 捕捉（net的三单形式）；把…织成网,,,
network,ˈnetwɜːk,n.,n. 网络；广播网；网状物,,,
night,naɪt,n.,n. 夜晚，晚上；黑暗，黑夜；adj. 夜晚的，夜间的,,,
night tour,,,夜班,,,
night shifts,,na.,na. 夜班(时间)；〈集合词〉夜班工人,,,
nurse,nɜːs,vt.,vt. 看护，护理；照顾；培养；给…喂奶；vi. 照料，护理；喂奶；当保姆；n. 护士；奶妈，保姆,,,
nursing,ˈnɜːsɪŋ,n.,n. 护理；看护；养育；v. 看护；养育（nurse的ing形式）,,,
nursing care,,, 护理；护理照护；护理服务,,,
nuts,nʌts,adj.,adj. 发狂的；热衷的；狂热的；int. 胡说；呸；n. 坚果；螺母（nut的复数）；核心；v. 采坚果；用头撞（nut的三单形式）,,,
nutrition,njuˈtrɪʃ(ə)n,n.,n. 营养，营养学；营养品,,,
none,nʌn,pron.,pron. 没有人；一个也没有；没有任何东西；adj. 没有的，一点没有的；adv. 决不，一点也不,,,
non-smoking,ˌnɒn ˈsməʊkɪŋ,adj.,adj. 不抽烟的；禁止吸烟的,,,
non-native,ˌnɒn ˈneɪtɪv,adj.,adj. 非本地；非原生；n. 外乡人,,,
object,ˈɒbdʒɪkt; əbˈdʒekt,n.,n. 目标；物体；客体；宾语；vt. 提出…作为反对的理由；vi. 反对；拒绝,,,
objectives,əbˈdʒektɪvz,n.,n. 目的（objective的复数形式）；目标；宗旨,,,
observation,ˌɒbzəˈveɪʃ(ə)n,n.,n. 观察；监视；观察报告,,,
ocean,ˈəʊʃ(ə)n,n.,n. 海洋；大量；广阔,,,
ocean condition,,,无,,,
ocean currents,,, 洋流；海流；大洋环流,,,
oldest,ˈəʊldɪst,adj.,adj. 最老的（old的最高级）；最旧的,,,
old clothes,,, 旧衣服；旧衣裙；旧衣裳,,,
online,ˌɒnˈlaɪn,adj.,adj. 联机的；在线的；adv. 在线地,,,
online shopping,,, 网上购物；网购；线上购物,,,
online game,,, 线上游戏；网络游戏；在线游戏,,,
online service,,n.,n. 在线服务,,,
opera,ˈɒprə,n.,n. 歌剧；歌剧院；歌剧团,,,
opera house,,n.,n. 歌剧院,,,
open,ˈəʊpən,adj.,adj. 公开的；敞开的；空旷的；坦率的；营业着的；vi. 开始；展现；vt. 公开；打开；n. 公开；空旷；户外,,,
opportunities,ˌɒpəˈtjuːnətiz,n.,n. 因素；机会；[数] 机遇,,,
organic,ɔːˈɡænɪk,adj.,adj. [有化] 有机的；组织的；器官的；根本的,,,
orange,ˈɒrɪndʒ,adj.,adj. 橙色的；橘色的；n. 橙；橙色；桔子,,,
overfill,ˌəʊvəˈfɪl,v.,v. 把…装得溢出,,,
overdue books,,,无,,,
overfishing,ˌəʊvəˈfɪʃɪŋ,n.,n. 渔捞过度；vt. 过度捕捞（overfish的现在分词）,,,
outline,ˈaʊtlaɪn,n.,n. 轮廓；大纲；概要；略图；vt. 概述；略述；描画…轮廓,,,
oxygen,ˈɒksɪdʒən,n.,n. [化学] 氧气，[化学] 氧,,,
paining,peɪn,vt.,vt.& vi. （使）疼痛，（使）痛苦，伤害（pain的现在分词形式）,,,
painkiller,ˈpeɪnkɪlə(r),n.,n. 止痛药,,,
painters,,n.,n. 画家( painter的名词复数 ); 油漆匠; （系船的）缆绳,,,
painting,ˈpeɪntɪŋ,n.,n. 绘画；油画；着色；v. 绘画（paint的ing形式）；涂色于,,,
painting class,,,无,,,
parents,'peərənts,n.,n. 父母；双亲（parent的复数）；v. 教养；引起（parent的三单形式）,,,
parties,ˈpɑːtiz,n.,n. [法] 当事人；党派；聚会；政党机关；同行者（party的复数）,,,
party hats,,,[美国俚语](警车、急救车等的)车顶灯,,,
paper,ˈpeɪpə(r),n.,n. 纸；论文；文件；报纸；adj. 纸做的；vt. 用纸糊；用纸包装；vi. 贴糊墙纸；发交通违章传票,,,
paper jams,,,无,,,
part-time,ˌpɑːt ˈtaɪm,adj.,adj. 兼职的；部分时间的；adv. 兼职地；用部分时间地,,,
password,ˈpɑːswɜːd,n.,n. 密码；口令,,,
pay attention,,v.,v. 注意,,,
pay in cash,,un.,un. 现金支付,,,
payment,ˈpeɪmənt,n.,n. 付款，支付；报酬，报答；偿还；惩罚，报应,,,
pens,penz,n.,n. 钢笔（pen的复数）,,,
pencils,ˈpenslz,n.,n. 铅笔，彩色铅笔( pencil的名词复数 ); 光线锥,,,
performance,pəˈfɔːməns,n.,n. 性能；绩效；表演；执行；表现,,,
permit,pəˈmɪt,n.,n. 许可证，执照；vt. 许可；允许；vi. 许可；允许,,,
permission,pəˈmɪʃ(ə)n,n.,n. 允许，许可,,,
pets,,abbr.,abbr. 公共英语等级考试（Public English Test System）；n. 宠物（pet的复数）,,,
pet meat,,,无,,,
petrol,ˈpetrəl,n.,n. （英）汽油,,,
petrol station,ˈpetrəl steɪʃ(ə)n,n.,n. 汽车加油站,,,
pest,pest,n.,n. 害虫；有害之物；讨厌的人,,,
people,ˈpiːp(ə)l,n.,n. 人；人类；民族；公民；vt. 居住于；使住满人,,,
picnic,ˈpɪknɪk,n.,n. 野餐；vi. 去野餐,,,
pictures,ˈpɪktʃəz,n.,n. 图片；绘画作品（picture的复数）；电影院；v. 画；设想；用图表示（picture的第三人称单数）,,,
pizza,ˈpiːtsə,n.,n. 比萨饼（一种涂有乳酪核番茄酱的意大利式有馅烘饼）,,,
pizza boxes,,, 求购披萨盒子；纸包装和纸板包装；纸盒,,,
places,'pleɪsɪz,n.,n. 地点；位置；位数（place的复数）；v. 放置（place的第三人称单数）,,,
placement,ˈpleɪsmənt,n.,n. 布置；定位球；人员配置,,,
placement test,ˈpleɪsmənt test,n.,n. 分级考试,,,
plane,pleɪn,n.,n. 飞机；平面；程度，水平；adj. 平的；平面的；vt. 刨平；用刨子刨；掠过水面；vi. 刨；乘飞机旅行；翱翔,,,
plane science,,,无,,,
play area,,, 游乐场地；游戏区；游乐区,,,
playroom,ˈpleɪruːm; ˈpleɪrʊm,n.,n. 游戏室；娱乐室,,,
playground,ˈpleɪɡraʊnd,n.,n. 运动场，操场；游乐场,,,
plates,pleɪts,n.,n. 盘子（plate的复数）；板材；[建] 平板,,,
police,pəˈliːs,n.,n. 警察，警方；治安；adj. 警察的；有关警察的；vt. 监督；管辖；维持治安；为…配备警察,,,
police helicopters,,,无,,,
potatoes,pəˈteɪtəʊz,n.,n. [作物] 土豆（potato的复数形式）；[作物] 马铃薯,,,
pool,puːl,n.,n. 联营；撞球；水塘；共同资金；vt. 合伙经营；vi. 联营，合伙经营,,,
padding pool,,,无,,,
position,pəˈzɪʃn,n.,n. 位置，方位；职位，工作；姿态；站位；vt. 安置；把……放在适当位置,,,
pottery,ˈpɒtəri,n.,n. 陶器；陶器厂；陶器制造术,,,
poverty,ˈpɒvəti,n.,n. 贫困；困难；缺少；低劣,,,
practices,ˈpræktɪsɪz,n.,n. 实践（practice的复数）；练习；v. 练习（practice的第三人称单数形式）,,,
practical,ˈpræktɪkl,adj.,adj. 实际的；实用性的,,,
practical work,,, 实际工作；社会实践；实习作业,,,
practical course,,, 实践课；实践课程；实习指导课,,,
preserved,prɪˈzɜːvd,adj.,adj. 保藏的；腌制的；喝醉的,,,
preservation,ˌprezəˈveɪʃ(ə)n,n.,n. 保存，保留,,,
price,praɪs,n.,n. 价格；价值；代价；vt. 给……定价；问……的价格,,,
primary,ˈpraɪməri,n.,n. 原色；最主要者；adj. 主要的；初级的；基本的,,,
primary school,ˈpraɪməri skuːl,n.,n. 小学,,,
prison,ˈprɪz(ə)n,n.,n. 监狱；监禁；拘留所；vt. 监禁，关押,,,
prisoners,,n.,n. 被囚者，囚犯（prisoner的复数）,,,
privacy,ˈprɪvəsi,n.,n. 隐私；秘密；隐居；隐居处,,,
private property,,na.,na. 私有财产,,,
privacy company,,,无,,,
programmes,'prəʊgræmz,n.,n. 方案；计划（programme的复数）；项目；[计] 程序；简介；v. 安排节目；按预定的步骤进行；编程序；按遗传密码工作（programme的三单形式）,,,
process,prəˈses; ˈprəʊses,n.,n. 过程，进行；方法，步骤；作用；程序；推移；adj. 经过特殊加工（或处理）的；vt. 处理；加工；vi. 列队前进,,,
procedure,prəˈsiːdʒə(r),n.,n. 程序，手续；步骤,,,
project,ˈprɒdʒekt,n.,n. 工程；计划；事业；vt. 设计；计划；发射；放映；vi. 设计；计划；表达；投射,,,
project request,,,无,,,
project background,,,无,,,
project outline,,,无,,,
promotion,prəˈməʊʃn,n.,n. 提升，[劳经] 晋升；推销，促销；促进；发扬，振兴,,,
purpose,ˈpɜːpəs,n.,n. 目的；用途；意志；vt. 决心；企图；打算,,,
quality,ˈkwɒləti,n.,n. 质量，[统计] 品质；特性；才能；adj. 优质的；高品质的；<英俚>棒极了,,,
qualification,ˌkwɒlɪfɪˈkeɪʃn,n.,n. 资格；条件；限制；赋予资格,,,
queen,kwiːn,n.,n. 女王，王后；（纸牌中的）皇后；（蜜蜂等的）蜂王；vt. 使…成为女王或王后；vi. 做女王,,,
queen size,ˈkwiːn saɪz,na.,na. 大号的,,,
questions,'kwestʃənz,n.,n. [数] 问题（question的复数）；v. 质疑（question的第三人称单数形式）,,,
questionnaire,ˌkwestʃəˈneə(r),n.,n. 问卷；调查表,,,
quite,kwaɪt,adv.,adv. 很；相当；完全,,,
quiz,kwɪz,n.,n. 考查；恶作剧；课堂测验；vt. 挖苦；张望；对…进行测验,,,
race,reɪs,n.,n. 属，种；种族，人种；家庭，门第；vt. 使参加比赛；和…竞赛；使急走，使全速行进；vi. 比速度，参加竞赛；全速行进,,,
race car,,n.,n. 赛车；v. 赛车,,,
railway station,,n.,n. 火车站,,,
railway line,,n.,n. 铁路线,,,
railway tracks,,,无,,,
range,reɪndʒ,n.,n. 范围；幅度；排；山脉；vt. 漫游；放牧；使并列；归类于；来回走动；vi. （在...内）变动；平行，列为一行；延伸；漫游；射程达到,,,
rare,reə(r),adj.,adj. 稀有的；稀薄的；半熟的；adj. 杰出的；极度的；非常好的；adv. 非常；极其；vi. 用后腿站起；渴望,,,
rare trees,,,无,,,
rats,ræts,n.,n. [脊椎] 鼠；卑鄙之人（rat的复数）；v. 捕鼠；出卖（rat的三单形式）；int. 胡说；瞎扯,,,
reasons,ˈriːz(ə)nz,n.,n. 原因（reason的复数）；理由；理智；v. 推理；劝说（reason的第三人称单数）,,,
reasonable,ˈriːznəbl,adj.,adj. 合理的，公道的；通情达理的,,,
recycling,ˌriːˈsaɪklɪŋ,n.,n. （资源、垃圾的）回收利用；v. 回收；再循环利用（recycle的现在分词）,,,
recycled materials,,, 回收的材料；循环再用的物料；再生材料,,,
red,red,n.,n. 红色，红颜料；赤字；adj. 红色的；红肿的，充血的,,,
red blood cells,,un.,un. 红细胞,,,
red flag,ˌred ˈflæɡ,n.,n. 示警红旗；（象征革命或共产主义的）红旗,,,
refreshments,rɪˈfreʃmənts,n.,n. 点心；[食品] 茶点；小吃,,,
regulations,ˌreɡjuˈleɪʃ(ə)nz,n.,n. [管理] 条例；规程（regulation的复数）；章则,,,
relatively,ˈrelətɪvli,adv.,adv. 相当地；相对地，比较地,,,
relaxation,ˌriːlækˈseɪʃn,n.,n. 放松；缓和；消遣,,,
reliable,rɪˈlaɪəb(ə)l,n.,n. 可靠的人；adj. 可靠的；可信赖的,,,
religions,,n.,n. 宗教，宗教信仰（religion的复数）,,,
retail,ˈriːteɪl; rɪˈteɪl,n.,n. 零售；adj. 零售的；vt. 零售；转述；adv. 以零售方式；vi. 零售,,,
resources,rɪˈsɔːsɪz,n.,n. [计][环境] 资源；物力（resource的复数）；v. 向…提供资金（resource的第三人称单数）,,,
reservation,ˌrezəˈveɪʃn,n.,n. 预约，预订；保留,,,
right,raɪt,n.,n. 正确；右边；正义；adj. 正确的；直接的；右方的；vt. 纠正；adv. 正确地；恰当地；彻底地；vi. 复正；恢复平稳,,,
risks,rɪsks,n.,n. 风险，危险（risk复数）；v. 冒…危险（risk的第三人称单数）,,,
rocks,,n.,n. [岩] 岩石，岩礁；岩石礁石（rock复数形式）；v. 轻轻摇摆；发抖；演唱摇滚乐（rock的第三人称单数形式）,,,
roses,'rəʊzɪz,n.,n. [园艺] 玫瑰（rose的复数）,,,
rose garden,,un.,un. 蔷薇园,,,
roof,ruːf,n.,n. 屋顶；最高处，顶部；最高限度；vt. 给…盖屋顶，覆盖,,,
round,raʊnd,n.,n. 圆；循环；一回合；圆形物；prep. 附近；绕过；大约；在…周围；adj. 圆的；完全的；大概的；肥胖的；vt. 完成；围捕；绕行；弄圆；adv. 在周围；迂回地；朝反方向；挨个；vi. 进展；变圆；环行；发胖,,,
round table,ˌraʊnd ˈteɪbəl,na.,na. 圆桌会议；协商会议,,,
rubbish,ˈrʌbɪʃ,n.,n. 垃圾，废物；废话；adj. 毫无价值的,,,
rural,ˈrʊərəl,adj.,adj. 农村的，乡下的；田园的，有乡村风味的,,,
sales,ˈseɪlz,n.,n. 销售（sale的复数）；销售额；adj. 销售的，售货的；有关销售的,,,
salesman,ˈseɪlzmən,n.,n. 推销员；售货员,,,
sales manager,,un.,un. 销售经理；销售主管,,,
salts,sɔːlts; sɒlts,n.,n. 盐分，刺激（salt的复数形式）；v. 给…加盐；用盐腌制（salt的第三人称单数形式）,,,
sand,sænd,n.,n. 沙；沙地；沙洲；沙滩；沙子；vt. 撒沙于；以沙掩盖；用砂纸等擦平或磨光某物；使撒沙似地布满；给…掺沙子；vi. 被沙堵塞,,,
sandy,ˈsændi,adj.,adj. 沙地的；多沙的；含沙的,,,
sandglass,ˈsæn(d)ɡlɑːs,n.,n. 沙漏,,,
sandwiches,ˈsænwɪtʃz,n.,n. [食品] 三明治；夹在一起的东西（sandwich的复数）；v. 把…做成三明治；将…夹在中间（sandwich的第三人称单数）,,,
samples,,n.,n. [图情] 样品；采样；例子(sample的复数形式）,,,
satisfaction,ˌsætɪsˈfækʃn,n.,n. 满意，满足；赔偿；乐事；赎罪,,,
satisfactory,ˌsætɪsˈfæktəri,adj.,adj. 满意的；符合要求的；赎罪的,,,
salary,ˈsæləri,n.,n. 薪水；vt. 给...加薪；给...薪水,,,
season,ˈsiːzn,n.,n. 时期；季节；赛季；vt. 给…调味；使适应；vi. 变得成熟；变干燥,,,
seasonal,ˈsiːzən(ə)l,adj.,adj. 季节的；周期性的；依照季节的,,,
seating,ˈsiːtɪŋ,n.,n. 就座；座位数；v. 为…领座；为…提供座位（seat的ing形式）,,,
seat reservation,,,预订座席,,,
secretary,ˈsekrət(ə)ri,n.,n. 秘书；书记；部长；大臣,,,
section,ˈsekʃn,n.,n. 截面；部分；部门；地区；章节；vt. 把…分段；将…切片；对…进行划分；vi. 被切割成片；被分成部分,,,
secondary,ˈsekənd(ə)ri,n.,n. 副手；代理人；adj. 第二的；中等的；次要的；中级的,,,
secondary school,,n.,n. 中学；中等学校,,,
security,sɪˈkjʊərəti,n.,n. 安全；保证；证券；抵押品；adj. 安全的；保安的；保密的,,,
security officer,,, 安全人员；保安员；保安主任,,,
selection,sɪˈlekʃ(ə)n,n.,n. 选择，挑选；选集；精选品,,,
seminars,,n.,n. 研讨会（seminar的复数）；专题讨论会,,,
seminar group,,,无,,,
seminar room,,,(大学)研究室,,,
senior,ˈsiːniə(r),n.,n. 上司；较年长者；毕业班学生；adj. 高级的；年长的；地位较高的；年资较深的，资格较老的,,,
senior management,,n.,n. 高阶管理人员,,,
senior advisor,,, 高级顾问；资深顾问；高级理财顾问,,,
services,ˈsɜːvɪsɪz,n.,n. 服务；服务项目（service复数形式）；v. 服务（service的第三人称单数）,,,
service manager,,,"[计] 服务管理程序, 服务经理, 业务经理",,,
share,ʃeə(r),n.,n. 份额；股份；vt. 分享，分担；分配；vi. 共享；分担,,,
sharing,ˈʃeərɪŋ,n.,n. 公用，共享；v. 分享；分担（share的ing形式）,,,
share ideas,,,无,,,
sharks,ʃɑːks,n.,n. 鲨鱼( shark的名词复数 ); 坑蒙拐骗的人，诈骗者,,,
shelf,ʃelf,n.,n. 架子；搁板；搁板状物；暗礁,,,
shell,ʃel,n.,n. 壳，贝壳；炮弹；外形；vt. 剥皮；炮轰；vi. 剥落；设定命令行解释器的位置,,,
shoes,'ʃu:z,n.,n. 鞋子（shoe的复数）；v. 穿鞋（shoe的第三人称单数）,,,
short,ʃɔːt,n.,n. 短；缺乏；短路；短裤；adj. 短的；不足的；矮的，低的；adv. 不足；突然；唐突地,,,
shortlist,ˈʃɔːtlɪst,n.,n. （英）供最后挑选用的候选人名单,,,
short lecture,,,无,,,
shower,ˈʃaʊə(r),n.,n. 淋浴；（倾泻般出现的）一阵，一大批；阵雨；vt. 大量地给予；把……弄湿；vi. 淋浴；下阵雨,,,
sleep,sliːp,n.,n. 睡眠；vi. 睡，睡觉,,,
sleeping bag,ˈsliːpɪŋ bæɡ,n.,n. 睡袋,,,
sleeping sickness,ˈsliːpɪŋ ˈsɪknɪs,n.,n. 非洲锥虫病,,,
sleeping pills,,n.,n. 安眠药片( sleeping pill的名词复数 ),,,
slide,slaɪd,n.,n. 滑动；幻灯片；滑梯；雪崩；vt. 滑动；使滑动；悄悄地迅速放置；vi. 滑动；滑落；不知不觉陷入,,,
slide presentation,,,放映幻灯片,,,
slow,sləʊ,adj.,adj. 慢的；减速的；迟钝的；vt. 放慢；阻碍；vi. 变慢；变萧条；adv. 慢慢地；迟缓地,,,
side,saɪd,n.,n. 方面；侧面；旁边；adj. 旁的，侧的；vt. 同意，支持；vi. 支持；赞助；偏袒,,,
side gate,,un.,un. 大门旁边的小门；旁侧控制极,,,
size,saɪz,n.,n. 大小；尺寸；adj. 一定尺寸的；vt. 依大小排列；vi. 可比拟,,,
singing,ˈsɪŋɪŋ,n.,n. 歌唱；歌声；耳鸣；振鸣；v. 唱歌（sing的ing形式）；adj. 唱歌的；音乐般的,,,
skin,skɪn,n.,n. 皮肤；外皮；vt. 剥皮；vi. 愈合；长皮,,,
smell,smel,n.,n. 气味，嗅觉；臭味；vt. 嗅，闻；察觉到；发出…的气味；vi. 嗅，闻；有…气味,,,
smoking,ˈsməʊkɪŋ,n.,n. 抽烟；冒气；v. 吸烟；冒烟（smoke的现在分词）；adj. 准许吸烟的；adv. 冒着烟,,,
smoother,ˈsmuːðə(r),n.,n. [公路] 路面平整机；弄平的人；[机] 修光工具；滤波器,,,
smooth road,,,无,,,
snake,sneɪk,n.,n. 蛇；阴险的人；vt. 拉（木材等）；迂回前进；vi. 迂回前进,,,
station,ˈsteɪʃ(ə)n,n.,n. 车站；驻地；地位；身份；vt. 配置；安置；驻扎,,,
standard,ˈstændəd,n.,n. 标准；水准；旗；度量衡标准；adj. 标准的；合规格的；公认为优秀的,,,
standard grade,,un.,un. 标准级,,,
standard teaching,,,无,,,
stage,steɪdʒ,n.,n. 阶段；舞台；戏剧；驿站；vt. 举行；上演；筹划；vi. 举行；适于上演；乘驿车旅行,,,
strategies,ˈstrætədʒiz,n.,n. 策略，战略（strategy的复数形式）,,,
streets,striːts,n.,n. [公路] 街道；市区；城市道路（street的复数形式）,,,
structure,ˈstrʌktʃə(r),n.,n. 结构；构造；建筑物；vt. 组织；构成；建造,,,
store,stɔː(r),n.,n. 商店；储备，贮藏；仓库；vt. 贮藏，储存,,,
stomach,ˈstʌmək,n.,n. 胃；腹部；胃口；vt. 忍受；吃下；vi. 忍受,,,
story,ˈstɔːri,n.,n. 故事；小说；新闻报道；来历；假话；vt. 用历史故事画装饰；vi. 说谎,,,
studio,ˈstjuːdiəʊ,n.,n. 工作室；[广播][电视] 演播室；画室；电影制片厂,,,
study,ˈstʌdi,n.,n. 学习，研究；课题；书房；学问；vt. 学习；考虑；攻读；细察；vi. 研究；用功,,,
study skill,,,学习技巧,,,
soil,sɔɪl,n.,n. 土地；土壤；国家；粪便；务农；温床；vt. 弄脏；污辱；vi. 变脏,,,
soil conditioner,,na.,na. 土壤改良剂,,,
solar,ˈsəʊlə(r),n.,n. 日光浴室；adj. 太阳的；日光的；利用太阳光的；与太阳相关的,,,
solar energy,,na.,na. 太阳能,,,
sound,saʊnd,n.,n. 声音，语音；噪音；海峡；吵闹；听力范围；[医] 探条；adj. 健全的，健康的；合理的；可靠的；有效彻底的；vt. 听（诊）；测量，测…深；使发声；试探；宣告；vi. 听起来；发出声音；回响；测深；adv. 彻底地，充分地,,,
sound effect,ˈsaʊnd ɪfekt,n.,n. 音响效果,,,
sound quality,,un.,un. 音质,,,
speakers,,n.,n. [电子] 扬声器；发言者（speaker的复数）；演说家,,,
speed,spiːd,n.,n. 速度，速率；迅速，快速；昌盛，繁荣；vt. 加快…的速度；使成功，使繁荣；vi. 超速，加速；加速，迅速前行；兴隆,,,
spiders,ˈspaɪdə(r)z,n.,n. [无脊椎] 蜘蛛；网页爬虫；蜘蛛布（spider复数）,,,
spring,sprɪŋ,n.,n. 春天；弹簧；泉水；活力；跳跃；adj. 春天的；vt. 使跳起；使爆炸；突然提出；使弹开；vi. 生长；涌出；跃出；裂开,,,
square,skweə(r),n.,n. 平方；广场；正方形；adj. 平方的；正方形的；直角的；正直的；vt. 使成方形；与…一致；vi. 一致；成方形；adv. 成直角地,,,
surface,ˈsɜːfɪs,n.,n. 表面；表层；外观；adj. 表面的，肤浅的；vt. 使浮出水面；使成平面；vi. 浮出水面,,,
survival,səˈvaɪv(ə)l,n.,n. 幸存，残存；幸存者，残存物,,,
sugar,ˈʃʊɡə(r),n.,n. 糖；食糖；甜言蜜语；vt. 加糖于；粉饰；vi. 形成糖,,,
summer,ˈsʌmə(r),n.,n. 夏季；全盛时期；adj. 夏季的；vi. 避暑；过夏天,,,
summer school,,n.,n. 暑期班（一般在大学开设，美国中小学也有）,,,
summarize,ˈsʌməraɪz,vt.,vt. 总结；概述；vi. 作总结；作概括,,,
summary report,,, 总结报告；汇总报表；摘要报告,,,
supervision,ˌsuːpəˈvɪʒ(ə)n,n.,n. 监督，管理,,,
supervise teams,,,无,,,
sustainable,səˈsteɪnəb(ə)l,adj.,adj. 可以忍受的；足可支撑的；养得起的；可持续的,,,
swans,,n.,n. 天鹅( swan的名词复数 ),,,
tables,teiblz,n.,n. 桌子；表格（table的复数）；附录；v. 制表（table的三单形式）；搁置,,,
take photos,,, 照相；拍照；拍照片,,,
take away,,adj.,adj. 买回去的,,,
take risks,,un.,un. 冒险,,,
tape,teɪp,n.,n. 胶带；磁带；带子；卷尺；vt. 录音；用带子捆扎；用胶布把…封住；vi. 用磁带录音,,,
tape recorder,,n.,n. 录音机,,,
tastes,teɪsts,n.,n. [食品] 味道，品味（taste的复数形式）；v. 体会，尝（taste的三单形式）,,,
taxi,ˈtæksi,n.,n. 出租汽车；vt. 使滑行；用出租车送；vi. 乘出租车；滑行,,,
teacher,ˈtiːtʃə(r),n.,n. 教师；导师,,,
teaching experience,,, 教学经验；教学经历；有无教书或主持会议的经验,,,
teaching staff,,, 教育工作者；教学人员；教师团队,,,
teams,tiːmz,n.,n. 团队，参赛队伍（team的复数形式）；v. 协作（team的第三人称单数）；赶联畜；结成一对,,,
team leaders,,, 小组领班；设计组长；团队小组长,,,
teamwork,ˈtiːmwɜːk,n.,n. 团队合作；协力,,,
telephone,ˈtelɪfəʊn,n.,n. （美）电话；电话机；电话耳机；vt. 打电话给…；vi. 打电话,,,
telephone interview,,un.,un. 电话调查,,,
telephone survey,,, 电话调查；电话访问；电话访问调查,,,
tents,tents,n.,n. 旅游帐篷；住所；[外科] 塞条（tent的复数）；v. 用帐篷遮盖；将塞条嵌进…；注意（tent的第三人称单数）,,,
tests,tests,n.,n. 测验（test的复数）；v. 测验（test的第三人称单数）,,,
text structure,,,正文结构,,,
textbooks,,n.,n. 教科书；课本（textbook的复数）,,,
textbooks allowance,,,无,,,
textbook lesson,,,无,,,
theatre,ˈθɪətə(r),n.,n. 电影院，戏院；戏剧；阶梯式讲堂,,,
theory,ˈθɪəri,n.,n. 理论；原理；学说；推测,,,
theory chapters,,,无,,,
theoretical,ˌθɪəˈretɪkl,adj.,adj. 理论的；理论上的；假设的；推理的,,,
tickets,ˈtɪkɪts,n.,n. 票；罚单（ticket的复数）,,,
tools,tuːlz,n.,n. [机] 工具，工具菜单；工具箱（tool的复数形式）；v. 用工具加工…（tool的第三人称单数形式）,,,
topics,,abbr.,abbr. 总联机程序和信息控制系统（Total On-line Program and Information Control System）,,,
total,ˈtəʊt(ə)l,n.,n. 总数，合计；adj. 全部的；完全的；整个的；vt. 总数达；vi. 合计,,,
towels,,n.,n. [纺] 毛巾（towel的复数形式）；v. 用毛巾擦（towel的三单形式）,,,
toys,tɒɪz,n.,n. [轻] 玩具（toy的复数）；v. 摆弄；调情（toy的第三人称单数）,,,
toy factory,,, 玩具工厂；玩具厂；玩具工坊,,,
trade,treɪd,n.,n. 贸易，交易；行业；职业；vt. 用…进行交换；vi. 交易，买卖；以物易物,,,
traders,ˈtreɪdəz,n.,n. 交易员；贸易商（trader的复数形式）,,,
trade journals,,,无,,,
traditional,trəˈdɪʃən(ə)l,adj.,adj. 传统的；惯例的,,,
traditional tools,,,无,,,
traditional style,,, 传统风格；传统样式；传统式培训,,,
traveling,ˈtræv(ə)lɪŋ,adj.,adj. 旅行（用）的；移动的；v. 旅行（travel的现在分词形式）；n. 走步（等于walking）,,,
trees,triːz,n.,n. 树木；[植] 乔木；[化学] 树状结构（tree的复数）,,,
triangle,ˈtraɪæŋɡl,n.,n. 三角（形）；三角关系；三角形之物；三人一组,,,
tribes,traɪbz,n.,n. 部落（tribe复数形式）,,,
tropical,ˈtrɒpɪk(ə)l,adj.,adj. 热带的；热情的；酷热的,,,
trousers,ˈtraʊzəz,n.,n. 裤子，长裤,,,
tunnel,ˈtʌn(ə)l,n.,n. 隧道；坑道；洞穴通道；vt. 挖；在…打开通道；在…挖掘隧道；vi. 挖掘隧道；打开通道,,,
twice,twaɪs,adv.,adv. 两次；两倍,,,
two,tuː,num.,num. 二；n. 两个；adj. 两个的,,,
underground,ˌʌndəˈɡraʊnd,n.,n. 地下；地铁；地道；地下组织；秘密活动；先锋派团体；adj. 地下的；秘密的；先锋派的；adv. 在地下；秘密地,,,
undersea world,,,无,,,
university,ˌjuːnɪˈvɜːsəti,n.,n. 大学；综合性大学；大学校舍,,,
urban,ˈɜːbən,adj.,adj. 城市的；住在都市的,,,
urban areas,,, 城市地区；城镇；城镇地区,,,
vacation,veɪˈkeɪʃn; vəˈkeɪʃn,n.,n. 假期；（房屋）搬出；vi. 休假，度假,,,
value,ˈvæljuː,n.,n. 值；价值；价格；重要性；确切涵义；vt. 评价；重视；估价,,,
visit,ˈvɪzɪt,n.,n. 访问；参观；逗留；vt. 访问；参观；视察；vi. 访问；暂住；闲谈,,,
visitors,'vɪzɪtəz,n.,n. 访问者，游客（visitor 复数）,,,
vision,ˈvɪʒn,n.,n. 视力；美景；眼力；幻象；想象力；幻视（漫威漫画旗下超级英雄）；vt. 想象；显现；梦见,,,
Vitamin A,,un.,un. 维生素A；视黄醇；抗干眼醇；肝黄质,,,
warm,wɔːm,n.,n. 取暖；加热；adj. 温暖的；热情的；vt. 使…兴奋；使…温暖；使…感兴趣；vi. 同情；激动；变温暖,,,
warming,ˈwɔːmɪŋ,n.,n. 加温，暖和；气温升高；v. 加温；兴奋；同情（warm的ing形式）；adj. 让人感到暖和的,,,
warm bath,,,[医] 温浴(32-40摄氏度),,,
warm up,,na.,na. 加热；变暖；热中起来；【运】作准备动作,,,
warm climate,,un.,un. 温暖气候,,,
washing,ˈwɒʃɪŋ,n.,n. 洗涤；洗涤剂；要洗的衣物；v. 洗；使受洗礼（wash的ing形式）；adj. 洗涤用的，清洗用的,,,
washing machine,,n.,n. 洗衣机,,,
washable shoes,,,无,,,
washbasin,ˈwɒʃbeɪsn,n.,n. 脸盆,,,
waste,weɪst,n.,n. 浪费；废物；荒地；损耗；地面风化物；adj. 废弃的；多余的；荒芜的；vt. 浪费；消耗；使荒芜；vi. 浪费；变消瘦；挥霍钱财,,,
waste disposal,,un.,un. 废弃物处理；废物处置；废物处理,,,
wealthy,ˈwelθi,n.,n. 富人；adj. 富有的；充分的；丰裕的,,,
wealthy prince,,,无,,,
weight,weɪt,n.,n. 重量，重力；负担；砝码；重要性；vt. 加重量于，使变重,,,
weight class,,, 级别；重量级；加权等级,,,
whales,weɪlz,n.,n. 鲸鱼（whale的复数）；v. 捕鲸（whale的第三人称单数形式）,,,
white gold,,na.,"na. (镍,锌与白金合成的)充白金",,,
white board,,, 白板；白纸板；白板纸,,,
wild,waɪld,n.,n. 荒野；adj. 野生的；野蛮的；狂热的；荒凉的；adv. 疯狂地；胡乱地,,,
wildlife,ˈwaɪldlaɪf,n.,n. 野生动植物；adj. 野生动植物的,,,
winter,ˈwɪntə(r),n.,n. 冬季；年岁；萧条期；adj. 冬天的；越冬的；vi. 过冬,,,
writing,ˈraɪtɪŋ,n.,n. 书写；作品；著作；[法] 笔迹；v. 书写（write的ing形式）,,,
written,ˈrɪt(ə)n,adj.,adj. 书面的，成文的；文字的；v. 写（write的过去分词）,,,
written work,,, 书面作业；书面作品；笔头作业,,,
written language,,na.,na. 书面语,,,
write music,,,无,,,
women,ˈwɪmɪn,n.,n. 女人（woman的复数）,,,
worms,"wə:mz, vɔ:rms",n.,n. [基医] 蠕虫（worm的复数）,,,
world,wɜːld,n.,n. 世界；领域；世俗；全人类；物质生活,,,
wool,wʊl,n.,n. 羊毛；毛线；绒线；毛织品；毛料衣物,,,
yellow,ˈjeləʊ,n.,n. 黄色；黄种人；黄色颜料；adj. 黄色的；黄皮肤的；vt. 使变黄或发黄；vi. 变黄或发黄,,,
yoga,ˈjəʊɡə,n.,n. 瑜珈（意为“结合”，指修行）；瑜珈术；n. 联想可360°翻转的超轻薄笔记本电脑,,,
yoga class,,, 瑜伽学院；瑜伽课程；瑜珈班,,,
abroad,əˈbrɔːd,n.,n. 海外；异国；adj. 往国外的；adv. 在国外；到海外,,,
ability,əˈbɪləti,n.,n. 能力，能耐；才能,,,
accept,əkˈsept,vi.,vi. 承认；同意；承兑；vt. 接受；承认；承担；承兑；容纳,,,
acceptable,əkˈseptəb(ə)l,adj.,adj. 可接受的；合意的；可忍受的,,,
accurate,ˈækjərət,adj.,adj. 精确的,,,
achievement,əˈtʃiːvmənt,n.,n. 成就；完成；达到；成绩,,,
acid,ˈæsɪd,n.,n. 酸；<俚>迷幻药；adj. 酸的；讽刺的；刻薄的,,,
acknowledgment,ək'nɒlɪdʒmənt,n.,n. 感谢；承认；承认书,,,
address,əˈdres,n.,n. 地址；演讲；致辞；说话的技巧；称呼；vt. 演说；从事；忙于；写姓名地址；向…致辞；与…说话；提出；处理,,,
admission,ədˈmɪʃ(ə)n,n.,n. 承认；入场费；进入许可；坦白；录用,,,
adopt,əˈdɒpt,vi.,vi. 采取；过继；vt. 采取；接受；收养；正式通过,,,
adventure,ədˈventʃə(r),n.,n. 冒险；冒险精神；投机活动；vt. 冒险；大胆说出；vi. 冒险,,,
advisors,,n.,n. 顾问，劝告者( advisor的名词复数 ); <美>（指导大学新生学科问题等的）指导教授,,,
again,əˈɡen,adv.,adv. 又，此外；再一次；再说；增加；n. （英、保）阿盖恩,,,
against,əˈɡenst,prep.,prep. 反对，违反；靠；倚；防备；adj. 不利的；对立的,,,
agent,ˈeɪdʒənt,n.,n. 代理人，代理商；药剂；特工；adj. 代理的；vt. 由…作中介；由…代理,,,
agreement,əˈɡriːmənt,n.,n. 协议；同意，一致,,,
agricultural,ˌæɡrɪˈkʌltʃərəl,adj.,adj. 农业的；农艺的,,,
atlas,ˈætləs,n.,n. 地图集；寰椎,,,
alter,ˈɔːltə(r),vt.,vt. 改变，更改；vi. 改变；修改,,,
alternative energy,,, 替代能源；可替代能源；替代性能源,,,
altitude,ˈæltɪtjuːd,n.,n. 高地；高度；[数] 顶垂线；（等级和地位等的）高级；海拔,,,
ambition,æmˈbɪʃn,n.,n. 野心，雄心；抱负，志向；vt. 追求；有…野心,,,
ambulance,ˈæmbjələns,n.,n. [车辆][医] 救护车；战时流动医院,,,
amount,əˈmaʊnt,n.,n. 数量；总额，总数；vi. 总计，合计；相当于；共计；产生…结果,,,
angle,ˈæŋɡ(ə)l,n.,n. 角度，角，方面；vi. 钓鱼；谋取,,,
antifreeze,ˈæntifriːz,n.,n. [助剂] 防冻剂,,,
antibiotics,ˌæntibaɪˈɒtɪks,n.,n. [药] 抗生素；抗生学,,,
apologize,əˈpɒlədʒaɪz,vi.,vi. 道歉；辩解；赔不是；vt. 道歉；谢罪；辩白,,,
appearance,əˈpɪərəns,n.,n. 外貌，外观；出现，露面,,,
argument,ˈɑːɡjumənt,n.,n. 论证；论据；争吵；内容提要,,,
area,ˈeəriə,n.,n. 区域，地区；面积；范围,,,
artificial,ˌɑːtɪˈfɪʃl,adj.,adj. 人造的；仿造的；虚伪的；非原产地的；武断的,,,
articles,ˈɑːtɪk(ə)lz,n.,n. [语] 文章；物品；[法] 条款（article的复数）；[语] 冠词；v. 使受协议条款的约束；指控（article的三单形式）,,,
archives,'a:kaivz,n.,n. 档案，档案室；案卷（archive的复数）；v. 把…收集归档；把…存档（archive的三单形式）,,,
arrows,'ærəus,n.,n. 箭头,,,
aspiration,ˌæspəˈreɪʃ(ə)n,n.,n. 渴望；抱负；送气；吸气；吸引术,,,
assess,əˈses,vt.,vt. 评定；估价；对…征税,,,
assessment,əˈsesmənt,n.,n. 评定；估价,,,
assignment,əˈsaɪnmənt,n.,n. 分配；任务；作业；功课,,,
atoms,ˈætəmz,n.,n. [物] 原子（atom的复数）,,,
attack,əˈtæk,n.,n. 攻击；抨击；疾病发作；vt. 攻击；抨击；动手干；vi. 攻击；腐蚀,,,
attack humans,,,无,,,
audience,ˈɔːdiəns,n.,n. 观众；听众；读者；接见；正式会见；拜会,,,
aunt,ɑːnt,n.,n. 阿姨；姑妈；伯母；舅妈,,,
automobile,ˈɔːtəməbiːl,n.,n. 汽车；vt. 驾驶汽车；[ 过去式 automobiled 过去分词 automobiled 现在分词 automobiling ],,,
autumn,ˈɔːtəm,n.,n. 秋天；成熟期；渐衰期，凋落期；adj. 秋天的，秋季的,,,
authority,ɔːˈθɒrəti,n.,n. 权威；权力；当局,,,
average,ˈævərɪdʒ,n.,n. 平均；平均数；海损；adj. 平均的；普通的；通常的；vt. 算出…的平均数；将…平均分配；使…平衡；vi. 平均为；呈中间色,,,
bacteria,bækˈtɪəriə,n.,n. [微] 细菌,,,
badge,bædʒ,n.,n. 徽章；证章；标记；vt. 授给…徽章,,,
balance,ˈbæləns,n.,n. 平衡；余额；匀称；vt. 使平衡；结算；使相称；vi. 保持平衡；相称；抵销,,,
ball,bɔːl,n.,n. 球；舞会；vt. 捏成球形；vi. 成团块,,,
balloons,bəˈluːn,n.,n. 汽球（balloon的复数形式）；轻气球；v. 乘气球上升；如气球般膨胀（balloon的三单形式）,,,
bakery,ˈbeɪkəri,n.,n. 面包店,,,
ban,bæn,n.,n. 禁令，禁忌；vt. 禁止，取缔,,,
bananas,bə'nɑːnəz,n.,n. [园艺] 香蕉（banana的复数形式）,,,
banana ride,,,无,,,
barber shop,,n.,n. 理发店,,,
bargain,ˈbɑːɡən,n.,n. 交易；便宜货；契约；v. 讨价还价；议价；(谈价钱后)卖,,,
bar code,'bɑ:kəud,na.,na. (商品上示价的)条纹码,,,
barrier,ˈbæriə(r),n.,n. 障碍物，屏障；界线；vt. 把…关入栅栏,,,
baseball coach,,, 棒球教练,,,
basic,ˈbeɪsɪk,n.,n. 基础；要素；adj. 基本的；基础的,,,
battery,ˈbætri; ˈbætəri,n.,n. [电] 电池，蓄电池；n. [法]殴打；n. [军]炮台，炮位,,,
benefits,ˈbenɪfɪts,n.,"n. 利益, 收益；福利, 效益（benefit的复数形式）",,,
beer,bɪə(r),n.,n. 啤酒；vi. 喝啤酒,,,
blanket,ˈblæŋkɪt,n.,n. 毛毯，毯子；毯状物，覆盖层；adj. 总括的，全体的；没有限制的；vt. 覆盖，掩盖；用毯覆盖,,,
block,blɒk,n.,n. 块；街区；大厦；障碍物；adj. 成批的，大块的；交通堵塞的；vt. 阻止；阻塞；限制；封盖,,,
birth,bɜːθ,n.,n. 出生；血统，出身；起源,,,
birthday,ˈbɜːθdeɪ,n.,n. 生日，诞辰；诞生的日子,,,
brakes,breɪks,n.,n. [机][车辆] 刹车（brake的复数）；[机] 制动；刹车系统；v. [机][车辆] 刹车（brake的第三人称单数）；打碎,,,
brain,breɪn,n.,n. 头脑，智力；脑袋；vt. 猛击…的头部,,,
breathing,ˈbriːðɪŋ,n.,n. 呼吸；瞬间；微风；adj. 呼吸的；逼真的；v. 呼吸（breathe的现在分词）,,,
brilliant,ˈbrɪliənt,adj.,adj. 灿烂的，闪耀的；杰出的；有才气的；精彩的，绝妙的,,,
bright,braɪt,n.,n. 车头灯光；adj. 明亮的，鲜明的；聪明的；愉快的；adv. 明亮地；光明地；欢快地,,,
broad,brɔːd,n.,n. 宽阔部分；adj. 宽的，辽阔的；显著的；大概的；adv. 宽阔地,,,
broader,brɔːdə,adj.,adj. 广大的；一片的比较级,,,
brother-in-law,ˈbrʌðər ɪn lɔː,n.,n. 姐夫；妹夫；内弟；内兄；小叔；大伯；堂兄弟；表兄弟,,,
brushes,ˈbrʌʃɪz,n.,n. 刷子（brush的复数）；画笔；vt. 刷（brush的第三人称单数）,,,
boiler,ˈbɔɪlə(r),n.,n. 锅炉；烧水壶，热水器；盛热水器,,,
bonus,ˈbəʊnəs,n.,n. 奖金；红利；额外津贴,,,
booths,buːðz,n.,n. 展台；电话亭（booth的复数）,,,
boring,ˈbɔːrɪŋ,n.,n. 钻孔；adj. 无聊的；令人厌烦的；v. 钻孔；使厌烦；挖空（bore的ing形式）,,,
box,bɒks,n.,n. 箱，盒子；包厢；一拳；vt. 拳击；装…入盒中；打耳光；vi. 拳击,,,
bucket,ˈbʌkɪt,n.,n. 桶，水桶；铲斗；一桶的量；v. 倾盆而下；颠簸着行进,,,
budget,ˈbʌdʒɪt,n.,n. 预算，预算费；adj. 廉价的；vt. 安排，预定；把…编入预算；vi. 编预算，做预算,,,
built,bɪlt,v.,v. 建造（build的过去分词）；adj. 身段优美的；…建成的,,,
builder,ˈbɪldə(r),n.,n. 建筑者；建立者,,,
bunch,bʌntʃ,n.,n. 群；串；突出物；vt. 使成一串；使打褶；vi. 隆起；打褶；形成一串,,,
bushes,bʊʃɪz,n.,n. 灌木；丛林地带；小城镇（bush的复数）；v. 以灌木装饰；用耙耙平；使精疲力竭（bush的三单形式）,,,
butterflies,ˈbʌtəflaɪz,n.,n. 蝴蝶（butterfly的复数）,,,
burning time,,un.,un. 燃烧时间；工作时间,,,
cab,kæb,n.,n. 驾驶室；出租汽车；出租马车；vi. 乘出租马车（或汽车）,,,
canal,kəˈnæl,n.,n. 运河；[地理] 水道；[建] 管道；灌溉水渠；vt. 在…开凿运河,,,
canteen,kænˈtiːn,n.,n. 食堂，小卖部；水壶,,,
calendar,ˈkælɪndə(r),n.,n. 日历；[天] 历法；日程表；vt. 将…列入表中；将…排入日程表,,,
calculating,ˈkælkjuleɪtɪŋ,adj.,adj. 计算的；深谋远虑的；审慎的；v. 计算（calculate的ing形式）,,,
calm,kɑːm,n.,n. 风平浪静；adj. 静的，平静的；沉着的；vt. 使平静；使镇定；vi. 平静下来；镇定下来,,,
cap,kæp,n.,n. 盖；帽子；vt. 覆盖；胜过；给…戴帽；加盖于；vi. 脱帽致意,,,
capacities,,n.,n. 能力；容量；性能；生产量（capacity的复数）,,,
caravan,ˈkærəvæn,n.,n. （可供居住的）拖车，大篷车；（穿过沙漠地带的）旅行队（如商队）；<英>活动住宅；<美>移民列车；vi. 乘拖车度假；参加旅行队旅行,,,
carnival,ˈkɑːnɪv(ə)l,n.,n. 狂欢节，嘉年华会；饮宴狂欢,,,
carpenter,ˈkɑːpəntə(r),n.,n. 木匠，木工；vt. 制作；vi. 当木匠，做木匠工作,,,
carrots,ˈkærəts,n.,n. [园艺] 胡萝卜；红萝卜（carrot的复数形式）,,,
casual,ˈkæʒuəl,n.,n. 便装；临时工人；待命士兵；adj. 随便的；非正式的；临时的；偶然的,,,
catalogue,ˈkætəlɒɡ,n.,n. 目录；（美）大学情况一览；vt. 把…编入目录,,,
categories,ˈkætəɡəriz,n.,n. 类别（category的复数）；分类,,,
catering,ˈkeɪtərɪŋ,n.,n. 给养；承办酒席；提供饮食及服务；v. 备办食物（cater的ing形式）,,,
causes,ˈkɔːzɪz,n.,n. 原因；理由；事业；引起,,,
centimeter,ˈsentɪmiːtə(r),n.,n. [计量] 厘米；[计量] 公分,,,
celebrities,səˈlebrətiz,n.,n. 名人（celebrity的复数）；名誉,,,
ceremonies,'serɪmənɪz,n.,n. 仪式；典礼；礼节；客套（ceremony的复数形式）,,,
chalk,tʃɔːk,n.,n. 粉笔；白垩；用粉笔划的记号；adj. 用粉笔写的；vt. 用粉笔写；用白垩粉擦；记录；规划；vi. 变成白垩状,,,
chain,tʃeɪn,n.,n. 链；束缚；枷锁；vt. 束缚；囚禁；用铁链锁住,,,
character,ˈkærəktə(r),n.,n. 性格，品质；特性；角色；[计] 字符；vt. 印，刻；使具有特征,,,
charge,tʃɑːdʒ,n.,n. 费用；电荷；掌管；控告；命令；负载；vt. 使充电；使承担；指责；装载；对…索费；向…冲去；vi. 充电；控告；索价；向前冲；记在账上,,,
charity worker,,, 慈善工作者,,,
chess,tʃes,n.,n. 国际象棋，西洋棋,,,
chicken,ˈtʃɪkɪn,n.,n. 鸡肉；小鸡；胆小鬼，懦夫；adj. 鸡肉的；胆怯的；幼小的,,,
china stone,,na.,na. 做瓷器的石料,,,
choice,tʃɔɪs,n.,n. 选择；选择权；精选品；adj. 精选的；仔细推敲的,,,
choose,tʃuːz,vt.,vt. 选择，决定；vi. 选择，挑选,,,
choosing,tʃuːzɪŋ,v.,v. 选择；决定（choose的ing形式）,,,
classifying,ˈklæsɪfaɪɪŋ,v.,v. 把…分类；把…分等级（classify的ing形式）,,,
clever,ˈklevə(r),adj.,adj. 聪明的；机灵的；熟练的；[ 比较级cleverer 最高级 cleverest ],,,
client,ˈklaɪənt,n.,n. [经] 客户；顾客；委托人,,,
cliffs,klɪfs,n.,n. [地理] 悬崖，峭壁；陡岸（cliff的复数形式）,,,
cigar,sɪˈɡɑː(r),n.,n. 雪茄,,,
circles,'sɝklz,n.,n. 园；循环（circle的复数）；圆圈；v. 盘旋；环绕（circle的第三人称单数）；包围,,,
circulation,ˌsɜːkjəˈleɪʃn,n.,n. 流通，传播；循环；发行量,,,
craft,krɑːft,n.,n. 工艺；手艺；太空船；vt. 精巧地制作,,,
cream,kriːm,n.,n. 奶油，乳脂；精华；面霜；乳酪,,,
creature,ˈkriːtʃə(r),n.,n. 动物，生物；人；创造物,,,
critical,ˈkrɪtɪk(ə)l,adj.,adj. 鉴定的；[核] 临界的；批评的，爱挑剔的；危险的；决定性的；评论的,,,
crisis,ˈkraɪsɪs,n.,n. 危机；危险期；决定性时刻；adj. 危机的；用于处理危机的,,,
crocodiles,,n.,n. 鳄鱼( crocodile的名词复数 ); （做成皮革的）鳄鱼皮; 成对纵列行进的人（尤指儿童）,,,
crops,krɒps,n.,n. 农作物（crop的复数）；收成；[冶] 切头；v. 种植（crop的三单形式）；收割；修剪；产庄稼,,,
crown,kraʊn,n.,n. 王冠；花冠；王权；顶点；vt. 加冕；居…之顶；表彰；使圆满完成,,,
crying,ˈkraɪɪŋ,v.,v. 哭泣；喊叫；乞求（cry的ing形式）；adj. 叫喊的，嚎哭的；显著的,,,
coal,kəʊl,n.,n. 煤；煤块；木炭；vt. 给…加煤；把…烧成炭；vi. 上煤；加煤,,,
combination,ˌkɒmbɪˈneɪʃ(ə)n,n.,n. 结合；组合；联合；[化学] 化合,,,
comedy,ˈkɒmədi,n.,n. 喜剧；喜剧性；有趣的事情,,,
comfortable,ˈkʌmftəbl; ˈkʌmfətəbl,n.,n. 盖被；adj. 舒适的，舒服的,,,
comics,ˈkɒmɪks,n.,n. 漫画；连环画；喜剧演员（comic的复数形式）,,,
company,ˈkʌmpəni,n.,n. 公司；陪伴，同伴；连队；vt. 陪伴；vi. 交往,,,
complaints,,n.,n. 投诉（complaint的复数）；埋怨，抱怨,,,
complete,kəmˈpliːt,adj.,adj. 完整的；完全的；彻底的；vt. 完成,,,
complex,ˈkɒmpleks,n.,n. 复合体；综合设施；adj. 复杂的；合成的,,,
compulsory,kəmˈpʌlsəri,n.,n. （花样滑冰、竞技体操等的）规定动作；adj. 义务的；必修的；被强制的,,,
community,kəˈmjuːnəti,n.,n. 社区；[生态] 群落；共同体；团体,,,
comprehension,ˌkɒmprɪˈhenʃ(ə)n,n.,n. 理解；包含,,,
composers,,n.,n. 作曲家；作曲者（composer的复数形式）,,,
compounds,,n.,n. 混合物，化合物；大院（compound的复数形式）,,,
conclusions,kən'klʊʒənz,n.,n. 结论，总结；决定（conclusion的复数）,,,
confirm,kənˈfɜːm,vt.,vt. 确认；确定；证实；批准；使巩固,,,
condition,kənˈdɪʃn,n.,n. 条件；情况；环境；身份；vt. 决定；使适应；使健康；以…为条件,,,
consistent,kənˈsɪstənt,adj.,adj. 始终如一的，一致的；坚持的,,,
convenient,kənˈviːniənt,adj.,adj. 方便的；[废语]适当的；[口语]近便的；实用的,,,
coastline,ˈkəʊstlaɪn,n.,n. 海岸线,,,
coastal cities,,, 沿海城市；海边城市；滨海城市,,,
coconut,ˈkəʊkənʌt,n.,n. 椰子；椰子肉,,,
confusion,kənˈfjuːʒn,n.,n. 混淆，混乱；困惑,,,
consultant,kənˈsʌltənt,n.,n. 顾问；咨询者；会诊医生,,,
consumption,kənˈsʌmpʃn,n.,n. 消费；消耗；肺痨,,,
consumers,kənˈsjuːməz,n.,n. [经][生态] 消费者，消耗者；用户，顾客（consumer的复数）,,,
contact,ˈkɒntækt,n.,n. 接触，联系；vt. 使接触，联系；vi. 使接触，联系,,,
contact details,,, 联系方式；联络资料；联络方式,,,
contaminate,kənˈtæmɪneɪt,vt.,vt. 污染，弄脏,,,
context,ˈkɒntekst,n.,n. 环境；上下文；来龙去脉,,,
cooling down,,na.,na. “cool down”的现在分词；【体】准备活动,,,
correction,kəˈrekʃn,n.,n. 改正，修正,,,
corrupt,kəˈrʌpt,adj.,adj. 腐败的，贪污的；堕落的；vt. 使腐烂；使堕落，使恶化；vi. 堕落，腐化；腐烂,,,
cosmetics,kɒzˈmetɪks,n.,n. [化工] 化妆品（cosmetic的复数）；装饰品；v. 用化妆品打扮（cosmetic的三单形式）,,,
cotton,ˈkɒtn,n.,n. 棉花；棉布；棉线；adj. 棉的；棉制的；vi. 一致；理解；和谐；亲近,,,
council,ˈkaʊns(ə)l,n.,n. 委员会；会议；理事会；地方议会；顾问班子,,,
count,kaʊnt,n.,n. 计数；计算；伯爵；vt. 计算；认为；vi. 计数；有价值,,,
copies,ˈkɒpiz,n.,n. 副本（copy的复数）；复制品；打印份数，复印份数；v. 复印；复制（copy的三单形式）,,,
couple,ˈkʌp(ə)l,n.,n. 对；夫妇；数个；vt. 结合；连接；连合；vi. 结合；成婚,,,
cover,ˈkʌvə(r),n.,n. 封面，封皮；盖子；掩蔽物;幌子，借口；vt. 包括；采访，报导；涉及；vi. 覆盖；代替,,,
cup,kʌp,n.,n. 杯子；奖杯；酒杯；vt. 使成杯状；为…拔火罐,,,
curtains,ˈkɜːtənz,n.,n. [建] 窗帘（curtain的复数）；灾难,,,
cut,kʌt,n.,n. 伤口；切口；削减；（服装等的）式样；削球；切入；adj. 割下的；雕过的；缩减的；vt. [机] 切割；削减；缩短；刺痛；vi. [机] 切割；相交；切牌；停拍；不出席,,,
current,ˈkʌrənt,n.,n. （水，气，电）流；趋势；涌流；adj. 现在的；流通的，通用的；最近的；草写的,,,
curved,kɜːvd,n.,n. 倒弧角；adj. 弯曲的；弄弯的；vt. 弯曲（curve的过去式）,,,
daily routine,,na.,na. 日常工作,,,
damage,ˈdæmɪdʒ,vi.,vi. 损害；损毁；vt. 损害，毁坏；n. 损害；损毁；赔偿金,,,
damp,dæmp,n.,n. 潮湿，湿气；adj. 潮湿的；vt. 使潮湿；使阻尼；使沮丧，抑制；vi. 减幅，阻尼；变潮湿,,,
deadline,ˈdedlaɪn,n.,n. 截止期限，最后期限,,,
decade,ˈdekeɪd,n.,n. 十年，十年期；十,,,
decision,dɪˈsɪʒ(ə)n,n.,n. 决定，决心；决议,,,
decrease,dɪˈkriːs,n.,n. 减少，减小；减少量；vt. 减少，减小；vi. 减少，减小,,,
definition,ˌdefɪˈnɪʃn,n.,n. 定义；[物] 清晰度；解说,,,
degrees,dɪˈɡriːz,n.,n. 角度，学历；度数（degree的复数）,,,
delivery,dɪˈlɪvəri,n.,n. [贸易] 交付；分娩；递送,,,
depression,dɪˈpreʃn,n.,n. 沮丧；洼地；不景气；忧愁；低气压区,,,
demand,dɪˈmɑːnd,n.,n. [经] 需求；要求；需要；vt. 要求；需要；查询；vi. 需要；请求；查问,,,
democratic,ˌdeməˈkrætɪk,adj.,adj. 民主的；民主政治的；大众的,,,
demonstrations,,n.,n. 示范，展示（demonstration复数）,,,
density,ˈdensəti,n.,n. 密度,,,
desk lamp,desk læmp,na.,na. 台灯,,,
destroy,dɪˈstrɔɪ,vt.,vt. 破坏；消灭；毁坏,,,
detail,ˈdiːteɪl,n.,n. 细节，详情；vt. 详述；选派；vi. 画详图,,,
diamond,ˈdaɪmənd,n.,n. 钻石，金刚石；菱形；方块牌；adj. 菱形的；金刚钻的,,,
dictation,dɪkˈteɪʃ(ə)n,n.,n. 听写；口述；命令,,,
difficult,ˈdɪfɪkəlt,adj.,adj. 困难的；不随和的；执拗的,,,
different,ˈdɪfrənt,adj.,adj. 不同的；个别的，与众不同的,,,
digestion,daɪˈdʒestʃən; dɪˈdʒestʃən,n.,n. 消化；领悟,,,
director,dəˈrektə(r); daɪˈrektə(r),n.,n. 主任，主管；导演；人事助理,,,
dirt,dɜːt,n.,n. 污垢，泥土；灰尘，尘土；下流话,,,
discipline,ˈdɪsəplɪn,n.,n. 学科；纪律；训练；惩罚；vt. 训练，训导；惩戒,,,
dismiss,dɪsˈmɪs,vt.,vt. 解散；解雇；开除；让...离开；不予理会、不予考虑；vi. 解散,,,
disable people,,,无,,,
disappear,ˌdɪsəˈpɪə(r),vi.,vi. 消失；失踪；不复存在；vt. 使…不存在；使…消失,,,
dishwasher,ˈdɪʃwɒʃə(r),n.,n. 洗碗工；洗碟机,,,
distortion,dɪˈstɔːʃ(ə)n,n.,n. 变形；[物] 失真；扭曲；曲解,,,
distribute,dɪˈstrɪbjuːt,vt.,vt. 分配；散布；分开；把…分类,,,
distribution,ˌdɪstrɪˈbjuːʃn,n.,n. 分布；分配,,,
display,dɪˈspleɪ,n.,n. 显示；炫耀；vt. 显示；表现；陈列；adj. 展览的；陈列用的；vi. [动] 作炫耀行为,,,
district,ˈdɪstrɪkt,n.,n. 区域；地方；行政区,,,
drawing,ˈdrɔːɪŋ,n.,n. 图画；牵引；素描术；v. 绘画；吸引（draw的ing形式）；拖曳,,,
draft,drɑːft,n.,n. 汇票；草稿；选派；（尤指房间、烟囱、炉子等供暖系统中的）（小股）气流；vt. 起草；制定；征募；vi. 拟稿；绘样；作草图；adj. 初步画出或（写出）的；（设计、草图、提纲或版本）正在起草中的，草拟的；以草稿形式的；草图的,,,
dream,driːm,n.,n. 梦想，愿望；梦；adj. 梦的；理想的；不切实际的；vt. 梦想；做梦；想到；vi. 梦想；做梦，梦见；想到,,,
dress code,,n.,n. （工作时的）着装规定,,,
drop off,,na.,na. 同“drop”；睡着；(客)(一一)散去；衰落,,,
drought,draʊt,n.,n. 干旱；缺乏,,,
drugs,drʌɡz,n.,n. 毒品，[药] 药物,,,
doctors,,n.,n. [医] 医生（doctor的复数）；v. 为…诊治（doctor的单数第三人称）,,,
dogs,dɒɡz,n.,n. 狗（dog的复数）；瘦狗类；v. 紧紧跟踪；追猎；紧随（dog的第三人称单数）,,,
dolphins,ˈdɒlfɪnz,n.,n. [脊椎] 海豚；[水运] 系缆柱（dolphin的复数）,,,
donkeys,,n.,n. 驴( donkey的名词复数 ),,,
dome,dəʊm,n.,n. 圆屋顶；vi. 成圆顶状；vt. 加圆屋顶于…上,,,
domestic,dəˈmestɪk,n.,n. 国货；佣人；adj. 国内的；家庭的；驯养的；一心只管家务的,,,
duck,dʌk,n.,n. 鸭子；鸭肉；（英）宝贝儿；零分；vt. 躲避；猛按…入水；vi. 闪避；没入水中,,,
duration,djuˈreɪʃn,n.,n. 持续，持续的时间，期间；[语音学]音长，音延,,,
dust bag,dʌst bæɡ,un.,un. 集尘袋；收尘袋,,,
earning,ˈɜːnɪŋ,n.,n. 收入；所赚的钱；v. 赚得( earn的现在分词 )；挣钱；生（利）；获（利）,,,
earth,ɜːθ,n.,n. 地球；地表，陆地；土地，土壤；尘事，俗事；兽穴；vt. 把（电线）[电] 接地；盖（土）；追赶入洞穴；vi. 躲进地洞,,,
Eco-system,,abbr.,abbr. ecological system 生态学系统; economic system 经济学系统,,,
edges,,n.,n. [地质] 边缘；边界；优势（edge的复数）；v. 挤进；侧身移动（edge的三单形式）,,,
editor,ˈedɪtə(r),n.,n. 编者，编辑；社论撰写人；编辑装置,,,
effect,ɪˈfekt,n.,n. 影响；效果；作用；vt. 产生；达到目的,,,
effectiveness,ɪˈfektɪvnəs,n.,n. 效力,,,
efficiency,ɪˈfɪʃ(ə)nsi,n.,n. 效率；效能；功效,,,
elastic,ɪˈlæstɪk,n.,n. 松紧带；橡皮圈；adj. 有弹性的；灵活的；易伸缩的,,,
elephants,ˈelɪfənts,n.,n. 大象（elephant的复数）,,,
elevator,ˈelɪveɪtə(r),n.,n. 电梯；升降机；升降舵；起卸机,,,
empty,ˈempti,n.,n. 空车；空的东西；adj. 空的；无意义的；无知的；徒劳的；vt. 使失去；使…成为空的；vi. 成为空的；流空,,,
encourage,ɪnˈkʌrɪdʒ,vt.,vt. 鼓励，怂恿；激励；支持,,,
enlargement,ɪnˈlɑːdʒmənt,n.,n. 放大；放大的照片；增补物,,,
enjoy,ɪnˈdʒɔɪ,vt.,vt. 欣赏，享受；喜爱；使过得快活,,,
enjoyable,ɪnˈdʒɔɪəbl,adj.,adj. 快乐的；有乐趣的；令人愉快的,,,
entire,ɪnˈtaɪə(r),adj.,adj. 全部的，整个的；全体的,,,
equal,ˈiːkwəl,n.,n. 对手；匹敌；同辈；相等的事物；adj. 平等的；相等的；胜任的；vt. 等于；比得上,,,
error message,,n.,n. 错误信息（在计算机屏幕上出现，表示有错误）,,,
erosion,ɪˈrəʊʒ(ə)n,n.,n. 侵蚀，腐蚀,,,
E-ticket,ˈiː tɪkɪt,n.,n. 电子票,,,
experiment,ɪkˈsperɪmənt,n.,n. 实验，试验；尝试；vi. 尝试；进行实验,,,
external,ɪkˈstɜːn(ə)l,n.,n. 外部；外观；外面；adj. 外部的；表面的；[药] 外用的；外国的；外面的,,,
evidence,ˈevɪdəns,n.,n. 证据，证明；迹象；明显；vt. 证明,,,
evolution,ˌiːvəˈluːʃ(ə)n,n.,n. 演变；进化论；进展,,,
exam,ɪɡˈzæm,n.,n. 考试；测验,,,
exam preparation,,,无,,,
exercise,ˈeksəsaɪz,n.,n. 运动；练习；运用；操练；礼拜；典礼；vt. 锻炼；练习；使用；使忙碌；使惊恐；vi. 运动；练习,,,
excellent,ˈeksələnt,adj.,adj. 卓越的；极好的；杰出的,,,
excitement,ɪkˈsaɪtmənt,n.,n. 兴奋；刺激；令人兴奋的事物,,,
expansion,ɪkˈspænʃ(ə)n,n.,n. 膨胀；阐述；扩张物,,,
expert,ˈekspɜːt,n.,n. 专家；行家；能手；adj. 熟练的；内行的；老练的；vt. 当专家；在…中当行家,,,
expect,ɪkˈspekt,vi.,vi. 期待；预期；vt. 期望；指望；认为；预料,,,
expectations,ˌekspekˈteɪʃ(ə)nz,n.,n. [数] 期望；预期；[数] 期望值（expectation的复数形式）,,,
express trains,,, T字头特快；快速列车；有分快车,,,
explain,ɪkˈspleɪn,v.,v. 说明；解释,,,
explanation,ˌekspləˈneɪʃ(ə)n,n.,n. 说明，解释；辩解,,,
explode,ɪkˈspləʊd,vi.,vi. 爆炸，爆发；激增；vt. 使爆炸；爆炸；推翻,,,
explosion,ɪkˈspləʊʒ(ə)n,n.,n. 爆炸；爆发；激增,,,
exploration,ˌekspləˈreɪʃ(ə)n,n.,n. 探测；探究；踏勘,,,
expose,ɪkˈspəʊz,vt.,vt. 揭露，揭发；使曝光；显示,,,
export,ɪkˈspɔːt; ˈekspɔːt,n.,n. 输出，出口；出口商品；vt. 输出，出口；vi. 输出物资,,,
face,feɪs,n.,n. 脸；表面；面子；面容；外观；威信；vi. 向；朝；vt. 面对；面向；承认；抹盖,,,
face painting,,, 画脸；脸部彩绘；面部彩绘,,,
facilities,fəˈsɪlətiz,n.,n. 设施；工具，设备,,,
fact,fækt,n.,n. 事实；实际；真相,,,
fair,feə(r),n.,n. 展览会；市集；美人；adj. 公平的；美丽的，白皙的；[气象] 晴朗的；vi. 转晴；adv. 公平地；直接地；清楚地,,,
famous author,,,无,,,
fan,fæn,n.,n. 迷；风扇；爱好者；vt. 煽动；刺激；吹拂；vi. 成扇形散开；飘动,,,
fancy dress,ˌfænsi ˈdres,n.,n. 化装服；化装舞会服,,,
fast food shop,,,无,,,
faxing,ˈfæksɪŋ,v.,v. 传真传输( fax的现在分词 ); 传真（文档、信件等）,,,
feathers,,n.,n. 羽毛（feather的复数）；翅膀；羽状裂缝；v. 为…装上羽毛；给…以薄边；使桨与水面平行；长羽毛（feather的三单形式）,,,
feeling,ˈfiːlɪŋ,n.,n. 感觉，触觉；感情，情绪；同情；v. 感觉；认为（feel的现在分词）；触摸；adj. 有感觉的；有同情心的；富于感情的,,,
fell,fel,n.,n. [林] 一季所伐的木材；折缝；兽皮；v. 掉下；摔倒；下垂；变坏（fall的过去式）；adj. 凶猛的；毁灭性的；vt. 砍伐；打倒；击倒,,,
female,ˈfiːmeɪl,n.,n. 女人；[动] 雌性动物；adj. 女性的；雌性的；柔弱的，柔和的,,,
fence,fens,n.,n. 栅栏；围墙；剑术；vt. 防护；用篱笆围住；练习剑术；vi. 击剑；搪塞；围以栅栏；跳过栅栏,,,
flashing,ˈflæʃɪŋ,n.,n. 闪光；防水板；遮雨板；adj. 闪烁的；闪光的,,,
flash light,,n.,n. 闪光灯,,,
flavor,ˈfleɪvə(r),n.,n. 情味，风味；香料；滋味；vt. 加味于,,,
flies,flaɪz,n.,n. 苍蝇（fly的复数）；舞台上空，吊景区；裤子前面的开口；v. 飞行；时间飞逝；乘飞机；飘动（fly的第三人称单数）,,,
flu,fluː,n.,n. 流感,,,
fluctuate,ˈflʌktʃueɪt,vi.,vi. 波动；涨落；动摇；vt. 使波动；使动摇,,,
fluent,ˈfluːənt,adj.,adj. 流畅的，流利的；液态的；畅流的,,,
fluids,,n.,n. [流] 流体（fluid的复数形式）；[物] 液体,,,
flute,fluːt,n.,n. 长笛；【工程设计】(刀具的)出屑槽；vt. 用长笛吹奏；vi. 吹长笛,,,
flourishment,,n.,n. 繁荣,,,
fill,fɪl,n.,n. 满足；填满的量；装填物；vt. 装满，使充满；满足；堵塞；任职；vi. 被充满，膨胀,,,
fingers,ˈfɪŋɡəs,n.,n. 手指头，指头（finger复数）；梳状剔除器；v. 用指弹奏（finger的第三人称单数）,,,
freezer,ˈfriːzə(r),n.,n. 冰箱；冷冻库；制冷工,,,
French style,,un.,un. 法国式；纵切青刀豆丝,,,
fresh food,,, 新鲜食物；新鲜食品；鲜美的食物,,,
frequency,ˈfriːkwənsi,n.,n. 频率；频繁,,,
front,frʌnt,n.,n. 前面；正面；前线；adj. 前面的；正面的；vt. 面对；朝向；对付；vi. 朝向；adv. 在前面；向前,,,
front desk,ˌfrʌnt ˈdesk,n.,n. 总台,,,
frustration,frʌˈstreɪʃ(ə)n,n.,n. 挫折,,,
fringe,frɪndʒ,n.,n. 边缘；穗；刘海；adj. 边缘的；附加的；vt. 加穗于,,,
font,fɒnt,n.,n. 字体；字形；泉；洗礼盘，圣水器,,,
freight,freɪt,n.,n. 货运；运费；船货；vt. 运送；装货；使充满,,,
focus,ˈfəʊkəs,n.,n. 焦点；中心；清晰；焦距；vt. 使集中；使聚焦；vi. 集中；聚焦；调节焦距,,,
formats,'fɔ:mæts,n.,n. [计] 格式（format的复数）；幅度,,,
football,ˈfʊtbɔːl,n.,n. 足球，橄榄球；vi. 踢足球；打橄榄球,,,
folded,ˈfəʊldɪd,adj.,adj. 折叠的；褶曲的；v. 折叠；交叉合拢；失败垮台；把牲畜关在栏中（fold的过去分词）,,,
funding,ˈfʌndɪŋ,n.,n. 提供资金；用发行长期债券的方法来收回短期债券；v. 提供资金；积存（fund的ing形式）,,,
fountain,ˈfaʊntən,n.,n. 喷泉，泉水；源泉,,,
fuel,ˈfjuːəl,n.,n. 燃料；刺激因素；vt. 供以燃料，加燃料；vi. 得到燃料,,,
future,ˈfjuːtʃə(r),n.,n. 未来；前途；期货；将来时；adj. 将来的，未来的,,,
future career,,,无,,,
further training,,, 进修；深造；深造进修,,,
garbage,ˈɡɑːbɪdʒ,n.,n. 垃圾；废物,,,
germs,dʒə:mz,n.,n. [微] 细菌；[基医] 病菌（germ的复数形式）；致病菌；v. 发生（germ的单三形式）；萌芽,,,
gate,ɡeɪt,n.,n. 大门；出入口；门道；vt. 给…装大门,,,
gallery,ˈɡæləri,n.,n. 画廊；走廊；旁听席；地道；vt. 在…修建走廊；在…挖地道；vi. 挖地道,,,
geese,ɡiːs,n.,n. 鹅（goose复数）,,,
generation,ˌdʒenəˈreɪʃn,n.,n. 一代；产生；一代人；生殖,,,
geographical,ˌdʒiːəˈɡræfɪk(ə)l,adj.,adj. 地理的；地理学的,,,
gloves,ɡlʌvz,n.,n. [服装] 手套（glove的复数）；v. 给…戴手套（glove的三单形式）,,,
glue,ɡluː,n.,n. 胶；各种胶合物；vt. 粘合；似胶般固着于,,,
girl club,,,无,,,
goldfish,ˈɡəʊldfɪʃ,n.,n. 金鱼,,,
goods,ɡʊdz,n.,n. 商品；动产；合意的人；真本领,,,
gradual,ˈɡrædʒuəl,n.,n. 弥撒升阶圣歌集；adj. 逐渐的；平缓的,,,
grammar,ˈɡræmə(r),n.,n. 语法；语法书,,,
grant,ɡrɑːnt,n.,n. 拨款；[法] 授予物；vt. 授予；允许；承认；vi. 同意,,,
graphics,ˈɡræfɪks,n.,n. [测] 制图学；制图法；图表算法,,,
grey,ɡreɪ,n.,n. 灰色；adj. 灰色的；灰白的；vt. 使变成灰色；使变老；vi. 变成灰色；老化,,,
growth opportunities,,, 增长机会; 成长机会（growth opportunity的复数）,,,
grandfather,ˈɡrænfɑːðə(r),n.,n. 祖父；始祖；vt. 不受新规定限制,,,
grandmother,ˈɡrænmʌðə(r),n.,n. 祖母；女祖先；vt. 当…的祖母；vi. 当祖母,,,
grocery,ˈɡrəʊsəri,n.,n. 食品杂货店；食品杂货,,,
growing,ˈɡrəʊɪŋ,v.,v. 生长（grow的ing形式）；adj. 发展的；成长的,,,
guard,ɡɑːd,n.,n. 守卫；警戒；护卫队；防护装置；vi. 警惕；vt. 保卫；监视,,,
guessing,,v.,v. 猜测；推测；认为（guess的现在分词）,,,
guitar,ɡɪˈtɑː(r),n.,n. 吉他，六弦琴；vi. 弹吉他,,,
half,hɑːf,n.,n. 一半；半场；半学年；adj. 一半的；不完全的；半途的；adv. 一半地；部分地,,,
hall,hɔːl,n.,n. 过道，门厅，走廊；会堂；食堂；学生宿舍；大厅，前厅；娱乐中心，会所,,,
hat,hæt,n.,n. 帽子；vt. 给……戴上帽子；vi. 供应帽子；制造帽子,,,
harbours,ˈhɑːbə(r),n.,n. 海港，港口( harbour的名词复数 )；v. 庇护( harbour的第三人称单数 ); 怀着; 包含; 藏有,,,
hardware,ˈhɑːdweə(r),n.,n. 计算机硬件；五金器具,,,
help desk,ˈhelp desk,n.,n. （商业公司的）咨询服务；（尤指有关电脑问题的）技术支持服务,,,
height,haɪt,n.,n. 高地；高度；身高；顶点,,,
herbivorous,hɜːˈbɪvərəs,adj.,adj. [动] 食草的,,,
herds,,n.,n. 畜群；大量（herd的复数）；人群；v. 聚在一起；结交（herd的三单形式）,,,
hero,ˈhɪərəʊ,n.,n. 英雄；男主角，男主人公,,,
hill,hɪl,n.,n. 小山；丘陵；斜坡；山冈,,,
hire,ˈhaɪə(r),n.,n. 雇用，租用；租金，工钱；vt. 雇用；出租；vi. 雇用，租用；受雇,,,
honest,ˈɒnɪst,adj.,adj. 诚实的，实在的；可靠的；坦率的,,,
honey,ˈhʌni,n.,n. 蜂蜜；宝贝；甜蜜；adj. 甘美的；蜂蜜似的；vt. 对…说甜言蜜语；加蜜使甜；vi. 奉承；说甜言蜜语,,,
hook,hʊk,n.,n. 挂钩，吊钩；vt. 钩住；引上钩；vi. 钩住；弯成钩状,,,
horror,ˈhɒrə(r),n.,n. 惊骇；惨状；极端厌恶；令人恐怖的事物,,,
hostel,ˈhɒst(ə)l,n.,n. 旅社，招待所（尤指青年旅社）,,,
hospitality,ˌhɒspɪˈtæləti,n.,n. 好客；殷勤,,,
hothouse,ˈhɒthaʊs,n.,n. 温室；温床；adj. 温室的；过分保护的；娇弱的,,,
hour,ˈaʊə(r),n.,n. 小时；钟头；课时；…点钟,,,
hunger,ˈhʌŋɡə(r),n.,n. 饿，饥饿；渴望；vt. 使……挨饿；vi. 渴望；挨饿,,,
humidity,hjuːˈmɪdəti,n.,n. [气象] 湿度；湿气,,,
humor,ˈhjuːmə(r),n.,n. 幽默，诙谐；心情；vt. 迎合，迁就；顺应,,,
hurry up,'hʌrɪ ʌp,na.,na. 催促；赶快,,,
immigration,ˌɪmɪˈɡreɪʃ(ə)n,n.,n. 外来移民；移居,,,
immune,ɪˈmjuːn,n.,n. 免疫者；免除者；adj. 免疫的；免于……的，免除的,,,
impact,ˈɪmpækt,vi.,vi. 影响；撞击；冲突；压紧（on，upon，with）；n. 影响；效果；碰撞；冲击力；vt. 挤入，压紧；撞击；对…产生影响,,,
important,ɪmˈpɔːtnt,adj.,adj. 重要的，重大的；有地位的；有权力的,,,
incineration plant,,, 焚烧车间；焚烧工厂；焚化厂,,,
index,ˈɪndeks,n.,n. 指标；指数；索引；指针；vt. 指出；编入索引中；vi. 做索引,,,
individual,ˌɪndɪˈvɪdʒuəl,n.,n. 个人，个体；adj. 个人的；个别的；独特的,,,
independent,ˌɪndɪˈpendənt,n.,n. 独立自主者；无党派者；adj. 独立的；单独的；无党派的；不受约束的,,,
indoor,ˈɪndɔː(r),adj.,adj. 室内的，户内的,,,
influence,ˈɪnfluəns,n.,n. 影响；势力；感化；有影响的人或事；vt. 影响；改变,,,
informal,ɪnˈfɔːml,adj.,adj. 非正式的；不拘礼节的；随便的；通俗的；日常使用的,,,
ingredients,ɪnˈɡriːdiənts,n.,n. 材料；佐料,,,
injury,ˈɪndʒəri,n.,n. 伤害，损害；受伤处,,,
inside,ˌɪnˈsaɪd,prep.,prep. 少于；在…之内；n. 里面；内部；内情；内脏；adj. 里面的；内部的；秘密的；adv. 在里面,,,
instinct,ˈɪnstɪŋkt,n.,n. 本能，直觉；天性；adj. 充满着的,,,
instructions,ɪn'strʌkʃənz,n.,n. 指令；说明（instruction的复数形式）,,,
insulation,ˌɪnsjuˈleɪʃ(ə)n,n.,n. 绝缘；隔离，孤立,,,
integrate,ˈɪntɪɡreɪt,n.,n. 一体化；集成体；adj. 整合的；完全的；vi. 求积分；取消隔离；成为一体；vt. 使…完整；使…成整体；求…的积分；表示…的总和,,,
intelligence,ɪnˈtelɪdʒəns,n.,n. 智力；情报工作；情报机关；理解力；才智，智慧；天分,,,
intact,ɪnˈtækt,adj.,adj. 完整的；原封不动的；未受损伤的,,,
interaction,ˌɪntərˈækʃ(ə)n,n.,n. 相互作用；[数] 交互作用；n. 互动,,,
intensive,ɪnˈtensɪv,n.,n. 加强器；adj. 加强的；集中的；透彻的；加强语气的,,,
introduction,ˌɪntrəˈdʌkʃn,n.,n. 介绍；引进；采用；入门；传入,,,
invitations,,n.,n. 邀请函；邀约（invitation的复数）,,,
investment,ɪnˈvestmənt,n.,n. 投资；投入；封锁,,,
irrigation,ˌɪrɪˈɡeɪʃn,n.,n. 灌溉；[临床] 冲洗；冲洗法,,,
island,ˈaɪlənd,n.,n. 岛；岛屿；安全岛；岛状物；adj. 岛的；vt. 孤立；使成岛状,,,
isolation,ˌaɪsəˈleɪʃn,n.,n. 隔离；孤立；[电] 绝缘；[化学] 离析,,,
issue,ˈɪʃuː,n.,n. 问题；流出；期号；发行物；vt. 发行，发布；发给；放出，排出；vi. 发行；流出；造成…结果；传下,,,
jazz,dʒæz,n.,n. 爵士乐，爵士舞；喧闹；vi. 奏爵士乐，跳爵士舞；游荡；vt. 奏爵士乐；使活泼；adj. 爵士乐的；喧吵的,,,
jet engine,ˈdʒet endʒɪn,n.,n. 喷气式发动机,,,
jewelry,'dʒuːəlrɪ,n.,n. 珠宝；珠宝类,,,
jogging,ˈdʒɒɡɪŋ,n.,n. 慢跑；v. 慢跑（jog的ing形式）；轻推；唤起,,,
journalism,ˈdʒɜːnəlɪz(ə)m,n.,n. 新闻业，新闻工作；报章杂志,,,
journalists,'dʒə:nəlists,n.,n. 新闻记者（journalist的复数）,,,
joke,dʒəʊk,n.,n. 玩笑，笑话；笑柄；vt. 开…的玩笑；vi. 开玩笑,,,
judo,ˈdʒuːdəʊ,n.,n. （日）柔道；adj. 柔道的；柔道术的,,,
junior,ˈdʒuːniə(r),adj.,adj. 年少的；后进的；下级的；n. 年少者，晚辈；地位较低者；大学三年级学生,,,
juice bottles,,,无,,,
kangaroo,ˌkæŋɡəˈruː,n.,n. 袋鼠,,,
keep fit,ˌkiːp ˈfɪt,na.,na. 保持健康,,,
kidney,ˈkɪdni,n.,n. [解剖] 肾脏；腰子；个性,,,
kilometres,"'kɪlə,miːtəz; kɪ'lɒmɪtəz",n.,n. 千米，公里( kilometre的名词复数 ),,,
kindness,ˈkaɪndnəs,n.,n. 仁慈；好意；友好的行为,,,
knees,niːz,,[解剖] 膝,,,
knife,naɪf,n.,n. 刀；匕首；vt. 用刀切；（口）伤害；vi. 劈开；划过,,,
labels,'leibəlz,n.,n. 标签；分类（label的复数形式）；v. 贴标签于；把…称为（label的三单形式）,,,
labour,ˈleɪbə(r),n.,n. （英国）工党,,,
ladders,ˈlædəz,n.,n. 梯子( ladder的名词复数 ); 阶梯; 途径; （紧身裤袜或长筒袜的）滑丝,,,
lamp,læmp,n.,n. 灯；照射器；vt. 照亮；vi. 发亮,,,
lanes,leɪnz,n.,n. 线路，跑道（lane复数形式）,,,
laptops,,,笔记本电脑,,,
lawyer,ˈlɔɪə(r),n.,n. 律师；法学家,,,
law department,,, 法律系；法律部；纽约市法务局,,,
layout,ˈleɪaʊt,n.,n. 布局；设计；安排；陈列,,,
leak,liːk,n.,n. 泄漏；漏洞，裂缝；vt. 使渗漏，泄露；vi. 漏，渗；泄漏出去,,,
leather,ˈleðə(r),n.,n. 皮革；皮革制品；vt. 用皮革包盖；抽打；adj. 皮的；皮革制的,,,
left,left,adj.,adj. 左边的；左派的；剩下的；adv. 在左面；n. 左边；左派；激进分子；v. 离开（leave的过去式）,,,
leg,leɡ,n.,n. 腿；支柱,,,
legroom,ˈleɡruːm; ˈleɡrʊm,n.,n. （车辆、飞机或剧院座位前的）放脚空间；踏脚处,,,
legal action,ˈliːɡ(ə)l ækʃ(ə)n,n.,n. 法律诉讼,,,
letter,ˈletə(r),n.,n. 信；字母，文字；证书；文学，学问；字面意义；vt. 写字母于；vi. 写印刷体字母,,,
leisure,ˈleʒə(r),n.,n. 闲暇；空闲；安逸；adj. 空闲的；有闲的；业余的,,,
length,leŋkθ,n.,n. 长度，长；时间的长短；（语）音长,,,
liable,ˈlaɪəb(ə)l,adj.,adj. 有责任的，有义务的；应受罚的；有…倾向的；易…的,,,
lizard,ˈlɪzəd,n.,n. 蜥蜴；类蜥蜴爬行动物,,,
lids,lɪdz,abbr.,abbr. 入侵检测系统（Linux Intrusion Detection System）,,,
liquid,ˈlɪkwɪd,adj.,adj. 液体的；清澈的；明亮的；易变的；n. 液体，流体；流音,,,
limestone,ˈlaɪmstəʊn,n.,n. [岩] 石灰岩,,,
link,lɪŋk,n.,n. [计] 链环，环节；联系，关系；vt. 连接，连结；联合，结合；vi. 连接起来；联系在一起；将人或物连接或联系起来,,,
live music,,n.,n. 现场音乐,,,
loans,ləʊnz,n.,n. [金融] 贷款（loan的复数形式）；借贷,,,
lose weight,,un.,un. 体重减轻,,,
loud noises,,,无,,,
lungs,lʌŋz,n.,n. [解剖] 肺（lung的复数形式）,,,
luxury,ˈlʌkʃəri,n.,n. 奢侈，奢华；奢侈品；享受；adj. 奢侈的,,,
magic,ˈmædʒɪk,n.,n. 巫术；魔法；戏法；adj. 不可思议的；有魔力的；魔术的,,,
make notes,,un.,un. 打听；记下；审批,,,
maintenance,ˈmeɪntənəns,n.,n. 维护，维修；保持；生活费用,,,
mail,meɪl,n.,n. 邮件；邮政，邮递；盔甲；vt. 邮寄；给…穿盔甲；vi. 邮寄；寄出,,,
mailing list,ˈmeɪlɪŋ lɪst,n.,n. 邮寄名单；邮寄名址录；（计算机中存储的）电邮发送清单,,,
mammals,ˈmæm(ə)lz,n.,n. [古生] 哺乳类；哺乳类动物（mammal的复数）；哺乳纲,,,
man-made,ˌmæn ˈmeɪd,adj.,adj. 人造的；人工的；合成的,,,
manual,ˈmænjuəl,adj.,adj. 手工的；体力的；n. 手册，指南,,,
manufacture,ˌmænjuˈfæktʃə(r),n.,n. 制造；产品；制造业；vt. 制造；加工；捏造；vi. 制造,,,
manufacturers,",mænju'fæktʃərəz",,[经] 制造商；[经] 厂商,,,
marine plants,,, 海洋植物,,,
marriage,ˈmærɪdʒ,n.,n. 结婚；婚姻生活；密切结合，合并,,,
mask,mɑːsk,n.,n. 面具；口罩；掩饰；vi. 掩饰；戴面具；化装；vt. 掩饰；戴面具；使模糊,,,
mat,mæt,n.,n. 垫；垫子；衬边；vt. 缠结；铺席于……上；vi. 纠缠在一起；adj. 无光泽的,,,
matching,ˈmætʃɪŋ,adj.,adj. 相配的；一致的；相称的；n. 匹配；v. 使…相配（match的ing形式）,,,
maximum,ˈmæksɪməm,n.,n. [数] 极大，最大限度；最大量；adj. 最高的；最多的；最大极限的,,,
measurement,ˈmeʒəmənt,n.,n. 测量；[计量] 度量；尺寸；量度制,,,
membership,ˈmembəʃɪp,n.,n. 资格；成员资格；会员身份,,,
middle,ˈmɪd(ə)l,adj.,adj. 中间的，中部的；中级的，中等的；n. 中间，中央；腰部,,,
mild,maɪld,adj.,adj. 温和的；轻微的；淡味的；文雅的；不含有害物质的的；n. （英国的一种）淡味麦芽啤酒,,,
minutes,'minits,n.,n. 分钟（minute的复数）；会议记录；备忘录；v. 把…记录在案；为…测定时间（minute的单三形式）,,,
miss,mɪs,n.,n. 女士，小姐，年轻未婚女子；vt. 错过，想念，缺（勤）,,,
mission statement,ˈmɪʃən steɪtmənt,n.,n. （公司或组织的）宗旨说明,,,
mistake,mɪˈsteɪk,n.,n. 错误；误会；过失；vt. 弄错；误解；vi. 弄错；误解,,,
mixed,mɪkst,adj.,adj. 混合的；形形色色的；弄糊涂的；v. 混合；弄混（mix的过去式和过去分词）,,,
module,ˈmɒdjuːl,n.,n. [计] 模块；组件；模数,,,
model,ˈmɒd(ə)l,n.,n. 模型；典型；模范；模特儿；样式；vt. 模拟；塑造；模仿；vi. 做模型；做模特儿；adj. 模范的；作模型用的,,,
moderate,ˈmɒdərət,adj.,adj. 稳健的，温和的；适度的，中等的；有节制的；vi. 变缓和，变弱；vt. 节制；减轻,,,
moist,mɔɪst,adj.,adj. 潮湿的；多雨的；含泪的；n. 潮湿,,,
monitor,ˈmɒnɪtə(r),n.,n. 监视器；监听器；监控器；显示屏；班长；vt. 监控,,,
morality,məˈræləti,n.,n. 道德；品行，美德,,,
motel,məʊˈtel,n.,n. 汽车旅馆,,,
mother,ˈmʌðə(r),n.,n. 母亲；大娘；女修道院院长；vt. 生下；养育；像母亲般关怀或照管；adj. 母亲的；出生地的,,,
motivation,ˌməʊtɪˈveɪʃn,n.,n. 动机；积极性；推动,,,
motor,ˈməʊtə(r),n.,n. 发动机，马达；汽车；adj. 汽车的；机动的；vi. 乘汽车；vt. 以汽车载运,,,
monuments,,n.,n. 遗迹；纪念物；不朽的功业；有永久价值的作品（monument的复数形式）,,,
moods,muːdz,n.,n. 情绪（mood的复数）,,,
mould,məʊld,vi.,vi. 发霉；vt. 浇铸；用泥土覆盖；n. 模具；霉,,,
movement,ˈmuːvmənt,n.,n. 运动；活动；运转；乐章,,,
myth,mɪθ,n.,n. 神话；虚构的人，虚构的事,,,
mud,mʌd,vt.,vt. 弄脏；用泥涂；vi. 钻入泥中；n. 泥；诽谤的话；无价值的东西,,,
muscle pain,,, 肌肉痛；肌肉疼痛；肌肉酸痛,,,
mushroom,ˈmʌʃrʊm; ˈmʌʃruːm,n.,n. 蘑菇，伞菌；蘑菇形物体；暴发户；adj. 蘑菇的；蘑菇形的；迅速生长的；vi. 迅速增加；采蘑菇；迅速生长,,,
native,ˈneɪtɪv,adj.,adj. 本国的；土著的；天然的；与生俱来的；天赋的；n. 本地人；土产；当地居民,,,
necessary,ˈnesəsəri,adj.,adj. 必要的；必需的；必然的；n. 必需品,,,
necklace,ˈnekləs,n.,n. 项链,,,
neighbours,'neɪbɜ:rz,n.,n. 邻居；同胞；仁慈的人（neighbour的复数）；v. 邻近；亲近（neighbour的三单形式）,,,
negotiation skills,,, 谈判技巧；谈判技能；谈判能力,,,
nursery,ˈnɜːsəri,n.,n. 苗圃；托儿所；温床,,,
normal,ˈnɔːm(ə)l,adj.,adj. 正常的；正规的，标准的；n. 正常；标准；常态,,,
nylon,ˈnaɪlɒn,n.,n. 尼龙，[纺] 聚酰胺纤维；尼龙袜,,,
obligation,ˌɒblɪˈɡeɪʃ(ə)n,n.,n. 义务；职责；债务,,,
occupancy,ˈɒkjəpənsi,n.,n. 居住；占有；占用,,,
offer advice,,,无,,,
olive oil,,n.,n. 橄榄油（用于烹饪和凉拌色拉）,,,
opinion,əˈpɪnjən,n.,n. 意见；主张,,,
opposite,ˈɒpəzɪt,adj.,adj. 相反的；对面的；对立的；n. 对立面；反义词；prep. 在…的对面；adv. 在对面,,,
oral,ˈɔːrəl,n.,n. 口试；adj. 口头的，口述的,,,
order,ˈɔːdə(r),n.,n. 命令；顺序；规则；[贸易] 定单；vt. 命令；整理；定购；vi. 命令；定货,,,
orientation,ˌɔːriənˈteɪʃ(ə)n,n.,n. 方向；定向；适应；情况介绍；向东方,,,
origins,ˈɒrɪdʒɪnz,n.,n. 起源（origin的复数）,,,
ovens,'ʌvnz,n.,n. 烤箱（oven的复数形式）,,,
overseas,ˌəʊvəˈsiːz,adv.,adv. 在海外，海外；adj. 海外的，国外的,,,
outcomes,,n.,n. 产出，结局；效果（outcome的复数）,,,
outstanding,aʊtˈstændɪŋ,adj.,adj. 杰出的；显著的；未解决的；未偿付的；n. 未偿贷款,,,
palace,ˈpæləs,n.,n. 宫殿；宅邸；豪华住宅,,,
pairs,peəz,n.,n. 夫妇；一副（pair的复数）；v. 合作（pair的第三人称单数）；使…成对；为…配搭档,,,
pass,pɑːs,n.,n. 及格；经过；护照；途径；传球；vt. 通过；经过；传递；vi. 经过；传递；变化；终止,,,
patients,'peɪʃ(ə)nts,n.,n. [医] 病人（patient的复数形式）,,,
paragraphs,'pærəɡrɑ:fs,n.,n. 段落（paragraph的复数形式）,,,
participation,pɑːˌtɪsɪˈpeɪʃn,n.,n. 参与；分享；参股,,,
passages,,n.,n. 短文（passage的复数形式）；通路；过客；v. 通过；参加争论（passage的三单形式）,,,
passive,ˈpæsɪv,n.,n. 被动语态；adj. 被动的，消极的；被动语态的,,,
patterns,ˈpætənz,n.,n. 模式（pattern的复数形式）；v. 摹制；用图案装饰；复写（pattern的第三人称单数形式）,,,
peak,piːk,n.,n. 山峰；最高点；顶点；帽舌；adj. 最高的；最大值的；vt. 使达到最高点；使竖起；vi. 消瘦；到达最高点；变憔悴,,,
peak season,,n.,n. 旺季,,,
peer group,,n.,n. 同龄群体；社会地位相同的群体,,,
perfumes,,n.,n. 香水（perfume的复数）；[轻] 香料；v. 使充满香气；撒香水于（perfume的三单形式）,,,
persuading,,v.,v. 劝说（persuade的ing形式）,,,
pesticides,'pestɪsaɪdz,n.,n. [农药] 农药；[农药] 杀虫剂（pesticide的复数）,,,
philosophers,,n.,n. 哲学家（philosopher的复数）,,,
pilots,'pailəts,n.,n. [航] 飞行员；向导；试播节目；自动驾驶仪（pilot的复数）；v. 领航；指引；试用（pilot的三单形式）,,,
pine forests,,, 松树林,,,
pirates,,n.,n. 海盗，盗印者（pirate复数）；v. 盗印，掠夺，翻印（pirate的单三形式）,,,
planet science,,,无,,,
platforms,,n.,n. [计][矿业] 平台；[家具] 讲台；铁路站台；政党等的党纲宣言（platform的复数）；v. 把…放在台上；在台上演讲（platform的第三人称单数）,,,
pleasure,ˈpleʒə(r),n.,n. 快乐；希望；娱乐；令人高兴的事；vt. 使高兴；使满意；vi. 高兴；寻欢作乐,,,
pockets,,n.,n. 口袋（pocket的复数）；v. 装口袋（pocket的第三人称单数形式）,,,
pounds,paʊndz,n.,n. 磅，英镑；重击（pound复数形式）；v. 猛击（pound的第三人称单数）,,,
polish,ˈpəʊlɪʃ,n.,n. 磨光，擦亮；上光剂，擦亮剂；优雅，精良；vi. 擦亮，变光滑；vt. 磨光，使发亮；adj. 波兰的,,,
portable,ˈpɔːtəb(ə)l,n.,n. 手提式打字机；adj. 手提的，便携式的；轻便的,,,
popular,ˈpɒpjələ(r),adj.,adj. 流行的，通俗的；受欢迎的；大众的；普及的,,,
population,ˌpɒpjuˈleɪʃ(ə)n,n.,n. 人口；[生物] 种群，[生物] 群体；全体居民,,,
pots,pɒts,abbr.,abbr. 光学地面模拟器（Photo-Optical Terrain Simulator）；简易老式电话服务（Plain Old Telephone Service）,,,
power,ˈpaʊə(r),n.,n. 力量，能力；电力，功率；政权，势力；[数] 幂；adj. 借影响有权势人物以操纵权力的；vt. 激励；供以动力；使…有力量；vi. 快速前进,,,
powder,ˈpaʊdə(r),n.,n. 粉；粉末；[化工][军] 火药；尘土；vt. 使成粉末；撒粉；搽粉于；vi. 搽粉；变成粉末,,,
predators,'predətəz,,[动] 捕食者；[动] 食肉动物（predator的复数）,,,
predicting,prɪˈdɪktɪŋ,v.,v. 预测（predict的ing形式）；预报；预言,,,
prepared,prɪˈpeəd,v.,v. 准备（prepare的过去分词）；adj. 准备好的；精制的,,,
preparing food,,,无,,,
president,ˈprezɪdənt,n.,n. 总统；董事长；校长；主席,,,
pressed,prest,v.,v. 压（press的过去式）；adj. 加压的；紧迫的,,,
pressure,ˈpreʃə(r),n.,n. 压力；压迫，[物] 压强；vt. 迫使；密封；使……增压,,,
prevalent,ˈprevələnt,adj.,adj. 流行的；普遍的，广传的,,,
prevention,prɪˈvenʃn,n.,n. 预防；阻止；妨碍,,,
priority,praɪˈɒrəti,n.,n. 优先；优先权；[数] 优先次序；优先考虑的事,,,
prizes,ˈpraɪzɪz,n.,n. [劳经] 奖品；奖项（prize的复数）；奖励；v. 评价（prize的第三人称单数）；珍视,,,
professional,prəˈfeʃənl,n.,n. 专业人员；职业运动员；adj. 专业的；职业的；职业性的,,,
professional learning,,, 专业学习；专业的学习；专业授课,,,
psychologist,saɪˈkɒlədʒɪst,n.,n. 心理学家，心理学者,,,
professor,prəˈfesə(r),n.,n. 教授；教师；公开表示信仰的人,,,
progress,ˈprəʊɡres,n.,n. 进步，发展；前进；vi. 前进，进步；进行,,,
protein,ˈprəʊtiːn,n.,n. 蛋白质；朊；adj. 蛋白质的,,,
publishing,ˈpʌblɪʃɪŋ,n.,n. 出版；出版业；v. 出版；发行（publish的现在分词形式）；发表；adj. 出版的；出版业的,,,
publication,ˌpʌblɪˈkeɪʃn,n.,n. 出版；出版物；发表,,,
pure,pjʊə(r),adj.,adj. 纯的；纯粹的；纯洁的；清白的；纯理论的,,,
purple,ˈpɜːp(ə)l,n.,n. 紫色；紫袍；adj. 紫色的；帝王的；华而不实的；vt. 使成紫色；vi. 变成紫色,,,
rabbit,ˈræbɪt,n.,n. 兔子，野兔；vt. 让…见鬼去吧；vi. 猎兔,,,
rack,ræk,n.,n. [机] 齿条；架子；拷问台；vt. 折磨；榨取；vi. 变形；随风飘；小步跑,,,
radar,ˈreɪdɑː(r),n.,n. [雷达] 雷达，无线电探测器,,,
rainbow,ˈreɪnbəʊ,n.,n. 彩虹；五彩缤纷的排列；幻想；adj. 五彩缤纷的；彩虹状的；vt. 使呈彩虹状；如彩虹般装饰；vi. 呈彩虹状,,,
random,ˈrændəm,n.,n. 随意；adj. [数] 随机的；任意的；胡乱的；adv. 胡乱地,,,
rationally,ˈræʃnəli,adv.,adv. 理性地；讲道理地,,,
reaction,riˈækʃn,n.,n. 反应，感应；反动，复古；反作用,,,
realism,ˈriːəlɪzəm,n.,n. 现实主义；实在论；现实主义的态度和行为,,,
recruit,rɪˈkruːt,n.,n. 招聘；新兵；新成员；vi. 复原；征募新兵；得到补充；恢复健康；vt. 补充；聘用；征募；使…恢复健康,,,
recommendation,ˌrekəmenˈdeɪʃn,n.,n. 推荐；建议；推荐信,,,
reflective,rɪˈflektɪv,adj.,adj. 反射的；反映的；沉思的,,,
refund,ˈriːfʌnd,n.,n. 退款；偿还，偿还额；vt. 退还；偿还；付还；vi. 退还；偿还，归还,,,
regular,ˈreɡjələ(r),n.,n. 常客；正式队员；中坚分子；adj. 定期的；有规律的；合格的；整齐的；普通的；adv. 定期地；经常地,,,
regular exercises,,,无,,,
released,rɪ'li:st,v.,v. 释放（release的过去式）；已发布,,,
relevant,ˈreləvənt,adj.,adj. 相关的；切题的；中肯的；有重大关系的；有意义的，目的明确的,,,
reinvest,ˌriːɪnˈvest,vt.,vt. 再投资于；再授给；vi. 再投资,,,
reinforce,ˌriːɪnˈfɔːs,n.,n. 加强；加固物；加固材料；vt. 加强，加固；强化；补充；vi. 求援；得到增援；给予更多的支持,,,
remember,rɪˈmembə(r),vi.,vi. 记得，记起；vt. 记得；牢记；纪念；代…问好,,,
remote communities,,,无,,,
residents,ˈrezɪdənts,n.,n. 居民；住院医生（resident的复数）；房客,,,
resistant,rɪˈzɪstənt,n.,n. 抵抗者；adj. 抵抗的，反抗的；顽固的,,,
rest,rest,n.,n. 休息，静止；休息时间；剩余部分；支架；vt. 使休息，使轻松；把…寄托于；vi. 休息；静止；依赖；安置,,,
rest area,,n.,n. 休息站,,,
restroom,ˈrestruːm; ˈrestrʊm,n.,n. 厕所；洗手间,,,
restrictions,rɪˈstrɪkʃ(ə)nz,n.,n. 限制；限制条件（restriction的复数形式）,,,
result,rɪˈzʌlt,n.,n. 结果；成绩；答案；比赛结果；vi. 结果；导致；产生,,,
retained,,v.,v. 保留；保存（retain的过去式形式）；adj. 保留的,,,
retrain,ˌriːˈtreɪn,vt.,vt. 重新教育；再教育；vi. 再训练；再教育,,,
return,rɪˈtɜːn,vi.,vi. 返回；报答；adj. 报答的；回程的；返回的；vt. 返回；报答；n. 返回；归还；回球,,,
return tickets,,, 来回车票；双程票；来回交通的套票,,,
repair,rɪˈpeə(r),n.,n. 修理，修补；修补部位；vt. 修理；恢复；补救，纠正；vi. 修理；修复,,,
repaired cost,,,无,,,
replacement,rɪˈpleɪsmənt,n.,n. 更换；复位；代替者；补充兵员,,,
request,rɪˈkwest,n.,n. 请求；需要；vt. 要求，请求,,,
repeat,rɪˈpiːt,n.,n. 重复；副本；vi. 重做；重复发生；vt. 重复；复制；背诵,,,
repel,rɪˈpel,vt.,vt. 击退；抵制；使厌恶；使不愉快,,,
representation,ˌreprɪzenˈteɪʃn,n.,n. 代表；表现；表示法；陈述,,,
reproduction,ˌriːprəˈdʌkʃn,n.,n. 繁殖，生殖；复制；复制品,,,
require,rɪˈkwaɪə(r),vt.,vt. 需要；要求；命令,,,
rescue diver,,,无,,,
responsibility,rɪˌspɒnsəˈbɪləti,n.,n. 责任，职责；义务,,,
retire,rɪˈtaɪə(r),n.,n. 退休；退隐；退兵信号；vi. 退休；撤退；退却；vt. 退休；离开；收回,,,
revenue,ˈrevənjuː,n.,n. 税收，国家的收入；收益,,,
review,rɪˈvjuː,n.,n. 回顾；复习；评论；检讨；检阅；vt. 回顾；检查；复审；vi. 回顾；复习功课；写评论,,,
reward,rɪˈwɔːd,n.,n. [劳经] 报酬；报答；酬谢；vt. [劳经] 奖励；奖赏,,,
reusable,ˌriːˈjuːzəbl,adj.,adj. 可以再度使用的，可重复使用的,,,
rice,raɪs,n.,n. 稻；米饭；vt. 把…捣成米糊状,,,
rich,rɪtʃ,adj.,adj. 富有的；肥沃的；昂贵的；adj. 油腻的，含有很多脂肪,,,
ring,rɪŋ,n.,n. 戒指；铃声，钟声；拳击场；环形物；vi. 按铃；敲钟；回响；成环形；vt. 按铃；包围；敲钟；套住,,,
ring a bell,,na.,na. 引起反应[共鸣]；使人想起某事,,,
rivals,ˈraɪvlz,n.,n. 对手（rival的复数）；[劳经] 竞争者；v. 竞争（rival的三单形式）,,,
robot,ˈrəʊbɒt,n.,n. 机器人；遥控设备，自动机械；机械般工作的人,,,
rockets,,n.,n. [航] 火箭，烟火；火箭弹（rocket的复数形式）；v. 用火箭运载；飞速上升；猛涨（rocket的第三人称单数）,,,
roll over,,na.,na. 滚动；使滚；〔美棒球〕得分；同“roll”,,,
room service,,n.,n. （旅馆）客房送餐服务,,,
roots,ruːts,n.,n. [数][植] 根；根源（root的复数形式）；v. 生根；扎根；连根拔起（root的三单形式）,,,
ropes,rəʊps,n.,n. 绳索（rope的复数）；围绳,,,
route,ruːt,n.,n. 路线；航线；通道；vt. 按某路线发送,,,
running,ˈrʌnɪŋ,n.,n. 运转；赛跑；流出；v. 跑；运转（run的ing形式）；行驶；adj. 连续的；流动的；跑着的；运转着的,,,
runner,ˈrʌnə(r),n.,n. 跑步者；走私者；推销员；送信人,,,
rules,ruːlz,n.,n. [数] 规则；条例（rule的复数形式）；v. 统治；支配；裁定（rule的第三人称单数形式）,,,
rush,rʌʃ,n.,n. 冲进；匆促；急流；灯心草；adj. 急需的；vt. 使冲；突袭；匆忙地做；飞跃；vi. 冲；奔；闯；赶紧；涌现,,,
sable,ˈseɪbl,n.,n. [脊椎] 黑貂；黑貂皮；丧服；adj. 黑的；黑貂皮的；昏暗的,,,
sacred,ˈseɪkrɪd,adj.,adj. 神的；神圣的；宗教的；庄严的,,,
safari park,,n.,n. 【旅】野生动物园,,,
sample,ˈsɑːmp(ə)l,n.,n. 样品；样本；例子；adj. 试样的，样品的；作为例子的；vt. 取样；尝试；抽样检查,,,
satellite,ˈsætəlaɪt,n.,n. 卫星；人造卫星；随从；卫星国家,,,
savings,ˈseɪvɪŋz,n.,n. 储蓄；存款；救助；节省物（saving的复数形式）,,,
savvy,ˈsævi,n.,n. 悟性；理解能力；懂行（的人）；vt. 理解；懂；vi. 理解；知道,,,
scale,skeɪl,n.,n. 规模；比例；鳞；刻度；天平；数值范围；vt. 测量；攀登；刮鳞；依比例决定；vi. 衡量；攀登；剥落；生水垢,,,
scarf,skɑːf,n.,n. 围巾；嵌接，嵌接处；头巾领巾；vt. 披嵌接；用围巾围,,,
scare,skeə(r),n.,n. 恐慌；惊吓；惊恐；vt. 惊吓；把…吓跑；adj. （美）骇人的；vi. 受惊,,,
scenery,ˈsiːnəri,n.,n. 风景；景色；舞台布景,,,
scent,sent,n.,n. 气味；嗅觉；痕迹；察觉能力；vt. 闻到；发觉；使充满…的气味；循着遗臭追踪；vi. 发出…的气味；有…的迹象；嗅着气味追赶,,,
schedule,ˈʃedjuːl,n.,n. 时间表；计划表；一览表；vt. 安排，计划；编制目录；将……列入计划表,,,
scores,skɔːz,n.,n. 考试成绩；比分（score的复数）；v. 得分（score的第三人称单数形式）；刻划,,,
screen,skriːn,n.,n. 屏，幕；屏风；vt. 筛；拍摄；放映；掩蔽；vi. 拍电影,,,
search habits,,,无,,,
seasoned,ˈsiːz(ə)nd,adj.,adj. 经验丰富的；老练的；调过味的,,,
seals,,n.,n. seal的复数形式,,,
seeds,si:dz,n.,n. 种子；种子选手（seed的复数）；种子状物；子孙后代；v. 播种；取出…的核；催化（seed的第三人称单数）,,,
semester,sɪˈmestə(r),n.,n. 学期；半年,,,
send newsletters,,,无,,,
sensible exercise,,,无,,,
settle,ˈset(ə)l,n.,n. 有背长椅；vi. 解决；定居；沉淀；下陷；vt. 解决；安排；使…定居,,,
sex,seks,n.,n. 性；性别；性行为；色情；vt. 引起…的性欲；区别…的性别,,,
shade,ʃeɪd,n.,n. 树荫；阴影；阴凉处；遮阳物；（照片等的）明暗度；少量、些微；细微的差别；vt. 使阴暗；使渐变；为…遮阳；使阴郁；掩盖；vi. （颜色、色彩等）渐变,,,
shallow,ˈʃæləʊ,n.,n. [地理] 浅滩；adj. 浅的；肤浅的；vt. 使变浅；vi. 变浅,,,
shame,ʃeɪm,n.,n. 羞耻，羞愧；憾事，带来耻辱的人；vt. 使丢脸，使羞愧,,,
shape,ʃeɪp,n.,n. 形状；模型；身材；具体化；vt. 形成；塑造，使成形；使符合；vi. 形成；成形；成长,,,
sharp,ʃɑːp,n.,n. 尖头；骗子；内行；adj. 急剧的；锋利的；强烈的；敏捷的；刺耳的；vt. 磨快；把音调升高；adv. 急剧地；锐利地；突然地；vi. 打扮；升音演奏,,,
sheep,ʃiːp,n.,n. 羊，绵羊；胆小鬼,,,
sheet,ʃiːt,n.,n. 薄片，纸张；薄板；床单；adj. 片状的；vt. 覆盖；盖上被单；使成大片；vi. 成片流动；大片落下,,,
shirt,ʃɜːt,n.,n. 衬衫；汗衫，内衣,,,
shrimp,ʃrɪmp,n.,n. 虾；小虾；矮小的人；adj. 有虾的；虾制的；vi. 捕虾,,,
shoot,ʃuːt,n.,n. 射击；摄影；狩猎；急流；vt. 射击，射中；拍摄；发芽；使爆炸；给…注射；vi. 射击；发芽；拍电影,,,
show,ʃəʊ,n.,n. 显示；表演；炫耀；vt. 显示；说明；演出；展出；vi. 显示；说明；指示,,,
shuttle,ˈʃʌt(ə)l,n.,n. 航天飞机；穿梭；梭子；穿梭班机、公共汽车等；vt. 使穿梭般来回移动；短程穿梭般运送；vi. 穿梭往返,,,
slang,slæŋ,n.,n. 俚语；行话；adj. 俚语的；vt. 用俚语说；vi. 用粗话骂,,,
slaves,sleɪvz,n.,"n. 奴隶, 服伺的人; 侍女; 上瘾; 服务于另一连接计算机的系统 (计算机用语)",,,
sick pay,ˈsɪk peɪ,n.,n. 病假工资,,,
sign,saɪn,n.,n. 迹象；符号；记号；手势；指示牌；vt. 签署；示意；vi. 签署；签名,,,
signature,ˈsɪɡnətʃə(r),n.,n. 署名；签名；信号,,,
signals,,n.,n. 信号；动机（signal的复数）；标志；v. 表示（signal的第三人称单数）；发信号,,,
silence,ˈsaɪləns,n.,n. 沉默；寂静；缄默；不谈；无声状态；vt. 使沉默；使安静；压制；消除噪音；int. 安静！；别作声！,,,
silk,sɪlk,n.,n. 丝绸；蚕丝；丝织物；adj. 丝的；丝绸的；丝制的；vi. （玉米）处于长须的阶段中,,,
similar,ˈsɪmələ(r),n.,n. 类似物；adj. 相似的,,,
singer,ˈsɪŋə(r),n.,n. 歌手，歌唱家,,,
sister,ˈsɪstə(r),n.,n. 姐妹；（称志同道合者）姐妹；修女；护士；adj. 姐妹般的；同类型的,,,
sites,saɪts,n.,n. 网站（site的复数）；遗址，举办地点；v. 使...位于（site的单三形式）,,,
situation,ˌsɪtʃuˈeɪʃ(ə)n,n.,n. 情况；形势；处境；位置,,,
situational,ˌsɪtʃuˈeɪʃənl,adj.,adj. 环境形成的；情形的,,,
sky,skaɪ,n.,n. 天空；顶点；vt. 把…投向空中；把…挂得过高；vi. 踢或击高空球；把桨叶翘得过高；飞涨,,,
smaller areas,,,无,,,
smash,smæʃ,n.,n. 破碎；扣球；冲突；大败；vt. 粉碎；使破产；溃裂；adj. 了不起的；非常轰动的；出色的；vi. 粉碎；打碎,,,
smoke alarms,,na.,na. (防火用的)烟雾报警器,,,
snacks,snæks,n.,n. [贸易] 小吃；快餐；零嘴（snack的复数）；v. 吃快餐；斗嘴（snack的三单形式）,,,
snow boarding,ˈsnəʊbɔːdɪŋ,n.,n. 滑板滑雪（运动）；单板滑雪（运动）；v. 参加滑雪（snowboard的ing形式）,,,
stabilize,ˈsteɪbəlaɪz,vt.,vt. 使稳固，使安定；vi. 稳定，安定,,,
staff,stɑːf,n.,n. 职员；参谋；棒；支撑；adj. 职员的；行政工作的；vt. 供给人员；给…配备职员；vi. 雇用工作人员,,,
stairs,steəz,n.,n. 楼梯；梯级（stair的复数）,,,
stair lift,,,楼梯升降机,,,
stars,stɑ:z,n.,"n. 明星类, 明星（star的复数形式）",,,
state park,,un.,un. 州立公园,,,
statement position,,,无,,,
stand,stænd,n.,n. 站立；立场；看台；停止；vi. 站立；位于；停滞；vt. 使站立；忍受；抵抗,,,
steam,stiːm,n.,n. 蒸汽；精力；adj. 蒸汽的；vt. 蒸，散发；用蒸汽处理；vi. 蒸，冒水汽,,,
steel,stiːl,n.,n. 钢铁；钢制品；坚固；adj. 钢制的；钢铁业的；坚强的；vt. 钢化；使冷酷,,,
stems,stemz,n.,n. [植] 茎（stem的复数）；树管；阻挡物；v. 起源于（stem的三单形式）；除去…的茎；给…装杆；止住,,,
stick,stɪk,n.,n. 棍；手杖；呆头呆脑的人；vi. 坚持；伸出；粘住；vt. 刺，戳；伸出；粘贴,,,
stickers,ˈstɪkəz,n.,n. [轻] 尖刀，贴纸；[胶粘] 粘着剂（sticker的复数形式）,,,
stimulation,ˌstɪmjuˈleɪʃ(ə)n,n.,n. 刺激；激励，鼓舞,,,
stings,stɪŋz,n.,n. 螫伤处( sting的名词复数 ); （某些昆虫的）毒刺; （身体或心灵的）剧痛; （警察为抓捕罪犯而设的）圈套；v. 螫伤，刺伤( sting的第三人称单数 ); 感到剧痛; 激怒; 使不安,,,
stranger,ˈstreɪndʒə(r),n.,n. 陌生人；外地人；局外人,,,
strain,streɪn,n.,n. 张力；拉紧；负担；扭伤；血缘；vt. 拉紧；滥用；滤去；竭力；vi. 拉紧；尽力；n. （植物、动物的）品种；种类,,,
straight,streɪt,n.,n. 直；直线；直男，直女，异性恋者；adj. 直的；连续的；笔直的；正直的；整齐的；异性恋的；adv. 直接地；不断地；立即；坦率地,,,
strength,streŋθ,n.,n. 力量；力气；兵力；长处,,,
stress,stres,n.,n. 压力；强调；紧张；重要性；重读；vt. 强调；使紧张；加压力于；用重音读,,,
strict,strɪkt,adj.,adj. 严格的；绝对的；精确的；详细的,,,
string,strɪŋ,n.,n. 线，弦，细绳；一串，一行,,,
strike,straɪk,n.,n. 罢工；打击；殴打；vi. 打，打击；罢工；敲，敲击；抓；打动；穿透；vt. 打，击；罢工；撞击，冲击；侵袭；打动；到达,,,
stolen,ˈstəʊlən,v.,v. 偷窃；剽窃（steal的过去分词）；adj. 偷走的,,,
storage space,,n.,n. 贮藏空间,,,
strap,stræp,n.,n. 带；皮带；磨刀皮带；鞭打；vt. 用带捆绑；用皮条抽打；约束；vi. 精力旺盛地工作；受束缚,,,
stretching,,n.,n. 伸长；展宽；v. 拉伸（stretch的ing形式）,,,
stop watch,,n.,n. 码表,,,
stuck,stʌk,v.,v. 刺（stick的过去式）；adj. 被卡住的；不能动的,,,
style,staɪl,n.,n. 风格；时尚；类型；字体；vt. 设计；称呼；使合潮流；vi. 设计式样；用刻刀作装饰画,,,
soap,səʊp,n.,n. 肥皂；vt. 将肥皂涂在……上；对……拍马屁（俚语）；vi. 用肥皂擦洗,,,
soccer,ˈsɒkə(r),n.,n. 英式足球，足球,,,
soldiers,ˈsəʊldʒə,n.,n. [军] 士兵；战士数量（soldier的复数）,,,
solid,ˈsɒlɪd,n.,n. 固体；立方体；adj. 固体的；可靠的；立体的；结实的；一致的,,,
solution,səˈluːʃ(ə)n,n.,n. 解决方案；溶液；溶解；解答,,,
socks,sɒks,n.,n. 袜子（sock的复数）,,,
sort,sɔːt,n.,n. 种类；方式；品质；vt. 将…分类；将…排序；挑选出某物；vi. 分类；协调；交往,,,
songs,,n.,n. 歌曲，歌集（song的复数）,,,
soup,suːp,n.,n. 汤，羹；马力；vt. 加速；增加马力,,,
source,sɔːs,n.,n. 来源；水源；原始资料,,,
souvenir,ˌsuːvəˈnɪə(r),n.,n. 纪念品；礼物；vt. 把…留作纪念,,,
spare,speə(r),n.,n. 剩余；备用零件；vt. 节约，吝惜；饶恕；分出，分让；adj. 多余的；瘦的；少量的；vi. 饶恕，宽恕；节约,,,
spare keys,,,无,,,
spare room,,un.,un. 备用室,,,
spears,spiə,n.,n. 矛，长矛；叶片（spear的复数形式）,,,
speeches,ˈspiːtʃɪz,n.,n. 演讲；发言，致辞（speech的复数形式）,,,
spine,spaɪn,n.,n. 脊柱，脊椎；刺；书脊,,,
spoon,spuːn,n.,n. 匙，勺子；一杓的量；vt. 用匙舀；使成匙状；vi. 轻轻向上击,,,
spring water,,na.,na. 泉水,,,
subjects,'sʌbdʒekts; 'sʌbdʒɪkts,n.,n. 学科；科目（subject的复数）；[图情] 主题；被试者；v. 使服从；使经受；提交（subject的三单形式）,,,
subtopics,ˌsʌbˈtɒpɪk,,(subtopic 的复数) n. 副主题；小标题,,,
subway,ˈsʌbweɪ,n.,n. 地铁；地道；vi. 乘地铁,,,
success,səkˈses,n.,n. 成功，成就；胜利；大获成功的人或事物,,,
suitable,ˈsuːtəb(ə)l,adj.,adj. 适当的；相配的,,,
support services,,, 支持服务；支援服务；支持性服务,,,
supportive,səˈpɔːtɪv,adj.,adj. 支持的；支援的；赞助的,,,
surfing,ˈsɜːfɪŋ,n.,n. 冲浪游戏；v. 冲浪（surf的ing形式）,,,
surprise,səˈpraɪz,n.,n. 惊奇，诧异；突然袭击；adj. 令人惊讶的；vt. 使惊奇；奇袭,,,
symbol,ˈsɪmb(ə)l,n.,n. 象征；符号；标志,,,
system,ˈsɪstəm,n.,n. 制度，体制；系统；方法,,,
sweaters,,n.,n. 毛衣（sweater的复数形式）,,,
sweetener,ˈswiːtnə(r),n.,n. 甜料；好处；脱硫设备,,,
switched off,,na.,na. 不收听(某一广播),,,
talent,ˈtælənt,n.,n. 才能；天才；天资,,,
tail,teɪl,n.,n. 尾巴；踪迹；辫子；燕尾服；adj. 从后面而来的；尾部的；vt. 尾随；装上尾巴；vi. 跟踪；变少或缩小,,,
tank,tæŋk,n.,n. 坦克；水槽；池塘；vt. 把…贮放在柜内；打败；vi. 乘坦克行进,,,
task,tɑːsk,n.,n. 工作，作业；任务；vt. 分派任务,,,
tea,tiː,n.,n. 茶叶；茶树；茶点；vt. 给…沏茶；vi. 喝茶；进茶点,,,
tears,tɪəz,n.,n. 眼泪；泪水（tear复数形式）；v. 流泪；撕裂（tear的三单形式）,,,
teeth,tiːθ,n.,n. 牙齿,,,
television program,,n.,n. 电视节目,,,
television drama,,n.,n. 电视剧,,,
temple,ˈtemp(ə)l,n.,n. 庙宇；寺院；神殿；太阳穴,,,
temple walls,,,无,,,
term,tɜːm,n.,n. 术语；学期；期限；条款；(代数式等的)项；vt. 把…叫做,,,
terrace,ˈterəs,n.,n. 平台；梯田；阳台；adj. （女服）叠层式的；vt. 使成梯田，使成阶地；使有平台屋顶；vi. 成阶地；成梯田；筑成坛,,,
territory,ˈterətri,n.,n. 领土，领域；范围；地域；版图,,,
theme,θiːm,n.,n. 主题；主旋律；题目；adj. 以奇想主题布置的,,,
therapy,ˈθerəpi,n.,n. 治疗，疗法,,,
third,θɜːd,num.,num. 第三；三分之一；adj. 第三的；三分之一的,,,
think quickly,,,无,,,
thunderstorm,ˈθʌndəstɔːm,n.,n. [气象] 雷暴；雷暴雨；大雷雨,,,
tides,taɪdz,n.,n. [海洋] 潮汐（tide的复数）；v. 随潮水漂浮（tide的第三人称单数）,,,
tiger,ˈtaɪɡə(r),n.,n. 老虎；凶暴的人,,,
timber,ˈtɪmbə(r),n.,n. 木材；木料,,,
titles,,n.,n. [计][图情] 标题；主题（title复数形式）；字幕；v. 加标题于；授予…称号（title的三单形式）,,,
toaster,ˈtəʊstə(r),n.,n. 烤面包器，烤箱；祝酒人；烤面包的人,,,
tolerance,ˈtɒlərəns,n.,n. 公差；宽容；容忍；公差,,,
toilet,ˈtɔɪlət,n.,n. 厕所，盥洗室；梳妆，打扮；vt. 给…梳妆打扮；vi. 梳妆，打扮,,,
tomatoes,təˈmɑːtəʊz,n.,n. 蕃茄（tomato的复数形式）,,,
tone,təʊn,n.,n. 语气；色调；音调；音色；vt. 增强；用某种调子说；vi. 颜色调和；呈现悦目色调,,,
tongue,tʌŋ,n.,n. 舌头；语言；vt. 舔；斥责；用舌吹；vi. 说话；吹管乐器,,,
toothache,ˈtuːθeɪk,n.,n. [口腔] 牙痛,,,
torn,tɔːn,v.,v. 扯裂，撕开（tear的过去分词）,,,
touching,ˈtʌtʃɪŋ,prep.,prep. 至于，关于；v. 接触；感动（touch的ing形式）；adj. 动人的，令人同情的,,,
trace,treɪs,n.,n. 痕迹，踪迹；微量；[仪] 迹线；缰绳；vt. 追踪，查探；描绘；回溯；vi. 追溯；沿路走,,,
tracking protection,,,无,,,
translator,trænzˈleɪtə(r); trænsˈleɪtə(r),n.,n. 译者；翻译器,,,
translation,trænzˈleɪʃn; trænsˈleɪʃn,n.,n. 翻译；译文；转化；调任,,,
trash,træʃ,n.,n. 垃圾；废物；vt. 丢弃；修剪树枝,,,
treatment,ˈtriːtmənt,n.,n. 治疗，疗法；处理；对待,,,
trends,trendz,n.,n. 动态，[统计] 趋势,,,
truck,trʌk,n.,n. 卡车；交易；手推车；adj. （美）运货汽车的；vt. 交易；以卡车运输；vi. 驾驶卡车；以物易物,,,
true,truː,n.,n. 真实；准确；adj. 真实的；正确的；vt. 装准；adv. 真实地；准确地,,,
trust,trʌst,n.,n. 信任，信赖；责任；托拉斯；vt. 信任，信赖；盼望；赊卖给；vi. 信任，信赖；依靠,,,
turn,tɜːn,n.,n. 转弯；变化；(损害或有益于别人的)行为，举动，举止；vi. 转向；转变；转动；vt. 转动，使旋转；转弯；翻过来；兑换,,,
tuna,ˈtjuːnə,n.,n. 金枪鱼，鲔鱼,,,
type,taɪp,n.,n. 类型，品种；模范；样式；vt. 打字；测定（血等）类型；vi. 打字,,,
typing,ˈtaɪpɪŋ,n.,n. 打字；键入；v. 打字；按类型把…归类（type的现在分词）,,,
umbrella,ʌmˈbrelə,n.,n. 雨伞；保护伞；庇护；伞形结构,,,
uncle,ˈʌŋk(ə)l,n.,n. 叔叔；伯父；伯伯；舅父；姨丈；姑父,,,
uniform,ˈjuːnɪfɔːm,n.,n. 制服；adj. 统一的；一致的；相同的；均衡的；始终如一的；vt. 使穿制服；使成一样,,,
useless,ˈjuːsləs,adj.,adj. 无用的；无效的,,,
undergraduate,ˌʌndəˈɡrædʒuət,n.,n. 大学生；大学肄业生；adj. 大学生的,,,
upstairs,ˌʌpˈsteəz,n.,n. 楼上；adj. 楼上的；adv. 在楼上，向楼上；上楼；往楼上,,,
understand,ˌʌndəˈstænd,vi.,vi. 理解；懂得；熟悉；vt. 理解；懂；获悉；推断；省略,,,
version,ˈvɜːʃ(ə)n,n.,n. 版本；译文；倒转术,,,
vertical,ˈvɜːtɪk(ə)l,n.,n. 垂直线，垂直面；adj. 垂直的，直立的；[解剖] 头顶的，顶点的,,,
vetting,ˈvetɪŋ,n.,n. 审查，审核,,,
visa,ˈviːzə,n.,n. 签证；vt. 签发签证,,,
visual aids,,n.,n. “visual aid”的复数,,,
voice,vɔɪs,n.,n. 声音；嗓音；发言权；愿望；vt. 表达；吐露,,,
volcanic ash,,na.,na. 火山灰,,,
voluntary,ˈvɒləntri,n.,n. 志愿者；自愿行动；adj. 自愿的；志愿的；自发的；故意的,,,
vocabulary,vəˈkæbjələri,n.,n. 词汇；词表；词汇量,,,
watch,wɒtʃ,n.,n. 手表；监视；守护；值班人；vt. 观察；注视；看守；警戒；vi. 观看，注视；守侯，看守,,,
wallet,ˈwɒlɪt,n.,n. 钱包，皮夹,,,
wait,weɪt,n.,n. 等待；等候；vi. 等待；耽搁；伺候用餐；vt. 等候；推迟；延缓,,,
walking,ˈwɔːkɪŋ,n.,n. 步行；散步；v. 步行（walk的ing形式）；adj. 步行的,,,
walking boots,,, 步行靴；行军靴；靴子,,,
warehouse,ˈweəhaʊs,n.,n. 仓库；货栈；大商店,,,
weed,wiːd,n.,n. 杂草，野草；菸草；vt. 除草；铲除；vi. 除草,,,
weeding,ˈwiːdɪŋ,n.,n. [农学] 除草；除杂草；（图书馆馆藏）汰旧更新；v. [农学] 除草（weed的现在分词）,,,
welcome,ˈwelkəm,n.,n. 欢迎；vt. 欢迎；adj. 受欢迎的；int. 欢迎,,,
welfare,ˈwelfeə(r),n.,n. 福利；幸福；福利事业；安宁；adj. 福利的；接受社会救济的,,,
wetsuit,ˈwetsuːt; ˈwetsjuːt,n.,n. 潜水服；防寒泳衣；湿式保暖服,,,
whistle,ˈwɪs(ə)l,n.,n. 口哨；汽笛；呼啸声；vt. 吹口哨；鸣汽笛,,,
whole,həʊl,n.,n. 整体；全部；adj. 完整的；纯粹的,,,
wide,waɪd,n.,n. 大千世界；adj. 广泛的；宽的，广阔的；张大的；远离目标的；adv. 广泛地；广阔地；充分地,,,
willing,ˈwɪlɪŋ,adj.,adj. 乐意的；自愿的；心甘情愿的；v. 决心；用意志力驱使；将（财产等）遗赠某人（will的现在分词）,,,
wings,wɪŋz,n.,n. [昆] 翅膀（wing的复数形式）；飞行章；女童军戴的一种翼形章,,,
wires,,n.,n. [电] 电线；线变形器（wire的复数）；小五金；网格,,,
wrong,rɒŋ,n.,n. 坏事；不公正；adj. 错误的；失常的；不适当的；vt. 委屈；无理地对待；诽谤；adv. 错误地；邪恶地，不正当地,,,
words,wɜːdz,n.,n. [计] 字（word的复数）；话语；言语；v. 用言语表达（word的三单形式）,,,
workbooks,ˈwɜːkbʊk,n.,n. 练习本，作业本( workbook的名词复数 ),,,
alternate,ɔːlˈtɜːnət,n.,n. 替换物；adj. 交替的；轮流的；vt. 使交替；使轮流；vi. 交替；轮流,,,
archaeologist,ˌɑːkiˈɒlədʒɪst,n.,n. 考古学家,,,
assume,əˈsjuːm,vt.,vt. 僭取；篡夺；夺取；擅用；侵占；vi. 假定；设想；承担；采取,,,
apparent,əˈpærənt,adj.,adj. 显然的；表面上的,,,
associate,əˈsəʊsieɪt,n.,n. 同事，伙伴；关联的事物；adj. 副的；联合的；vt. 联想；使联合；使发生联系；vi. 交往；结交,,,
awareness,əˈweənəs,n.,n. 意识，认识；明白，知道；n. 人群对品牌或产品的认知,,,
ancient,ˈeɪnʃənt,n.,n. 古代人；老人；adj. 古代的；古老的，过时的；年老的,,,
ancestor,ˈænsestə(r),n.,n. 始祖，祖先；被继承人,,,
adequate,ˈædɪkwət,adj.,adj. 充足的；适当的；胜任的,,,
convention,kənˈvenʃn,n.,n. 大会；[法] 惯例；[计] 约定；[法] 协定；习俗,,,
critic,ˈkrɪtɪk,n.,n. 批评家，评论家；爱挑剔的人,,,
conserve,kənˈsɜːv,n.,n. 果酱；蜜饯；vt. 保存；将…做成蜜饯；使守恒,,,
consequence,ˈkɒnsɪkwəns,n.,n. 结果；重要性；推论,,,
constant,ˈkɒnstənt,n.,n. [数] 常数；恒量；adj. 不变的；恒定的；经常的,,,
conscious,ˈkɒnʃəs,adj.,adj. 意识到的；故意的；神志清醒的,,,
commit,kəˈmɪt,vt.,vt. 犯罪，做错事；把...交托给；指派…作战；使…承担义务,,,
despite,dɪˈspaɪt,prep.,prep. 尽管，不管；n. 轻视；憎恨；侮辱,,,
diverse,daɪˈvɜːs,adj.,adj. 不同的；多种多样的；变化多的,,,
dominant,ˈdɒmɪnənt,n.,n. 显性；adj. 显性的；占优势的；支配的，统治的,,,
distinct,dɪˈstɪŋkt,adj.,adj. 明显的；独特的；清楚的；有区别的,,,
define,dɪˈfaɪn,vt.,vt. 定义；使明确；规定,,,
detect,dɪˈtekt,vt.,vt. 察觉；发现；探测,,,
demonstrate,ˈdemənstreɪt,vt.,vt. 证明；展示；论证；vi. 示威,,,
emerge,ɪˈmɜːdʒ,vi.,vi. 浮现；摆脱；暴露,,,
evolve,ɪˈvɒlv,vi.,vi. 发展，进展；进化；逐步形成；vt. 发展，进化；进化；使逐步形成；推断出,,,
engage,ɪnˈɡeɪdʒ,vi.,vi. 从事；答应，保证；交战；啮合；vt. 吸引，占用；使参加；雇佣；使订婚；预定,,,
establish,ɪˈstæblɪʃ,vi.,vi. 植物定植；vt. 建立；创办；安置,,,
establishment,ɪˈstæblɪʃmənt,n.,n. 确立，制定；公司；设施,,,
eventually,ɪˈventʃuəli,adv.,adv. 最后，终于,,,
era,ˈɪərə,n.,n. 时代；年代；纪元,,,
essential,ɪˈsenʃl,n.,n. 本质；要素；要点；必需品；adj. 基本的；必要的；本质的；精华的,,,
enormous,ɪˈnɔːməs,adj.,adj. 庞大的，巨大的；凶暴的，极恶的,,,
emphasis,ˈemfəsɪs,n.,n. 重点；强调；加强语气,,,
elsewhere,ˌelsˈweə(r),adv.,adv. 在别处；到别处,,,
existence,ɪɡˈzɪstəns,n.,n. 存在，实在；生存，生活；存在物，实在物,,,
extreme,ɪkˈstriːm,n.,n. 极端；末端；最大程度；极端的事物；adj. 极端的；极度的；偏激的；尽头的,,,
gather,ˈɡæðə(r),n.,n. 聚集；衣褶；收获量；vt. 收集；收割；使…聚集；使…皱起；vi. 聚集；化脓；皱起,,,
hypothesis,haɪˈpɒθəsɪs,n.,n. 假设,,,
initial,ɪˈnɪʃl,n.,n. 词首大写字母；adj. 最初的；字首的；vt. 用姓名的首字母签名,,,
illustrate,ˈɪləstreɪt,vi.,vi. 举例；vt. 阐明，举例说明；图解,,,
inevitable,ɪnˈevɪtəbl,adj.,adj. 必然的，不可避免的,,,
isolate,ˈaɪsəleɪt,n.,n. [生物] 隔离种群；vt. 使隔离；使孤立；使绝缘；adj. 隔离的；孤立的；vi. 隔离；孤立,,,
investigate,ɪnˈvestɪɡeɪt,v.,v. 调查；研究,,,
investigative,ɪnˈvestɪɡətɪv,adj.,adj. 研究的；调查的；好调查的,,,
intense,ɪnˈtens,adj.,adj. 强烈的；紧张的；非常的；热情的,,,
interpret,ɪnˈtɜːprət,vi.,vi. 解释；翻译；vt. 说明；口译,,,
instant,ˈɪnstənt,n.,n. 瞬间；立即；片刻；adj. 立即的；紧急的；紧迫的,,,
intelligent,ɪnˈtelɪdʒənt,adj.,adj. 智能的；聪明的；理解力强的,,,
literary,ˈlɪtərəri,adj.,adj. 文学的；书面的；精通文学的,,,
mechanism,ˈmekənɪzəm,n.,n. 机制；原理，途径；进程；机械装置；技巧,,,
nevertheless,ˌnevəðəˈles,adv.,adv. 然而，不过；虽然如此；conj. 然而，不过,,,
obtain,əbˈteɪn,vi.,vi. 获得；流行；vt. 获得,,,
proportion,prəˈpɔːʃn,n.,n. 比例，占比；部分；面积；均衡；vt. 使成比例；使均衡；分摊,,,
pioneer,ˌpaɪəˈnɪə(r),n.,n. 先锋；拓荒者；vt. 开辟；倡导；提倡；vi. 作先驱,,,
perceive,pəˈsiːv,vt.,vt. 察觉，感觉；理解；认知；vi. 感到，感知；认识到,,,
predict,prɪˈdɪkt,vi.,vi. 作出预言；作预料，作预报；vt. 预报，预言；预知,,,
pupil,ˈpjuːp(ə)l,n.,n. 学生；[解剖] 瞳孔；未成年人,,,
preserve,prɪˈzɜːv,n.,n. 保护区；禁猎地；加工成的食品；vt. 保存；保护；维持；腌；禁猎,,,
pattern,ˈpæt(ə)n,n.,n. 模式；图案；样品；vt. 模仿；以图案装饰；vi. 形成图案,,,
precise,prɪˈsaɪs,adj.,adj. 精确的；明确的；严格的,,,
phenomenon,fəˈnɒmɪnən,n.,n. 现象；奇迹；杰出的人才,,,
propose,prəˈpəʊz,vi.,vi. 建议；求婚；打算；vt. 建议；打算，计划；求婚,,,
primarily,praɪˈmerəli,adv.,adv. 首先；主要地，根本上,,,
prior,ˈpraɪə(r),adj.,adj. 优先的；在先的，在前的；adv. 在前，居先,,,
perception,pəˈsepʃn,n.,n. 知觉；[生理] 感觉；看法；洞察力；获取,,,
restrict,rɪˈstrɪkt,vt.,vt. 限制；约束；限定,,,
realistic,ˌriːəˈlɪstɪk,adj.,adj. 现实的；现实主义的；逼真的；实在论的,,,
reflect,rɪˈflekt,vt.,vt. 反映；反射，照出；表达；显示;反省；vi. 反射，映现；深思,,,
reveal,rɪˈviːl,n.,n. 揭露；暴露；门侧，窗侧；vt. 显示；透露；揭露；泄露,,,
subsequent,ˈsʌbsɪkwənt,adj.,adj. 后来的，随后的,,,
sustain,səˈsteɪn,vt.,vt. 维持；支撑，承担；忍受；供养；证实,,,
substance,ˈsʌbstəns,n.,n. 物质；实质；资产；主旨,,,
ultimate,ˈʌltɪmət,n.,n. 终极；根本；基本原则；adj. 最终的；极限的；根本的,,,
unique,juˈniːk,n.,n. 独一无二的人或物；adj. 独特的，稀罕的；[数] 唯一的，独一无二的,,,
vital,ˈvaɪt(ə)l,adj.,adj. 至关重要的；生死攸关的；有活力的,,,
virtually,ˈvɜːtʃuəli,adv.,adv. 事实上，几乎；实质上,,,
vehicle,ˈviːəkl,n.,n. [车辆] 车辆；工具；交通工具；运载工具；传播媒介；媒介物,,,
visible,ˈvɪzəb(ə)l,n.,n. 可见物；进出口贸易中的有形项目；adj. 明显的；看得见的；现有的；可得到的,,,
abstract,ˈæbstrækt,n.,n. 摘要；抽象；抽象的概念；adj. 抽象的；深奥的；vt. 摘要；提取；使……抽象化；转移(注意力、兴趣等)；使心不在焉；vi. 做摘要；写梗概,,,
anthropologist,ˌænθrəˈpɒlədʒɪst,n.,n. 人类学家；人类学者,,,
acceleration,əkˌseləˈreɪʃ(ə)n,n.,n. 加速，促进；[物] 加速度,,,
atmosphere,ˈætməsfɪə(r),n.,n. 气氛；大气；空气,,,
artefact,ˈɑːtɪfækt,n.,n. 工艺品；人工制品，加工品,,,
abundance,əˈbʌndəns,n.,n. 充裕，丰富,,,
appreciate,əˈpriːʃieɪt,vi.,vi. 增值；涨价；vt. 欣赏；感激；领会；鉴别,,,
attain,əˈteɪn,n.,n. 成就；vt. 达到，实现；获得；到达；vi. 达到；获得；到达,,,
attribute,əˈtrɪbjuːt,n.,n. 属性；特质；vt. 归属；把…归于,,,
anxiety,æŋˈzaɪəti,n.,n. 焦虑；渴望；挂念；令人焦虑的事,,,
abandon,əˈbændən,n.,n. 放任；狂热；vt. 遗弃；放弃,,,
accuracy,ˈækjərəsi,n.,n. [数] 精确度，准确性,,,
assign,əˈsaɪn,vt.,vt. 分配；指派；[计][数] 赋值；vi. 将财产过户（尤指过户给债权人）,,,
anticipate,ænˈtɪsɪpeɪt,vt.,vt. 预期，期望；占先，抢先；提前使用,,,
accompany,əˈkʌmpəni,vt.,vt. 陪伴，伴随；伴奏；vi. 伴奏，伴唱,,,
ascertain,ˌæsəˈteɪn,vt.,vt. 确定；查明；探知,,,
auditory,ˈɔːdətri,n.,n. 听众；礼堂；adj. 听觉的；耳朵的,,,
accessible,əkˈsesəb(ə)l,adj.,adj. 易接近的；可进入的；可理解的,,,
approximate,əˈprɒksɪmət,adj.,adj. [数] 近似的；大概的；vt. 近似；使…接近；粗略估计；vi. 接近于；近似于,,,
assumption,əˈsʌmpʃn,n.,n. 假定；设想；担任；采取,,,
bias,ˈbaɪəs,n.,n. 偏见；偏爱；斜纹；乖离率；adj. 偏斜的；vt. 使存偏见；adv. 偏斜地,,,
boost,buːst,n.,n. 推动；帮助；宣扬；vi. 宣扬；偷窃；vt. 促进；增加；支援,,,
bearing,ˈbeərɪŋ,n.,n. [机] 轴承；关系；方位；举止；v. 忍受（bear的ing形式）,,,
conflict,ˈkɒnflɪkt,n.,n. 冲突，矛盾；斗争；争执；vi. 冲突，抵触；争执；战斗,,,
cognitive,ˈkɒɡnətɪv,adj.,adj. 认知的，认识的,,,
chronic,ˈkrɒnɪk,adj.,adj. 慢性的；长期的；习惯性的,,,
controversy,ˈkɒntrəvɜːsi,n.,n. 争论；论战；辩论,,,
curriculum,kəˈrɪkjələm,n.,n. 课程；总课程,,,
comprehend,ˌkɒmprɪˈhend,vt.,vt. 理解；包含；由…组成,,,
cultivate,ˈkʌltɪveɪt,vt.,vt. 培养；陶冶；耕作,,,
conceive,kənˈsiːv,vi.,vi. 怀孕；设想；考虑；vt. 怀孕；构思；以为；持有,,,
collapse,kəˈlæps,n.,n. 倒塌；失败；衰竭；vt. 使倒塌，使崩溃；使萎陷；折叠；vi. 倒塌；瓦解；暴跌,,,
compound,ˈkɒmpaʊnd,n.,n. [化学] 化合物；混合物；复合词；adj. 复合的；混合的；v. 合成；混合；恶化，加重；和解，妥协,,,
constrain,kənˈstreɪn,vt.,vt. 驱使；强迫；束缚,,,
confront,kənˈfrʌnt,vt.,vt. 面对；遭遇；比较,,,
convict,kənˈvɪkt,n.,n. 罪犯；vt. 证明…有罪；宣告…有罪,,,
campaign,kæmˈpeɪn,n.,n. 运动；活动；战役；vi. 作战；参加竞选；参加活动,,,
circumstance,ˈsɜːkəmstəns,n.,n. 环境，情况；事件；境遇,,,
coin,kɔɪn,n.,n. 硬币，钱币；vt. 铸造（货币）；杜撰，创造,,,
carve,kɑːv,vt.,vt. 雕刻；切开；开创；vi. 切开；做雕刻工作,,,
cue,kjuː,n.,n. 提示，暗示；线索；vt. 给…暗示,,,
coincide,ˌkəʊɪnˈsaɪd,vi.,vi. 一致，符合；同时发生；vi. (在性格、品质等方面)完全一致，相符,,,
correlate,ˈkɒrələt,n.,n. 相关物；相关联的人；vt. 使有相互关系；互相有关系；adj. 关联的；vi. 关联,,,
comprehensive,ˌkɒmprɪˈhensɪv,n.,n. 综合学校；专业综合测验；adj. 综合的；广泛的；有理解力的,,,
continent,ˈkɒntɪnənt,n.,n. 大陆，洲，陆地；adj. 自制的，克制的,,,
compensate,ˈkɒmpenseɪt,vt.,vt. 补偿，赔偿；付报酬；vi. 补偿，赔偿；抵消,,,
capable,ˈkeɪpəb(ə)l,adj.,adj. 能干的，能胜任的；有才华的,,,
contemporary,kənˈtemprəri,n.,n. 同时代的人；同时期的东西；adj. 当代的；同时代的；属于同一时期的,,,
curiosity,ˌkjʊəriˈɒsəti,n.,n. 好奇，好奇心；珍品，古董，古玩,,,
contradict,ˌkɒntrəˈdɪkt,vt.,vt. 反驳；否定；与…矛盾；与…抵触；vi. 反驳；否认；发生矛盾,,,
convey,kənˈveɪ,vt.,vt. 传达；运输；让与,,,
correspond,ˌkɒrəˈspɒnd,vi.,vi. 符合，一致；相应；通信,,,
diminish,dɪˈmɪnɪʃ,vt.,vt. 使减少；使变小；vi. 减少，缩小；变小,,,
derive,dɪˈraɪv,vt.,vt. 源于；得自；获得；vi. 起源,,,
debris,ˈdebriː,n.,n. 碎片，残骸,,,
deforestation,ˌdiːˌfɒrɪˈsteɪʃn,n.,n. 采伐森林；森林开伐,,,
devastate,ˈdevəsteɪt,vt.,vt. 毁灭；毁坏,,,
drastic,ˈdræstɪk,n.,n. 烈性泻药；adj. 激烈的；猛烈的,,,
depict,dɪˈpɪkt,vt.,vt. 描述；描画,,,
dispute,dɪˈspjuːt,n.,n. 辩论；争吵；vt. 辩论；怀疑；阻止；抗拒；vi. 争论,,,
desirable,dɪˈzaɪərəb(ə)l,n.,n. 合意的人或事物；adj. 令人满意的；值得要的,,,
distract,dɪˈstrækt,vt.,vt. 转移；分心,,,
distort,dɪˈstɔːt,vt.,vt. 扭曲；使失真；曲解；vi. 扭曲；变形,,,
deduce,dɪˈdjuːs,vt.,vt. 推论，推断；演绎出,,,
descend,dɪˈsend,vi.,vi. 下降；下去；下来；遗传；屈尊；vt. 下去；沿…向下,,,
eliminate,ɪˈlɪmɪneɪt,vt.,vt. 消除；排除,,,
exaggerate,ɪɡˈzædʒəreɪt,vt.,vt. 使扩大；使增大；vi. 夸大；夸张,,,
excavation,ˌekskəˈveɪʃ(ə)n,n.,n. 挖掘，发掘,,,
erode,ɪˈrəʊd,vt.,vt. 腐蚀，侵蚀；vi. 侵蚀；受腐蚀,,,
extinct,ɪkˈstɪŋkt,adj.,adj. 灭绝的，绝种的；熄灭的；vt. 使熄灭,,,
encounter,ɪnˈkaʊntə(r),n.,n. 遭遇，偶然碰见；vi. 遭遇；偶然相遇；vt. 遭遇，邂逅；遇到,,,
embark,ɪmˈbɑːk,vi.,vi. 从事，着手；上船或飞机；vt. 使从事；使上船,,,
ethic,ˈeθɪk,n.,n. 伦理；道德规范；adj. 伦理的；道德的（等于ethical）,,,
enhance,ɪnˈhɑːns,vt.,vt. 提高；加强；增加,,,
emit,iˈmɪt,vt.,vt. 发出，放射；发行；发表,,,
expedition,ˌekspəˈdɪʃ(ə)n,n.,n. 远征；探险队；迅速,,,
exploit,ɪkˈsplɔɪt,n.,n. 勋绩；功绩；vt. 开发，开拓；剥削；开采,,,
essence,ˈes(ə)ns,n.,n. 本质，实质；精华；香精,,,
entitle,ɪnˈtaɪt(ə)l,vt.,vt. 称做…；定名为…；给…称号；使…有权利,,,
enthusiasm,ɪnˈθjuːziæzəm,n.,n. 热心，热忱，热情,,,
esteem,ɪˈstiːm,n.,n. 尊重；尊敬；vt. 尊敬；认为；考虑；估价,,,
extract,ˈekstrækt,n.,n. 汁；摘录；榨出物；选粹；vt. 提取；取出；摘录；榨取,,,
elusive,ɪˈluːsɪv,adj.,adj. 难懂的；易忘的；逃避的；难捉摸的,,,
exclusive,ɪkˈskluːsɪv,n.,n. 独家新闻；独家经营的项目；排外者；adj. 独有的；排外的；专一的,,,
elaborate,ɪˈlæbərət,adj.,adj. 精心制作的；详尽的；煞费苦心的；vi. 详细描述；变复杂；vt. 精心制作；详细阐述；从简单成分合成（复杂有机物）,,,
flourish,ˈflʌrɪʃ,n.,n. 兴旺；茂盛；挥舞；炫耀；华饰；vi. 繁荣，兴旺；茂盛；活跃；处于旺盛时期；vt. 夸耀；挥舞,,,
fragment,ˈfræɡmənt,n.,n. 碎片；片断或不完整部分；vt. 使成碎片；vi. 破碎或裂开,,,
fame,feɪm,n.,n. 名声，名望；传闻，传说；vt. 使闻名，使有名望,,,
fossil,ˈfɒsl,n.,n. 化石；僵化的事物；顽固不化的人；adj. 化石的；陈腐的，守旧的,,,
fatigue,fəˈtiːɡ,n.,n. 疲劳，疲乏；杂役；adj. 疲劳的；vt. 使疲劳；使心智衰弱；vi. 疲劳,,,
gesture,ˈdʒestʃə(r),n.,n. 姿态；手势；vt. 用动作表示；vi. 作手势；用动作示意,,,
heighten,ˈhaɪtn,vt.,vt. 提高；增高；加强；使更显著；vi. 升高；变强,,,
heritage,ˈherɪtɪdʒ,n.,n. 遗产；传统；继承物；继承权,,,
harsh,hɑːʃ,adj.,adj. 严厉的；严酷的；刺耳的；粗糙的；刺目的,,,
harness,ˈhɑːnɪs,n.,n. 马具；甲胄；挽具状带子；降落伞背带；日常工作；vt. 治理；套；驾驭；披上甲胄；利用,,,
halt,hɔːlt,n.,n. 停止；立定；休息；vt. 使停止；使立定；vi. 停止；立定；踌躇，犹豫,,,
infancy,ˈɪnfənsi,n.,n. 初期；婴儿期；幼年,,,
infection,ɪnˈfekʃn,n.,n. 感染；传染；影响；传染病,,,
inherent,ɪnˈherənt,adj.,adj. 固有的；内在的；与生俱来的，遗传的,,,
inspire,ɪnˈspaɪə(r),vt.,vt. 激发；鼓舞；启示；产生；使生灵感,,,
implication,ˌɪmplɪˈkeɪʃn,n.,n. 含义；暗示；牵连，卷入；可能的结果，影响,,,
immense,ɪˈmens,adj.,adj. 巨大的，广大的；无边无际的；非常好的,,,
initiative,ɪˈnɪʃətɪv,n.,n. 主动权；首创精神；adj. 主动的；自发的；起始的,,,
intention,ɪnˈtenʃ(ə)n,n.,n. 意图；目的；意向；愈合,,,
interfere,ˌɪntəˈfɪə(r),vi.,vi. 干涉；妨碍；打扰；vt. 冲突；介入,,,
impair,ɪmˈpeə(r),vt.,vt. 损害；削弱；减少,,,
intervention,ˌɪntəˈvenʃ(ə)n,n.,n. 介入；调停；妨碍,,,
insight,ˈɪnsaɪt,n.,n. 洞察力；洞悉,,,
linguist,ˈlɪŋɡwɪst,n.,n. 语言学家；学多种外语的人,,,
livestock,ˈlaɪvstɒk,n.,n. 牲畜；家畜,,,
limb,lɪm,n.,n. 肢，臂；分支；枝干；vt. 切断…的手足；从…上截下树枝,,,
likelihood,ˈlaɪklihʊd,n.,n. 可能性，可能,,,
meteorological,ˌmiːtiərəˈlɒdʒɪkl,adj.,adj. 气象的；气象学的,,,
mammal,ˈmæm(ə)l,n.,n. [脊椎] 哺乳动物,,,
marine,məˈriːn,adj.,adj. 船舶的；海生的；海产的；航海的，海运的；n. 海运业；舰队；水兵；（海军）士兵或军官,,,
modify,ˈmɒdɪfaɪ,vt.,vt. 修改，修饰；更改；vi. 修改,,,
mortality,mɔːˈtæləti,n.,n. 死亡数，死亡率；必死性，必死的命运,,,
military,ˈmɪlətri,adj.,adj. 军事的；军人的；适于战争的；n. 军队；军人,,,
municipal,mjuːˈnɪsɪpl,adj.,adj. 市政的，市的；地方自治的,,,
nurture,ˈnɜːtʃə(r),vt.,vt. 养育；鼓励；培植；n. 养育；教养；营养物,,,
norm,nɔːm,n.,n. 标准，规范,,,
navigate,ˈnævɪɡeɪt,vt.,vt. 驾驶，操纵；使通过；航行于；vi. 航行，航空,,,
optimist,ˈɒptɪmɪst,n.,n. 乐观主义者；乐天派,,,
orbit,ˈɔːbɪt,n.,n. 轨道；眼眶；势力范围；生活常规；vi. 盘旋；绕轨道运行；vt. 绕…轨道而行,,,
overwhelming,ˌəʊvəˈwelmɪŋ,adj.,adj. 压倒性的；势不可挡的；v. 压倒；淹没（overwhelm的ing形式）；制服,,,
obstacle,ˈɒbstəkl,n.,n. 障碍，干扰；妨害物,,,
organ,ˈɔːɡən,n.,n. [生物] 器官；机构；风琴；管风琴；嗓音,,,
portion,ˈpɔːʃ(ə)n,n.,n. 部分；一份；命运；vt. 分配；给…嫁妆,,,
prehistoric,ˌpriːhɪˈstɒrɪk,adj.,adj. 史前的；陈旧的,,,
predator,ˈpredətə(r),n.,n. [动] 捕食者；[动] 食肉动物；掠夺者,,,
pesticide,ˈpestɪsaɪd,n.,n. 杀虫剂,,,
prospect,ˈprɒspekt,n.,n. 前途；预期；景色；vt. 勘探，勘察；vi. 勘探，找矿,,,
paradox,ˈpærədɒks,n.,n. 悖论，反论；似非而是的论点；自相矛盾的人或事,,,
perspective,pəˈspektɪv,n.,n. 观点；远景；透视图；adj. 透视的,,,
precede,prɪˈsiːd,vt.,vt. 领先，在…之前；优于，高于；vi. 领先，在前面,,,
pilot,ˈpaɪlət,n.,n. 飞行员；领航员；adj. 试点的；v. 驾驶；领航；试用,,,
provision,prəˈvɪʒn,n.,n. 规定；条款；准备；[经] 供应品；vt. 供给…食物及必需品,,,
persuade,pəˈsweɪd,vt.,vt. 说服，劝说；使某人相信；劝某人做（不做）某事；adj. 空闲的，有闲的；vi. 说服；被说服,,,
plot,plɒt,n.,n. 情节；图；阴谋；vt. 密谋；绘图；划分；标绘；vi. 密谋；策划；绘制,,,
prescribe,prɪˈskraɪb,vt.,vt. 规定；开处方；vi. 规定；开药方,,,
purchase,ˈpɜːtʃəs,n.,n. 购买；紧握；起重装置；vt. 购买；赢得；vi. 购买东西,,,
prolong,prəˈlɒŋ,vt.,vt. 延长；拖延,,,
proper,ˈprɒpə(r),adj.,adj. 适当的；本身的；特有的；正派的；adv. 完全地,,,
phase,feɪz,n.,n. 月相；n. （月亮的）盈亏；n. 时期,,,
permanent,ˈpɜːmənənt,n.,n. 烫发（等于permanent wave）；adj. 永久的，永恒的；不变的,,,
resemble,rɪˈzemb(ə)l,vt.,vt. 类似，像,,,
rival,ˈraɪv(ə)l,n.,n. 对手；竞争者；adj. 竞争的；vt. 与…竞争；比得上某人；vi. 竞争,,,
remote,rɪˈməʊt,n.,n. 远程；adj. 遥远的；偏僻的；疏远的,,,
retain,rɪˈteɪn,vt.,vt. 保持；雇；记住,,,
resistance,rɪˈzɪstəns,n.,n. 阻力；电阻；抵抗；反抗；抵抗力,,,
recreation,ˌriːkriˈeɪʃn,n.,n. 娱乐；消遣；休养,,,
roughly,ˈrʌfli,adv.,adv. 粗糙地；概略地,,,
reliance,rɪˈlaɪəns,n.,n. 信赖；信心；受信赖的人或物,,,
stimulate,ˈstɪmjuleɪt,vi.,vi. 起刺激作用；起促进作用；vt. 刺激；鼓舞，激励,,,
scope,skəʊp,n.,n. 范围；余地；视野；眼界；导弹射程；vt. 审视,,,
sophisticate,səˈfɪstɪkət,n.,n. 久经世故的人；精通者；vt. 弄复杂；使变得世故；曲解；vi. 诡辩,,,
simulate,ˈsɪmjuleɪt,adj.,adj. 模仿的；假装的；vt. 模仿；假装；冒充,,,
sceptic,ˈskeptɪk,n.,n. 怀疑论者；疑虑极深的人,,,
sculpt,skʌlpt,n.,n. 雕刻品；vt. 造型；雕刻；vi. 造型；雕刻,,,
segment,ˈseɡmənt,n.,n. 段；部分；vt. 分割；vi. 分割,,,
sensation,senˈseɪʃ(ə)n,n.,n. 感觉；轰动；感动,,,
spectacular,spekˈtækjələ(r),adj.,adj. 壮观的，惊人的；公开展示的,,,
superior,suːˈpɪəriə(r),n.,n. 上级，长官；优胜者，高手；长者；adj. 上级的；优秀的，出众的；高傲的,,,
substitute,ˈsʌbstɪtjuːt,n.,n. 代用品；代替者；vi. 替代；vt. 代替,,,
synthetic,sɪnˈθetɪk,n.,n. 合成物；adj. 综合的；合成的，人造的,,,
suppress,səˈpres,vt.,vt. 抑制；镇压；废止,,,
sensory,ˈsensəri,adj.,adj. 感觉的；知觉的；传递感觉的,,,
session,ˈseʃ(ə)n,n.,n. 会议；（法庭的）开庭；（议会等的）开会；学期；讲习会,,,
strengthen,ˈstreŋθn,vt.,vt. 加强；巩固；vi. 变强；变坚挺,,,
statistical,stəˈtɪstɪk(ə)l,adj.,adj. 统计的；统计学的,,,
trigger,ˈtrɪɡə(r),n.,n. 扳机；[电子] 触发器；制滑机；vt. 引发，引起；触发；vi. 松开扳柄,,,
terrestrial,təˈrestriəl,n.,n. 陆地生物；地球上的人；adj. 地球的；陆地的，[生物] 陆生的；人间的,,,
toxic,ˈtɒksɪk,adj.,adj. 有毒的；中毒的,,,
tremendous,trəˈmendəs,adj.,adj. 极大的，巨大的；惊人的；极好的,,,
trial,ˈtraɪəl,n.,n. 试验；审讯；努力；磨炼；adj. 试验的；审讯的,,,
trait,treɪt,n.,n. 特性，特点；品质；少许,,,
transmit,trænzˈmɪt,vt.,vt. 传输；传播；发射；传达；遗传；vi. 传输；发射信号,,,
undergo,ˌʌndəˈɡəʊ,vt.,vt. 经历，经受；忍受,,,
vulnerable,ˈvʌlnərəbl,adj.,adj. 易受攻击的，易受…的攻击；易受伤害的；有弱点的,,,
vivid,ˈvɪvɪd,adj.,adj. 生动的；鲜明的；鲜艳的,,,
victim,ˈvɪktɪm,n.,n. 受害人；牺牲品；牺牲者,,,
variation,ˌveəriˈeɪʃn,n.,n. 变化；[生物] 变异，变种,,,
acute,əˈkjuːt,adj.,adj. 严重的，[医] 急性的；敏锐的；激烈的；尖声的,,,
aesthetic,iːsˈθetɪk,adj.,adj. 美的；美学的；审美的，具有审美趣味的,,,
absent,ˈæbsənt,adj.,adj. 缺席的；缺少的；心不在焉的；茫然的；vt. 使缺席,,,
assemble,əˈsemb(ə)l,vt.,vt. 集合，聚集；装配；收集；vi. 集合，聚集,,,
assure,əˈʃʊə(r),vt.,vt. 保证；担保；使确信；弄清楚,,,
abrupt,əˈbrʌpt,adj.,adj. 生硬的；突然的；唐突的；陡峭的,,,
accuse,əˈkjuːz,vt.,vt. 控告，指控；谴责；归咎于；vi. 指责；控告,,,
allocate,ˈæləkeɪt,vt.,vt. 分配；拨出；使坐落于；vi. 分配；指定,,,
advancement,ədˈvɑːnsmənt,n.,n. 前进，进步；提升,,,
annoy,əˈnɔɪ,n.,n. 烦恼（等于annoyance）；vt. 骚扰；惹恼；打搅；vi. 惹恼；令人讨厌；打搅,,,
adversity,ədˈvɜːsəti,n.,n. 逆境；不幸；灾难；灾祸,,,
acoustic,əˈkuːstɪk,n.,n. 原声乐器；不用电传音的乐器；adj. 声学的；音响的；听觉的,,,
acclaim,əˈkleɪm,n.,n. 欢呼，喝彩；称赞；vt. 称赞；为…喝彩，向…欢呼；vi. 欢呼，喝彩,,,
burgeoning,ˈbɜːdʒənɪŋ,adj.,adj. 增长迅速的；生机勃勃的；v. 成长（burgeon的ing形式）；迅速发展,,,
bygone,ˈbaɪɡɒn,n.,n. 过去的事；adj. 过去的,,,
beforehand,bɪˈfɔːhænd,adj.,adj. 提前的；预先准备好的；adv. 事先；预先,,,
bilingual,ˌbaɪˈlɪŋɡwəl,n.,n. 通两种语言的人；adj. 双语的,,,
curb,kɜːb,n.,n. 抑制；路边；勒马绳；vt. 控制；勒住,,,
catastrophic,ˌkætəˈstrɒfɪk,adj.,adj. 灾难的；悲惨的；灾难性的，毁灭性的,,,
combat,ˈkɒmbæt,n.,n. 战斗；争论；adj. 战斗的；为…斗争的；vi. 战斗；搏斗；vt. 反对；与…战斗,,,
crater,ˈkreɪtə(r),n.,n. 火山口；弹坑；vt. 在…上形成坑；取消；毁坏；vi. 形成坑；消亡,,,
curve,kɜːv,n.,n. 曲线；弯曲；曲线球；曲线图表；adj. 弯曲的；曲线形的；vt. 弯；使弯曲；vi. 成曲形,,,
clerk,klɑːk,n.,n. 职员，办事员；店员；书记；记账员；<古>牧师，教士；vi. 当销售员，当店员；当职员,,,
communal,kəˈmjuːn(ə)l,adj.,adj. 公共的；公社的,,,
commuting,kəˈmjuːtɪŋ,n.,n. 乘公交车上下班；经常往来,,,
contingent,kənˈtɪndʒənt,n.,n. 分遣队；偶然事件；分得部分；代表团；adj. 因情况而异的；不一定的；偶然发生的；可能的；依情况而定的；偶然的；[逻]有条件的,,,
contrary,ˈkɒntrəri,n.,n. 相反；反面；adj. 相反的；对立的；adv. 相反地,,,
calibrate,ˈkælɪbreɪt,vt.,vt. 校正；调整；测定口径,,,
conceal,kənˈsiːl,vt.,vt. 隐藏；隐瞒,,,
canoe,kəˈnuː,n.,n. 独木舟；轻舟；vi. 乘独木舟；vt. 用独木舟运,,,
dispose,dɪˈspəʊz,n.,n. 处置；性情；vi. 处理；安排；（能够）决定；vt. 处理；处置；安排,,,
deteriorate,dɪˈtɪəriəreɪt,vi.,vi. 恶化，变坏；vt. 恶化,,,
discharge,dɪsˈtʃɑːdʒ,n.,n. 排放；卸货；解雇；vt. 解雇；卸下；放出；免除；vi. 排放；卸货；流出,,,
decisive,dɪˈsaɪsɪv,adj.,adj. 决定性的；果断的，坚定的,,,
demographic,ˌdeməˈɡræfɪk,adj.,adj. 人口统计学的；人口学的,,,
disruptive,dɪsˈrʌptɪv,adj.,adj. 破坏的；分裂性的；制造混乱的,,,
declaration,ˌdekləˈreɪʃn,n.,n. （纳税品等的）申报；宣布；公告；申诉书,,,
discard,dɪˈskɑːd,n.,n. 抛弃；被丢弃的东西或人；vt. 抛弃；放弃；丢弃；vi. 放弃,,,
derelict,ˈderəlɪkt,n.,n. 遗弃物；玩忽职守者；被遗弃的人；adj. 玩忽职守的；无主的；被抛弃了的,,,
disclose,dɪsˈkləʊz,vt.,vt. 公开；揭露,,,
eccentricity,ˌeksenˈtrɪsəti,n.,n. 古怪；怪癖；[数] 离心率,,,
endure,ɪnˈdjʊə(r),vt.,vt. 忍耐；容忍；vi. 忍耐；持续,,,
exotic,ɪɡˈzɒtɪk,adj.,adj. 异国的；外来的；异国情调的,,,
exacerbate,ɪɡˈzæsəbeɪt,vt.,vt. 使加剧；使恶化；激怒,,,
encompass,ɪnˈkʌmpəs,vt.,vt. 包含；包围，环绕；完成,,,
encyclopedia,ɪnˌsaɪkləˈpiːdiə,n.,n. 百科全书（亦是encyclopaedia）,,,
explicit,ɪkˈsplɪsɪt,adj.,adj. 明确的；清楚的；直率的；详述的,,,
fertiliser,ˈfɜːtəlaɪzə(r),n.,n. 化肥（等于fertilizer）,,,
feasible,ˈfiːzəb(ə)l,adj.,adj. 可行的；可能的；可实行的,,,
finite,ˈfaɪnaɪt,n.,n. 有限之物；adj. 有限的；限定的,,,
gadget,ˈɡædʒɪt,n.,n. 小玩意；小器具；小配件；诡计,,,
harmony,ˈhɑːməni,n.,n. 协调；和睦；融洽；调和,,,
ingredient,ɪnˈɡriːdiənt,n.,n. 原料；要素；组成部分；adj. 构成组成部分的,,,
inherit,ɪnˈherɪt,vt.,vt. 继承；遗传而得；vi. 成为继承人,,,
insomnia,ɪnˈsɒmniə,n.,n. 失眠症，失眠,,,
intrinsic,ɪnˈtrɪnzɪk,adj.,adj. 本质的，固有的,,,
incentive,ɪnˈsentɪv,n.,n. 动机；刺激；adj. 激励的；刺激的,,,
inspect,ɪnˈspekt,vt.,vt. 检查；视察；检阅；vi. 进行检查；进行视察,,,
innate,ɪˈneɪt,adj.,adj. 先天的；固有的；与生俱来的,,,
immunity,ɪˈmjuːnəti,n.,n. 免疫力；豁免权；免除,,,
imperative,ɪmˈperətɪv,n.,n. 必要的事；命令；需要；规则；[语]祈使语气；adj. 必要的，不可避免的；紧急的；命令的，专横的；势在必行的；[语]祈使的,,,
invasion,ɪnˈveɪʒn,n.,n. 入侵，侵略；侵袭；侵犯,,,
imitation,ˌɪmɪˈteɪʃn,n.,n. 模仿，仿造；仿制品；adj. 人造的，仿制的,,,
moderately,ˈmɒdərətli,adv.,adv. 适度地；中庸地；有节制地,,,
mundane,mʌnˈdeɪn,adj.,adj. 世俗的，平凡的；世界的，宇宙的,,,
mercy,ˈmɜːsi,n.,n. 仁慈，宽容；怜悯；幸运；善行,,,
notwithstanding,ˌnɒtwɪθˈstændɪŋ; ˌnɒtwɪðˈstændɪŋ,adv.,adv. 尽管，仍然；prep. 尽管，虽然；conj. 虽然,,,
nonetheless,ˌnʌnðəˈles,adv.,adv. 尽管如此，但是,,,
novelty,ˈnɒv(ə)lti,n.,n. 新奇；新奇的事物；新颖小巧而廉价的物品,,,
outweigh,ˌaʊtˈweɪ,vt.,vt. 比…重（在重量上）；比…重要；比…有价值,,,
offense,əˈfens,n.,n. 犯罪，过错；进攻；触怒；引起反感的事物,,,
odour,ˈəʊdə(r),n.,n. 气味；声誉,,,
persistent,pəˈsɪstənt,adj.,adj. 固执的，坚持的；持久稳固的,,,
propeller,prəˈpelə(r),n.,n. [航][船] 螺旋桨；推进器,,,
platform,ˈplætfɔːm,n.,n. 平台；月台，站台；坛；讲台,,,
patent,ˈpæt(ə)nt,n.,n. 专利权；执照；专利品；adj. 专利的；新奇的；显然的；vt. 授予专利；取得…的专利权,,,
pedestrian,pəˈdestriən,n.,n. 行人；步行者；adj. 徒步的；缺乏想像力的,,,
portrait,ˈpɔːtreɪt,n.,n. 肖像；描写；半身雕塑像,,,
periodic,ˌpɪəriˈɒdɪk,adj.,adj. 周期的；定期的,,,
publicity,pʌbˈlɪsəti,n.,n. 宣传，宣扬；公开；广告；注意,,,
pitfall,ˈpɪtfɔːl,n.,n. 陷阱，圈套；缺陷；诱惑,,,
precipitation,prɪˌsɪpɪˈteɪʃ(ə)n,n.,n. [化学] 沉淀，[化学] 沉淀物；降水；冰雹；坠落；鲁莽,,,
plague,pleɪɡ,n.,n. 瘟疫；灾祸；麻烦；讨厌的人；vt. 折磨；使苦恼；使得灾祸,,,
prohibitive,prəˈhɪbətɪv,adj.,adj. 禁止的，禁止性的；抑制的；（费用，价格等）过高的；类同禁止的,,,
praise,preɪz,n.,n. 赞扬；称赞；荣耀；崇拜；vt. 赞美，歌颂；表扬；vi. 赞美；赞扬,,,
redundant,rɪˈdʌndənt,adj.,adj. 多余的，过剩的；被解雇的，失业的；冗长的，累赘的,,,
reluctant,rɪˈlʌktənt,adj.,adj. 不情愿的；勉强的；顽抗的,,,
rudimentary,ˌruːdɪˈmentri,adj.,adj. 基本的；初步的；退化的；残遗的；未发展的,,,
relevance,ˈreləvəns,n.,n. 关联；适当；中肯,,,
repetition,ˌrepəˈtɪʃn,n.,n. 重复；背诵；副本,,,
spontaneous,spɒnˈteɪniəs,adj.,adj. 自发的；自然的；无意识的,,,
suburban,səˈbɜːbən,n.,n. 郊区居民；adj. 郊区的，城郊的；土气的；见闻不广的,,,
superficially,ˌsuːpəˈfɪʃəli,adv.,adv. 表面地；浅薄地,,,
speculate,ˈspekjuleɪt,vi.,vi. 推测；投机；思索；vt. 推断,,,
stride,straɪd,n.,n. 大步；步幅；进展；vt. 跨过；大踏步走过；跨坐在…；vi. 跨；跨过；大步行走,,,
transcend,trænˈsend,vt.,vt. 胜过，超越,,,
tackle,ˈtæk(ə)l,n.,n. 滑车；装备；用具；扭倒；vi. 扭倒；拦截抢球；vt. 处理；抓住；固定；与…交涉,,,
viable,ˈvaɪəb(ə)l,adj.,adj. 可行的；能养活的；能生育的,,,
venue,ˈvenjuː,n.,n. 审判地；犯罪地点；发生地点；集合地点,,,
voyager,ˈvɔɪɪdʒə(r),n.,n. 航海者，航行者,,,
vicinity,vəˈsɪnəti,n.,n. 邻近，附近；近处,,,
